date,159530.SZ,159697.SZ,159865.SZ,159928.SZ,159996.SZ,511010.SH,512000.SH,512010.SH,512400.SH,512480.SH,512660.SH,512800.SH,512980.SH,515230.SH,515880.SH,516110.SH,516160.SH,518880.SH,000300.SH,status
2019-08-13,MISSING,MISSING,MISSING,OK,MISSING,OK,OK,OK,OK,OK,OK,OK,OK,MISSING,MISSING,MISSING,MISSING,OK,OK,FAIL
2019-08-14,MISSING,MISSING,MISSING,OK,MISSING,OK,OK,OK,OK,OK,OK,OK,OK,MISSING,MISSING,MISSING,MISSING,OK,OK,FAIL
2019-08-15,MISSING,MISSING,MISSING,OK,MISSING,OK,OK,OK,OK,OK,OK,OK,OK,MISSING,MISSING,MISSING,MISSING,OK,OK,FAIL
2019-08-16,MISSING,MISSING,MISSING,OK,MISSING,OK,OK,OK,OK,OK,OK,OK,OK,MISSING,MISSING,MISSING,MISSING,OK,OK,FAIL
2019-08-19,MISSING,MISSING,MISSING,OK,MISSING,OK,OK,OK,OK,OK,OK,OK,OK,MISSING,MISSING,MISSING,MISSING,OK,OK,FAIL
2019-08-20,MISSING,MISSING,MISSING,OK,MISSING,OK,OK,OK,OK,OK,OK,OK,OK,MISSING,MISSING,MISSING,MISSING,OK,OK,FAIL
2019-08-21,MISSING,MISSING,MISSING,OK,MISSING,OK,OK,OK,OK,OK,OK,OK,OK,MISSING,MISSING,MISSING,MISSING,OK,OK,FAIL
2019-08-22,MISSING,MISSING,MISSING,OK,MISSING,OK,OK,OK,OK,OK,OK,OK,OK,MISSING,MISSING,MISSING,MISSING,OK,OK,FAIL
2019-08-23,MISSING,MISSING,MISSING,OK,MISSING,OK,OK,OK,OK,OK,OK,OK,OK,MISSING,MISSING,MISSING,MISSING,OK,OK,FAIL
2019-08-26,MISSING,MISSING,MISSING,OK,MISSING,OK,OK,OK,OK,OK,OK,OK,OK,MISSING,MISSING,MISSING,MISSING,OK,OK,FAIL
2019-08-27,MISSING,MISSING,MISSING,OK,MISSING,OK,OK,OK,OK,OK,OK,OK,OK,MISSING,MISSING,MISSING,MISSING,OK,OK,FAIL
2019-08-28,MISSING,MISSING,MISSING,OK,MISSING,OK,OK,OK,OK,OK,OK,OK,OK,MISSING,MISSING,MISSING,MISSING,OK,OK,FAIL
2019-08-29,MISSING,MISSING,MISSING,OK,MISSING,OK,OK,OK,OK,OK,OK,OK,OK,MISSING,MISSING,MISSING,MISSING,OK,OK,FAIL
2019-08-30,MISSING,MISSING,MISSING,OK,MISSING,OK,OK,OK,OK,OK,OK,OK,OK,MISSING,MISSING,MISSING,MISSING,OK,OK,FAIL
2019-09-02,MISSING,MISSING,MISSING,OK,MISSING,OK,OK,OK,OK,OK,OK,OK,OK,MISSING,MISSING,MISSING,MISSING,OK,OK,FAIL
2019-09-03,MISSING,MISSING,MISSING,OK,MISSING,OK,OK,OK,OK,OK,OK,OK,OK,MISSING,MISSING,MISSING,MISSING,OK,OK,FAIL
2019-09-04,MISSING,MISSING,MISSING,OK,MISSING,OK,OK,OK,OK,OK,OK,OK,OK,MISSING,MISSING,MISSING,MISSING,OK,OK,FAIL
2019-09-05,MISSING,MISSING,MISSING,OK,MISSING,OK,OK,OK,OK,OK,OK,OK,OK,MISSING,MISSING,MISSING,MISSING,OK,OK,FAIL
2019-09-06,MISSING,MISSING,MISSING,OK,MISSING,OK,OK,OK,OK,OK,OK,OK,OK,MISSING,OK,MISSING,MISSING,OK,OK,FAIL
2019-09-09,MISSING,MISSING,MISSING,OK,MISSING,OK,OK,OK,OK,OK,OK,OK,OK,MISSING,OK,MISSING,MISSING,OK,OK,FAIL
2019-09-10,MISSING,MISSING,MISSING,OK,MISSING,OK,OK,OK,OK,OK,OK,OK,OK,MISSING,OK,MISSING,MISSING,OK,OK,FAIL
2019-09-11,MISSING,MISSING,MISSING,OK,MISSING,OK,OK,OK,OK,OK,OK,OK,OK,MISSING,OK,MISSING,MISSING,OK,OK,FAIL
2019-09-12,MISSING,MISSING,MISSING,OK,MISSING,OK,OK,OK,OK,OK,OK,OK,OK,MISSING,OK,MISSING,MISSING,OK,OK,FAIL
2019-09-16,MISSING,MISSING,MISSING,OK,MISSING,OK,OK,OK,OK,OK,OK,OK,OK,MISSING,OK,MISSING,MISSING,OK,OK,FAIL
2019-09-17,MISSING,MISSING,MISSING,OK,MISSING,OK,OK,OK,OK,OK,OK,OK,OK,MISSING,OK,MISSING,MISSING,OK,OK,FAIL
2019-09-18,MISSING,MISSING,MISSING,OK,MISSING,OK,OK,OK,OK,OK,OK,OK,OK,MISSING,OK,MISSING,MISSING,OK,OK,FAIL
2019-09-19,MISSING,MISSING,MISSING,OK,MISSING,OK,OK,OK,OK,OK,OK,OK,OK,MISSING,OK,MISSING,MISSING,OK,OK,FAIL
2019-09-20,MISSING,MISSING,MISSING,OK,MISSING,OK,OK,OK,OK,OK,OK,OK,OK,MISSING,OK,MISSING,MISSING,OK,OK,FAIL
2019-09-23,MISSING,MISSING,MISSING,OK,MISSING,OK,OK,OK,OK,OK,OK,OK,OK,MISSING,OK,MISSING,MISSING,OK,OK,FAIL
2019-09-24,MISSING,MISSING,MISSING,OK,MISSING,OK,OK,OK,OK,OK,OK,OK,OK,MISSING,OK,MISSING,MISSING,OK,OK,FAIL
2019-09-25,MISSING,MISSING,MISSING,OK,MISSING,OK,OK,OK,OK,OK,OK,OK,OK,MISSING,OK,MISSING,MISSING,OK,OK,FAIL
2019-09-26,MISSING,MISSING,MISSING,OK,MISSING,OK,OK,OK,OK,OK,OK,OK,OK,MISSING,OK,MISSING,MISSING,OK,OK,FAIL
2019-09-27,MISSING,MISSING,MISSING,OK,MISSING,OK,OK,OK,OK,OK,OK,OK,OK,MISSING,OK,MISSING,MISSING,OK,OK,FAIL
2019-09-30,MISSING,MISSING,MISSING,OK,MISSING,OK,OK,OK,OK,OK,OK,OK,OK,MISSING,OK,MISSING,MISSING,OK,OK,FAIL
2019-10-08,MISSING,MISSING,MISSING,OK,MISSING,OK,OK,OK,OK,OK,OK,OK,OK,MISSING,OK,MISSING,MISSING,OK,OK,FAIL
2019-10-09,MISSING,MISSING,MISSING,OK,MISSING,OK,OK,OK,OK,OK,OK,OK,OK,MISSING,OK,MISSING,MISSING,OK,OK,FAIL
2019-10-10,MISSING,MISSING,MISSING,OK,MISSING,OK,OK,OK,OK,OK,OK,OK,OK,MISSING,OK,MISSING,MISSING,OK,OK,FAIL
2019-10-11,MISSING,MISSING,MISSING,OK,MISSING,OK,OK,OK,OK,OK,OK,OK,OK,MISSING,OK,MISSING,MISSING,OK,OK,FAIL
2019-10-14,MISSING,MISSING,MISSING,OK,MISSING,OK,OK,OK,OK,OK,OK,OK,OK,MISSING,OK,MISSING,MISSING,OK,OK,FAIL
2019-10-15,MISSING,MISSING,MISSING,OK,MISSING,OK,OK,OK,OK,OK,OK,OK,OK,MISSING,OK,MISSING,MISSING,OK,OK,FAIL
2019-10-16,MISSING,MISSING,MISSING,OK,MISSING,OK,OK,OK,OK,OK,OK,OK,OK,MISSING,OK,MISSING,MISSING,OK,OK,FAIL
2019-10-17,MISSING,MISSING,MISSING,OK,MISSING,OK,OK,OK,OK,OK,OK,OK,OK,MISSING,OK,MISSING,MISSING,OK,OK,FAIL
2019-10-18,MISSING,MISSING,MISSING,OK,MISSING,OK,OK,OK,OK,OK,OK,OK,OK,MISSING,OK,MISSING,MISSING,OK,OK,FAIL
2019-10-21,MISSING,MISSING,MISSING,OK,MISSING,OK,OK,OK,OK,OK,OK,OK,OK,MISSING,OK,MISSING,MISSING,OK,OK,FAIL
2019-10-22,MISSING,MISSING,MISSING,OK,MISSING,OK,OK,OK,OK,OK,OK,OK,OK,MISSING,OK,MISSING,MISSING,OK,OK,FAIL
2019-10-23,MISSING,MISSING,MISSING,OK,MISSING,OK,OK,OK,OK,OK,OK,OK,OK,MISSING,OK,MISSING,MISSING,OK,OK,FAIL
2019-10-24,MISSING,MISSING,MISSING,OK,MISSING,OK,OK,OK,OK,OK,OK,OK,OK,MISSING,OK,MISSING,MISSING,OK,OK,FAIL
2019-10-25,MISSING,MISSING,MISSING,OK,MISSING,OK,OK,OK,OK,OK,OK,OK,OK,MISSING,OK,MISSING,MISSING,OK,OK,FAIL
2019-10-28,MISSING,MISSING,MISSING,OK,MISSING,OK,OK,OK,OK,OK,OK,OK,OK,MISSING,OK,MISSING,MISSING,OK,OK,FAIL
2019-10-29,MISSING,MISSING,MISSING,OK,MISSING,OK,OK,OK,OK,OK,OK,OK,OK,MISSING,OK,MISSING,MISSING,OK,OK,FAIL
2019-10-30,MISSING,MISSING,MISSING,OK,MISSING,OK,OK,OK,OK,OK,OK,OK,OK,MISSING,OK,MISSING,MISSING,OK,OK,FAIL
2019-10-31,MISSING,MISSING,MISSING,OK,MISSING,OK,OK,OK,OK,OK,OK,OK,OK,MISSING,OK,MISSING,MISSING,OK,OK,FAIL
2019-11-01,MISSING,MISSING,MISSING,OK,MISSING,OK,OK,OK,OK,OK,OK,OK,OK,MISSING,OK,MISSING,MISSING,OK,OK,FAIL
2019-11-04,MISSING,MISSING,MISSING,OK,MISSING,OK,OK,OK,OK,OK,OK,OK,OK,MISSING,OK,MISSING,MISSING,OK,OK,FAIL
2019-11-05,MISSING,MISSING,MISSING,OK,MISSING,OK,OK,OK,OK,OK,OK,OK,OK,MISSING,OK,MISSING,MISSING,OK,OK,FAIL
2019-11-06,MISSING,MISSING,MISSING,OK,MISSING,OK,OK,OK,OK,OK,OK,OK,OK,MISSING,OK,MISSING,MISSING,OK,OK,FAIL
2019-11-07,MISSING,MISSING,MISSING,OK,MISSING,OK,OK,OK,OK,OK,OK,OK,OK,MISSING,OK,MISSING,MISSING,OK,OK,FAIL
2019-11-08,MISSING,MISSING,MISSING,OK,MISSING,OK,OK,OK,OK,OK,OK,OK,OK,MISSING,OK,MISSING,MISSING,OK,OK,FAIL
2019-11-11,MISSING,MISSING,MISSING,OK,MISSING,OK,OK,OK,OK,OK,OK,OK,OK,MISSING,OK,MISSING,MISSING,OK,OK,FAIL
2019-11-12,MISSING,MISSING,MISSING,OK,MISSING,OK,OK,OK,OK,OK,OK,OK,OK,MISSING,OK,MISSING,MISSING,OK,OK,FAIL
2019-11-13,MISSING,MISSING,MISSING,OK,MISSING,OK,OK,OK,OK,OK,OK,OK,OK,MISSING,OK,MISSING,MISSING,OK,OK,FAIL
2019-11-14,MISSING,MISSING,MISSING,OK,MISSING,OK,OK,OK,OK,OK,OK,OK,OK,MISSING,OK,MISSING,MISSING,OK,OK,FAIL
2019-11-15,MISSING,MISSING,MISSING,OK,MISSING,OK,OK,OK,OK,OK,OK,OK,OK,MISSING,OK,MISSING,MISSING,OK,OK,FAIL
2019-11-18,MISSING,MISSING,MISSING,OK,MISSING,OK,OK,OK,OK,OK,OK,OK,OK,MISSING,OK,MISSING,MISSING,OK,OK,FAIL
2019-11-19,MISSING,MISSING,MISSING,OK,MISSING,OK,OK,OK,OK,OK,OK,OK,OK,MISSING,OK,MISSING,MISSING,OK,OK,FAIL
2019-11-20,MISSING,MISSING,MISSING,OK,MISSING,OK,OK,OK,OK,OK,OK,OK,OK,MISSING,OK,MISSING,MISSING,OK,OK,FAIL
2019-11-21,MISSING,MISSING,MISSING,OK,MISSING,OK,OK,OK,OK,OK,OK,OK,OK,MISSING,OK,MISSING,MISSING,OK,OK,FAIL
2019-11-22,MISSING,MISSING,MISSING,OK,MISSING,OK,OK,OK,OK,OK,OK,OK,OK,MISSING,OK,MISSING,MISSING,OK,OK,FAIL
2019-11-25,MISSING,MISSING,MISSING,OK,MISSING,OK,OK,OK,OK,OK,OK,OK,OK,MISSING,OK,MISSING,MISSING,OK,OK,FAIL
2019-11-26,MISSING,MISSING,MISSING,OK,MISSING,OK,OK,OK,OK,OK,OK,OK,OK,MISSING,OK,MISSING,MISSING,OK,OK,FAIL
2019-11-27,MISSING,MISSING,MISSING,OK,MISSING,OK,OK,OK,OK,OK,OK,OK,OK,MISSING,OK,MISSING,MISSING,OK,OK,FAIL
2019-11-28,MISSING,MISSING,MISSING,OK,MISSING,OK,OK,OK,OK,OK,OK,OK,OK,MISSING,OK,MISSING,MISSING,OK,OK,FAIL
2019-11-29,MISSING,MISSING,MISSING,OK,MISSING,OK,OK,OK,OK,OK,OK,OK,OK,MISSING,OK,MISSING,MISSING,OK,OK,FAIL
2019-12-02,MISSING,MISSING,MISSING,OK,MISSING,OK,OK,OK,OK,OK,OK,OK,OK,MISSING,OK,MISSING,MISSING,OK,OK,FAIL
2019-12-03,MISSING,MISSING,MISSING,OK,MISSING,OK,OK,OK,OK,OK,OK,OK,OK,MISSING,OK,MISSING,MISSING,OK,OK,FAIL
2019-12-04,MISSING,MISSING,MISSING,OK,MISSING,OK,OK,OK,OK,OK,OK,OK,OK,MISSING,OK,MISSING,MISSING,OK,OK,FAIL
2019-12-05,MISSING,MISSING,MISSING,OK,MISSING,OK,OK,OK,OK,OK,OK,OK,OK,MISSING,OK,MISSING,MISSING,OK,OK,FAIL
2019-12-06,MISSING,MISSING,MISSING,OK,MISSING,OK,OK,OK,OK,OK,OK,OK,OK,MISSING,OK,MISSING,MISSING,OK,OK,FAIL
2019-12-09,MISSING,MISSING,MISSING,OK,MISSING,OK,OK,OK,OK,OK,OK,OK,OK,MISSING,OK,MISSING,MISSING,OK,OK,FAIL
2019-12-10,MISSING,MISSING,MISSING,OK,MISSING,OK,OK,OK,OK,OK,OK,OK,OK,MISSING,OK,MISSING,MISSING,OK,OK,FAIL
2019-12-11,MISSING,MISSING,MISSING,OK,MISSING,OK,OK,OK,OK,OK,OK,OK,OK,MISSING,OK,MISSING,MISSING,OK,OK,FAIL
2019-12-12,MISSING,MISSING,MISSING,OK,MISSING,OK,OK,OK,OK,OK,OK,OK,OK,MISSING,OK,MISSING,MISSING,OK,OK,FAIL
2019-12-13,MISSING,MISSING,MISSING,OK,MISSING,OK,OK,OK,OK,OK,OK,OK,OK,MISSING,OK,MISSING,MISSING,OK,OK,FAIL
2019-12-16,MISSING,MISSING,MISSING,OK,MISSING,OK,OK,OK,OK,OK,OK,OK,OK,MISSING,OK,MISSING,MISSING,OK,OK,FAIL
2019-12-17,MISSING,MISSING,MISSING,OK,MISSING,OK,OK,OK,OK,OK,OK,OK,OK,MISSING,OK,MISSING,MISSING,OK,OK,FAIL
2019-12-18,MISSING,MISSING,MISSING,OK,MISSING,OK,OK,OK,OK,OK,OK,OK,OK,MISSING,OK,MISSING,MISSING,OK,OK,FAIL
2019-12-19,MISSING,MISSING,MISSING,OK,MISSING,OK,OK,OK,OK,OK,OK,OK,OK,MISSING,OK,MISSING,MISSING,OK,OK,FAIL
2019-12-20,MISSING,MISSING,MISSING,OK,MISSING,OK,OK,OK,OK,OK,OK,OK,OK,MISSING,OK,MISSING,MISSING,OK,OK,FAIL
2019-12-23,MISSING,MISSING,MISSING,OK,MISSING,OK,OK,OK,OK,OK,OK,OK,OK,MISSING,OK,MISSING,MISSING,OK,OK,FAIL
2019-12-24,MISSING,MISSING,MISSING,OK,MISSING,OK,OK,OK,OK,OK,OK,OK,OK,MISSING,OK,MISSING,MISSING,OK,OK,FAIL
2019-12-25,MISSING,MISSING,MISSING,OK,MISSING,OK,OK,OK,OK,OK,OK,OK,OK,MISSING,OK,MISSING,MISSING,OK,OK,FAIL
2019-12-26,MISSING,MISSING,MISSING,OK,MISSING,OK,OK,OK,OK,OK,OK,OK,OK,MISSING,OK,MISSING,MISSING,OK,OK,FAIL
2019-12-27,MISSING,MISSING,MISSING,OK,MISSING,OK,OK,OK,OK,OK,OK,OK,OK,MISSING,OK,MISSING,MISSING,OK,OK,FAIL
2019-12-30,MISSING,MISSING,MISSING,OK,MISSING,OK,OK,OK,OK,OK,OK,OK,OK,MISSING,OK,MISSING,MISSING,OK,OK,FAIL
2019-12-31,MISSING,MISSING,MISSING,OK,MISSING,OK,OK,OK,OK,OK,OK,OK,OK,MISSING,OK,MISSING,MISSING,OK,OK,FAIL
2020-01-02,MISSING,MISSING,MISSING,OK,MISSING,OK,OK,OK,OK,OK,OK,OK,OK,MISSING,OK,MISSING,MISSING,OK,OK,FAIL
2020-01-03,MISSING,MISSING,MISSING,OK,MISSING,OK,OK,OK,OK,OK,OK,OK,OK,MISSING,OK,MISSING,MISSING,OK,OK,FAIL
2020-01-06,MISSING,MISSING,MISSING,OK,MISSING,OK,OK,OK,OK,OK,OK,OK,OK,MISSING,OK,MISSING,MISSING,OK,OK,FAIL
2020-01-07,MISSING,MISSING,MISSING,OK,MISSING,OK,OK,OK,OK,OK,OK,OK,OK,MISSING,OK,MISSING,MISSING,OK,OK,FAIL
2020-01-08,MISSING,MISSING,MISSING,OK,MISSING,OK,OK,OK,OK,OK,OK,OK,OK,MISSING,OK,MISSING,MISSING,OK,OK,FAIL
2020-01-09,MISSING,MISSING,MISSING,OK,MISSING,OK,OK,OK,OK,OK,OK,OK,OK,MISSING,OK,MISSING,MISSING,OK,OK,FAIL
2020-01-10,MISSING,MISSING,MISSING,OK,MISSING,OK,OK,OK,OK,OK,OK,OK,OK,MISSING,OK,MISSING,MISSING,OK,OK,FAIL
2020-01-13,MISSING,MISSING,MISSING,OK,MISSING,OK,OK,OK,OK,OK,OK,OK,OK,MISSING,OK,MISSING,MISSING,OK,OK,FAIL
2020-01-14,MISSING,MISSING,MISSING,OK,MISSING,OK,OK,OK,OK,OK,OK,OK,OK,MISSING,OK,MISSING,MISSING,OK,OK,FAIL
2020-01-15,MISSING,MISSING,MISSING,OK,MISSING,OK,OK,OK,OK,OK,OK,OK,OK,MISSING,OK,MISSING,MISSING,OK,OK,FAIL
2020-01-16,MISSING,MISSING,MISSING,OK,MISSING,OK,OK,OK,OK,OK,OK,OK,OK,MISSING,OK,MISSING,MISSING,OK,OK,FAIL
2020-01-17,MISSING,MISSING,MISSING,OK,MISSING,OK,OK,OK,OK,OK,OK,OK,OK,MISSING,OK,MISSING,MISSING,OK,OK,FAIL
2020-01-20,MISSING,MISSING,MISSING,OK,MISSING,OK,OK,OK,OK,OK,OK,OK,OK,MISSING,OK,MISSING,MISSING,OK,OK,FAIL
2020-01-21,MISSING,MISSING,MISSING,OK,MISSING,OK,OK,OK,OK,OK,OK,OK,OK,MISSING,OK,MISSING,MISSING,OK,OK,FAIL
2020-01-22,MISSING,MISSING,MISSING,OK,MISSING,OK,OK,OK,OK,OK,OK,OK,OK,MISSING,OK,MISSING,MISSING,OK,OK,FAIL
2020-01-23,MISSING,MISSING,MISSING,OK,MISSING,OK,OK,OK,OK,OK,OK,OK,OK,MISSING,OK,MISSING,MISSING,OK,OK,FAIL
2020-02-03,MISSING,MISSING,MISSING,OK,MISSING,OK,OK,OK,OK,OK,OK,OK,OK,MISSING,OK,MISSING,MISSING,OK,OK,FAIL
2020-02-04,MISSING,MISSING,MISSING,OK,MISSING,OK,OK,OK,OK,OK,OK,OK,OK,MISSING,OK,MISSING,MISSING,OK,OK,FAIL
2020-02-05,MISSING,MISSING,MISSING,OK,MISSING,OK,OK,OK,OK,OK,OK,OK,OK,MISSING,OK,MISSING,MISSING,OK,OK,FAIL
2020-02-06,MISSING,MISSING,MISSING,OK,MISSING,OK,OK,OK,OK,OK,OK,OK,OK,MISSING,OK,MISSING,MISSING,OK,OK,FAIL
2020-02-07,MISSING,MISSING,MISSING,OK,MISSING,OK,OK,OK,OK,OK,OK,OK,OK,MISSING,OK,MISSING,MISSING,OK,OK,FAIL
2020-02-10,MISSING,MISSING,MISSING,OK,MISSING,OK,OK,OK,OK,OK,OK,OK,OK,MISSING,OK,MISSING,MISSING,OK,OK,FAIL
2020-02-11,MISSING,MISSING,MISSING,OK,MISSING,OK,OK,OK,OK,OK,OK,OK,OK,MISSING,OK,MISSING,MISSING,OK,OK,FAIL
2020-02-12,MISSING,MISSING,MISSING,OK,MISSING,OK,OK,OK,OK,OK,OK,OK,OK,MISSING,OK,MISSING,MISSING,OK,OK,FAIL
2020-02-13,MISSING,MISSING,MISSING,OK,MISSING,OK,OK,OK,OK,OK,OK,OK,OK,MISSING,OK,MISSING,MISSING,OK,OK,FAIL
2020-02-14,MISSING,MISSING,MISSING,OK,MISSING,OK,OK,OK,OK,OK,OK,OK,OK,MISSING,OK,MISSING,MISSING,OK,OK,FAIL
2020-02-17,MISSING,MISSING,MISSING,OK,MISSING,OK,OK,OK,OK,OK,OK,OK,OK,MISSING,OK,MISSING,MISSING,OK,OK,FAIL
2020-02-18,MISSING,MISSING,MISSING,OK,MISSING,OK,OK,OK,OK,OK,OK,OK,OK,MISSING,OK,MISSING,MISSING,OK,OK,FAIL
2020-02-19,MISSING,MISSING,MISSING,OK,MISSING,OK,OK,OK,OK,OK,OK,OK,OK,MISSING,OK,MISSING,MISSING,OK,OK,FAIL
2020-02-20,MISSING,MISSING,MISSING,OK,MISSING,OK,OK,OK,OK,OK,OK,OK,OK,MISSING,OK,MISSING,MISSING,OK,OK,FAIL
2020-02-21,MISSING,MISSING,MISSING,OK,MISSING,OK,OK,OK,OK,OK,OK,OK,OK,MISSING,OK,MISSING,MISSING,OK,OK,FAIL
2020-02-24,MISSING,MISSING,MISSING,OK,MISSING,OK,OK,OK,OK,OK,OK,OK,OK,MISSING,OK,MISSING,MISSING,OK,OK,FAIL
2020-02-25,MISSING,MISSING,MISSING,OK,MISSING,OK,OK,OK,OK,OK,OK,OK,OK,MISSING,OK,MISSING,MISSING,OK,OK,FAIL
2020-02-26,MISSING,MISSING,MISSING,OK,MISSING,OK,OK,OK,OK,OK,OK,OK,OK,MISSING,OK,MISSING,MISSING,OK,OK,FAIL
2020-02-27,MISSING,MISSING,MISSING,OK,MISSING,OK,OK,OK,OK,OK,OK,OK,OK,MISSING,OK,MISSING,MISSING,OK,OK,FAIL
2020-02-28,MISSING,MISSING,MISSING,OK,MISSING,OK,OK,OK,OK,OK,OK,OK,OK,MISSING,OK,MISSING,MISSING,OK,OK,FAIL
2020-03-02,MISSING,MISSING,MISSING,OK,MISSING,OK,OK,OK,OK,OK,OK,OK,OK,MISSING,OK,MISSING,MISSING,OK,OK,FAIL
2020-03-03,MISSING,MISSING,MISSING,OK,MISSING,OK,OK,OK,OK,OK,OK,OK,OK,MISSING,OK,MISSING,MISSING,OK,OK,FAIL
2020-03-04,MISSING,MISSING,MISSING,OK,MISSING,OK,OK,OK,OK,OK,OK,OK,OK,MISSING,OK,MISSING,MISSING,OK,OK,FAIL
2020-03-05,MISSING,MISSING,MISSING,OK,MISSING,OK,OK,OK,OK,OK,OK,OK,OK,MISSING,OK,MISSING,MISSING,OK,OK,FAIL
2020-03-06,MISSING,MISSING,MISSING,OK,MISSING,OK,OK,OK,OK,OK,OK,OK,OK,MISSING,OK,MISSING,MISSING,OK,OK,FAIL
2020-03-09,MISSING,MISSING,MISSING,OK,MISSING,OK,OK,OK,OK,OK,OK,OK,OK,MISSING,OK,MISSING,MISSING,OK,OK,FAIL
2020-03-10,MISSING,MISSING,MISSING,OK,MISSING,OK,OK,OK,OK,OK,OK,OK,OK,MISSING,OK,MISSING,MISSING,OK,OK,FAIL
2020-03-11,MISSING,MISSING,MISSING,OK,MISSING,OK,OK,OK,OK,OK,OK,OK,OK,MISSING,OK,MISSING,MISSING,OK,OK,FAIL
2020-03-12,MISSING,MISSING,MISSING,OK,MISSING,OK,OK,OK,OK,OK,OK,OK,OK,MISSING,OK,MISSING,MISSING,OK,OK,FAIL
2020-03-13,MISSING,MISSING,MISSING,OK,MISSING,OK,OK,OK,OK,OK,OK,OK,OK,MISSING,OK,MISSING,MISSING,OK,OK,FAIL
2020-03-16,MISSING,MISSING,MISSING,OK,MISSING,OK,OK,OK,OK,OK,OK,OK,OK,MISSING,OK,MISSING,MISSING,OK,OK,FAIL
2020-03-17,MISSING,MISSING,MISSING,OK,MISSING,OK,OK,OK,OK,OK,OK,OK,OK,MISSING,OK,MISSING,MISSING,OK,OK,FAIL
2020-03-18,MISSING,MISSING,MISSING,OK,MISSING,OK,OK,OK,OK,OK,OK,OK,OK,MISSING,OK,MISSING,MISSING,OK,OK,FAIL
2020-03-19,MISSING,MISSING,MISSING,OK,MISSING,OK,OK,OK,OK,OK,OK,OK,OK,MISSING,OK,MISSING,MISSING,OK,OK,FAIL
2020-03-20,MISSING,MISSING,MISSING,OK,MISSING,OK,OK,OK,OK,OK,OK,OK,OK,MISSING,OK,MISSING,MISSING,OK,OK,FAIL
2020-03-23,MISSING,MISSING,MISSING,OK,MISSING,OK,OK,OK,OK,OK,OK,OK,OK,MISSING,OK,MISSING,MISSING,OK,OK,FAIL
2020-03-24,MISSING,MISSING,MISSING,OK,MISSING,OK,OK,OK,OK,OK,OK,OK,OK,MISSING,OK,MISSING,MISSING,OK,OK,FAIL
2020-03-25,MISSING,MISSING,MISSING,OK,MISSING,OK,OK,OK,OK,OK,OK,OK,OK,MISSING,OK,MISSING,MISSING,OK,OK,FAIL
2020-03-26,MISSING,MISSING,MISSING,OK,MISSING,OK,OK,OK,OK,OK,OK,OK,OK,MISSING,OK,MISSING,MISSING,OK,OK,FAIL
2020-03-27,MISSING,MISSING,MISSING,OK,MISSING,OK,OK,OK,OK,OK,OK,OK,OK,MISSING,OK,MISSING,MISSING,OK,OK,FAIL
2020-03-30,MISSING,MISSING,MISSING,OK,MISSING,OK,OK,OK,OK,OK,OK,OK,OK,MISSING,OK,MISSING,MISSING,OK,OK,FAIL
2020-03-31,MISSING,MISSING,MISSING,OK,MISSING,OK,OK,OK,OK,OK,OK,OK,OK,MISSING,OK,MISSING,MISSING,OK,OK,FAIL
2020-04-01,MISSING,MISSING,MISSING,OK,MISSING,OK,OK,OK,OK,OK,OK,OK,OK,MISSING,OK,MISSING,MISSING,OK,OK,FAIL
2020-04-02,MISSING,MISSING,MISSING,OK,MISSING,OK,OK,OK,OK,OK,OK,OK,OK,MISSING,OK,MISSING,MISSING,OK,OK,FAIL
2020-04-03,MISSING,MISSING,MISSING,OK,MISSING,OK,OK,OK,OK,OK,OK,OK,OK,MISSING,OK,MISSING,MISSING,OK,OK,FAIL
2020-04-07,MISSING,MISSING,MISSING,OK,MISSING,OK,OK,OK,OK,OK,OK,OK,OK,MISSING,OK,MISSING,MISSING,OK,OK,FAIL
2020-04-08,MISSING,MISSING,MISSING,OK,MISSING,OK,OK,OK,OK,OK,OK,OK,OK,MISSING,OK,MISSING,MISSING,OK,OK,FAIL
2020-04-09,MISSING,MISSING,MISSING,OK,MISSING,OK,OK,OK,OK,OK,OK,OK,OK,MISSING,OK,MISSING,MISSING,OK,OK,FAIL
2020-04-10,MISSING,MISSING,MISSING,OK,MISSING,OK,OK,OK,OK,OK,OK,OK,OK,MISSING,OK,MISSING,MISSING,OK,OK,FAIL
2020-04-13,MISSING,MISSING,MISSING,OK,MISSING,OK,OK,OK,OK,OK,OK,OK,OK,MISSING,OK,MISSING,MISSING,OK,OK,FAIL
2020-04-14,MISSING,MISSING,MISSING,OK,MISSING,OK,OK,OK,OK,OK,OK,OK,OK,MISSING,OK,MISSING,MISSING,OK,OK,FAIL
2020-04-15,MISSING,MISSING,MISSING,OK,MISSING,OK,OK,OK,OK,OK,OK,OK,OK,MISSING,OK,MISSING,MISSING,OK,OK,FAIL
2020-04-16,MISSING,MISSING,MISSING,OK,MISSING,OK,OK,OK,OK,OK,OK,OK,OK,MISSING,OK,MISSING,MISSING,OK,OK,FAIL
2020-04-17,MISSING,MISSING,MISSING,OK,MISSING,OK,OK,OK,OK,OK,OK,OK,OK,MISSING,OK,MISSING,MISSING,OK,OK,FAIL
2020-04-20,MISSING,MISSING,MISSING,OK,MISSING,OK,OK,OK,OK,OK,OK,OK,OK,MISSING,OK,MISSING,MISSING,OK,OK,FAIL
2020-04-21,MISSING,MISSING,MISSING,OK,MISSING,OK,OK,OK,OK,OK,OK,OK,OK,MISSING,OK,MISSING,MISSING,OK,OK,FAIL
2020-04-22,MISSING,MISSING,MISSING,OK,MISSING,OK,OK,OK,OK,OK,OK,OK,OK,MISSING,OK,MISSING,MISSING,OK,OK,FAIL
2020-04-23,MISSING,MISSING,MISSING,OK,MISSING,OK,OK,OK,OK,OK,OK,OK,OK,MISSING,OK,MISSING,MISSING,OK,OK,FAIL
2020-04-24,MISSING,MISSING,MISSING,OK,MISSING,OK,OK,OK,OK,OK,OK,OK,OK,MISSING,OK,MISSING,MISSING,OK,OK,FAIL
2020-04-27,MISSING,MISSING,MISSING,OK,MISSING,OK,OK,OK,OK,OK,OK,OK,OK,MISSING,OK,MISSING,MISSING,OK,OK,FAIL
2020-04-28,MISSING,MISSING,MISSING,OK,MISSING,OK,OK,OK,OK,OK,OK,OK,OK,MISSING,OK,MISSING,MISSING,OK,OK,FAIL
2020-04-29,MISSING,MISSING,MISSING,OK,MISSING,OK,OK,OK,OK,OK,OK,OK,OK,MISSING,OK,MISSING,MISSING,OK,OK,FAIL
2020-04-30,MISSING,MISSING,MISSING,OK,MISSING,OK,OK,OK,OK,OK,OK,OK,OK,MISSING,OK,MISSING,MISSING,OK,OK,FAIL
2020-05-06,MISSING,MISSING,MISSING,OK,MISSING,OK,OK,OK,OK,OK,OK,OK,OK,MISSING,OK,MISSING,MISSING,OK,OK,FAIL
2020-05-07,MISSING,MISSING,MISSING,OK,MISSING,OK,OK,OK,OK,OK,OK,OK,OK,MISSING,OK,MISSING,MISSING,OK,OK,FAIL
2020-05-08,MISSING,MISSING,MISSING,OK,MISSING,OK,OK,OK,OK,OK,OK,OK,OK,MISSING,OK,MISSING,MISSING,OK,OK,FAIL
2020-05-11,MISSING,MISSING,MISSING,OK,MISSING,OK,OK,OK,OK,OK,OK,OK,OK,MISSING,OK,MISSING,MISSING,OK,OK,FAIL
2020-05-12,MISSING,MISSING,MISSING,OK,MISSING,OK,OK,OK,OK,OK,OK,OK,OK,MISSING,OK,MISSING,MISSING,OK,OK,FAIL
2020-05-13,MISSING,MISSING,MISSING,OK,MISSING,OK,OK,OK,OK,OK,OK,OK,OK,MISSING,OK,MISSING,MISSING,OK,OK,FAIL
2020-05-14,MISSING,MISSING,MISSING,OK,MISSING,OK,OK,OK,OK,OK,OK,OK,OK,MISSING,OK,MISSING,MISSING,OK,OK,FAIL
2020-05-15,MISSING,MISSING,MISSING,OK,MISSING,OK,OK,OK,OK,OK,OK,OK,OK,MISSING,OK,MISSING,MISSING,OK,OK,FAIL
2020-05-18,MISSING,MISSING,MISSING,OK,MISSING,OK,OK,OK,OK,OK,OK,OK,OK,MISSING,OK,MISSING,MISSING,OK,OK,FAIL
2020-05-19,MISSING,MISSING,MISSING,OK,MISSING,OK,OK,OK,OK,OK,OK,OK,OK,MISSING,OK,MISSING,MISSING,OK,OK,FAIL
2020-05-20,MISSING,MISSING,MISSING,OK,MISSING,OK,OK,OK,OK,OK,OK,OK,OK,MISSING,OK,MISSING,MISSING,OK,OK,FAIL
2020-05-21,MISSING,MISSING,MISSING,OK,MISSING,OK,OK,OK,OK,OK,OK,OK,OK,MISSING,OK,MISSING,MISSING,OK,OK,FAIL
2020-05-22,MISSING,MISSING,MISSING,OK,MISSING,OK,OK,OK,OK,OK,OK,OK,OK,MISSING,OK,MISSING,MISSING,OK,OK,FAIL
2020-05-25,MISSING,MISSING,MISSING,OK,MISSING,OK,OK,OK,OK,OK,OK,OK,OK,MISSING,OK,MISSING,MISSING,OK,OK,FAIL
2020-05-26,MISSING,MISSING,MISSING,OK,MISSING,OK,OK,OK,OK,OK,OK,OK,OK,MISSING,OK,MISSING,MISSING,OK,OK,FAIL
2020-05-27,MISSING,MISSING,MISSING,OK,MISSING,OK,OK,OK,OK,OK,OK,OK,OK,MISSING,OK,MISSING,MISSING,OK,OK,FAIL
2020-05-28,MISSING,MISSING,MISSING,OK,MISSING,OK,OK,OK,OK,OK,OK,OK,OK,MISSING,OK,MISSING,MISSING,OK,OK,FAIL
2020-05-29,MISSING,MISSING,MISSING,OK,MISSING,OK,OK,OK,OK,OK,OK,OK,OK,MISSING,OK,MISSING,MISSING,OK,OK,FAIL
2020-06-01,MISSING,MISSING,MISSING,OK,MISSING,OK,OK,OK,OK,OK,OK,OK,OK,MISSING,OK,MISSING,MISSING,OK,OK,FAIL
2020-06-02,MISSING,MISSING,MISSING,OK,MISSING,OK,OK,OK,OK,OK,OK,OK,OK,MISSING,OK,MISSING,MISSING,OK,OK,FAIL
2020-06-03,MISSING,MISSING,MISSING,OK,MISSING,OK,OK,OK,OK,OK,OK,OK,OK,MISSING,OK,MISSING,MISSING,OK,OK,FAIL
2020-06-04,MISSING,MISSING,MISSING,OK,MISSING,OK,OK,OK,OK,OK,OK,OK,OK,MISSING,OK,MISSING,MISSING,OK,OK,FAIL
2020-06-05,MISSING,MISSING,MISSING,OK,MISSING,OK,OK,OK,OK,OK,OK,OK,OK,MISSING,OK,MISSING,MISSING,OK,OK,FAIL
2020-06-08,MISSING,MISSING,MISSING,OK,MISSING,OK,OK,OK,OK,OK,OK,OK,OK,MISSING,OK,MISSING,MISSING,OK,OK,FAIL
2020-06-09,MISSING,MISSING,MISSING,OK,MISSING,OK,OK,OK,OK,OK,OK,OK,OK,MISSING,OK,MISSING,MISSING,OK,OK,FAIL
2020-06-10,MISSING,MISSING,MISSING,OK,MISSING,OK,OK,OK,OK,OK,OK,OK,OK,MISSING,OK,MISSING,MISSING,OK,OK,FAIL
2020-06-11,MISSING,MISSING,MISSING,OK,MISSING,OK,OK,OK,OK,OK,OK,OK,OK,MISSING,OK,MISSING,MISSING,OK,OK,FAIL
2020-06-12,MISSING,MISSING,MISSING,OK,MISSING,OK,OK,OK,OK,OK,OK,OK,OK,MISSING,OK,MISSING,MISSING,OK,OK,FAIL
2020-06-15,MISSING,MISSING,MISSING,OK,MISSING,OK,OK,OK,OK,OK,OK,OK,OK,MISSING,OK,MISSING,MISSING,OK,OK,FAIL
2020-06-16,MISSING,MISSING,MISSING,OK,MISSING,OK,OK,OK,OK,OK,OK,OK,OK,MISSING,OK,MISSING,MISSING,OK,OK,FAIL
2020-06-17,MISSING,MISSING,MISSING,OK,MISSING,OK,OK,OK,OK,OK,OK,OK,OK,MISSING,OK,MISSING,MISSING,OK,OK,FAIL
2020-06-18,MISSING,MISSING,MISSING,OK,MISSING,OK,OK,OK,OK,OK,OK,OK,OK,MISSING,OK,MISSING,MISSING,OK,OK,FAIL
2020-06-19,MISSING,MISSING,MISSING,OK,MISSING,OK,OK,OK,OK,OK,OK,OK,OK,MISSING,OK,MISSING,MISSING,OK,OK,FAIL
2020-06-22,MISSING,MISSING,MISSING,OK,MISSING,OK,OK,OK,OK,OK,OK,OK,OK,MISSING,OK,MISSING,MISSING,OK,OK,FAIL
2020-06-23,MISSING,MISSING,MISSING,OK,MISSING,OK,OK,OK,OK,OK,OK,OK,OK,MISSING,OK,MISSING,MISSING,OK,OK,FAIL
2020-06-24,MISSING,MISSING,MISSING,OK,MISSING,OK,OK,OK,OK,OK,OK,OK,OK,MISSING,OK,MISSING,MISSING,OK,OK,FAIL
2020-06-29,MISSING,MISSING,MISSING,OK,MISSING,OK,OK,OK,OK,OK,OK,OK,OK,MISSING,OK,MISSING,MISSING,OK,OK,FAIL
2020-06-30,MISSING,MISSING,MISSING,OK,MISSING,OK,OK,OK,OK,OK,OK,OK,OK,MISSING,OK,MISSING,MISSING,OK,OK,FAIL
2020-07-01,MISSING,MISSING,MISSING,OK,MISSING,OK,OK,OK,OK,OK,OK,OK,OK,MISSING,OK,MISSING,MISSING,OK,OK,FAIL
2020-07-02,MISSING,MISSING,MISSING,OK,MISSING,OK,OK,OK,OK,OK,OK,OK,OK,MISSING,OK,MISSING,MISSING,OK,OK,FAIL
2020-07-03,MISSING,MISSING,MISSING,OK,MISSING,OK,OK,OK,OK,OK,OK,OK,OK,MISSING,OK,MISSING,MISSING,OK,OK,FAIL
2020-07-06,MISSING,MISSING,MISSING,OK,MISSING,OK,OK,OK,OK,OK,OK,OK,OK,MISSING,OK,MISSING,MISSING,OK,OK,FAIL
2020-07-07,MISSING,MISSING,MISSING,OK,MISSING,OK,OK,OK,OK,OK,OK,OK,OK,MISSING,OK,MISSING,MISSING,OK,OK,FAIL
2020-07-08,MISSING,MISSING,MISSING,OK,MISSING,OK,OK,OK,OK,OK,OK,OK,OK,MISSING,OK,MISSING,MISSING,OK,OK,FAIL
2020-07-09,MISSING,MISSING,MISSING,OK,MISSING,OK,OK,OK,OK,OK,OK,OK,OK,MISSING,OK,MISSING,MISSING,OK,OK,FAIL
2020-07-10,MISSING,MISSING,MISSING,OK,MISSING,OK,OK,OK,OK,OK,OK,OK,OK,MISSING,OK,MISSING,MISSING,OK,OK,FAIL
2020-07-13,MISSING,MISSING,MISSING,OK,MISSING,OK,OK,OK,OK,OK,OK,OK,OK,MISSING,OK,MISSING,MISSING,OK,OK,FAIL
2020-07-14,MISSING,MISSING,MISSING,OK,MISSING,OK,OK,OK,OK,OK,OK,OK,OK,MISSING,OK,MISSING,MISSING,OK,OK,FAIL
2020-07-15,MISSING,MISSING,MISSING,OK,MISSING,OK,OK,OK,OK,OK,OK,OK,OK,MISSING,OK,MISSING,MISSING,OK,OK,FAIL
2020-07-16,MISSING,MISSING,MISSING,OK,MISSING,OK,OK,OK,OK,OK,OK,OK,OK,MISSING,OK,MISSING,MISSING,OK,OK,FAIL
2020-07-17,MISSING,MISSING,MISSING,OK,MISSING,OK,OK,OK,OK,OK,OK,OK,OK,MISSING,OK,MISSING,MISSING,OK,OK,FAIL
2020-07-20,MISSING,MISSING,MISSING,OK,MISSING,OK,OK,OK,OK,OK,OK,OK,OK,MISSING,OK,MISSING,MISSING,OK,OK,FAIL
2020-07-21,MISSING,MISSING,MISSING,OK,MISSING,OK,OK,OK,OK,OK,OK,OK,OK,MISSING,OK,MISSING,MISSING,OK,OK,FAIL
2020-07-22,MISSING,MISSING,MISSING,OK,MISSING,OK,OK,OK,OK,OK,OK,OK,OK,MISSING,OK,MISSING,MISSING,OK,OK,FAIL
2020-07-23,MISSING,MISSING,MISSING,OK,MISSING,OK,OK,OK,OK,OK,OK,OK,OK,MISSING,OK,MISSING,MISSING,OK,OK,FAIL
2020-07-24,MISSING,MISSING,MISSING,OK,MISSING,OK,OK,OK,OK,OK,OK,OK,OK,MISSING,OK,MISSING,MISSING,OK,OK,FAIL
2020-07-27,MISSING,MISSING,MISSING,OK,MISSING,OK,OK,OK,OK,OK,OK,OK,OK,MISSING,OK,MISSING,MISSING,OK,OK,FAIL
2020-07-28,MISSING,MISSING,MISSING,OK,MISSING,OK,OK,OK,OK,OK,OK,OK,OK,MISSING,OK,MISSING,MISSING,OK,OK,FAIL
2020-07-29,MISSING,MISSING,MISSING,OK,MISSING,OK,OK,OK,OK,OK,OK,OK,OK,MISSING,OK,MISSING,MISSING,OK,OK,FAIL
2020-07-30,MISSING,MISSING,MISSING,OK,MISSING,OK,OK,OK,OK,OK,OK,OK,OK,MISSING,OK,MISSING,MISSING,OK,OK,FAIL
2020-07-31,MISSING,MISSING,MISSING,OK,MISSING,OK,OK,OK,OK,OK,OK,OK,OK,MISSING,OK,MISSING,MISSING,OK,OK,FAIL
2020-08-03,MISSING,MISSING,MISSING,OK,MISSING,OK,OK,OK,OK,OK,OK,OK,OK,MISSING,OK,MISSING,MISSING,OK,OK,FAIL
2020-08-04,MISSING,MISSING,MISSING,OK,MISSING,OK,OK,OK,OK,OK,OK,OK,OK,MISSING,OK,MISSING,MISSING,OK,OK,FAIL
2020-08-05,MISSING,MISSING,MISSING,OK,MISSING,OK,OK,OK,OK,OK,OK,OK,OK,MISSING,OK,MISSING,MISSING,OK,OK,FAIL
2020-08-06,MISSING,MISSING,MISSING,OK,MISSING,OK,OK,OK,OK,OK,OK,OK,OK,MISSING,OK,MISSING,MISSING,OK,OK,FAIL
2020-08-07,MISSING,MISSING,MISSING,OK,MISSING,OK,OK,OK,OK,OK,OK,OK,OK,MISSING,OK,MISSING,MISSING,OK,OK,FAIL
2020-08-10,MISSING,MISSING,MISSING,OK,MISSING,OK,OK,OK,OK,OK,OK,OK,OK,MISSING,OK,MISSING,MISSING,OK,OK,FAIL
2020-08-11,MISSING,MISSING,MISSING,OK,MISSING,OK,OK,OK,OK,OK,OK,OK,OK,MISSING,OK,MISSING,MISSING,OK,OK,FAIL
2020-08-12,MISSING,MISSING,MISSING,OK,MISSING,OK,OK,OK,OK,OK,OK,OK,OK,MISSING,OK,MISSING,MISSING,OK,OK,FAIL
2020-08-13,MISSING,MISSING,MISSING,OK,MISSING,OK,OK,OK,OK,OK,OK,OK,OK,MISSING,OK,MISSING,MISSING,OK,OK,FAIL
2020-08-14,MISSING,MISSING,MISSING,OK,MISSING,OK,OK,OK,OK,OK,OK,OK,OK,MISSING,OK,MISSING,MISSING,OK,OK,FAIL
2020-08-17,MISSING,MISSING,MISSING,OK,MISSING,OK,OK,OK,OK,OK,OK,OK,OK,MISSING,OK,MISSING,MISSING,OK,OK,FAIL
2020-08-18,MISSING,MISSING,MISSING,OK,MISSING,OK,OK,OK,OK,OK,OK,OK,OK,MISSING,OK,MISSING,MISSING,OK,OK,FAIL
2020-08-19,MISSING,MISSING,MISSING,OK,MISSING,OK,OK,OK,OK,OK,OK,OK,OK,MISSING,OK,MISSING,MISSING,OK,OK,FAIL
2020-08-20,MISSING,MISSING,MISSING,OK,MISSING,OK,OK,OK,OK,OK,OK,OK,OK,MISSING,OK,MISSING,MISSING,OK,OK,FAIL
2020-08-21,MISSING,MISSING,MISSING,OK,MISSING,OK,OK,OK,OK,OK,OK,OK,OK,MISSING,OK,MISSING,MISSING,OK,OK,FAIL
2020-08-24,MISSING,MISSING,MISSING,OK,MISSING,OK,OK,OK,OK,OK,OK,OK,OK,MISSING,OK,MISSING,MISSING,OK,OK,FAIL
2020-08-25,MISSING,MISSING,MISSING,OK,MISSING,OK,OK,OK,OK,OK,OK,OK,OK,MISSING,OK,MISSING,MISSING,OK,OK,FAIL
2020-08-26,MISSING,MISSING,MISSING,OK,MISSING,OK,OK,OK,OK,OK,OK,OK,OK,MISSING,OK,MISSING,MISSING,OK,OK,FAIL
2020-08-27,MISSING,MISSING,MISSING,OK,MISSING,OK,OK,OK,OK,OK,OK,OK,OK,MISSING,OK,MISSING,MISSING,OK,OK,FAIL
2020-08-28,MISSING,MISSING,MISSING,OK,MISSING,OK,OK,OK,OK,OK,OK,OK,OK,MISSING,OK,MISSING,MISSING,OK,OK,FAIL
2020-08-31,MISSING,MISSING,MISSING,OK,MISSING,OK,OK,OK,OK,OK,OK,OK,OK,MISSING,OK,MISSING,MISSING,OK,OK,FAIL
2020-09-01,MISSING,MISSING,MISSING,OK,MISSING,OK,OK,OK,OK,OK,OK,OK,OK,MISSING,OK,MISSING,MISSING,OK,OK,FAIL
2020-09-02,MISSING,MISSING,MISSING,OK,MISSING,OK,OK,OK,OK,OK,OK,OK,OK,MISSING,OK,MISSING,MISSING,OK,OK,FAIL
2020-09-03,MISSING,MISSING,MISSING,OK,MISSING,OK,OK,OK,OK,OK,OK,OK,OK,MISSING,OK,MISSING,MISSING,OK,OK,FAIL
2020-09-04,MISSING,MISSING,MISSING,OK,MISSING,OK,OK,OK,OK,OK,OK,OK,OK,MISSING,OK,MISSING,MISSING,OK,OK,FAIL
2020-09-07,MISSING,MISSING,MISSING,OK,MISSING,OK,OK,OK,OK,OK,OK,OK,OK,MISSING,OK,MISSING,MISSING,OK,OK,FAIL
2020-09-08,MISSING,MISSING,MISSING,OK,MISSING,OK,OK,OK,OK,OK,OK,OK,OK,MISSING,OK,MISSING,MISSING,OK,OK,FAIL
2020-09-09,MISSING,MISSING,MISSING,OK,MISSING,OK,OK,OK,OK,OK,OK,OK,OK,MISSING,OK,MISSING,MISSING,OK,OK,FAIL
2020-09-10,MISSING,MISSING,MISSING,OK,MISSING,OK,OK,OK,OK,OK,OK,OK,OK,MISSING,OK,MISSING,MISSING,OK,OK,FAIL
2020-09-11,MISSING,MISSING,MISSING,OK,MISSING,OK,OK,OK,OK,OK,OK,OK,OK,MISSING,OK,MISSING,MISSING,OK,OK,FAIL
2020-09-14,MISSING,MISSING,MISSING,OK,MISSING,OK,OK,OK,OK,OK,OK,OK,OK,MISSING,OK,MISSING,MISSING,OK,OK,FAIL
2020-09-15,MISSING,MISSING,MISSING,OK,MISSING,OK,OK,OK,OK,OK,OK,OK,OK,MISSING,OK,MISSING,MISSING,OK,OK,FAIL
2020-09-16,MISSING,MISSING,MISSING,OK,MISSING,OK,OK,OK,OK,OK,OK,OK,OK,MISSING,OK,MISSING,MISSING,OK,OK,FAIL
2020-09-17,MISSING,MISSING,MISSING,OK,MISSING,OK,OK,OK,OK,OK,OK,OK,OK,MISSING,OK,MISSING,MISSING,OK,OK,FAIL
2020-09-18,MISSING,MISSING,MISSING,OK,MISSING,OK,OK,OK,OK,OK,OK,OK,OK,MISSING,OK,MISSING,MISSING,OK,OK,FAIL
2020-09-21,MISSING,MISSING,MISSING,OK,MISSING,OK,OK,OK,OK,OK,OK,OK,OK,MISSING,OK,MISSING,MISSING,OK,OK,FAIL
2020-09-22,MISSING,MISSING,MISSING,OK,MISSING,OK,OK,OK,OK,OK,OK,OK,OK,MISSING,OK,MISSING,MISSING,OK,OK,FAIL
2020-09-23,MISSING,MISSING,MISSING,OK,MISSING,OK,OK,OK,OK,OK,OK,OK,OK,MISSING,OK,MISSING,MISSING,OK,OK,FAIL
2020-09-24,MISSING,MISSING,MISSING,OK,MISSING,OK,OK,OK,OK,OK,OK,OK,OK,MISSING,OK,MISSING,MISSING,OK,OK,FAIL
2020-09-25,MISSING,MISSING,MISSING,OK,MISSING,OK,OK,OK,OK,OK,OK,OK,OK,MISSING,OK,MISSING,MISSING,OK,OK,FAIL
2020-09-28,MISSING,MISSING,MISSING,OK,MISSING,OK,OK,OK,OK,OK,OK,OK,OK,MISSING,OK,MISSING,MISSING,OK,OK,FAIL
2020-09-29,MISSING,MISSING,MISSING,OK,MISSING,OK,OK,OK,OK,OK,OK,OK,OK,MISSING,OK,MISSING,MISSING,OK,OK,FAIL
2020-09-30,MISSING,MISSING,MISSING,OK,MISSING,OK,OK,OK,OK,OK,OK,OK,OK,MISSING,OK,MISSING,MISSING,OK,OK,FAIL
2020-10-09,MISSING,MISSING,MISSING,OK,MISSING,OK,OK,OK,OK,OK,OK,OK,OK,MISSING,OK,MISSING,MISSING,OK,OK,FAIL
2020-10-12,MISSING,MISSING,MISSING,OK,MISSING,OK,OK,OK,OK,OK,OK,OK,OK,MISSING,OK,MISSING,MISSING,OK,OK,FAIL
2020-10-13,MISSING,MISSING,MISSING,OK,MISSING,OK,OK,OK,OK,OK,OK,OK,OK,MISSING,OK,MISSING,MISSING,OK,OK,FAIL
2020-10-14,MISSING,MISSING,MISSING,OK,MISSING,OK,OK,OK,OK,OK,OK,OK,OK,MISSING,OK,MISSING,MISSING,OK,OK,FAIL
2020-10-15,MISSING,MISSING,MISSING,OK,MISSING,OK,OK,OK,OK,OK,OK,OK,OK,MISSING,OK,MISSING,MISSING,OK,OK,FAIL
2020-10-16,MISSING,MISSING,MISSING,OK,MISSING,OK,OK,OK,OK,OK,OK,OK,OK,MISSING,OK,MISSING,MISSING,OK,OK,FAIL
2020-10-19,MISSING,MISSING,MISSING,OK,MISSING,OK,OK,OK,OK,OK,OK,OK,OK,MISSING,OK,MISSING,MISSING,OK,OK,FAIL
2020-10-20,MISSING,MISSING,MISSING,OK,MISSING,OK,OK,OK,OK,OK,OK,OK,OK,MISSING,OK,MISSING,MISSING,OK,OK,FAIL
2020-10-21,MISSING,MISSING,MISSING,OK,MISSING,OK,OK,OK,OK,OK,OK,OK,OK,MISSING,OK,MISSING,MISSING,OK,OK,FAIL
2020-10-22,MISSING,MISSING,MISSING,OK,MISSING,OK,OK,OK,OK,OK,OK,OK,OK,MISSING,OK,MISSING,MISSING,OK,OK,FAIL
2020-10-23,MISSING,MISSING,MISSING,OK,MISSING,OK,OK,OK,OK,OK,OK,OK,OK,MISSING,OK,MISSING,MISSING,OK,OK,FAIL
2020-10-26,MISSING,MISSING,MISSING,OK,MISSING,OK,OK,OK,OK,OK,OK,OK,OK,MISSING,OK,MISSING,MISSING,OK,OK,FAIL
2020-10-27,MISSING,MISSING,MISSING,OK,MISSING,OK,OK,OK,OK,OK,OK,OK,OK,MISSING,OK,MISSING,MISSING,OK,OK,FAIL
2020-10-28,MISSING,MISSING,MISSING,OK,MISSING,OK,OK,OK,OK,OK,OK,OK,OK,MISSING,OK,MISSING,MISSING,OK,OK,FAIL
2020-10-29,MISSING,MISSING,MISSING,OK,MISSING,OK,OK,OK,OK,OK,OK,OK,OK,MISSING,OK,MISSING,MISSING,OK,OK,FAIL
2020-10-30,MISSING,MISSING,MISSING,OK,MISSING,OK,OK,OK,OK,OK,OK,OK,OK,MISSING,OK,MISSING,MISSING,OK,OK,FAIL
2020-11-02,MISSING,MISSING,MISSING,OK,MISSING,OK,OK,OK,OK,OK,OK,OK,OK,MISSING,OK,MISSING,MISSING,OK,OK,FAIL
2020-11-03,MISSING,MISSING,MISSING,OK,MISSING,OK,OK,OK,OK,OK,OK,OK,OK,MISSING,OK,MISSING,MISSING,OK,OK,FAIL
2020-11-04,MISSING,MISSING,MISSING,OK,MISSING,OK,OK,OK,OK,OK,OK,OK,OK,MISSING,OK,MISSING,MISSING,OK,OK,FAIL
2020-11-05,MISSING,MISSING,MISSING,OK,MISSING,OK,OK,OK,OK,OK,OK,OK,OK,MISSING,OK,MISSING,MISSING,OK,OK,FAIL
2020-11-06,MISSING,MISSING,MISSING,OK,MISSING,OK,OK,OK,OK,OK,OK,OK,OK,MISSING,OK,MISSING,MISSING,OK,OK,FAIL
2020-11-09,MISSING,MISSING,MISSING,OK,MISSING,OK,OK,OK,OK,OK,OK,OK,OK,MISSING,OK,MISSING,MISSING,OK,OK,FAIL
2020-11-10,MISSING,MISSING,MISSING,OK,MISSING,OK,OK,OK,OK,OK,OK,OK,OK,MISSING,OK,MISSING,MISSING,OK,OK,FAIL
2020-11-11,MISSING,MISSING,MISSING,OK,MISSING,OK,OK,OK,OK,OK,OK,OK,OK,MISSING,OK,MISSING,MISSING,OK,OK,FAIL
2020-11-12,MISSING,MISSING,MISSING,OK,MISSING,OK,OK,OK,OK,OK,OK,OK,OK,MISSING,OK,MISSING,MISSING,OK,OK,FAIL
2020-11-13,MISSING,MISSING,MISSING,OK,MISSING,OK,OK,OK,OK,OK,OK,OK,OK,MISSING,OK,MISSING,MISSING,OK,OK,FAIL
2020-11-16,MISSING,MISSING,MISSING,OK,MISSING,OK,OK,OK,OK,OK,OK,OK,OK,MISSING,OK,MISSING,MISSING,OK,OK,FAIL
2020-11-17,MISSING,MISSING,MISSING,OK,MISSING,OK,OK,OK,OK,OK,OK,OK,OK,MISSING,OK,MISSING,MISSING,OK,OK,FAIL
2020-11-18,MISSING,MISSING,MISSING,OK,MISSING,OK,OK,OK,OK,OK,OK,OK,OK,MISSING,OK,MISSING,MISSING,OK,OK,FAIL
2020-11-19,MISSING,MISSING,MISSING,OK,MISSING,OK,OK,OK,OK,OK,OK,OK,OK,MISSING,OK,MISSING,MISSING,OK,OK,FAIL
2020-11-20,MISSING,MISSING,MISSING,OK,MISSING,OK,OK,OK,OK,OK,OK,OK,OK,MISSING,OK,MISSING,MISSING,OK,OK,FAIL
2020-11-23,MISSING,MISSING,MISSING,OK,MISSING,OK,OK,OK,OK,OK,OK,OK,OK,MISSING,OK,MISSING,MISSING,OK,OK,FAIL
2020-11-24,MISSING,MISSING,MISSING,OK,MISSING,OK,OK,OK,OK,OK,OK,OK,OK,MISSING,OK,MISSING,MISSING,OK,OK,FAIL
2020-11-25,MISSING,MISSING,MISSING,OK,MISSING,OK,OK,OK,OK,OK,OK,OK,OK,MISSING,OK,MISSING,MISSING,OK,OK,FAIL
2020-11-26,MISSING,MISSING,MISSING,OK,MISSING,OK,OK,OK,OK,OK,OK,OK,OK,MISSING,OK,MISSING,MISSING,OK,OK,FAIL
2020-11-27,MISSING,MISSING,MISSING,OK,MISSING,OK,OK,OK,OK,OK,OK,OK,OK,MISSING,OK,MISSING,MISSING,OK,OK,FAIL
2020-11-30,MISSING,MISSING,MISSING,OK,MISSING,OK,OK,OK,OK,OK,OK,OK,OK,MISSING,OK,MISSING,MISSING,OK,OK,FAIL
2020-12-01,MISSING,MISSING,MISSING,OK,MISSING,OK,OK,OK,OK,OK,OK,OK,OK,MISSING,OK,MISSING,MISSING,OK,OK,FAIL
2020-12-02,MISSING,MISSING,MISSING,OK,MISSING,OK,OK,OK,OK,OK,OK,OK,OK,MISSING,OK,MISSING,MISSING,OK,OK,FAIL
2020-12-03,MISSING,MISSING,MISSING,OK,MISSING,OK,OK,OK,OK,OK,OK,OK,OK,MISSING,OK,MISSING,MISSING,OK,OK,FAIL
2020-12-04,MISSING,MISSING,MISSING,OK,MISSING,OK,OK,OK,OK,OK,OK,OK,OK,MISSING,OK,MISSING,MISSING,OK,OK,FAIL
2020-12-07,MISSING,MISSING,MISSING,OK,MISSING,OK,OK,OK,OK,OK,OK,OK,OK,MISSING,OK,MISSING,MISSING,OK,OK,FAIL
2020-12-08,MISSING,MISSING,MISSING,OK,MISSING,OK,OK,OK,OK,OK,OK,OK,OK,MISSING,OK,MISSING,MISSING,OK,OK,FAIL
2020-12-09,MISSING,MISSING,MISSING,OK,MISSING,OK,OK,OK,OK,OK,OK,OK,OK,MISSING,OK,MISSING,MISSING,OK,OK,FAIL
2020-12-10,MISSING,MISSING,MISSING,OK,MISSING,OK,OK,OK,OK,OK,OK,OK,OK,MISSING,OK,MISSING,MISSING,OK,OK,FAIL
2020-12-11,MISSING,MISSING,MISSING,OK,MISSING,OK,OK,OK,OK,OK,OK,OK,OK,MISSING,OK,MISSING,MISSING,OK,OK,FAIL
2020-12-14,MISSING,MISSING,MISSING,OK,MISSING,OK,OK,OK,OK,OK,OK,OK,OK,MISSING,OK,MISSING,MISSING,OK,OK,FAIL
2020-12-15,MISSING,MISSING,MISSING,OK,MISSING,OK,OK,OK,OK,OK,OK,OK,OK,MISSING,OK,MISSING,MISSING,OK,OK,FAIL
2020-12-16,MISSING,MISSING,MISSING,OK,MISSING,OK,OK,OK,OK,OK,OK,OK,OK,MISSING,OK,MISSING,MISSING,OK,OK,FAIL
2020-12-17,MISSING,MISSING,MISSING,OK,MISSING,OK,OK,OK,OK,OK,OK,OK,OK,MISSING,OK,MISSING,MISSING,OK,OK,FAIL
2020-12-18,MISSING,MISSING,MISSING,OK,MISSING,OK,OK,OK,OK,OK,OK,OK,OK,MISSING,OK,MISSING,MISSING,OK,OK,FAIL
2020-12-21,MISSING,MISSING,MISSING,OK,MISSING,OK,OK,OK,OK,OK,OK,OK,OK,MISSING,OK,MISSING,MISSING,OK,OK,FAIL
2020-12-22,MISSING,MISSING,MISSING,OK,MISSING,OK,OK,OK,OK,OK,OK,OK,OK,MISSING,OK,MISSING,MISSING,OK,OK,FAIL
2020-12-23,MISSING,MISSING,MISSING,OK,MISSING,OK,OK,OK,OK,OK,OK,OK,OK,MISSING,OK,MISSING,MISSING,OK,OK,FAIL
2020-12-24,MISSING,MISSING,MISSING,OK,MISSING,OK,OK,OK,OK,OK,OK,OK,OK,MISSING,OK,MISSING,MISSING,OK,OK,FAIL
2020-12-25,MISSING,MISSING,MISSING,OK,MISSING,OK,OK,OK,OK,OK,OK,OK,OK,MISSING,OK,MISSING,MISSING,OK,OK,FAIL
2020-12-28,MISSING,MISSING,MISSING,OK,MISSING,OK,OK,OK,OK,OK,OK,OK,OK,MISSING,OK,MISSING,MISSING,OK,OK,FAIL
2020-12-29,MISSING,MISSING,MISSING,OK,MISSING,OK,OK,OK,OK,OK,OK,OK,OK,MISSING,OK,MISSING,MISSING,OK,OK,FAIL
2020-12-30,MISSING,MISSING,MISSING,OK,MISSING,OK,OK,OK,OK,OK,OK,OK,OK,MISSING,OK,MISSING,MISSING,OK,OK,FAIL
2020-12-31,MISSING,MISSING,MISSING,OK,MISSING,OK,OK,OK,OK,OK,OK,OK,OK,MISSING,OK,MISSING,MISSING,OK,OK,FAIL
2021-01-04,MISSING,MISSING,MISSING,OK,MISSING,OK,OK,OK,OK,OK,OK,OK,OK,MISSING,OK,MISSING,MISSING,OK,OK,FAIL
2021-01-05,MISSING,MISSING,MISSING,OK,MISSING,OK,OK,OK,OK,OK,OK,OK,OK,MISSING,OK,MISSING,MISSING,OK,OK,FAIL
2021-01-06,MISSING,MISSING,MISSING,OK,MISSING,OK,OK,OK,OK,OK,OK,OK,OK,MISSING,OK,MISSING,MISSING,OK,OK,FAIL
2021-01-07,MISSING,MISSING,MISSING,OK,MISSING,OK,OK,OK,OK,OK,OK,OK,OK,MISSING,OK,MISSING,MISSING,OK,OK,FAIL
2021-01-08,MISSING,MISSING,MISSING,OK,MISSING,OK,OK,OK,OK,OK,OK,OK,OK,MISSING,OK,MISSING,MISSING,OK,OK,FAIL
2021-01-11,MISSING,MISSING,MISSING,OK,MISSING,OK,OK,OK,OK,OK,OK,OK,OK,MISSING,OK,MISSING,MISSING,OK,OK,FAIL
2021-01-12,MISSING,MISSING,MISSING,OK,MISSING,OK,OK,OK,OK,OK,OK,OK,OK,MISSING,OK,MISSING,MISSING,OK,OK,FAIL
2021-01-13,MISSING,MISSING,MISSING,OK,MISSING,OK,OK,OK,OK,OK,OK,OK,OK,MISSING,OK,MISSING,MISSING,OK,OK,FAIL
2021-01-14,MISSING,MISSING,MISSING,OK,MISSING,OK,OK,OK,OK,OK,OK,OK,OK,MISSING,OK,MISSING,MISSING,OK,OK,FAIL
2021-01-15,MISSING,MISSING,MISSING,OK,MISSING,OK,OK,OK,OK,OK,OK,OK,OK,MISSING,OK,MISSING,MISSING,OK,OK,FAIL
2021-01-18,MISSING,MISSING,MISSING,OK,MISSING,OK,OK,OK,OK,OK,OK,OK,OK,MISSING,OK,MISSING,MISSING,OK,OK,FAIL
2021-01-19,MISSING,MISSING,MISSING,OK,MISSING,OK,OK,OK,OK,OK,OK,OK,OK,MISSING,OK,MISSING,MISSING,OK,OK,FAIL
2021-01-20,MISSING,MISSING,MISSING,OK,MISSING,OK,OK,OK,OK,OK,OK,OK,OK,MISSING,OK,MISSING,MISSING,OK,OK,FAIL
2021-01-21,MISSING,MISSING,MISSING,OK,MISSING,OK,OK,OK,OK,OK,OK,OK,OK,MISSING,OK,MISSING,MISSING,OK,OK,FAIL
2021-01-22,MISSING,MISSING,MISSING,OK,MISSING,OK,OK,OK,OK,OK,OK,OK,OK,MISSING,OK,MISSING,MISSING,OK,OK,FAIL
2021-01-25,MISSING,MISSING,MISSING,OK,MISSING,OK,OK,OK,OK,OK,OK,OK,OK,MISSING,OK,MISSING,MISSING,OK,OK,FAIL
2021-01-26,MISSING,MISSING,MISSING,OK,MISSING,OK,OK,OK,OK,OK,OK,OK,OK,MISSING,OK,MISSING,MISSING,OK,OK,FAIL
2021-01-27,MISSING,MISSING,MISSING,OK,MISSING,OK,OK,OK,OK,OK,OK,OK,OK,MISSING,OK,MISSING,MISSING,OK,OK,FAIL
2021-01-28,MISSING,MISSING,MISSING,OK,MISSING,OK,OK,OK,OK,OK,OK,OK,OK,MISSING,OK,MISSING,MISSING,OK,OK,FAIL
2021-01-29,MISSING,MISSING,MISSING,OK,MISSING,OK,OK,OK,OK,OK,OK,OK,OK,MISSING,OK,MISSING,MISSING,OK,OK,FAIL
2021-02-01,MISSING,MISSING,MISSING,OK,MISSING,OK,OK,OK,OK,OK,OK,OK,OK,MISSING,OK,MISSING,MISSING,OK,OK,FAIL
2021-02-02,MISSING,MISSING,MISSING,OK,MISSING,OK,OK,OK,OK,OK,OK,OK,OK,MISSING,OK,MISSING,MISSING,OK,OK,FAIL
2021-02-03,MISSING,MISSING,MISSING,OK,MISSING,OK,OK,OK,OK,OK,OK,OK,OK,MISSING,OK,MISSING,MISSING,OK,OK,FAIL
2021-02-04,MISSING,MISSING,MISSING,OK,MISSING,OK,OK,OK,OK,OK,OK,OK,OK,MISSING,OK,MISSING,OK,OK,OK,FAIL
2021-02-05,MISSING,MISSING,MISSING,OK,MISSING,OK,OK,OK,OK,OK,OK,OK,OK,MISSING,OK,MISSING,OK,OK,OK,FAIL
2021-02-08,MISSING,MISSING,MISSING,OK,MISSING,OK,OK,OK,OK,OK,OK,OK,OK,MISSING,OK,MISSING,OK,OK,OK,FAIL
2021-02-09,MISSING,MISSING,MISSING,OK,MISSING,OK,OK,OK,OK,OK,OK,OK,OK,MISSING,OK,MISSING,OK,OK,OK,FAIL
2021-02-10,MISSING,MISSING,MISSING,OK,MISSING,OK,OK,OK,OK,OK,OK,OK,OK,MISSING,OK,MISSING,OK,OK,OK,FAIL
2021-02-18,MISSING,MISSING,MISSING,OK,MISSING,OK,OK,OK,OK,OK,OK,OK,OK,MISSING,OK,MISSING,OK,OK,OK,FAIL
2021-02-19,MISSING,MISSING,MISSING,OK,MISSING,OK,OK,OK,OK,OK,OK,OK,OK,MISSING,OK,MISSING,OK,OK,OK,FAIL
2021-02-22,MISSING,MISSING,MISSING,OK,MISSING,OK,OK,OK,OK,OK,OK,OK,OK,MISSING,OK,MISSING,OK,OK,OK,FAIL
2021-02-23,MISSING,MISSING,MISSING,OK,MISSING,OK,OK,OK,OK,OK,OK,OK,OK,MISSING,OK,MISSING,OK,OK,OK,FAIL
2021-02-24,MISSING,MISSING,MISSING,OK,MISSING,OK,OK,OK,OK,OK,OK,OK,OK,MISSING,OK,MISSING,OK,OK,OK,FAIL
2021-02-25,MISSING,MISSING,MISSING,OK,MISSING,OK,OK,OK,OK,OK,OK,OK,OK,MISSING,OK,MISSING,OK,OK,OK,FAIL
2021-02-26,MISSING,MISSING,MISSING,OK,MISSING,OK,OK,OK,OK,OK,OK,OK,OK,MISSING,OK,MISSING,OK,OK,OK,FAIL
2021-03-01,MISSING,MISSING,MISSING,OK,MISSING,OK,OK,OK,OK,OK,OK,OK,OK,MISSING,OK,MISSING,OK,OK,OK,FAIL
2021-03-02,MISSING,MISSING,MISSING,OK,MISSING,OK,OK,OK,OK,OK,OK,OK,OK,OK,OK,MISSING,OK,OK,OK,FAIL
2021-03-03,MISSING,MISSING,MISSING,OK,MISSING,OK,OK,OK,OK,OK,OK,OK,OK,OK,OK,MISSING,OK,OK,OK,FAIL
2021-03-04,MISSING,MISSING,MISSING,OK,MISSING,OK,OK,OK,OK,OK,OK,OK,OK,OK,OK,MISSING,OK,OK,OK,FAIL
2021-03-05,MISSING,MISSING,MISSING,OK,MISSING,OK,OK,OK,OK,OK,OK,OK,OK,OK,OK,MISSING,OK,OK,OK,FAIL
2021-03-08,MISSING,MISSING,MISSING,OK,MISSING,OK,OK,OK,OK,OK,OK,OK,OK,OK,OK,MISSING,OK,OK,OK,FAIL
2021-03-09,MISSING,MISSING,MISSING,OK,MISSING,OK,OK,OK,OK,OK,OK,OK,OK,OK,OK,MISSING,OK,OK,OK,FAIL
2021-03-10,MISSING,MISSING,MISSING,OK,MISSING,OK,OK,OK,OK,OK,OK,OK,OK,OK,OK,MISSING,OK,OK,OK,FAIL
2021-03-11,MISSING,MISSING,MISSING,OK,MISSING,OK,OK,OK,OK,OK,OK,OK,OK,OK,OK,MISSING,OK,OK,OK,FAIL
2021-03-12,MISSING,MISSING,MISSING,OK,MISSING,OK,OK,OK,OK,OK,OK,OK,OK,OK,OK,MISSING,OK,OK,OK,FAIL
2021-03-15,MISSING,MISSING,MISSING,OK,MISSING,OK,OK,OK,OK,OK,OK,OK,OK,OK,OK,MISSING,OK,OK,OK,FAIL
2021-03-16,MISSING,MISSING,MISSING,OK,MISSING,OK,OK,OK,OK,OK,OK,OK,OK,OK,OK,MISSING,OK,OK,OK,FAIL
2021-03-17,MISSING,MISSING,MISSING,OK,MISSING,OK,OK,OK,OK,OK,OK,OK,OK,OK,OK,MISSING,OK,OK,OK,FAIL
2021-03-18,MISSING,MISSING,MISSING,OK,MISSING,OK,OK,OK,OK,OK,OK,OK,OK,OK,OK,MISSING,OK,OK,OK,FAIL
2021-03-19,MISSING,MISSING,MISSING,OK,MISSING,OK,OK,OK,OK,OK,OK,OK,OK,OK,OK,MISSING,OK,OK,OK,FAIL
2021-03-22,MISSING,MISSING,MISSING,OK,MISSING,OK,OK,OK,OK,OK,OK,OK,OK,OK,OK,MISSING,OK,OK,OK,FAIL
2021-03-23,MISSING,MISSING,MISSING,OK,MISSING,OK,OK,OK,OK,OK,OK,OK,OK,OK,OK,MISSING,OK,OK,OK,FAIL
2021-03-24,MISSING,MISSING,MISSING,OK,MISSING,OK,OK,OK,OK,OK,OK,OK,OK,OK,OK,MISSING,OK,OK,OK,FAIL
2021-03-25,MISSING,MISSING,MISSING,OK,MISSING,OK,OK,OK,OK,OK,OK,OK,OK,OK,OK,MISSING,OK,OK,OK,FAIL
2021-03-26,MISSING,MISSING,MISSING,OK,MISSING,OK,OK,OK,OK,OK,OK,OK,OK,OK,OK,MISSING,OK,OK,OK,FAIL
2021-03-29,MISSING,MISSING,MISSING,OK,MISSING,OK,OK,OK,OK,OK,OK,OK,OK,OK,OK,MISSING,OK,OK,OK,FAIL
2021-03-30,MISSING,MISSING,MISSING,OK,MISSING,OK,OK,OK,OK,OK,OK,OK,OK,OK,OK,MISSING,OK,OK,OK,FAIL
2021-03-31,MISSING,MISSING,MISSING,OK,MISSING,OK,OK,OK,OK,OK,OK,OK,OK,OK,OK,MISSING,OK,OK,OK,FAIL
2021-04-01,MISSING,MISSING,MISSING,OK,MISSING,OK,OK,OK,OK,OK,OK,OK,OK,OK,OK,MISSING,OK,OK,OK,FAIL
2021-04-02,MISSING,MISSING,MISSING,OK,MISSING,OK,OK,OK,OK,OK,OK,OK,OK,OK,OK,MISSING,OK,OK,OK,FAIL
2021-04-06,MISSING,MISSING,MISSING,OK,MISSING,OK,OK,OK,OK,OK,OK,OK,OK,OK,OK,MISSING,OK,OK,OK,FAIL
2021-04-07,MISSING,MISSING,MISSING,OK,MISSING,OK,OK,OK,OK,OK,OK,OK,OK,OK,OK,MISSING,OK,OK,OK,FAIL
2021-04-08,MISSING,MISSING,MISSING,OK,MISSING,OK,OK,OK,OK,OK,OK,OK,OK,OK,OK,MISSING,OK,OK,OK,FAIL
2021-04-09,MISSING,MISSING,MISSING,OK,MISSING,OK,OK,OK,OK,OK,OK,OK,OK,OK,OK,MISSING,OK,OK,OK,FAIL
2021-04-12,MISSING,MISSING,MISSING,OK,MISSING,OK,OK,OK,OK,OK,OK,OK,OK,OK,OK,MISSING,OK,OK,OK,FAIL
2021-04-13,MISSING,MISSING,MISSING,OK,MISSING,OK,OK,OK,OK,OK,OK,OK,OK,OK,OK,MISSING,OK,OK,OK,FAIL
2021-04-14,MISSING,MISSING,MISSING,OK,MISSING,OK,OK,OK,OK,OK,OK,OK,OK,OK,OK,MISSING,OK,OK,OK,FAIL
2021-04-15,MISSING,MISSING,MISSING,OK,MISSING,OK,OK,OK,OK,OK,OK,OK,OK,OK,OK,MISSING,OK,OK,OK,FAIL
2021-04-16,MISSING,MISSING,MISSING,OK,MISSING,OK,OK,OK,OK,OK,OK,OK,OK,OK,OK,MISSING,OK,OK,OK,FAIL
2021-04-19,MISSING,MISSING,MISSING,OK,MISSING,OK,OK,OK,OK,OK,OK,OK,OK,OK,OK,MISSING,OK,OK,OK,FAIL
2021-04-20,MISSING,MISSING,MISSING,OK,MISSING,OK,OK,OK,OK,OK,OK,OK,OK,OK,OK,MISSING,OK,OK,OK,FAIL
2021-04-21,MISSING,MISSING,MISSING,OK,MISSING,OK,OK,OK,OK,OK,OK,OK,OK,OK,OK,MISSING,OK,OK,OK,FAIL
2021-04-22,MISSING,MISSING,MISSING,OK,MISSING,OK,OK,OK,OK,OK,OK,OK,OK,OK,OK,MISSING,OK,OK,OK,FAIL
2021-04-23,MISSING,MISSING,MISSING,OK,MISSING,OK,OK,OK,OK,OK,OK,OK,OK,OK,OK,MISSING,OK,OK,OK,FAIL
2021-04-26,MISSING,MISSING,MISSING,OK,MISSING,OK,OK,OK,OK,OK,OK,OK,OK,OK,OK,MISSING,OK,OK,OK,FAIL
2021-04-27,MISSING,MISSING,MISSING,OK,MISSING,OK,OK,OK,OK,OK,OK,OK,OK,OK,OK,MISSING,OK,OK,OK,FAIL
2021-04-28,MISSING,MISSING,MISSING,OK,MISSING,OK,OK,OK,OK,OK,OK,OK,OK,OK,OK,MISSING,OK,OK,OK,FAIL
2021-04-29,MISSING,MISSING,MISSING,OK,MISSING,OK,OK,OK,OK,OK,OK,OK,OK,OK,OK,MISSING,OK,OK,OK,FAIL
2021-04-30,MISSING,MISSING,MISSING,OK,MISSING,OK,OK,OK,OK,OK,OK,OK,OK,OK,OK,MISSING,OK,OK,OK,FAIL
2021-05-06,MISSING,MISSING,MISSING,OK,MISSING,OK,OK,OK,OK,OK,OK,OK,OK,OK,OK,MISSING,OK,OK,OK,FAIL
2021-05-07,MISSING,MISSING,MISSING,OK,MISSING,OK,OK,OK,OK,OK,OK,OK,OK,OK,OK,OK,OK,OK,OK,FAIL
2021-05-10,MISSING,MISSING,MISSING,OK,MISSING,OK,OK,OK,OK,OK,OK,OK,OK,OK,OK,OK,OK,OK,OK,FAIL
2021-05-11,MISSING,MISSING,MISSING,OK,MISSING,OK,OK,OK,OK,OK,OK,OK,OK,OK,OK,OK,OK,OK,OK,FAIL
2021-05-12,MISSING,MISSING,MISSING,OK,MISSING,OK,OK,OK,OK,OK,OK,OK,OK,OK,OK,OK,OK,OK,OK,FAIL
2021-05-13,MISSING,MISSING,MISSING,OK,MISSING,OK,OK,OK,OK,OK,OK,OK,OK,OK,OK,OK,OK,OK,OK,FAIL
2021-05-14,MISSING,MISSING,MISSING,OK,MISSING,OK,OK,OK,OK,OK,OK,OK,OK,OK,OK,OK,OK,OK,OK,FAIL
2021-05-17,MISSING,MISSING,MISSING,OK,MISSING,OK,OK,OK,OK,OK,OK,OK,OK,OK,OK,OK,OK,OK,OK,FAIL
2021-05-18,MISSING,MISSING,MISSING,OK,MISSING,OK,OK,OK,OK,OK,OK,OK,OK,OK,OK,OK,OK,OK,OK,FAIL
2021-05-19,MISSING,MISSING,MISSING,OK,MISSING,OK,OK,OK,OK,OK,OK,OK,OK,OK,OK,OK,OK,OK,OK,FAIL
2021-05-20,MISSING,MISSING,MISSING,OK,MISSING,OK,OK,OK,OK,OK,OK,OK,OK,OK,OK,OK,OK,OK,OK,FAIL
2021-05-21,MISSING,MISSING,MISSING,OK,MISSING,OK,OK,OK,OK,OK,OK,OK,OK,OK,OK,OK,OK,OK,OK,FAIL
2021-05-24,MISSING,MISSING,MISSING,OK,MISSING,OK,OK,OK,OK,OK,OK,OK,OK,OK,OK,OK,OK,OK,OK,FAIL
2021-05-25,MISSING,MISSING,MISSING,OK,MISSING,OK,OK,OK,OK,OK,OK,OK,OK,OK,OK,OK,OK,OK,OK,FAIL
2021-05-26,MISSING,MISSING,MISSING,OK,MISSING,OK,OK,OK,OK,OK,OK,OK,OK,OK,OK,OK,OK,OK,OK,FAIL
2021-05-27,MISSING,MISSING,MISSING,OK,MISSING,OK,OK,OK,OK,OK,OK,OK,OK,OK,OK,OK,OK,OK,OK,FAIL
2021-05-28,MISSING,MISSING,MISSING,OK,MISSING,OK,OK,OK,OK,OK,OK,OK,OK,OK,OK,OK,OK,OK,OK,FAIL
2021-05-31,MISSING,MISSING,MISSING,OK,MISSING,OK,OK,OK,OK,OK,OK,OK,OK,OK,OK,OK,OK,OK,OK,FAIL
2021-06-01,MISSING,MISSING,MISSING,OK,MISSING,OK,OK,OK,OK,OK,OK,OK,OK,OK,OK,OK,OK,OK,OK,FAIL
2021-06-02,MISSING,MISSING,MISSING,OK,MISSING,OK,OK,OK,OK,OK,OK,OK,OK,OK,OK,OK,OK,OK,OK,FAIL
2021-06-03,MISSING,MISSING,MISSING,OK,MISSING,OK,OK,OK,OK,OK,OK,OK,OK,OK,OK,OK,OK,OK,OK,FAIL
2021-06-04,MISSING,MISSING,MISSING,OK,MISSING,OK,OK,OK,OK,OK,OK,OK,OK,OK,OK,OK,OK,OK,OK,FAIL
2021-06-07,MISSING,MISSING,MISSING,OK,MISSING,OK,OK,OK,OK,OK,OK,OK,OK,OK,OK,OK,OK,OK,OK,FAIL
2021-06-08,MISSING,MISSING,MISSING,OK,MISSING,OK,OK,OK,OK,OK,OK,OK,OK,OK,OK,OK,OK,OK,OK,FAIL
2021-06-09,MISSING,MISSING,MISSING,OK,MISSING,OK,OK,OK,OK,OK,OK,OK,OK,OK,OK,OK,OK,OK,OK,FAIL
2021-06-10,MISSING,MISSING,MISSING,OK,MISSING,OK,OK,OK,OK,OK,OK,OK,OK,OK,OK,OK,OK,OK,OK,FAIL
2021-06-11,MISSING,MISSING,MISSING,OK,MISSING,OK,OK,OK,OK,OK,OK,OK,OK,OK,OK,OK,OK,OK,OK,FAIL
2021-06-15,MISSING,MISSING,MISSING,OK,MISSING,OK,OK,OK,OK,OK,OK,OK,OK,OK,OK,OK,OK,OK,OK,FAIL
2021-06-16,MISSING,MISSING,MISSING,OK,MISSING,OK,OK,OK,OK,OK,OK,OK,OK,OK,OK,OK,OK,OK,OK,FAIL
2021-06-17,MISSING,MISSING,MISSING,OK,MISSING,OK,OK,OK,OK,OK,OK,OK,OK,OK,OK,OK,OK,OK,OK,FAIL
2021-06-18,MISSING,MISSING,MISSING,OK,MISSING,OK,OK,OK,OK,OK,OK,OK,OK,OK,OK,OK,OK,OK,OK,FAIL
2021-06-21,MISSING,MISSING,MISSING,OK,MISSING,OK,OK,OK,OK,OK,OK,OK,OK,OK,OK,OK,OK,OK,OK,FAIL
2021-06-22,MISSING,MISSING,MISSING,OK,MISSING,OK,OK,OK,OK,OK,OK,OK,OK,OK,OK,OK,OK,OK,OK,FAIL
2021-06-23,MISSING,MISSING,MISSING,OK,MISSING,OK,OK,OK,OK,OK,OK,OK,OK,OK,OK,OK,OK,OK,OK,FAIL
2021-06-24,MISSING,MISSING,MISSING,OK,MISSING,OK,OK,OK,OK,OK,OK,OK,OK,OK,OK,OK,OK,OK,OK,FAIL
2021-06-25,MISSING,MISSING,MISSING,OK,MISSING,OK,OK,OK,OK,OK,OK,OK,OK,OK,OK,OK,OK,OK,OK,FAIL
2021-06-28,MISSING,MISSING,MISSING,OK,MISSING,OK,OK,OK,OK,OK,OK,OK,OK,OK,OK,OK,OK,OK,OK,FAIL
2021-06-29,MISSING,MISSING,MISSING,OK,MISSING,OK,OK,OK,OK,OK,OK,OK,OK,OK,OK,OK,OK,OK,OK,FAIL
2021-06-30,MISSING,MISSING,MISSING,OK,MISSING,OK,OK,OK,OK,OK,OK,OK,OK,OK,OK,OK,OK,OK,OK,FAIL
2021-07-01,MISSING,MISSING,MISSING,OK,MISSING,OK,OK,OK,OK,OK,OK,OK,OK,OK,OK,OK,OK,OK,OK,FAIL
2021-07-02,MISSING,MISSING,MISSING,OK,MISSING,OK,OK,OK,OK,OK,OK,OK,OK,OK,OK,OK,OK,OK,OK,FAIL
2021-07-05,MISSING,MISSING,MISSING,OK,MISSING,OK,OK,OK,OK,OK,OK,OK,OK,OK,OK,OK,OK,OK,OK,FAIL
2021-07-06,MISSING,MISSING,MISSING,OK,MISSING,OK,OK,OK,OK,OK,OK,OK,OK,OK,OK,OK,OK,OK,OK,FAIL
2021-07-07,MISSING,MISSING,MISSING,OK,MISSING,OK,OK,OK,OK,OK,OK,OK,OK,OK,OK,OK,OK,OK,OK,FAIL
2021-07-08,MISSING,MISSING,MISSING,OK,MISSING,OK,OK,OK,OK,OK,OK,OK,OK,OK,OK,OK,OK,OK,OK,FAIL
2021-07-09,MISSING,MISSING,MISSING,OK,MISSING,OK,OK,OK,OK,OK,OK,OK,OK,OK,OK,OK,OK,OK,OK,FAIL
2021-07-12,MISSING,MISSING,MISSING,OK,MISSING,OK,OK,OK,OK,OK,OK,OK,OK,OK,OK,OK,OK,OK,OK,FAIL
2021-07-13,MISSING,MISSING,MISSING,OK,MISSING,OK,OK,OK,OK,OK,OK,OK,OK,OK,OK,OK,OK,OK,OK,FAIL
2021-07-14,MISSING,MISSING,MISSING,OK,MISSING,OK,OK,OK,OK,OK,OK,OK,OK,OK,OK,OK,OK,OK,OK,FAIL
2021-07-15,MISSING,MISSING,MISSING,OK,MISSING,OK,OK,OK,OK,OK,OK,OK,OK,OK,OK,OK,OK,OK,OK,FAIL
2021-07-16,MISSING,MISSING,MISSING,OK,MISSING,OK,OK,OK,OK,OK,OK,OK,OK,OK,OK,OK,OK,OK,OK,FAIL
2021-07-19,MISSING,MISSING,MISSING,OK,MISSING,OK,OK,OK,OK,OK,OK,OK,OK,OK,OK,OK,OK,OK,OK,FAIL
2021-07-20,MISSING,MISSING,MISSING,OK,MISSING,OK,OK,OK,OK,OK,OK,OK,OK,OK,OK,OK,OK,OK,OK,FAIL
2021-07-21,MISSING,MISSING,MISSING,OK,MISSING,OK,OK,OK,OK,OK,OK,OK,OK,OK,OK,OK,OK,OK,OK,FAIL
2021-07-22,MISSING,MISSING,MISSING,OK,MISSING,OK,OK,OK,OK,OK,OK,OK,OK,OK,OK,OK,OK,OK,OK,FAIL
2021-07-23,MISSING,MISSING,MISSING,OK,MISSING,OK,OK,OK,OK,OK,OK,OK,OK,OK,OK,OK,OK,OK,OK,FAIL
2021-07-26,MISSING,MISSING,MISSING,OK,MISSING,OK,OK,OK,OK,OK,OK,OK,OK,OK,OK,OK,OK,OK,OK,FAIL
2021-07-27,MISSING,MISSING,MISSING,OK,MISSING,OK,OK,OK,OK,OK,OK,OK,OK,OK,OK,OK,OK,OK,OK,FAIL
2021-07-28,MISSING,MISSING,MISSING,OK,MISSING,OK,OK,OK,OK,OK,OK,OK,OK,OK,OK,OK,OK,OK,OK,FAIL
2021-07-29,MISSING,MISSING,MISSING,OK,MISSING,OK,OK,OK,OK,OK,OK,OK,OK,OK,OK,OK,OK,OK,OK,FAIL
2021-07-30,MISSING,MISSING,MISSING,OK,MISSING,OK,OK,OK,OK,OK,OK,OK,OK,OK,OK,OK,OK,OK,OK,FAIL
2021-08-02,MISSING,MISSING,MISSING,OK,MISSING,OK,OK,OK,OK,OK,OK,OK,OK,OK,OK,OK,OK,OK,OK,FAIL
2021-08-03,MISSING,MISSING,MISSING,OK,MISSING,OK,OK,OK,OK,OK,OK,OK,OK,OK,OK,OK,OK,OK,OK,FAIL
2021-08-04,MISSING,MISSING,MISSING,OK,MISSING,OK,OK,OK,OK,OK,OK,OK,OK,OK,OK,OK,OK,OK,OK,FAIL
2021-08-05,MISSING,MISSING,MISSING,OK,MISSING,OK,OK,OK,OK,OK,OK,OK,OK,OK,OK,OK,OK,OK,OK,FAIL
2021-08-06,MISSING,MISSING,MISSING,OK,MISSING,OK,OK,OK,OK,OK,OK,OK,OK,OK,OK,OK,OK,OK,OK,FAIL
2021-08-09,MISSING,MISSING,MISSING,OK,MISSING,OK,OK,OK,OK,OK,OK,OK,OK,OK,OK,OK,OK,OK,OK,FAIL
2021-08-10,MISSING,MISSING,MISSING,OK,MISSING,OK,OK,OK,OK,OK,OK,OK,OK,OK,OK,OK,OK,OK,OK,FAIL
2021-08-11,MISSING,MISSING,MISSING,OK,MISSING,OK,OK,OK,OK,OK,OK,OK,OK,OK,OK,OK,OK,OK,OK,FAIL
2021-08-12,MISSING,MISSING,MISSING,OK,MISSING,OK,OK,OK,OK,OK,OK,OK,OK,OK,OK,OK,OK,OK,OK,FAIL
2021-08-13,MISSING,MISSING,MISSING,OK,MISSING,OK,OK,OK,OK,OK,OK,OK,OK,OK,OK,OK,OK,OK,OK,FAIL
2021-08-16,MISSING,MISSING,MISSING,OK,MISSING,OK,OK,OK,OK,OK,OK,OK,OK,OK,OK,OK,OK,OK,OK,FAIL
2021-08-17,MISSING,MISSING,MISSING,OK,MISSING,OK,OK,OK,OK,OK,OK,OK,OK,OK,OK,OK,OK,OK,OK,FAIL
2021-08-18,MISSING,MISSING,MISSING,OK,MISSING,OK,OK,OK,OK,OK,OK,OK,OK,OK,OK,OK,OK,OK,OK,FAIL
2021-08-19,MISSING,MISSING,MISSING,OK,MISSING,OK,OK,OK,OK,OK,OK,OK,OK,OK,OK,OK,OK,OK,OK,FAIL
2021-08-20,MISSING,MISSING,MISSING,OK,MISSING,OK,OK,OK,OK,OK,OK,OK,OK,OK,OK,OK,OK,OK,OK,FAIL
2021-08-23,MISSING,MISSING,MISSING,OK,MISSING,OK,OK,OK,OK,OK,OK,OK,OK,OK,OK,OK,OK,OK,OK,FAIL
2021-08-24,MISSING,MISSING,MISSING,OK,MISSING,OK,OK,OK,OK,OK,OK,OK,OK,OK,OK,OK,OK,OK,OK,FAIL
2021-08-25,MISSING,MISSING,MISSING,OK,MISSING,OK,OK,OK,OK,OK,OK,OK,OK,OK,OK,OK,OK,OK,OK,FAIL
2021-08-26,MISSING,MISSING,MISSING,OK,MISSING,OK,OK,OK,OK,OK,OK,OK,OK,OK,OK,OK,OK,OK,OK,FAIL
2021-08-27,MISSING,MISSING,MISSING,OK,MISSING,OK,OK,OK,OK,OK,OK,OK,OK,OK,OK,OK,OK,OK,OK,FAIL
2021-08-30,MISSING,MISSING,MISSING,OK,MISSING,OK,OK,OK,OK,OK,OK,OK,OK,OK,OK,OK,OK,OK,OK,FAIL
2021-08-31,MISSING,MISSING,MISSING,OK,MISSING,OK,OK,OK,OK,OK,OK,OK,OK,OK,OK,OK,OK,OK,OK,FAIL
2021-09-01,MISSING,MISSING,MISSING,OK,MISSING,OK,OK,OK,OK,OK,OK,OK,OK,OK,OK,OK,OK,OK,OK,FAIL
2021-09-02,MISSING,MISSING,MISSING,OK,MISSING,OK,OK,OK,OK,OK,OK,OK,OK,OK,OK,OK,OK,OK,OK,FAIL
2021-09-03,MISSING,MISSING,MISSING,OK,MISSING,OK,OK,OK,OK,OK,OK,OK,OK,OK,OK,OK,OK,OK,OK,FAIL
2021-09-06,MISSING,MISSING,MISSING,OK,MISSING,OK,OK,OK,OK,OK,OK,OK,OK,OK,OK,OK,OK,OK,OK,FAIL
2021-09-07,MISSING,MISSING,MISSING,OK,MISSING,OK,OK,OK,OK,OK,OK,OK,OK,OK,OK,OK,OK,OK,OK,FAIL
2021-09-08,MISSING,MISSING,MISSING,OK,MISSING,OK,OK,OK,OK,OK,OK,OK,OK,OK,OK,OK,OK,OK,OK,FAIL
2021-09-09,MISSING,MISSING,MISSING,OK,MISSING,OK,OK,OK,OK,OK,OK,OK,OK,OK,OK,OK,OK,OK,OK,FAIL
2021-09-10,MISSING,MISSING,MISSING,OK,MISSING,OK,OK,OK,OK,OK,OK,OK,OK,OK,OK,OK,OK,OK,OK,FAIL
2021-09-13,MISSING,MISSING,MISSING,OK,MISSING,OK,OK,OK,OK,OK,OK,OK,OK,OK,OK,OK,OK,OK,OK,FAIL
2021-09-14,MISSING,MISSING,MISSING,OK,MISSING,OK,OK,OK,OK,OK,OK,OK,OK,OK,OK,OK,OK,OK,OK,FAIL
2021-09-15,MISSING,MISSING,MISSING,OK,MISSING,OK,OK,OK,OK,OK,OK,OK,OK,OK,OK,OK,OK,OK,OK,FAIL
2021-09-16,MISSING,MISSING,MISSING,OK,MISSING,OK,OK,OK,OK,OK,OK,OK,OK,OK,OK,OK,OK,OK,OK,FAIL
2021-09-17,MISSING,MISSING,MISSING,OK,MISSING,OK,OK,OK,OK,OK,OK,OK,OK,OK,OK,OK,OK,OK,OK,FAIL
2021-09-22,MISSING,MISSING,MISSING,OK,MISSING,OK,OK,OK,OK,OK,OK,OK,OK,OK,OK,OK,OK,OK,OK,FAIL
2021-09-23,MISSING,MISSING,MISSING,OK,MISSING,OK,OK,OK,OK,OK,OK,OK,OK,OK,OK,OK,OK,OK,OK,FAIL
2021-09-24,MISSING,MISSING,MISSING,OK,MISSING,OK,OK,OK,OK,OK,OK,OK,OK,OK,OK,OK,OK,OK,OK,FAIL
2021-09-27,MISSING,MISSING,MISSING,OK,MISSING,OK,OK,OK,OK,OK,OK,OK,OK,OK,OK,OK,OK,OK,OK,FAIL
2021-09-28,MISSING,MISSING,MISSING,OK,MISSING,OK,OK,OK,OK,OK,OK,OK,OK,OK,OK,OK,OK,OK,OK,FAIL
2021-09-29,MISSING,MISSING,MISSING,OK,MISSING,OK,OK,OK,OK,OK,OK,OK,OK,OK,OK,OK,OK,OK,OK,FAIL
2021-09-30,MISSING,MISSING,MISSING,OK,MISSING,OK,OK,OK,OK,OK,OK,OK,OK,OK,OK,OK,OK,OK,OK,FAIL
2021-10-08,MISSING,MISSING,MISSING,OK,MISSING,OK,OK,OK,OK,OK,OK,OK,OK,OK,OK,OK,OK,OK,OK,FAIL
2021-10-11,MISSING,MISSING,MISSING,OK,MISSING,OK,OK,OK,OK,OK,OK,OK,OK,OK,OK,OK,OK,OK,OK,FAIL
2021-10-12,MISSING,MISSING,MISSING,OK,MISSING,OK,OK,OK,OK,OK,OK,OK,OK,OK,OK,OK,OK,OK,OK,FAIL
2021-10-13,MISSING,MISSING,MISSING,OK,MISSING,OK,OK,OK,OK,OK,OK,OK,OK,OK,OK,OK,OK,OK,OK,FAIL
2021-10-14,MISSING,MISSING,MISSING,OK,MISSING,OK,OK,OK,OK,OK,OK,OK,OK,OK,OK,OK,OK,OK,OK,FAIL
2021-10-15,MISSING,MISSING,MISSING,OK,MISSING,OK,OK,OK,OK,OK,OK,OK,OK,OK,OK,OK,OK,OK,OK,FAIL
2021-10-18,MISSING,MISSING,MISSING,OK,MISSING,OK,OK,OK,OK,OK,OK,OK,OK,OK,OK,OK,OK,OK,OK,FAIL
2021-10-19,MISSING,MISSING,MISSING,OK,MISSING,OK,OK,OK,OK,OK,OK,OK,OK,OK,OK,OK,OK,OK,OK,FAIL
2021-10-20,MISSING,MISSING,MISSING,OK,MISSING,OK,OK,OK,OK,OK,OK,OK,OK,OK,OK,OK,OK,OK,OK,FAIL
2021-10-21,MISSING,MISSING,MISSING,OK,MISSING,OK,OK,OK,OK,OK,OK,OK,OK,OK,OK,OK,OK,OK,OK,FAIL
2021-10-22,MISSING,MISSING,MISSING,OK,MISSING,OK,OK,OK,OK,OK,OK,OK,OK,OK,OK,OK,OK,OK,OK,FAIL
2021-10-25,MISSING,MISSING,MISSING,OK,MISSING,OK,OK,OK,OK,OK,OK,OK,OK,OK,OK,OK,OK,OK,OK,FAIL
2021-10-26,MISSING,MISSING,MISSING,OK,MISSING,OK,OK,OK,OK,OK,OK,OK,OK,OK,OK,OK,OK,OK,OK,FAIL
2021-10-27,MISSING,MISSING,MISSING,OK,MISSING,OK,OK,OK,OK,OK,OK,OK,OK,OK,OK,OK,OK,OK,OK,FAIL
2021-10-28,MISSING,MISSING,MISSING,OK,MISSING,OK,OK,OK,OK,OK,OK,OK,OK,OK,OK,OK,OK,OK,OK,FAIL
2021-10-29,MISSING,MISSING,MISSING,OK,MISSING,OK,OK,OK,OK,OK,OK,OK,OK,OK,OK,OK,OK,OK,OK,FAIL
2021-11-01,MISSING,MISSING,MISSING,OK,MISSING,OK,OK,OK,OK,OK,OK,OK,OK,OK,OK,OK,OK,OK,OK,FAIL
2021-11-02,MISSING,MISSING,MISSING,OK,MISSING,OK,OK,OK,OK,OK,OK,OK,OK,OK,OK,OK,OK,OK,OK,FAIL
2021-11-03,MISSING,MISSING,MISSING,OK,MISSING,OK,OK,OK,OK,OK,OK,OK,OK,OK,OK,OK,OK,OK,OK,FAIL
2021-11-04,MISSING,MISSING,MISSING,OK,MISSING,OK,OK,OK,OK,OK,OK,OK,OK,OK,OK,OK,OK,OK,OK,FAIL
2021-11-05,MISSING,MISSING,MISSING,OK,MISSING,OK,OK,OK,OK,OK,OK,OK,OK,OK,OK,OK,OK,OK,OK,FAIL
2021-11-08,MISSING,MISSING,MISSING,OK,MISSING,OK,OK,OK,OK,OK,OK,OK,OK,OK,OK,OK,OK,OK,OK,FAIL
2021-11-09,MISSING,MISSING,MISSING,OK,MISSING,OK,OK,OK,OK,OK,OK,OK,OK,OK,OK,OK,OK,OK,OK,FAIL
2021-11-10,MISSING,MISSING,MISSING,OK,MISSING,OK,OK,OK,OK,OK,OK,OK,OK,OK,OK,OK,OK,OK,OK,FAIL
2021-11-11,MISSING,MISSING,MISSING,OK,MISSING,OK,OK,OK,OK,OK,OK,OK,OK,OK,OK,OK,OK,OK,OK,FAIL
2021-11-12,MISSING,MISSING,MISSING,OK,MISSING,OK,OK,OK,OK,OK,OK,OK,OK,OK,OK,OK,OK,OK,OK,FAIL
2021-11-15,MISSING,MISSING,MISSING,OK,MISSING,OK,OK,OK,OK,OK,OK,OK,OK,OK,OK,OK,OK,OK,OK,FAIL
2021-11-16,MISSING,MISSING,MISSING,OK,MISSING,OK,OK,OK,OK,OK,OK,OK,OK,OK,OK,OK,OK,OK,OK,FAIL
2021-11-17,MISSING,MISSING,MISSING,OK,MISSING,OK,OK,OK,OK,OK,OK,OK,OK,OK,OK,OK,OK,OK,OK,FAIL
2021-11-18,MISSING,MISSING,MISSING,OK,MISSING,OK,OK,OK,OK,OK,OK,OK,OK,OK,OK,OK,OK,OK,OK,FAIL
2021-11-19,MISSING,MISSING,MISSING,OK,MISSING,OK,OK,OK,OK,OK,OK,OK,OK,OK,OK,OK,OK,OK,OK,FAIL
2021-11-22,MISSING,MISSING,MISSING,OK,MISSING,OK,OK,OK,OK,OK,OK,OK,OK,OK,OK,OK,OK,OK,OK,FAIL
2021-11-23,MISSING,MISSING,MISSING,OK,MISSING,OK,OK,OK,OK,OK,OK,OK,OK,OK,OK,OK,OK,OK,OK,FAIL
2021-11-24,MISSING,MISSING,MISSING,OK,MISSING,OK,OK,OK,OK,OK,OK,OK,OK,OK,OK,OK,OK,OK,OK,FAIL
2021-11-25,MISSING,MISSING,MISSING,OK,MISSING,OK,OK,OK,OK,OK,OK,OK,OK,OK,OK,OK,OK,OK,OK,FAIL
2021-11-26,MISSING,MISSING,MISSING,OK,MISSING,OK,OK,OK,OK,OK,OK,OK,OK,OK,OK,OK,OK,OK,OK,FAIL
2021-11-29,MISSING,MISSING,MISSING,OK,MISSING,OK,OK,OK,OK,OK,OK,OK,OK,OK,OK,OK,OK,OK,OK,FAIL
2021-11-30,MISSING,MISSING,MISSING,OK,MISSING,OK,OK,OK,OK,OK,OK,OK,OK,OK,OK,OK,OK,OK,OK,FAIL
2021-12-01,MISSING,MISSING,MISSING,OK,MISSING,OK,OK,OK,OK,OK,OK,OK,OK,OK,OK,OK,OK,OK,OK,FAIL
2021-12-02,MISSING,MISSING,MISSING,OK,MISSING,OK,OK,OK,OK,OK,OK,OK,OK,OK,OK,OK,OK,OK,OK,FAIL
2021-12-03,MISSING,MISSING,MISSING,OK,MISSING,OK,OK,OK,OK,OK,OK,OK,OK,OK,OK,OK,OK,OK,OK,FAIL
2021-12-06,MISSING,MISSING,MISSING,OK,MISSING,OK,OK,OK,OK,OK,OK,OK,OK,OK,OK,OK,OK,OK,OK,FAIL
2021-12-07,MISSING,MISSING,MISSING,OK,MISSING,OK,OK,OK,OK,OK,OK,OK,OK,OK,OK,OK,OK,OK,OK,FAIL
2021-12-08,MISSING,MISSING,MISSING,OK,MISSING,OK,OK,OK,OK,OK,OK,OK,OK,OK,OK,OK,OK,OK,OK,FAIL
2021-12-09,MISSING,MISSING,MISSING,OK,MISSING,OK,OK,OK,OK,OK,OK,OK,OK,OK,OK,OK,OK,OK,OK,FAIL
2021-12-10,MISSING,MISSING,MISSING,OK,MISSING,OK,OK,OK,OK,OK,OK,OK,OK,OK,OK,OK,OK,OK,OK,FAIL
2021-12-13,MISSING,MISSING,MISSING,OK,MISSING,OK,OK,OK,OK,OK,OK,OK,OK,OK,OK,OK,OK,OK,OK,FAIL
2021-12-14,MISSING,MISSING,MISSING,OK,MISSING,OK,OK,OK,OK,OK,OK,OK,OK,OK,OK,OK,OK,OK,OK,FAIL
2021-12-15,MISSING,MISSING,MISSING,OK,MISSING,OK,OK,OK,OK,OK,OK,OK,OK,OK,OK,OK,OK,OK,OK,FAIL
2021-12-16,MISSING,MISSING,MISSING,OK,MISSING,OK,OK,OK,OK,OK,OK,OK,OK,OK,OK,OK,OK,OK,OK,FAIL
2021-12-17,MISSING,MISSING,MISSING,OK,MISSING,OK,OK,OK,OK,OK,OK,OK,OK,OK,OK,OK,OK,OK,OK,FAIL
2021-12-20,MISSING,MISSING,MISSING,OK,MISSING,OK,OK,OK,OK,OK,OK,OK,OK,OK,OK,OK,OK,OK,OK,FAIL
2021-12-21,MISSING,MISSING,MISSING,OK,MISSING,OK,OK,OK,OK,OK,OK,OK,OK,OK,OK,OK,OK,OK,OK,FAIL
2021-12-22,MISSING,MISSING,MISSING,OK,MISSING,OK,OK,OK,OK,OK,OK,OK,OK,OK,OK,OK,OK,OK,OK,FAIL
2021-12-23,MISSING,MISSING,MISSING,OK,MISSING,OK,OK,OK,OK,OK,OK,OK,OK,OK,OK,OK,OK,OK,OK,FAIL
2021-12-24,MISSING,MISSING,MISSING,OK,MISSING,OK,OK,OK,OK,OK,OK,OK,OK,OK,OK,OK,OK,OK,OK,FAIL
2021-12-27,MISSING,MISSING,MISSING,OK,MISSING,OK,OK,OK,OK,OK,OK,OK,OK,OK,OK,OK,OK,OK,OK,FAIL
2021-12-28,MISSING,MISSING,MISSING,OK,MISSING,OK,OK,OK,OK,OK,OK,OK,OK,OK,OK,OK,OK,OK,OK,FAIL
2021-12-29,MISSING,MISSING,MISSING,OK,MISSING,OK,OK,OK,OK,OK,OK,OK,OK,OK,OK,OK,OK,OK,OK,FAIL
2021-12-30,MISSING,MISSING,MISSING,OK,MISSING,OK,OK,OK,OK,OK,OK,OK,OK,OK,OK,OK,OK,OK,OK,FAIL
2021-12-31,MISSING,MISSING,MISSING,OK,MISSING,OK,OK,OK,OK,OK,OK,OK,OK,OK,OK,OK,OK,OK,OK,FAIL
2022-01-04,MISSING,MISSING,MISSING,OK,MISSING,OK,OK,OK,OK,OK,OK,OK,OK,OK,OK,OK,OK,OK,OK,FAIL
2022-01-05,MISSING,MISSING,MISSING,OK,MISSING,OK,OK,OK,OK,OK,OK,OK,OK,OK,OK,OK,OK,OK,OK,FAIL
2022-01-06,MISSING,MISSING,MISSING,OK,MISSING,OK,OK,OK,OK,OK,OK,OK,OK,OK,OK,OK,OK,OK,OK,FAIL
2022-01-07,MISSING,MISSING,MISSING,OK,MISSING,OK,OK,OK,OK,OK,OK,OK,OK,OK,OK,OK,OK,OK,OK,FAIL
2022-01-10,MISSING,MISSING,MISSING,OK,MISSING,OK,OK,OK,OK,OK,OK,OK,OK,OK,OK,OK,OK,OK,OK,FAIL
2022-01-11,MISSING,MISSING,MISSING,OK,MISSING,OK,OK,OK,OK,OK,OK,OK,OK,OK,OK,OK,OK,OK,OK,FAIL
2022-01-12,MISSING,MISSING,MISSING,OK,MISSING,OK,OK,OK,OK,OK,OK,OK,OK,OK,OK,OK,OK,OK,OK,FAIL
2022-01-13,MISSING,MISSING,MISSING,OK,MISSING,OK,OK,OK,OK,OK,OK,OK,OK,OK,OK,OK,OK,OK,OK,FAIL
2022-01-14,MISSING,MISSING,MISSING,OK,MISSING,OK,OK,OK,OK,OK,OK,OK,OK,OK,OK,OK,OK,OK,OK,FAIL
2022-01-17,MISSING,MISSING,MISSING,OK,MISSING,OK,OK,OK,OK,OK,OK,OK,OK,OK,OK,OK,OK,OK,OK,FAIL
2022-01-18,MISSING,MISSING,MISSING,OK,MISSING,OK,OK,OK,OK,OK,OK,OK,OK,OK,OK,OK,OK,OK,OK,FAIL
2022-01-19,MISSING,MISSING,MISSING,OK,MISSING,OK,OK,OK,OK,OK,OK,OK,OK,OK,OK,OK,OK,OK,OK,FAIL
2022-01-20,MISSING,MISSING,MISSING,OK,MISSING,OK,OK,OK,OK,OK,OK,OK,OK,OK,OK,OK,OK,OK,OK,FAIL
2022-01-21,MISSING,MISSING,MISSING,OK,MISSING,OK,OK,OK,OK,OK,OK,OK,OK,OK,OK,OK,OK,OK,OK,FAIL
2022-01-24,MISSING,MISSING,MISSING,OK,MISSING,OK,OK,OK,OK,OK,OK,OK,OK,OK,OK,OK,OK,OK,OK,FAIL
2022-01-25,MISSING,MISSING,MISSING,OK,MISSING,OK,OK,OK,OK,OK,OK,OK,OK,OK,OK,OK,OK,OK,OK,FAIL
2022-01-26,MISSING,MISSING,MISSING,OK,MISSING,OK,OK,OK,OK,OK,OK,OK,OK,OK,OK,OK,OK,OK,OK,FAIL
2022-01-27,MISSING,MISSING,MISSING,OK,MISSING,OK,OK,OK,OK,OK,OK,OK,OK,OK,OK,OK,OK,OK,OK,FAIL
2022-01-28,MISSING,MISSING,MISSING,OK,MISSING,OK,OK,OK,OK,OK,OK,OK,OK,OK,OK,OK,OK,OK,OK,FAIL
2022-02-07,MISSING,MISSING,MISSING,OK,MISSING,OK,OK,OK,OK,OK,OK,OK,OK,OK,OK,OK,OK,OK,OK,FAIL
2022-02-08,MISSING,MISSING,MISSING,OK,MISSING,OK,OK,OK,OK,OK,OK,OK,OK,OK,OK,OK,OK,OK,OK,FAIL
2022-02-09,MISSING,MISSING,MISSING,OK,MISSING,OK,OK,OK,OK,OK,OK,OK,OK,OK,OK,OK,OK,OK,OK,FAIL
2022-02-10,MISSING,MISSING,MISSING,OK,MISSING,OK,OK,OK,OK,OK,OK,OK,OK,OK,OK,OK,OK,OK,OK,FAIL
2022-02-11,MISSING,MISSING,MISSING,OK,MISSING,OK,OK,OK,OK,OK,OK,OK,OK,OK,OK,OK,OK,OK,OK,FAIL
2022-02-14,MISSING,MISSING,MISSING,OK,MISSING,OK,OK,OK,OK,OK,OK,OK,OK,OK,OK,OK,OK,OK,OK,FAIL
2022-02-15,MISSING,MISSING,MISSING,OK,MISSING,OK,OK,OK,OK,OK,OK,OK,OK,OK,OK,OK,OK,OK,OK,FAIL
2022-02-16,MISSING,MISSING,MISSING,OK,MISSING,OK,OK,OK,OK,OK,OK,OK,OK,OK,OK,OK,OK,OK,OK,FAIL
2022-02-17,MISSING,MISSING,MISSING,OK,MISSING,OK,OK,OK,OK,OK,OK,OK,OK,OK,OK,OK,OK,OK,OK,FAIL
2022-02-18,MISSING,MISSING,MISSING,OK,MISSING,OK,OK,OK,OK,OK,OK,OK,OK,OK,OK,OK,OK,OK,OK,FAIL
2022-02-21,MISSING,MISSING,MISSING,OK,MISSING,OK,OK,OK,OK,OK,OK,OK,OK,OK,OK,OK,OK,OK,OK,FAIL
2022-02-22,MISSING,MISSING,MISSING,OK,MISSING,OK,OK,OK,OK,OK,OK,OK,OK,OK,OK,OK,OK,OK,OK,FAIL
2022-02-23,MISSING,MISSING,MISSING,OK,MISSING,OK,OK,OK,OK,OK,OK,OK,OK,OK,OK,OK,OK,OK,OK,FAIL
2022-02-24,MISSING,MISSING,MISSING,OK,MISSING,OK,OK,OK,OK,OK,OK,OK,OK,OK,OK,OK,OK,OK,OK,FAIL
2022-02-25,MISSING,MISSING,MISSING,OK,MISSING,OK,OK,OK,OK,OK,OK,OK,OK,OK,OK,OK,OK,OK,OK,FAIL
2022-02-28,MISSING,MISSING,MISSING,OK,MISSING,OK,OK,OK,OK,OK,OK,OK,OK,OK,OK,OK,OK,OK,OK,FAIL
2022-03-01,MISSING,MISSING,MISSING,OK,MISSING,OK,OK,OK,OK,OK,OK,OK,OK,OK,OK,OK,OK,OK,OK,FAIL
2022-03-02,MISSING,MISSING,MISSING,OK,MISSING,OK,OK,OK,OK,OK,OK,OK,OK,OK,OK,OK,OK,OK,OK,FAIL
2022-03-03,MISSING,MISSING,MISSING,OK,MISSING,OK,OK,OK,OK,OK,OK,OK,OK,OK,OK,OK,OK,OK,OK,FAIL
2022-03-04,MISSING,MISSING,MISSING,OK,MISSING,OK,OK,OK,OK,OK,OK,OK,OK,OK,OK,OK,OK,OK,OK,FAIL
2022-03-07,MISSING,MISSING,MISSING,OK,MISSING,OK,OK,OK,OK,OK,OK,OK,OK,OK,OK,OK,OK,OK,OK,FAIL
2022-03-08,MISSING,MISSING,MISSING,OK,MISSING,OK,OK,OK,OK,OK,OK,OK,OK,OK,OK,OK,OK,OK,OK,FAIL
2022-03-09,MISSING,MISSING,MISSING,OK,MISSING,OK,OK,OK,OK,OK,OK,OK,OK,OK,OK,OK,OK,OK,OK,FAIL
2022-03-10,MISSING,MISSING,MISSING,OK,MISSING,OK,OK,OK,OK,OK,OK,OK,OK,OK,OK,OK,OK,OK,OK,FAIL
2022-03-11,MISSING,MISSING,MISSING,OK,MISSING,OK,OK,OK,OK,OK,OK,OK,OK,OK,OK,OK,OK,OK,OK,FAIL
2022-03-14,MISSING,MISSING,MISSING,OK,MISSING,OK,OK,OK,OK,OK,OK,OK,OK,OK,OK,OK,OK,OK,OK,FAIL
2022-03-15,MISSING,MISSING,MISSING,OK,MISSING,OK,OK,OK,OK,OK,OK,OK,OK,OK,OK,OK,OK,OK,OK,FAIL
2022-03-16,MISSING,MISSING,MISSING,OK,MISSING,OK,OK,OK,OK,OK,OK,OK,OK,OK,OK,OK,OK,OK,OK,FAIL
2022-03-17,MISSING,MISSING,MISSING,OK,MISSING,OK,OK,OK,OK,OK,OK,OK,OK,OK,OK,OK,OK,OK,OK,FAIL
2022-03-18,MISSING,MISSING,MISSING,OK,MISSING,OK,OK,OK,OK,OK,OK,OK,OK,OK,OK,OK,OK,OK,OK,FAIL
2022-03-21,MISSING,MISSING,MISSING,OK,MISSING,OK,OK,OK,OK,OK,OK,OK,OK,OK,OK,OK,OK,OK,OK,FAIL
2022-03-22,MISSING,MISSING,MISSING,OK,MISSING,OK,OK,OK,OK,OK,OK,OK,OK,OK,OK,OK,OK,OK,OK,FAIL
2022-03-23,MISSING,MISSING,MISSING,OK,MISSING,OK,OK,OK,OK,OK,OK,OK,OK,OK,OK,OK,OK,OK,OK,FAIL
2022-03-24,MISSING,MISSING,MISSING,OK,MISSING,OK,OK,OK,OK,OK,OK,OK,OK,OK,OK,OK,OK,OK,OK,FAIL
2022-03-25,MISSING,MISSING,MISSING,OK,MISSING,OK,OK,OK,OK,OK,OK,OK,OK,OK,OK,OK,OK,OK,OK,FAIL
2022-03-28,MISSING,MISSING,MISSING,OK,MISSING,OK,OK,OK,OK,OK,OK,OK,OK,OK,OK,OK,OK,OK,OK,FAIL
2022-03-29,MISSING,MISSING,MISSING,OK,MISSING,OK,OK,OK,OK,OK,OK,OK,OK,OK,OK,OK,OK,OK,OK,FAIL
2022-03-30,MISSING,MISSING,MISSING,OK,MISSING,OK,OK,OK,OK,OK,OK,OK,OK,OK,OK,OK,OK,OK,OK,FAIL
2022-03-31,MISSING,MISSING,MISSING,OK,MISSING,OK,OK,OK,OK,OK,OK,OK,OK,OK,OK,OK,OK,OK,OK,FAIL
2022-04-01,MISSING,MISSING,MISSING,OK,MISSING,OK,OK,OK,OK,OK,OK,OK,OK,OK,OK,OK,OK,OK,OK,FAIL
2022-04-06,MISSING,MISSING,MISSING,OK,MISSING,OK,OK,OK,OK,OK,OK,OK,OK,OK,OK,OK,OK,OK,OK,FAIL
2022-04-07,MISSING,MISSING,MISSING,OK,MISSING,OK,OK,OK,OK,OK,OK,OK,OK,OK,OK,OK,OK,OK,OK,FAIL
2022-04-08,MISSING,MISSING,MISSING,OK,MISSING,OK,OK,OK,OK,OK,OK,OK,OK,OK,OK,OK,OK,OK,OK,FAIL
2022-04-11,MISSING,MISSING,MISSING,OK,MISSING,OK,OK,OK,OK,OK,OK,OK,OK,OK,OK,OK,OK,OK,OK,FAIL
2022-04-12,MISSING,MISSING,MISSING,OK,MISSING,OK,OK,OK,OK,OK,OK,OK,OK,OK,OK,OK,OK,OK,OK,FAIL
2022-04-13,MISSING,MISSING,MISSING,OK,MISSING,OK,OK,OK,OK,OK,OK,OK,OK,OK,OK,OK,OK,OK,OK,FAIL
2022-04-14,MISSING,MISSING,MISSING,OK,MISSING,OK,OK,OK,OK,OK,OK,OK,OK,OK,OK,OK,OK,OK,OK,FAIL
2022-04-15,MISSING,MISSING,MISSING,OK,MISSING,OK,OK,OK,OK,OK,OK,OK,OK,OK,OK,OK,OK,OK,OK,FAIL
2022-04-18,MISSING,MISSING,MISSING,OK,MISSING,OK,OK,OK,OK,OK,OK,OK,OK,OK,OK,OK,OK,OK,OK,FAIL
2022-04-19,MISSING,MISSING,MISSING,OK,MISSING,OK,OK,OK,OK,OK,OK,OK,OK,OK,OK,OK,OK,OK,OK,FAIL
2022-04-20,MISSING,MISSING,MISSING,OK,MISSING,OK,OK,OK,OK,OK,OK,OK,OK,OK,OK,OK,OK,OK,OK,FAIL
2022-04-21,MISSING,MISSING,MISSING,OK,MISSING,OK,OK,OK,OK,OK,OK,OK,OK,OK,OK,OK,OK,OK,OK,FAIL
2022-04-22,MISSING,MISSING,MISSING,OK,MISSING,OK,OK,OK,OK,OK,OK,OK,OK,OK,OK,OK,OK,OK,OK,FAIL
2022-04-25,MISSING,MISSING,MISSING,OK,MISSING,OK,OK,OK,OK,OK,OK,OK,OK,OK,OK,OK,OK,OK,OK,FAIL
2022-04-26,MISSING,MISSING,MISSING,OK,MISSING,OK,OK,OK,OK,OK,OK,OK,OK,OK,OK,OK,OK,OK,OK,FAIL
2022-04-27,MISSING,MISSING,MISSING,OK,MISSING,OK,OK,OK,OK,OK,OK,OK,OK,OK,OK,OK,OK,OK,OK,FAIL
2022-04-28,MISSING,MISSING,MISSING,OK,MISSING,OK,OK,OK,OK,OK,OK,OK,OK,OK,OK,OK,OK,OK,OK,FAIL
2022-04-29,MISSING,MISSING,MISSING,OK,MISSING,OK,OK,OK,OK,OK,OK,OK,OK,OK,OK,OK,OK,OK,OK,FAIL
2022-05-05,MISSING,MISSING,MISSING,OK,MISSING,OK,OK,OK,OK,OK,OK,OK,OK,OK,OK,OK,OK,OK,OK,FAIL
2022-05-06,MISSING,MISSING,MISSING,OK,MISSING,OK,OK,OK,OK,OK,OK,OK,OK,OK,OK,OK,OK,OK,OK,FAIL
2022-05-09,MISSING,MISSING,MISSING,OK,MISSING,OK,OK,OK,OK,OK,OK,OK,OK,OK,OK,OK,OK,OK,OK,FAIL
2022-05-10,MISSING,MISSING,MISSING,OK,MISSING,OK,OK,OK,OK,OK,OK,OK,OK,OK,OK,OK,OK,OK,OK,FAIL
2022-05-11,MISSING,MISSING,MISSING,OK,MISSING,OK,OK,OK,OK,OK,OK,OK,OK,OK,OK,OK,OK,OK,OK,FAIL
2022-05-12,MISSING,MISSING,MISSING,OK,MISSING,OK,OK,OK,OK,OK,OK,OK,OK,OK,OK,OK,OK,OK,OK,FAIL
2022-05-13,MISSING,MISSING,MISSING,OK,MISSING,OK,OK,OK,OK,OK,OK,OK,OK,OK,OK,OK,OK,OK,OK,FAIL
2022-05-16,MISSING,MISSING,MISSING,OK,MISSING,OK,OK,OK,OK,OK,OK,OK,OK,OK,OK,OK,OK,OK,OK,FAIL
2022-05-17,MISSING,MISSING,MISSING,OK,MISSING,OK,OK,OK,OK,OK,OK,OK,OK,OK,OK,OK,OK,OK,OK,FAIL
2022-05-18,MISSING,MISSING,MISSING,OK,MISSING,OK,OK,OK,OK,OK,OK,OK,OK,OK,OK,OK,OK,OK,OK,FAIL
2022-05-19,MISSING,MISSING,MISSING,OK,MISSING,OK,OK,OK,OK,OK,OK,OK,OK,OK,OK,OK,OK,OK,OK,FAIL
2022-05-20,MISSING,MISSING,MISSING,OK,MISSING,OK,OK,OK,OK,OK,OK,OK,OK,OK,OK,OK,OK,OK,OK,FAIL
2022-05-23,MISSING,MISSING,MISSING,OK,MISSING,OK,OK,OK,OK,OK,OK,OK,OK,OK,OK,OK,OK,OK,OK,FAIL
2022-05-24,MISSING,MISSING,MISSING,OK,MISSING,OK,OK,OK,OK,OK,OK,OK,OK,OK,OK,OK,OK,OK,OK,FAIL
2022-05-25,MISSING,MISSING,MISSING,OK,MISSING,OK,OK,OK,OK,OK,OK,OK,OK,OK,OK,OK,OK,OK,OK,FAIL
2022-05-26,MISSING,MISSING,MISSING,OK,MISSING,OK,OK,OK,OK,OK,OK,OK,OK,OK,OK,OK,OK,OK,OK,FAIL
2022-05-27,MISSING,MISSING,MISSING,OK,MISSING,OK,OK,OK,OK,OK,OK,OK,OK,OK,OK,OK,OK,OK,OK,FAIL
2022-05-30,MISSING,MISSING,MISSING,OK,MISSING,OK,OK,OK,OK,OK,OK,OK,OK,OK,OK,OK,OK,OK,OK,FAIL
2022-05-31,MISSING,MISSING,MISSING,OK,MISSING,OK,OK,OK,OK,OK,OK,OK,OK,OK,OK,OK,OK,OK,OK,FAIL
2022-06-01,MISSING,MISSING,MISSING,OK,MISSING,OK,OK,OK,OK,OK,OK,OK,OK,OK,OK,OK,OK,OK,OK,FAIL
2022-06-02,MISSING,MISSING,MISSING,OK,MISSING,OK,OK,OK,OK,OK,OK,OK,OK,OK,OK,OK,OK,OK,OK,FAIL
2022-06-06,MISSING,MISSING,OK,OK,OK,OK,OK,OK,OK,OK,OK,OK,OK,OK,OK,OK,OK,OK,OK,FAIL
2022-06-07,MISSING,MISSING,OK,OK,OK,OK,OK,OK,OK,OK,OK,OK,OK,OK,OK,OK,OK,OK,OK,FAIL
2022-06-08,MISSING,MISSING,OK,OK,OK,OK,OK,OK,OK,OK,OK,OK,OK,OK,OK,OK,OK,OK,OK,FAIL
2022-06-09,MISSING,MISSING,OK,OK,OK,OK,OK,OK,OK,OK,OK,OK,OK,OK,OK,OK,OK,OK,OK,FAIL
2022-06-10,MISSING,MISSING,OK,OK,OK,OK,OK,OK,OK,OK,OK,OK,OK,OK,OK,OK,OK,OK,OK,FAIL
2022-06-13,MISSING,MISSING,OK,OK,OK,OK,OK,OK,OK,OK,OK,OK,OK,OK,OK,OK,OK,OK,OK,FAIL
2022-06-14,MISSING,MISSING,OK,OK,OK,OK,OK,OK,OK,OK,OK,OK,OK,OK,OK,OK,OK,OK,OK,FAIL
2022-06-15,MISSING,MISSING,OK,OK,OK,OK,OK,OK,OK,OK,OK,OK,OK,OK,OK,OK,OK,OK,OK,FAIL
2022-06-16,MISSING,MISSING,OK,OK,OK,OK,OK,OK,OK,OK,OK,OK,OK,OK,OK,OK,OK,OK,OK,FAIL
2022-06-17,MISSING,MISSING,OK,OK,OK,OK,OK,OK,OK,OK,OK,OK,OK,OK,OK,OK,OK,OK,OK,FAIL
2022-06-20,MISSING,MISSING,OK,OK,OK,OK,OK,OK,OK,OK,OK,OK,OK,OK,OK,OK,OK,OK,OK,FAIL
2022-06-21,MISSING,MISSING,OK,OK,OK,OK,OK,OK,OK,OK,OK,OK,OK,OK,OK,OK,OK,OK,OK,FAIL
2022-06-22,MISSING,MISSING,OK,OK,OK,OK,OK,OK,OK,OK,OK,OK,OK,OK,OK,OK,OK,OK,OK,FAIL
2022-06-23,MISSING,MISSING,OK,OK,OK,OK,OK,OK,OK,OK,OK,OK,OK,OK,OK,OK,OK,OK,OK,FAIL
2022-06-24,MISSING,MISSING,OK,OK,OK,OK,OK,OK,OK,OK,OK,OK,OK,OK,OK,OK,OK,OK,OK,FAIL
2022-06-27,MISSING,MISSING,OK,OK,OK,OK,OK,OK,OK,OK,OK,OK,OK,OK,OK,OK,OK,OK,OK,FAIL
2022-06-28,MISSING,MISSING,OK,OK,OK,OK,OK,OK,OK,OK,OK,OK,OK,OK,OK,OK,OK,OK,OK,FAIL
2022-06-29,MISSING,MISSING,OK,OK,OK,OK,OK,OK,OK,OK,OK,OK,OK,OK,OK,OK,OK,OK,OK,FAIL
2022-06-30,MISSING,MISSING,OK,OK,OK,OK,OK,OK,OK,OK,OK,OK,OK,OK,OK,OK,OK,OK,OK,FAIL
2022-07-01,MISSING,MISSING,OK,OK,OK,OK,OK,OK,OK,OK,OK,OK,OK,OK,OK,OK,OK,OK,OK,FAIL
2022-07-04,MISSING,MISSING,OK,OK,OK,OK,OK,OK,OK,OK,OK,OK,OK,OK,OK,OK,OK,OK,OK,FAIL
2022-07-05,MISSING,MISSING,OK,OK,OK,OK,OK,OK,OK,OK,OK,OK,OK,OK,OK,OK,OK,OK,OK,FAIL
2022-07-06,MISSING,MISSING,OK,OK,OK,OK,OK,OK,OK,OK,OK,OK,OK,OK,OK,OK,OK,OK,OK,FAIL
2022-07-07,MISSING,MISSING,OK,OK,OK,OK,OK,OK,OK,OK,OK,OK,OK,OK,OK,OK,OK,OK,OK,FAIL
2022-07-08,MISSING,MISSING,OK,OK,OK,OK,OK,OK,OK,OK,OK,OK,OK,OK,OK,OK,OK,OK,OK,FAIL
2022-07-11,MISSING,MISSING,OK,OK,OK,OK,OK,OK,OK,OK,OK,OK,OK,OK,OK,OK,OK,OK,OK,FAIL
2022-07-12,MISSING,MISSING,OK,OK,OK,OK,OK,OK,OK,OK,OK,OK,OK,OK,OK,OK,OK,OK,OK,FAIL
2022-07-13,MISSING,MISSING,OK,OK,OK,OK,OK,OK,OK,OK,OK,OK,OK,OK,OK,OK,OK,OK,OK,FAIL
2022-07-14,MISSING,MISSING,OK,OK,OK,OK,OK,OK,OK,OK,OK,OK,OK,OK,OK,OK,OK,OK,OK,FAIL
2022-07-15,MISSING,MISSING,OK,OK,OK,OK,OK,OK,OK,OK,OK,OK,OK,OK,OK,OK,OK,OK,OK,FAIL
2022-07-18,MISSING,MISSING,OK,OK,OK,OK,OK,OK,OK,OK,OK,OK,OK,OK,OK,OK,OK,OK,OK,FAIL
2022-07-19,MISSING,MISSING,OK,OK,OK,OK,OK,OK,OK,OK,OK,OK,OK,OK,OK,OK,OK,OK,OK,FAIL
2022-07-20,MISSING,MISSING,OK,OK,OK,OK,OK,OK,OK,OK,OK,OK,OK,OK,OK,OK,OK,OK,OK,FAIL
2022-07-21,MISSING,MISSING,OK,OK,OK,OK,OK,OK,OK,OK,OK,OK,OK,OK,OK,OK,OK,OK,OK,FAIL
2022-07-22,MISSING,MISSING,OK,OK,OK,OK,OK,OK,OK,OK,OK,OK,OK,OK,OK,OK,OK,OK,OK,FAIL
2022-07-25,MISSING,MISSING,OK,OK,OK,OK,OK,OK,OK,OK,OK,OK,OK,OK,OK,OK,OK,OK,OK,FAIL
2022-07-26,MISSING,MISSING,OK,OK,OK,OK,OK,OK,OK,OK,OK,OK,OK,OK,OK,OK,OK,OK,OK,FAIL
2022-07-27,MISSING,MISSING,OK,OK,OK,OK,OK,OK,OK,OK,OK,OK,OK,OK,OK,OK,OK,OK,OK,FAIL
2022-07-28,MISSING,MISSING,OK,OK,OK,OK,OK,OK,OK,OK,OK,OK,OK,OK,OK,OK,OK,OK,OK,FAIL
2022-07-29,MISSING,MISSING,OK,OK,OK,OK,OK,OK,OK,OK,OK,OK,OK,OK,OK,OK,OK,OK,OK,FAIL
2022-08-01,MISSING,MISSING,OK,OK,OK,OK,OK,OK,OK,OK,OK,OK,OK,OK,OK,OK,OK,OK,OK,FAIL
2022-08-02,MISSING,MISSING,OK,OK,OK,OK,OK,OK,OK,OK,OK,OK,OK,OK,OK,OK,OK,OK,OK,FAIL
2022-08-03,MISSING,MISSING,OK,OK,OK,OK,OK,OK,OK,OK,OK,OK,OK,OK,OK,OK,OK,OK,OK,FAIL
2022-08-04,MISSING,MISSING,OK,OK,OK,OK,OK,OK,OK,OK,OK,OK,OK,OK,OK,OK,OK,OK,OK,FAIL
2022-08-05,MISSING,MISSING,OK,OK,OK,OK,OK,OK,OK,OK,OK,OK,OK,OK,OK,OK,OK,OK,OK,FAIL
2022-08-08,MISSING,MISSING,OK,OK,OK,OK,OK,OK,OK,OK,OK,OK,OK,OK,OK,OK,OK,OK,OK,FAIL
2022-08-09,MISSING,MISSING,OK,OK,OK,OK,OK,OK,OK,OK,OK,OK,OK,OK,OK,OK,OK,OK,OK,FAIL
2022-08-10,MISSING,MISSING,OK,OK,OK,OK,OK,OK,OK,OK,OK,OK,OK,OK,OK,OK,OK,OK,OK,FAIL
2022-08-11,MISSING,MISSING,OK,OK,OK,OK,OK,OK,OK,OK,OK,OK,OK,OK,OK,OK,OK,OK,OK,FAIL
2022-08-12,MISSING,MISSING,OK,OK,OK,OK,OK,OK,OK,OK,OK,OK,OK,OK,OK,OK,OK,OK,OK,FAIL
2022-08-15,MISSING,MISSING,OK,OK,OK,OK,OK,OK,OK,OK,OK,OK,OK,OK,OK,OK,OK,OK,OK,FAIL
2022-08-16,MISSING,MISSING,OK,OK,OK,OK,OK,OK,OK,OK,OK,OK,OK,OK,OK,OK,OK,OK,OK,FAIL
2022-08-17,MISSING,MISSING,OK,OK,OK,OK,OK,OK,OK,OK,OK,OK,OK,OK,OK,OK,OK,OK,OK,FAIL
2022-08-18,MISSING,MISSING,OK,OK,OK,OK,OK,OK,OK,OK,OK,OK,OK,OK,OK,OK,OK,OK,OK,FAIL
2022-08-19,MISSING,MISSING,OK,OK,OK,OK,OK,OK,OK,OK,OK,OK,OK,OK,OK,OK,OK,OK,OK,FAIL
2022-08-22,MISSING,MISSING,OK,OK,OK,OK,OK,OK,OK,OK,OK,OK,OK,OK,OK,OK,OK,OK,OK,FAIL
2022-08-23,MISSING,MISSING,OK,OK,OK,OK,OK,OK,OK,OK,OK,OK,OK,OK,OK,OK,OK,OK,OK,FAIL
2022-08-24,MISSING,MISSING,OK,OK,OK,OK,OK,OK,OK,OK,OK,OK,OK,OK,OK,OK,OK,OK,OK,FAIL
2022-08-25,MISSING,MISSING,OK,OK,OK,OK,OK,OK,OK,OK,OK,OK,OK,OK,OK,OK,OK,OK,OK,FAIL
2022-08-26,MISSING,MISSING,OK,OK,OK,OK,OK,OK,OK,OK,OK,OK,OK,OK,OK,OK,OK,OK,OK,FAIL
2022-08-29,MISSING,MISSING,OK,OK,OK,OK,OK,OK,OK,OK,OK,OK,OK,OK,OK,OK,OK,OK,OK,FAIL
2022-08-30,MISSING,MISSING,OK,OK,OK,OK,OK,OK,OK,OK,OK,OK,OK,OK,OK,OK,OK,OK,OK,FAIL
2022-08-31,MISSING,MISSING,OK,OK,OK,OK,OK,OK,OK,OK,OK,OK,OK,OK,OK,OK,OK,OK,OK,FAIL
2022-09-01,MISSING,MISSING,OK,OK,OK,OK,OK,OK,OK,OK,OK,OK,OK,OK,OK,OK,OK,OK,OK,FAIL
2022-09-02,MISSING,MISSING,OK,OK,OK,OK,OK,OK,OK,OK,OK,OK,OK,OK,OK,OK,OK,OK,OK,FAIL
2022-09-05,MISSING,MISSING,OK,OK,OK,OK,OK,OK,OK,OK,OK,OK,OK,OK,OK,OK,OK,OK,OK,FAIL
2022-09-06,MISSING,MISSING,OK,OK,OK,OK,OK,OK,OK,OK,OK,OK,OK,OK,OK,OK,OK,OK,OK,FAIL
2022-09-07,MISSING,MISSING,OK,OK,OK,OK,OK,OK,OK,OK,OK,OK,OK,OK,OK,OK,OK,OK,OK,FAIL
2022-09-08,MISSING,MISSING,OK,OK,OK,OK,OK,OK,OK,OK,OK,OK,OK,OK,OK,OK,OK,OK,OK,FAIL
2022-09-09,MISSING,MISSING,OK,OK,OK,OK,OK,OK,OK,OK,OK,OK,OK,OK,OK,OK,OK,OK,OK,FAIL
2022-09-13,MISSING,MISSING,OK,OK,OK,OK,OK,OK,OK,OK,OK,OK,OK,OK,OK,OK,OK,OK,OK,FAIL
2022-09-14,MISSING,MISSING,OK,OK,OK,OK,OK,OK,OK,OK,OK,OK,OK,OK,OK,OK,OK,OK,OK,FAIL
2022-09-15,MISSING,MISSING,OK,OK,OK,OK,OK,OK,OK,OK,OK,OK,OK,OK,OK,OK,OK,OK,OK,FAIL
2022-09-16,MISSING,MISSING,OK,OK,OK,OK,OK,OK,OK,OK,OK,OK,OK,OK,OK,OK,OK,OK,OK,FAIL
2022-09-19,MISSING,MISSING,OK,OK,OK,OK,OK,OK,OK,OK,OK,OK,OK,OK,OK,OK,OK,OK,OK,FAIL
2022-09-20,MISSING,MISSING,OK,OK,OK,OK,OK,OK,OK,OK,OK,OK,OK,OK,OK,OK,OK,OK,OK,FAIL
2022-09-21,MISSING,MISSING,OK,OK,OK,OK,OK,OK,OK,OK,OK,OK,OK,OK,OK,OK,OK,OK,OK,FAIL
2022-09-22,MISSING,MISSING,OK,OK,OK,OK,OK,OK,OK,OK,OK,OK,OK,OK,OK,OK,OK,OK,OK,FAIL
2022-09-23,MISSING,MISSING,OK,OK,OK,OK,OK,OK,OK,OK,OK,OK,OK,OK,OK,OK,OK,OK,OK,FAIL
2022-09-26,MISSING,MISSING,OK,OK,OK,OK,OK,OK,OK,OK,OK,OK,OK,OK,OK,OK,OK,OK,OK,FAIL
2022-09-27,MISSING,MISSING,OK,OK,OK,OK,OK,OK,OK,OK,OK,OK,OK,OK,OK,OK,OK,OK,OK,FAIL
2022-09-28,MISSING,MISSING,OK,OK,OK,OK,OK,OK,OK,OK,OK,OK,OK,OK,OK,OK,OK,OK,OK,FAIL
2022-09-29,MISSING,MISSING,OK,OK,OK,OK,OK,OK,OK,OK,OK,OK,OK,OK,OK,OK,OK,OK,OK,FAIL
2022-09-30,MISSING,MISSING,OK,OK,OK,OK,OK,OK,OK,OK,OK,OK,OK,OK,OK,OK,OK,OK,OK,FAIL
2022-10-10,MISSING,MISSING,OK,OK,OK,OK,OK,OK,OK,OK,OK,OK,OK,OK,OK,OK,OK,OK,OK,FAIL
2022-10-11,MISSING,MISSING,OK,OK,OK,OK,OK,OK,OK,OK,OK,OK,OK,OK,OK,OK,OK,OK,OK,FAIL
2022-10-12,MISSING,MISSING,OK,OK,OK,OK,OK,OK,OK,OK,OK,OK,OK,OK,OK,OK,OK,OK,OK,FAIL
2022-10-13,MISSING,MISSING,OK,OK,OK,OK,OK,OK,OK,OK,OK,OK,OK,OK,OK,OK,OK,OK,OK,FAIL
2022-10-14,MISSING,MISSING,OK,OK,OK,OK,OK,OK,OK,OK,OK,OK,OK,OK,OK,OK,OK,OK,OK,FAIL
2022-10-17,MISSING,MISSING,OK,OK,OK,OK,OK,OK,OK,OK,OK,OK,OK,OK,OK,OK,OK,OK,OK,FAIL
2022-10-18,MISSING,MISSING,OK,OK,OK,OK,OK,OK,OK,OK,OK,OK,OK,OK,OK,OK,OK,OK,OK,FAIL
2022-10-19,MISSING,MISSING,OK,OK,OK,OK,OK,OK,OK,OK,OK,OK,OK,OK,OK,OK,OK,OK,OK,FAIL
2022-10-20,MISSING,MISSING,OK,OK,OK,OK,OK,OK,OK,OK,OK,OK,OK,OK,OK,OK,OK,OK,OK,FAIL
2022-10-21,MISSING,MISSING,OK,OK,OK,OK,OK,OK,OK,OK,OK,OK,OK,OK,OK,OK,OK,OK,OK,FAIL
2022-10-24,MISSING,MISSING,OK,OK,OK,OK,OK,OK,OK,OK,OK,OK,OK,OK,OK,OK,OK,OK,OK,FAIL
2022-10-25,MISSING,MISSING,OK,OK,OK,OK,OK,OK,OK,OK,OK,OK,OK,OK,OK,OK,OK,OK,OK,FAIL
2022-10-26,MISSING,MISSING,OK,OK,OK,OK,OK,OK,OK,OK,OK,OK,OK,OK,OK,OK,OK,OK,OK,FAIL
2022-10-27,MISSING,MISSING,OK,OK,OK,OK,OK,OK,OK,OK,OK,OK,OK,OK,OK,OK,OK,OK,OK,FAIL
2022-10-28,MISSING,MISSING,OK,OK,OK,OK,OK,OK,OK,OK,OK,OK,OK,OK,OK,OK,OK,OK,OK,FAIL
2022-10-31,MISSING,MISSING,OK,OK,OK,OK,OK,OK,OK,OK,OK,OK,OK,OK,OK,OK,OK,OK,OK,FAIL
2022-11-01,MISSING,MISSING,OK,OK,OK,OK,OK,OK,OK,OK,OK,OK,OK,OK,OK,OK,OK,OK,OK,FAIL
2022-11-02,MISSING,MISSING,OK,OK,OK,OK,OK,OK,OK,OK,OK,OK,OK,OK,OK,OK,OK,OK,OK,FAIL
2022-11-03,MISSING,MISSING,OK,OK,OK,OK,OK,OK,OK,OK,OK,OK,OK,OK,OK,OK,OK,OK,OK,FAIL
2022-11-04,MISSING,MISSING,OK,OK,OK,OK,OK,OK,OK,OK,OK,OK,OK,OK,OK,OK,OK,OK,OK,FAIL
2022-11-07,MISSING,MISSING,OK,OK,OK,OK,OK,OK,OK,OK,OK,OK,OK,OK,OK,OK,OK,OK,OK,FAIL
2022-11-08,MISSING,MISSING,OK,OK,OK,OK,OK,OK,OK,OK,OK,OK,OK,OK,OK,OK,OK,OK,OK,FAIL
2022-11-09,MISSING,MISSING,OK,OK,OK,OK,OK,OK,OK,OK,OK,OK,OK,OK,OK,OK,OK,OK,OK,FAIL
2022-11-10,MISSING,MISSING,OK,OK,OK,OK,OK,OK,OK,OK,OK,OK,OK,OK,OK,OK,OK,OK,OK,FAIL
2022-11-11,MISSING,MISSING,OK,OK,OK,OK,OK,OK,OK,OK,OK,OK,OK,OK,OK,OK,OK,OK,OK,FAIL
2022-11-14,MISSING,MISSING,OK,OK,OK,OK,OK,OK,OK,OK,OK,OK,OK,OK,OK,OK,OK,OK,OK,FAIL
2022-11-15,MISSING,MISSING,OK,OK,OK,OK,OK,OK,OK,OK,OK,OK,OK,OK,OK,OK,OK,OK,OK,FAIL
2022-11-16,MISSING,MISSING,OK,OK,OK,OK,OK,OK,OK,OK,OK,OK,OK,OK,OK,OK,OK,OK,OK,FAIL
2022-11-17,MISSING,MISSING,OK,OK,OK,OK,OK,OK,OK,OK,OK,OK,OK,OK,OK,OK,OK,OK,OK,FAIL
2022-11-18,MISSING,MISSING,OK,OK,OK,OK,OK,OK,OK,OK,OK,OK,OK,OK,OK,OK,OK,OK,OK,FAIL
2022-11-21,MISSING,MISSING,OK,OK,OK,OK,OK,OK,OK,OK,OK,OK,OK,OK,OK,OK,OK,OK,OK,FAIL
2022-11-22,MISSING,MISSING,OK,OK,OK,OK,OK,OK,OK,OK,OK,OK,OK,OK,OK,OK,OK,OK,OK,FAIL
2022-11-23,MISSING,MISSING,OK,OK,OK,OK,OK,OK,OK,OK,OK,OK,OK,OK,OK,OK,OK,OK,OK,FAIL
2022-11-24,MISSING,MISSING,OK,OK,OK,OK,OK,OK,OK,OK,OK,OK,OK,OK,OK,OK,OK,OK,OK,FAIL
2022-11-25,MISSING,MISSING,OK,OK,OK,OK,OK,OK,OK,OK,OK,OK,OK,OK,OK,OK,OK,OK,OK,FAIL
2022-11-28,MISSING,MISSING,OK,OK,OK,OK,OK,OK,OK,OK,OK,OK,OK,OK,OK,OK,OK,OK,OK,FAIL
2022-11-29,MISSING,MISSING,OK,OK,OK,OK,OK,OK,OK,OK,OK,OK,OK,OK,OK,OK,OK,OK,OK,FAIL
2022-11-30,MISSING,MISSING,OK,OK,OK,OK,OK,OK,OK,OK,OK,OK,OK,OK,OK,OK,OK,OK,OK,FAIL
2022-12-01,MISSING,MISSING,OK,OK,OK,OK,OK,OK,OK,OK,OK,OK,OK,OK,OK,OK,OK,OK,OK,FAIL
2022-12-02,MISSING,MISSING,OK,OK,OK,OK,OK,OK,OK,OK,OK,OK,OK,OK,OK,OK,OK,OK,OK,FAIL
2022-12-05,MISSING,MISSING,OK,OK,OK,OK,OK,OK,OK,OK,OK,OK,OK,OK,OK,OK,OK,OK,OK,FAIL
2022-12-06,MISSING,MISSING,OK,OK,OK,OK,OK,OK,OK,OK,OK,OK,OK,OK,OK,OK,OK,OK,OK,FAIL
2022-12-07,MISSING,MISSING,OK,OK,OK,OK,OK,OK,OK,OK,OK,OK,OK,OK,OK,OK,OK,OK,OK,FAIL
2022-12-08,MISSING,MISSING,OK,OK,OK,OK,OK,OK,OK,OK,OK,OK,OK,OK,OK,OK,OK,OK,OK,FAIL
2022-12-09,MISSING,MISSING,OK,OK,OK,OK,OK,OK,OK,OK,OK,OK,OK,OK,OK,OK,OK,OK,OK,FAIL
2022-12-12,MISSING,MISSING,OK,OK,OK,OK,OK,OK,OK,OK,OK,OK,OK,OK,OK,OK,OK,OK,OK,FAIL
2022-12-13,MISSING,MISSING,OK,OK,OK,OK,OK,OK,OK,OK,OK,OK,OK,OK,OK,OK,OK,OK,OK,FAIL
2022-12-14,MISSING,MISSING,OK,OK,OK,OK,OK,OK,OK,OK,OK,OK,OK,OK,OK,OK,OK,OK,OK,FAIL
2022-12-15,MISSING,MISSING,OK,OK,OK,OK,OK,OK,OK,OK,OK,OK,OK,OK,OK,OK,OK,OK,OK,FAIL
2022-12-16,MISSING,MISSING,OK,OK,OK,OK,OK,OK,OK,OK,OK,OK,OK,OK,OK,OK,OK,OK,OK,FAIL
2022-12-19,MISSING,MISSING,OK,OK,OK,OK,OK,OK,OK,OK,OK,OK,OK,OK,OK,OK,OK,OK,OK,FAIL
2022-12-20,MISSING,MISSING,OK,OK,OK,OK,OK,OK,OK,OK,OK,OK,OK,OK,OK,OK,OK,OK,OK,FAIL
2022-12-21,MISSING,MISSING,OK,OK,OK,OK,OK,OK,OK,OK,OK,OK,OK,OK,OK,OK,OK,OK,OK,FAIL
2022-12-22,MISSING,MISSING,OK,OK,OK,OK,OK,OK,OK,OK,OK,OK,OK,OK,OK,OK,OK,OK,OK,FAIL
2022-12-23,MISSING,MISSING,OK,OK,OK,OK,OK,OK,OK,OK,OK,OK,OK,OK,OK,OK,OK,OK,OK,FAIL
2022-12-26,MISSING,MISSING,OK,OK,OK,OK,OK,OK,OK,OK,OK,OK,OK,OK,OK,OK,OK,OK,OK,FAIL
2022-12-27,MISSING,MISSING,OK,OK,OK,OK,OK,OK,OK,OK,OK,OK,OK,OK,OK,OK,OK,OK,OK,FAIL
2022-12-28,MISSING,MISSING,OK,OK,OK,OK,OK,OK,OK,OK,OK,OK,OK,OK,OK,OK,OK,OK,OK,FAIL
2022-12-29,MISSING,MISSING,OK,OK,OK,OK,OK,OK,OK,OK,OK,OK,OK,OK,OK,OK,OK,OK,OK,FAIL
2022-12-30,MISSING,MISSING,OK,OK,OK,OK,OK,OK,OK,OK,OK,OK,OK,OK,OK,OK,OK,OK,OK,FAIL
2023-01-03,MISSING,MISSING,OK,OK,OK,OK,OK,OK,OK,OK,OK,OK,OK,OK,OK,OK,OK,OK,OK,FAIL
2023-01-04,MISSING,MISSING,OK,OK,OK,OK,OK,OK,OK,OK,OK,OK,OK,OK,OK,OK,OK,OK,OK,FAIL
2023-01-05,MISSING,MISSING,OK,OK,OK,OK,OK,OK,OK,OK,OK,OK,OK,OK,OK,OK,OK,OK,OK,FAIL
2023-01-06,MISSING,MISSING,OK,OK,OK,OK,OK,OK,OK,OK,OK,OK,OK,OK,OK,OK,OK,OK,OK,FAIL
2023-01-09,MISSING,MISSING,OK,OK,OK,OK,OK,OK,OK,OK,OK,OK,OK,OK,OK,OK,OK,OK,OK,FAIL
2023-01-10,MISSING,MISSING,OK,OK,OK,OK,OK,OK,OK,OK,OK,OK,OK,OK,OK,OK,OK,OK,OK,FAIL
2023-01-11,MISSING,MISSING,OK,OK,OK,OK,OK,OK,OK,OK,OK,OK,OK,OK,OK,OK,OK,OK,OK,FAIL
2023-01-12,MISSING,MISSING,OK,OK,OK,OK,OK,OK,OK,OK,OK,OK,OK,OK,OK,OK,OK,OK,OK,FAIL
2023-01-13,MISSING,MISSING,OK,OK,OK,OK,OK,OK,OK,OK,OK,OK,OK,OK,OK,OK,OK,OK,OK,FAIL
2023-01-16,MISSING,MISSING,OK,OK,OK,OK,OK,OK,OK,OK,OK,OK,OK,OK,OK,OK,OK,OK,OK,FAIL
2023-01-17,MISSING,MISSING,OK,OK,OK,OK,OK,OK,OK,OK,OK,OK,OK,OK,OK,OK,OK,OK,OK,FAIL
2023-01-18,MISSING,MISSING,OK,OK,OK,OK,OK,OK,OK,OK,OK,OK,OK,OK,OK,OK,OK,OK,OK,FAIL
2023-01-19,MISSING,MISSING,OK,OK,OK,OK,OK,OK,OK,OK,OK,OK,OK,OK,OK,OK,OK,OK,OK,FAIL
2023-01-20,MISSING,MISSING,OK,OK,OK,OK,OK,OK,OK,OK,OK,OK,OK,OK,OK,OK,OK,OK,OK,FAIL
2023-01-30,MISSING,MISSING,OK,OK,OK,OK,OK,OK,OK,OK,OK,OK,OK,OK,OK,OK,OK,OK,OK,FAIL
2023-01-31,MISSING,MISSING,OK,OK,OK,OK,OK,OK,OK,OK,OK,OK,OK,OK,OK,OK,OK,OK,OK,FAIL
2023-02-01,MISSING,MISSING,OK,OK,OK,OK,OK,OK,OK,OK,OK,OK,OK,OK,OK,OK,OK,OK,OK,FAIL
2023-02-02,MISSING,MISSING,OK,OK,OK,OK,OK,OK,OK,OK,OK,OK,OK,OK,OK,OK,OK,OK,OK,FAIL
2023-02-03,MISSING,MISSING,OK,OK,OK,OK,OK,OK,OK,OK,OK,OK,OK,OK,OK,OK,OK,OK,OK,FAIL
2023-02-06,MISSING,MISSING,OK,OK,OK,OK,OK,OK,OK,OK,OK,OK,OK,OK,OK,OK,OK,OK,OK,FAIL
2023-02-07,MISSING,MISSING,OK,OK,OK,OK,OK,OK,OK,OK,OK,OK,OK,OK,OK,OK,OK,OK,OK,FAIL
2023-02-08,MISSING,MISSING,OK,OK,OK,OK,OK,OK,OK,OK,OK,OK,OK,OK,OK,OK,OK,OK,OK,FAIL
2023-02-09,MISSING,MISSING,OK,OK,OK,OK,OK,OK,OK,OK,OK,OK,OK,OK,OK,OK,OK,OK,OK,FAIL
2023-02-10,MISSING,MISSING,OK,OK,OK,OK,OK,OK,OK,OK,OK,OK,OK,OK,OK,OK,OK,OK,OK,FAIL
2023-02-13,MISSING,MISSING,OK,OK,OK,OK,OK,OK,OK,OK,OK,OK,OK,OK,OK,OK,OK,OK,OK,FAIL
2023-02-14,MISSING,MISSING,OK,OK,OK,OK,OK,OK,OK,OK,OK,OK,OK,OK,OK,OK,OK,OK,OK,FAIL
2023-02-15,MISSING,MISSING,OK,OK,OK,OK,OK,OK,OK,OK,OK,OK,OK,OK,OK,OK,OK,OK,OK,FAIL
2023-02-16,MISSING,MISSING,OK,OK,OK,OK,OK,OK,OK,OK,OK,OK,OK,OK,OK,OK,OK,OK,OK,FAIL
2023-02-17,MISSING,MISSING,OK,OK,OK,OK,OK,OK,OK,OK,OK,OK,OK,OK,OK,OK,OK,OK,OK,FAIL
2023-02-20,MISSING,MISSING,OK,OK,OK,OK,OK,OK,OK,OK,OK,OK,OK,OK,OK,OK,OK,OK,OK,FAIL
2023-02-21,MISSING,MISSING,OK,OK,OK,OK,OK,OK,OK,OK,OK,OK,OK,OK,OK,OK,OK,OK,OK,FAIL
2023-02-22,MISSING,MISSING,OK,OK,OK,OK,OK,OK,OK,OK,OK,OK,OK,OK,OK,OK,OK,OK,OK,FAIL
2023-02-23,MISSING,MISSING,OK,OK,OK,OK,OK,OK,OK,OK,OK,OK,OK,OK,OK,OK,OK,OK,OK,FAIL
2023-02-24,MISSING,MISSING,OK,OK,OK,OK,OK,OK,OK,OK,OK,OK,OK,OK,OK,OK,OK,OK,OK,FAIL
2023-02-27,MISSING,MISSING,OK,OK,OK,OK,OK,OK,OK,OK,OK,OK,OK,OK,OK,OK,OK,OK,OK,FAIL
2023-02-28,MISSING,MISSING,OK,OK,OK,OK,OK,OK,OK,OK,OK,OK,OK,OK,OK,OK,OK,OK,OK,FAIL
2023-03-01,MISSING,MISSING,OK,OK,OK,OK,OK,OK,OK,OK,OK,OK,OK,OK,OK,OK,OK,OK,OK,FAIL
2023-03-02,MISSING,MISSING,OK,OK,OK,OK,OK,OK,OK,OK,OK,OK,OK,OK,OK,OK,OK,OK,OK,FAIL
2023-03-03,MISSING,MISSING,OK,OK,OK,OK,OK,OK,OK,OK,OK,OK,OK,OK,OK,OK,OK,OK,OK,FAIL
2023-03-06,MISSING,MISSING,OK,OK,OK,OK,OK,OK,OK,OK,OK,OK,OK,OK,OK,OK,OK,OK,OK,FAIL
2023-03-07,MISSING,MISSING,OK,OK,OK,OK,OK,OK,OK,OK,OK,OK,OK,OK,OK,OK,OK,OK,OK,FAIL
2023-03-08,MISSING,MISSING,OK,OK,OK,OK,OK,OK,OK,OK,OK,OK,OK,OK,OK,OK,OK,OK,OK,FAIL
2023-03-09,MISSING,MISSING,OK,OK,OK,OK,OK,OK,OK,OK,OK,OK,OK,OK,OK,OK,OK,OK,OK,FAIL
2023-03-10,MISSING,MISSING,OK,OK,OK,OK,OK,OK,OK,OK,OK,OK,OK,OK,OK,OK,OK,OK,OK,FAIL
2023-03-13,MISSING,MISSING,OK,OK,OK,OK,OK,OK,OK,OK,OK,OK,OK,OK,OK,OK,OK,OK,OK,FAIL
2023-03-14,MISSING,MISSING,OK,OK,OK,OK,OK,OK,OK,OK,OK,OK,OK,OK,OK,OK,OK,OK,OK,FAIL
2023-03-15,MISSING,MISSING,OK,OK,OK,OK,OK,OK,OK,OK,OK,OK,OK,OK,OK,OK,OK,OK,OK,FAIL
2023-03-16,MISSING,MISSING,OK,OK,OK,OK,OK,OK,OK,OK,OK,OK,OK,OK,OK,OK,OK,OK,OK,FAIL
2023-03-17,MISSING,MISSING,OK,OK,OK,OK,OK,OK,OK,OK,OK,OK,OK,OK,OK,OK,OK,OK,OK,FAIL
2023-03-20,MISSING,MISSING,OK,OK,OK,OK,OK,OK,OK,OK,OK,OK,OK,OK,OK,OK,OK,OK,OK,FAIL
2023-03-21,MISSING,MISSING,OK,OK,OK,OK,OK,OK,OK,OK,OK,OK,OK,OK,OK,OK,OK,OK,OK,FAIL
2023-03-22,MISSING,MISSING,OK,OK,OK,OK,OK,OK,OK,OK,OK,OK,OK,OK,OK,OK,OK,OK,OK,FAIL
2023-03-23,MISSING,MISSING,OK,OK,OK,OK,OK,OK,OK,OK,OK,OK,OK,OK,OK,OK,OK,OK,OK,FAIL
2023-03-24,MISSING,MISSING,OK,OK,OK,OK,OK,OK,OK,OK,OK,OK,OK,OK,OK,OK,OK,OK,OK,FAIL
2023-03-27,MISSING,MISSING,OK,OK,OK,OK,OK,OK,OK,OK,OK,OK,OK,OK,OK,OK,OK,OK,OK,FAIL
2023-03-28,MISSING,MISSING,OK,OK,OK,OK,OK,OK,OK,OK,OK,OK,OK,OK,OK,OK,OK,OK,OK,FAIL
2023-03-29,MISSING,MISSING,OK,OK,OK,OK,OK,OK,OK,OK,OK,OK,OK,OK,OK,OK,OK,OK,OK,FAIL
2023-03-30,MISSING,MISSING,OK,OK,OK,OK,OK,OK,OK,OK,OK,OK,OK,OK,OK,OK,OK,OK,OK,FAIL
2023-03-31,MISSING,MISSING,OK,OK,OK,OK,OK,OK,OK,OK,OK,OK,OK,OK,OK,OK,OK,OK,OK,FAIL
2023-04-03,MISSING,MISSING,OK,OK,OK,OK,OK,OK,OK,OK,OK,OK,OK,OK,OK,OK,OK,OK,OK,FAIL
2023-04-04,MISSING,MISSING,OK,OK,OK,OK,OK,OK,OK,OK,OK,OK,OK,OK,OK,OK,OK,OK,OK,FAIL
2023-04-06,MISSING,MISSING,OK,OK,OK,OK,OK,OK,OK,OK,OK,OK,OK,OK,OK,OK,OK,OK,OK,FAIL
2023-04-07,MISSING,MISSING,OK,OK,OK,OK,OK,OK,OK,OK,OK,OK,OK,OK,OK,OK,OK,OK,OK,FAIL
2023-04-10,MISSING,MISSING,OK,OK,OK,OK,OK,OK,OK,OK,OK,OK,OK,OK,OK,OK,OK,OK,OK,FAIL
2023-04-11,MISSING,MISSING,OK,OK,OK,OK,OK,OK,OK,OK,OK,OK,OK,OK,OK,OK,OK,OK,OK,FAIL
2023-04-12,MISSING,MISSING,OK,OK,OK,OK,OK,OK,OK,OK,OK,OK,OK,OK,OK,OK,OK,OK,OK,FAIL
2023-04-13,MISSING,MISSING,OK,OK,OK,OK,OK,OK,OK,OK,OK,OK,OK,OK,OK,OK,OK,OK,OK,FAIL
2023-04-14,MISSING,MISSING,OK,OK,OK,OK,OK,OK,OK,OK,OK,OK,OK,OK,OK,OK,OK,OK,OK,FAIL
2023-04-17,MISSING,MISSING,OK,OK,OK,OK,OK,OK,OK,OK,OK,OK,OK,OK,OK,OK,OK,OK,OK,FAIL
2023-04-18,MISSING,MISSING,OK,OK,OK,OK,OK,OK,OK,OK,OK,OK,OK,OK,OK,OK,OK,OK,OK,FAIL
2023-04-19,MISSING,MISSING,OK,OK,OK,OK,OK,OK,OK,OK,OK,OK,OK,OK,OK,OK,OK,OK,OK,FAIL
2023-04-20,MISSING,MISSING,OK,OK,OK,OK,OK,OK,OK,OK,OK,OK,OK,OK,OK,OK,OK,OK,OK,FAIL
2023-04-21,MISSING,MISSING,OK,OK,OK,OK,OK,OK,OK,OK,OK,OK,OK,OK,OK,OK,OK,OK,OK,FAIL
2023-04-24,MISSING,MISSING,OK,OK,OK,OK,OK,OK,OK,OK,OK,OK,OK,OK,OK,OK,OK,OK,OK,FAIL
2023-04-25,MISSING,MISSING,OK,OK,OK,OK,OK,OK,OK,OK,OK,OK,OK,OK,OK,OK,OK,OK,OK,FAIL
2023-04-26,MISSING,MISSING,OK,OK,OK,OK,OK,OK,OK,OK,OK,OK,OK,OK,OK,OK,OK,OK,OK,FAIL
2023-04-27,MISSING,MISSING,OK,OK,OK,OK,OK,OK,OK,OK,OK,OK,OK,OK,OK,OK,OK,OK,OK,FAIL
2023-04-28,MISSING,MISSING,OK,OK,OK,OK,OK,OK,OK,OK,OK,OK,OK,OK,OK,OK,OK,OK,OK,FAIL
2023-05-04,MISSING,OK,OK,OK,OK,OK,OK,OK,OK,OK,OK,OK,OK,OK,OK,OK,OK,OK,OK,FAIL
2023-05-05,MISSING,OK,OK,OK,OK,OK,OK,OK,OK,OK,OK,OK,OK,OK,OK,OK,OK,OK,OK,FAIL
2023-05-08,MISSING,OK,OK,OK,OK,OK,OK,OK,OK,OK,OK,OK,OK,OK,OK,OK,OK,OK,OK,FAIL
2023-05-09,MISSING,OK,OK,OK,OK,OK,OK,OK,OK,OK,OK,OK,OK,OK,OK,OK,OK,OK,OK,FAIL
2023-05-10,MISSING,OK,OK,OK,OK,OK,OK,OK,OK,OK,OK,OK,OK,OK,OK,OK,OK,OK,OK,FAIL
2023-05-11,MISSING,OK,OK,OK,OK,OK,OK,OK,OK,OK,OK,OK,OK,OK,OK,OK,OK,OK,OK,FAIL
2023-05-12,MISSING,OK,OK,OK,OK,OK,OK,OK,OK,OK,OK,OK,OK,OK,OK,OK,OK,OK,OK,FAIL
2023-05-15,MISSING,OK,OK,OK,OK,OK,OK,OK,OK,OK,OK,OK,OK,OK,OK,OK,OK,OK,OK,FAIL
2023-05-16,MISSING,OK,OK,OK,OK,OK,OK,OK,OK,OK,OK,OK,OK,OK,OK,OK,OK,OK,OK,FAIL
2023-05-17,MISSING,OK,OK,OK,OK,OK,OK,OK,OK,OK,OK,OK,OK,OK,OK,OK,OK,OK,OK,FAIL
2023-05-18,MISSING,OK,OK,OK,OK,OK,OK,OK,OK,OK,OK,OK,OK,OK,OK,OK,OK,OK,OK,FAIL
2023-05-19,MISSING,OK,OK,OK,OK,OK,OK,OK,OK,OK,OK,OK,OK,OK,OK,OK,OK,OK,OK,FAIL
2023-05-22,MISSING,OK,OK,OK,OK,OK,OK,OK,OK,OK,OK,OK,OK,OK,OK,OK,OK,OK,OK,FAIL
2023-05-23,MISSING,OK,OK,OK,OK,OK,OK,OK,OK,OK,OK,OK,OK,OK,OK,OK,OK,OK,OK,FAIL
2023-05-24,MISSING,OK,OK,OK,OK,OK,OK,OK,OK,OK,OK,OK,OK,OK,OK,OK,OK,OK,OK,FAIL
2023-05-25,MISSING,OK,OK,OK,OK,OK,OK,OK,OK,OK,OK,OK,OK,OK,OK,OK,OK,OK,OK,FAIL
2023-05-26,MISSING,OK,OK,OK,OK,OK,OK,OK,OK,OK,OK,OK,OK,OK,OK,OK,OK,OK,OK,FAIL
2023-05-29,MISSING,OK,OK,OK,OK,OK,OK,OK,OK,OK,OK,OK,OK,OK,OK,OK,OK,OK,OK,FAIL
2023-05-30,MISSING,OK,OK,OK,OK,OK,OK,OK,OK,OK,OK,OK,OK,OK,OK,OK,OK,OK,OK,FAIL
2023-05-31,MISSING,OK,OK,OK,OK,OK,OK,OK,OK,OK,OK,OK,OK,OK,OK,OK,OK,OK,OK,FAIL
2023-06-01,MISSING,OK,OK,OK,OK,OK,OK,OK,OK,OK,OK,OK,OK,OK,OK,OK,OK,OK,OK,FAIL
2023-06-02,MISSING,OK,OK,OK,OK,OK,OK,OK,OK,OK,OK,OK,OK,OK,OK,OK,OK,OK,OK,FAIL
2023-06-05,MISSING,OK,OK,OK,OK,OK,OK,OK,OK,OK,OK,OK,OK,OK,OK,OK,OK,OK,OK,FAIL
2023-06-06,MISSING,OK,OK,OK,OK,OK,OK,OK,OK,OK,OK,OK,OK,OK,OK,OK,OK,OK,OK,FAIL
2023-06-07,MISSING,OK,OK,OK,OK,OK,OK,OK,OK,OK,OK,OK,OK,OK,OK,OK,OK,OK,OK,FAIL
2023-06-08,MISSING,OK,OK,OK,OK,OK,OK,OK,OK,OK,OK,OK,OK,OK,OK,OK,OK,OK,OK,FAIL
2023-06-09,MISSING,OK,OK,OK,OK,OK,OK,OK,OK,OK,OK,OK,OK,OK,OK,OK,OK,OK,OK,FAIL
2023-06-12,MISSING,OK,OK,OK,OK,OK,OK,OK,OK,OK,OK,OK,OK,OK,OK,OK,OK,OK,OK,FAIL
2023-06-13,MISSING,OK,OK,OK,OK,OK,OK,OK,OK,OK,OK,OK,OK,OK,OK,OK,OK,OK,OK,FAIL
2023-06-14,MISSING,OK,OK,OK,OK,OK,OK,OK,OK,OK,OK,OK,OK,OK,OK,OK,OK,OK,OK,FAIL
2023-06-15,MISSING,OK,OK,OK,OK,OK,OK,OK,OK,OK,OK,OK,OK,OK,OK,OK,OK,OK,OK,FAIL
2023-06-16,MISSING,OK,OK,OK,OK,OK,OK,OK,OK,OK,OK,OK,OK,OK,OK,OK,OK,OK,OK,FAIL
2023-06-19,MISSING,OK,OK,OK,OK,OK,OK,OK,OK,OK,OK,OK,OK,OK,OK,OK,OK,OK,OK,FAIL
2023-06-20,MISSING,OK,OK,OK,OK,OK,OK,OK,OK,OK,OK,OK,OK,OK,OK,OK,OK,OK,OK,FAIL
2023-06-21,MISSING,OK,OK,OK,OK,OK,OK,OK,OK,OK,OK,OK,OK,OK,OK,OK,OK,OK,OK,FAIL
2023-06-26,MISSING,OK,OK,OK,OK,OK,OK,OK,OK,OK,OK,OK,OK,OK,OK,OK,OK,OK,OK,FAIL
2023-06-27,MISSING,OK,OK,OK,OK,OK,OK,OK,OK,OK,OK,OK,OK,OK,OK,OK,OK,OK,OK,FAIL
2023-06-28,MISSING,OK,OK,OK,OK,OK,OK,OK,OK,OK,OK,OK,OK,OK,OK,OK,OK,OK,OK,FAIL
2023-06-29,MISSING,OK,OK,OK,OK,OK,OK,OK,OK,OK,OK,OK,OK,OK,OK,OK,OK,OK,OK,FAIL
2023-06-30,MISSING,OK,OK,OK,OK,OK,OK,OK,OK,OK,OK,OK,OK,OK,OK,OK,OK,OK,OK,FAIL
2023-07-03,MISSING,OK,OK,OK,OK,OK,OK,OK,OK,OK,OK,OK,OK,OK,OK,OK,OK,OK,OK,FAIL
2023-07-04,MISSING,OK,OK,OK,OK,OK,OK,OK,OK,OK,OK,OK,OK,OK,OK,OK,OK,OK,OK,FAIL
2023-07-05,MISSING,OK,OK,OK,OK,OK,OK,OK,OK,OK,OK,OK,OK,OK,OK,OK,OK,OK,OK,FAIL
2023-07-06,MISSING,OK,OK,OK,OK,OK,OK,OK,OK,OK,OK,OK,OK,OK,OK,OK,OK,OK,OK,FAIL
2023-07-07,MISSING,OK,OK,OK,OK,OK,OK,OK,OK,OK,OK,OK,OK,OK,OK,OK,OK,OK,OK,FAIL
2023-07-10,MISSING,OK,OK,OK,OK,OK,OK,OK,OK,OK,OK,OK,OK,OK,OK,OK,OK,OK,OK,FAIL
2023-07-11,MISSING,OK,OK,OK,OK,OK,OK,OK,OK,OK,OK,OK,OK,OK,OK,OK,OK,OK,OK,FAIL
2023-07-12,MISSING,OK,OK,OK,OK,OK,OK,OK,OK,OK,OK,OK,OK,OK,OK,OK,OK,OK,OK,FAIL
2023-07-13,MISSING,OK,OK,OK,OK,OK,OK,OK,OK,OK,OK,OK,OK,OK,OK,OK,OK,OK,OK,FAIL
2023-07-14,MISSING,OK,OK,OK,OK,OK,OK,OK,OK,OK,OK,OK,OK,OK,OK,OK,OK,OK,OK,FAIL
2023-07-17,MISSING,OK,OK,OK,OK,OK,OK,OK,OK,OK,OK,OK,OK,OK,OK,OK,OK,OK,OK,FAIL
2023-07-18,MISSING,OK,OK,OK,OK,OK,OK,OK,OK,OK,OK,OK,OK,OK,OK,OK,OK,OK,OK,FAIL
2023-07-19,MISSING,OK,OK,OK,OK,OK,OK,OK,OK,OK,OK,OK,OK,OK,OK,OK,OK,OK,OK,FAIL
2023-07-20,MISSING,OK,OK,OK,OK,OK,OK,OK,OK,OK,OK,OK,OK,OK,OK,OK,OK,OK,OK,FAIL
2023-07-21,MISSING,OK,OK,OK,OK,OK,OK,OK,OK,OK,OK,OK,OK,OK,OK,OK,OK,OK,OK,FAIL
2023-07-24,MISSING,OK,OK,OK,OK,OK,OK,OK,OK,OK,OK,OK,OK,OK,OK,OK,OK,OK,OK,FAIL
2023-07-25,MISSING,OK,OK,OK,OK,OK,OK,OK,OK,OK,OK,OK,OK,OK,OK,OK,OK,OK,OK,FAIL
2023-07-26,MISSING,OK,OK,OK,OK,OK,OK,OK,OK,OK,OK,OK,OK,OK,OK,OK,OK,OK,OK,FAIL
2023-07-27,MISSING,OK,OK,OK,OK,OK,OK,OK,OK,OK,OK,OK,OK,OK,OK,OK,OK,OK,OK,FAIL
2023-07-28,MISSING,OK,OK,OK,OK,OK,OK,OK,OK,OK,OK,OK,OK,OK,OK,OK,OK,OK,OK,FAIL
2023-07-31,MISSING,OK,OK,OK,OK,OK,OK,OK,OK,OK,OK,OK,OK,OK,OK,OK,OK,OK,OK,FAIL
2023-08-01,MISSING,OK,OK,OK,OK,OK,OK,OK,OK,OK,OK,OK,OK,OK,OK,OK,OK,OK,OK,FAIL
2023-08-02,MISSING,OK,OK,OK,OK,OK,OK,OK,OK,OK,OK,OK,OK,OK,OK,OK,OK,OK,OK,FAIL
2023-08-03,MISSING,OK,OK,OK,OK,OK,OK,OK,OK,OK,OK,OK,OK,OK,OK,OK,OK,OK,OK,FAIL
2023-08-04,MISSING,OK,OK,OK,OK,OK,OK,OK,OK,OK,OK,OK,OK,OK,OK,OK,OK,OK,OK,FAIL
2023-08-07,MISSING,OK,OK,OK,OK,OK,OK,OK,OK,OK,OK,OK,OK,OK,OK,OK,OK,OK,OK,FAIL
2023-08-08,MISSING,OK,OK,OK,OK,OK,OK,OK,OK,OK,OK,OK,OK,OK,OK,OK,OK,OK,OK,FAIL
2023-08-09,MISSING,OK,OK,OK,OK,OK,OK,OK,OK,OK,OK,OK,OK,OK,OK,OK,OK,OK,OK,FAIL
2023-08-10,MISSING,OK,OK,OK,OK,OK,OK,OK,OK,OK,OK,OK,OK,OK,OK,OK,OK,OK,OK,FAIL
2023-08-11,MISSING,OK,OK,OK,OK,OK,OK,OK,OK,OK,OK,OK,OK,OK,OK,OK,OK,OK,OK,FAIL
2023-08-14,MISSING,OK,OK,OK,OK,OK,OK,OK,OK,OK,OK,OK,OK,OK,OK,OK,OK,OK,OK,FAIL
2023-08-15,MISSING,OK,OK,OK,OK,OK,OK,OK,OK,OK,OK,OK,OK,OK,OK,OK,OK,OK,OK,FAIL
2023-08-16,MISSING,OK,OK,OK,OK,OK,OK,OK,OK,OK,OK,OK,OK,OK,OK,OK,OK,OK,OK,FAIL
2023-08-17,MISSING,OK,OK,OK,OK,OK,OK,OK,OK,OK,OK,OK,OK,OK,OK,OK,OK,OK,OK,FAIL
2023-08-18,MISSING,OK,OK,OK,OK,OK,OK,OK,OK,OK,OK,OK,OK,OK,OK,OK,OK,OK,OK,FAIL
2023-08-21,MISSING,OK,OK,OK,OK,OK,OK,OK,OK,OK,OK,OK,OK,OK,OK,OK,OK,OK,OK,FAIL
2023-08-22,MISSING,OK,OK,OK,OK,OK,OK,OK,OK,OK,OK,OK,OK,OK,OK,OK,OK,OK,OK,FAIL
2023-08-23,MISSING,OK,OK,OK,OK,OK,OK,OK,OK,OK,OK,OK,OK,OK,OK,OK,OK,OK,OK,FAIL
2023-08-24,MISSING,OK,OK,OK,OK,OK,OK,OK,OK,OK,OK,OK,OK,OK,OK,OK,OK,OK,OK,FAIL
2023-08-25,MISSING,OK,OK,OK,OK,OK,OK,OK,OK,OK,OK,OK,OK,OK,OK,OK,OK,OK,OK,FAIL
2023-08-28,MISSING,OK,OK,OK,OK,OK,OK,OK,OK,OK,OK,OK,OK,OK,OK,OK,OK,OK,OK,FAIL
2023-08-29,MISSING,OK,OK,OK,OK,OK,OK,OK,OK,OK,OK,OK,OK,OK,OK,OK,OK,OK,OK,FAIL
2023-08-30,MISSING,OK,OK,OK,OK,OK,OK,OK,OK,OK,OK,OK,OK,OK,OK,OK,OK,OK,OK,FAIL
2023-08-31,MISSING,OK,OK,OK,OK,OK,OK,OK,OK,OK,OK,OK,OK,OK,OK,OK,OK,OK,OK,FAIL
2023-09-01,MISSING,OK,OK,OK,OK,OK,OK,OK,OK,OK,OK,OK,OK,OK,OK,OK,OK,OK,OK,FAIL
2023-09-04,MISSING,OK,OK,OK,OK,OK,OK,OK,OK,OK,OK,OK,OK,OK,OK,OK,OK,OK,OK,FAIL
2023-09-05,MISSING,OK,OK,OK,OK,OK,OK,OK,OK,OK,OK,OK,OK,OK,OK,OK,OK,OK,OK,FAIL
2023-09-06,MISSING,OK,OK,OK,OK,OK,OK,OK,OK,OK,OK,OK,OK,OK,OK,OK,OK,OK,OK,FAIL
2023-09-07,MISSING,OK,OK,OK,OK,OK,OK,OK,OK,OK,OK,OK,OK,OK,OK,OK,OK,OK,OK,FAIL
2023-09-08,MISSING,OK,OK,OK,OK,OK,OK,OK,OK,OK,OK,OK,OK,OK,OK,OK,OK,OK,OK,FAIL
2023-09-11,MISSING,OK,OK,OK,OK,OK,OK,OK,OK,OK,OK,OK,OK,OK,OK,OK,OK,OK,OK,FAIL
2023-09-12,MISSING,OK,OK,OK,OK,OK,OK,OK,OK,OK,OK,OK,OK,OK,OK,OK,OK,OK,OK,FAIL
2023-09-13,MISSING,OK,OK,OK,OK,OK,OK,OK,OK,OK,OK,OK,OK,OK,OK,OK,OK,OK,OK,FAIL
2023-09-14,MISSING,OK,OK,OK,OK,OK,OK,OK,OK,OK,OK,OK,OK,OK,OK,OK,OK,OK,OK,FAIL
2023-09-15,MISSING,OK,OK,OK,OK,OK,OK,OK,OK,OK,OK,OK,OK,OK,OK,OK,OK,OK,OK,FAIL
2023-09-18,MISSING,OK,OK,OK,OK,OK,OK,OK,OK,OK,OK,OK,OK,OK,OK,OK,OK,OK,OK,FAIL
2023-09-19,MISSING,OK,OK,OK,OK,OK,OK,OK,OK,OK,OK,OK,OK,OK,OK,OK,OK,OK,OK,FAIL
2023-09-20,MISSING,OK,OK,OK,OK,OK,OK,OK,OK,OK,OK,OK,OK,OK,OK,OK,OK,OK,OK,FAIL
2023-09-21,MISSING,OK,OK,OK,OK,OK,OK,OK,OK,OK,OK,OK,OK,OK,OK,OK,OK,OK,OK,FAIL
2023-09-22,MISSING,OK,OK,OK,OK,OK,OK,OK,OK,OK,OK,OK,OK,OK,OK,OK,OK,OK,OK,FAIL
2023-09-25,MISSING,OK,OK,OK,OK,OK,OK,OK,OK,OK,OK,OK,OK,OK,OK,OK,OK,OK,OK,FAIL
2023-09-26,MISSING,OK,OK,OK,OK,OK,OK,OK,OK,OK,OK,OK,OK,OK,OK,OK,OK,OK,OK,FAIL
2023-09-27,MISSING,OK,OK,OK,OK,OK,OK,OK,OK,OK,OK,OK,OK,OK,OK,OK,OK,OK,OK,FAIL
2023-09-28,MISSING,OK,OK,OK,OK,OK,OK,OK,OK,OK,OK,OK,OK,OK,OK,OK,OK,OK,OK,FAIL
2023-10-09,MISSING,OK,OK,OK,OK,OK,OK,OK,OK,OK,OK,OK,OK,OK,OK,OK,OK,OK,OK,FAIL
2023-10-10,MISSING,OK,OK,OK,OK,OK,OK,OK,OK,OK,OK,OK,OK,OK,OK,OK,OK,OK,OK,FAIL
2023-10-11,MISSING,OK,OK,OK,OK,OK,OK,OK,OK,OK,OK,OK,OK,OK,OK,OK,OK,OK,OK,FAIL
2023-10-12,MISSING,OK,OK,OK,OK,OK,OK,OK,OK,OK,OK,OK,OK,OK,OK,OK,OK,OK,OK,FAIL
2023-10-13,MISSING,OK,OK,OK,OK,OK,OK,OK,OK,OK,OK,OK,OK,OK,OK,OK,OK,OK,OK,FAIL
2023-10-16,MISSING,OK,OK,OK,OK,OK,OK,OK,OK,OK,OK,OK,OK,OK,OK,OK,OK,OK,OK,FAIL
2023-10-17,MISSING,OK,OK,OK,OK,OK,OK,OK,OK,OK,OK,OK,OK,OK,OK,OK,OK,OK,OK,FAIL
2023-10-18,MISSING,OK,OK,OK,OK,OK,OK,OK,OK,OK,OK,OK,OK,OK,OK,OK,OK,OK,OK,FAIL
2023-10-19,MISSING,OK,OK,OK,OK,OK,OK,OK,OK,OK,OK,OK,OK,OK,OK,OK,OK,OK,OK,FAIL
2023-10-20,MISSING,OK,OK,OK,OK,OK,OK,OK,OK,OK,OK,OK,OK,OK,OK,OK,OK,OK,OK,FAIL
2023-10-23,MISSING,OK,OK,OK,OK,OK,OK,OK,OK,OK,OK,OK,OK,OK,OK,OK,OK,OK,OK,FAIL
2023-10-24,MISSING,OK,OK,OK,OK,OK,OK,OK,OK,OK,OK,OK,OK,OK,OK,OK,OK,OK,OK,FAIL
2023-10-25,MISSING,OK,OK,OK,OK,OK,OK,OK,OK,OK,OK,OK,OK,OK,OK,OK,OK,OK,OK,FAIL
2023-10-26,MISSING,OK,OK,OK,OK,OK,OK,OK,OK,OK,OK,OK,OK,OK,OK,OK,OK,OK,OK,FAIL
2023-10-27,MISSING,OK,OK,OK,OK,OK,OK,OK,OK,OK,OK,OK,OK,OK,OK,OK,OK,OK,OK,FAIL
2023-10-30,MISSING,OK,OK,OK,OK,OK,OK,OK,OK,OK,OK,OK,OK,OK,OK,OK,OK,OK,OK,FAIL
2023-10-31,MISSING,OK,OK,OK,OK,OK,OK,OK,OK,OK,OK,OK,OK,OK,OK,OK,OK,OK,OK,FAIL
2023-11-01,MISSING,OK,OK,OK,OK,OK,OK,OK,OK,OK,OK,OK,OK,OK,OK,OK,OK,OK,OK,FAIL
2023-11-02,MISSING,OK,OK,OK,OK,OK,OK,OK,OK,OK,OK,OK,OK,OK,OK,OK,OK,OK,OK,FAIL
2023-11-03,MISSING,OK,OK,OK,OK,OK,OK,OK,OK,OK,OK,OK,OK,OK,OK,OK,OK,OK,OK,FAIL
2023-11-06,MISSING,OK,OK,OK,OK,OK,OK,OK,OK,OK,OK,OK,OK,OK,OK,OK,OK,OK,OK,FAIL
2023-11-07,MISSING,OK,OK,OK,OK,OK,OK,OK,OK,OK,OK,OK,OK,OK,OK,OK,OK,OK,OK,FAIL
2023-11-08,MISSING,OK,OK,OK,OK,OK,OK,OK,OK,OK,OK,OK,OK,OK,OK,OK,OK,OK,OK,FAIL
2023-11-09,MISSING,OK,OK,OK,OK,OK,OK,OK,OK,OK,OK,OK,OK,OK,OK,OK,OK,OK,OK,FAIL
2023-11-10,MISSING,OK,OK,OK,OK,OK,OK,OK,OK,OK,OK,OK,OK,OK,OK,OK,OK,OK,OK,FAIL
2023-11-13,MISSING,OK,OK,OK,OK,OK,OK,OK,OK,OK,OK,OK,OK,OK,OK,OK,OK,OK,OK,FAIL
2023-11-14,MISSING,OK,OK,OK,OK,OK,OK,OK,OK,OK,OK,OK,OK,OK,OK,OK,OK,OK,OK,FAIL
2023-11-15,MISSING,OK,OK,OK,OK,OK,OK,OK,OK,OK,OK,OK,OK,OK,OK,OK,OK,OK,OK,FAIL
2023-11-16,MISSING,OK,OK,OK,OK,OK,OK,OK,OK,OK,OK,OK,OK,OK,OK,OK,OK,OK,OK,FAIL
2023-11-17,MISSING,OK,OK,OK,OK,OK,OK,OK,OK,OK,OK,OK,OK,OK,OK,OK,OK,OK,OK,FAIL
2023-11-20,MISSING,OK,OK,OK,OK,OK,OK,OK,OK,OK,OK,OK,OK,OK,OK,OK,OK,OK,OK,FAIL
2023-11-21,MISSING,OK,OK,OK,OK,OK,OK,OK,OK,OK,OK,OK,OK,OK,OK,OK,OK,OK,OK,FAIL
2023-11-22,MISSING,OK,OK,OK,OK,OK,OK,OK,OK,OK,OK,OK,OK,OK,OK,OK,OK,OK,OK,FAIL
2023-11-23,MISSING,OK,OK,OK,OK,OK,OK,OK,OK,OK,OK,OK,OK,OK,OK,OK,OK,OK,OK,FAIL
2023-11-24,MISSING,OK,OK,OK,OK,OK,OK,OK,OK,OK,OK,OK,OK,OK,OK,OK,OK,OK,OK,FAIL
2023-11-27,MISSING,OK,OK,OK,OK,OK,OK,OK,OK,OK,OK,OK,OK,OK,OK,OK,OK,OK,OK,FAIL
2023-11-28,MISSING,OK,OK,OK,OK,OK,OK,OK,OK,OK,OK,OK,OK,OK,OK,OK,OK,OK,OK,FAIL
2023-11-29,MISSING,OK,OK,OK,OK,OK,OK,OK,OK,OK,OK,OK,OK,OK,OK,OK,OK,OK,OK,FAIL
2023-11-30,MISSING,OK,OK,OK,OK,OK,OK,OK,OK,OK,OK,OK,OK,OK,OK,OK,OK,OK,OK,FAIL
2023-12-01,MISSING,OK,OK,OK,OK,OK,OK,OK,OK,OK,OK,OK,OK,OK,OK,OK,OK,OK,OK,FAIL
2023-12-04,MISSING,OK,OK,OK,OK,OK,OK,OK,OK,OK,OK,OK,OK,OK,OK,OK,OK,OK,OK,FAIL
2023-12-05,MISSING,OK,OK,OK,OK,OK,OK,OK,OK,OK,OK,OK,OK,OK,OK,OK,OK,OK,OK,FAIL
2023-12-06,MISSING,OK,OK,OK,OK,OK,OK,OK,OK,OK,OK,OK,OK,OK,OK,OK,OK,OK,OK,FAIL
2023-12-07,MISSING,OK,OK,OK,OK,OK,OK,OK,OK,OK,OK,OK,OK,OK,OK,OK,OK,OK,OK,FAIL
2023-12-08,MISSING,OK,OK,OK,OK,OK,OK,OK,OK,OK,OK,OK,OK,OK,OK,OK,OK,OK,OK,FAIL
2023-12-11,MISSING,OK,OK,OK,OK,OK,OK,OK,OK,OK,OK,OK,OK,OK,OK,OK,OK,OK,OK,FAIL
2023-12-12,MISSING,OK,OK,OK,OK,OK,OK,OK,OK,OK,OK,OK,OK,OK,OK,OK,OK,OK,OK,FAIL
2023-12-13,MISSING,OK,OK,OK,OK,OK,OK,OK,OK,OK,OK,OK,OK,OK,OK,OK,OK,OK,OK,FAIL
2023-12-14,MISSING,OK,OK,OK,OK,OK,OK,OK,OK,OK,OK,OK,OK,OK,OK,OK,OK,OK,OK,FAIL
2023-12-15,MISSING,OK,OK,OK,OK,OK,OK,OK,OK,OK,OK,OK,OK,OK,OK,OK,OK,OK,OK,FAIL
2023-12-18,MISSING,OK,OK,OK,OK,OK,OK,OK,OK,OK,OK,OK,OK,OK,OK,OK,OK,OK,OK,FAIL
2023-12-19,MISSING,OK,OK,OK,OK,OK,OK,OK,OK,OK,OK,OK,OK,OK,OK,OK,OK,OK,OK,FAIL
2023-12-20,MISSING,OK,OK,OK,OK,OK,OK,OK,OK,OK,OK,OK,OK,OK,OK,OK,OK,OK,OK,FAIL
2023-12-21,MISSING,OK,OK,OK,OK,OK,OK,OK,OK,OK,OK,OK,OK,OK,OK,OK,OK,OK,OK,FAIL
2023-12-22,MISSING,OK,OK,OK,OK,OK,OK,OK,OK,OK,OK,OK,OK,OK,OK,OK,OK,OK,OK,FAIL
2023-12-25,MISSING,OK,OK,OK,OK,OK,OK,OK,OK,OK,OK,OK,OK,OK,OK,OK,OK,OK,OK,FAIL
2023-12-26,MISSING,OK,OK,OK,OK,OK,OK,OK,OK,OK,OK,OK,OK,OK,OK,OK,OK,OK,OK,FAIL
2023-12-27,MISSING,OK,OK,OK,OK,OK,OK,OK,OK,OK,OK,OK,OK,OK,OK,OK,OK,OK,OK,FAIL
2023-12-28,MISSING,OK,OK,OK,OK,OK,OK,OK,OK,OK,OK,OK,OK,OK,OK,OK,OK,OK,OK,FAIL
2023-12-29,MISSING,OK,OK,OK,OK,OK,OK,OK,OK,OK,OK,OK,OK,OK,OK,OK,OK,OK,OK,FAIL
2024-01-02,MISSING,OK,OK,OK,OK,OK,OK,OK,OK,OK,OK,OK,OK,OK,OK,OK,OK,OK,OK,FAIL
2024-01-03,MISSING,OK,OK,OK,OK,OK,OK,OK,OK,OK,OK,OK,OK,OK,OK,OK,OK,OK,OK,FAIL
2024-01-04,MISSING,OK,OK,OK,OK,OK,OK,OK,OK,OK,OK,OK,OK,OK,OK,OK,OK,OK,OK,FAIL
2024-01-05,MISSING,OK,OK,OK,OK,OK,OK,OK,OK,OK,OK,OK,OK,OK,OK,OK,OK,OK,OK,FAIL
2024-01-08,MISSING,OK,OK,OK,OK,OK,OK,OK,OK,OK,OK,OK,OK,OK,OK,OK,OK,OK,OK,FAIL
2024-01-09,MISSING,OK,OK,OK,OK,OK,OK,OK,OK,OK,OK,OK,OK,OK,OK,OK,OK,OK,OK,FAIL
2024-01-10,MISSING,OK,OK,OK,OK,OK,OK,OK,OK,OK,OK,OK,OK,OK,OK,OK,OK,OK,OK,FAIL
2024-01-11,MISSING,OK,OK,OK,OK,OK,OK,OK,OK,OK,OK,OK,OK,OK,OK,OK,OK,OK,OK,FAIL
2024-01-12,MISSING,OK,OK,OK,OK,OK,OK,OK,OK,OK,OK,OK,OK,OK,OK,OK,OK,OK,OK,FAIL
2024-01-15,MISSING,OK,OK,OK,OK,OK,OK,OK,OK,OK,OK,OK,OK,OK,OK,OK,OK,OK,OK,FAIL
2024-01-16,MISSING,OK,OK,OK,OK,OK,OK,OK,OK,OK,OK,OK,OK,OK,OK,OK,OK,OK,OK,FAIL
2024-01-17,MISSING,OK,OK,OK,OK,OK,OK,OK,OK,OK,OK,OK,OK,OK,OK,OK,OK,OK,OK,FAIL
2024-01-18,OK,OK,OK,OK,OK,OK,OK,OK,OK,OK,OK,OK,OK,OK,OK,OK,OK,OK,OK,OK
2024-01-19,OK,OK,OK,OK,OK,OK,OK,OK,OK,OK,OK,OK,OK,OK,OK,OK,OK,OK,OK,OK
2024-01-22,OK,OK,OK,OK,OK,OK,OK,OK,OK,OK,OK,OK,OK,OK,OK,OK,OK,OK,OK,OK
2024-01-23,OK,OK,OK,OK,OK,OK,OK,OK,OK,OK,OK,OK,OK,OK,OK,OK,OK,OK,OK,OK
2024-01-24,OK,OK,OK,OK,OK,OK,OK,OK,OK,OK,OK,OK,OK,OK,OK,OK,OK,OK,OK,OK
2024-01-25,OK,OK,OK,OK,OK,OK,OK,OK,OK,OK,OK,OK,OK,OK,OK,OK,OK,OK,OK,OK
2024-01-26,OK,OK,OK,OK,OK,OK,OK,OK,OK,OK,OK,OK,OK,OK,OK,OK,OK,OK,OK,OK
2024-01-29,OK,OK,OK,OK,OK,OK,OK,OK,OK,OK,OK,OK,OK,OK,OK,OK,OK,OK,OK,OK
2024-01-30,OK,OK,OK,OK,OK,OK,OK,OK,OK,OK,OK,OK,OK,OK,OK,OK,OK,OK,OK,OK
2024-01-31,OK,OK,OK,OK,OK,OK,OK,OK,OK,OK,OK,OK,OK,OK,OK,OK,OK,OK,OK,OK
2024-02-01,OK,OK,OK,OK,OK,OK,OK,OK,OK,OK,OK,OK,OK,OK,OK,OK,OK,OK,OK,OK
2024-02-02,OK,OK,OK,OK,OK,OK,OK,OK,OK,OK,OK,OK,OK,OK,OK,OK,OK,OK,OK,OK
2024-02-05,OK,OK,OK,OK,OK,OK,OK,OK,OK,OK,OK,OK,OK,OK,OK,OK,OK,OK,OK,OK
2024-02-06,OK,OK,OK,OK,OK,OK,OK,OK,OK,OK,OK,OK,OK,OK,OK,OK,OK,OK,OK,OK
2024-02-07,OK,OK,OK,OK,OK,OK,OK,OK,OK,OK,OK,OK,OK,OK,OK,OK,OK,OK,OK,OK
2024-02-08,OK,OK,OK,OK,OK,OK,OK,OK,OK,OK,OK,OK,OK,OK,OK,OK,OK,OK,OK,OK
2024-02-19,OK,OK,OK,OK,OK,OK,OK,OK,OK,OK,OK,OK,OK,OK,OK,OK,OK,OK,OK,OK
2024-02-20,OK,OK,OK,OK,OK,OK,OK,OK,OK,OK,OK,OK,OK,OK,OK,OK,OK,OK,OK,OK
2024-02-21,OK,OK,OK,OK,OK,OK,OK,OK,OK,OK,OK,OK,OK,OK,OK,OK,OK,OK,OK,OK
2024-02-22,OK,OK,OK,OK,OK,OK,OK,OK,OK,OK,OK,OK,OK,OK,OK,OK,OK,OK,OK,OK
2024-02-23,OK,OK,OK,OK,OK,OK,OK,OK,OK,OK,OK,OK,OK,OK,OK,OK,OK,OK,OK,OK
2024-02-26,OK,OK,OK,OK,OK,OK,OK,OK,OK,OK,OK,OK,OK,OK,OK,OK,OK,OK,OK,OK
2024-02-27,OK,OK,OK,OK,OK,OK,OK,OK,OK,OK,OK,OK,OK,OK,OK,OK,OK,OK,OK,OK
2024-02-28,OK,OK,OK,OK,OK,OK,OK,OK,OK,OK,OK,OK,OK,OK,OK,OK,OK,OK,OK,OK
2024-02-29,OK,OK,OK,OK,OK,OK,OK,OK,OK,OK,OK,OK,OK,OK,OK,OK,OK,OK,OK,OK
2024-03-01,OK,OK,OK,OK,OK,OK,OK,OK,OK,OK,OK,OK,OK,OK,OK,OK,OK,OK,OK,OK
2024-03-04,OK,OK,OK,OK,OK,OK,OK,OK,OK,OK,OK,OK,OK,OK,OK,OK,OK,OK,OK,OK
2024-03-05,OK,OK,OK,OK,OK,OK,OK,OK,OK,OK,OK,OK,OK,OK,OK,OK,OK,OK,OK,OK
2024-03-06,OK,OK,OK,OK,OK,OK,OK,OK,OK,OK,OK,OK,OK,OK,OK,OK,OK,OK,OK,OK
2024-03-07,OK,OK,OK,OK,OK,OK,OK,OK,OK,OK,OK,OK,OK,OK,OK,OK,OK,OK,OK,OK
2024-03-08,OK,OK,OK,OK,OK,OK,OK,OK,OK,OK,OK,OK,OK,OK,OK,OK,OK,OK,OK,OK
2024-03-11,OK,OK,OK,OK,OK,OK,OK,OK,OK,OK,OK,OK,OK,OK,OK,OK,OK,OK,OK,OK
2024-03-12,OK,OK,OK,OK,OK,OK,OK,OK,OK,OK,OK,OK,OK,OK,OK,OK,OK,OK,OK,OK
2024-03-13,OK,OK,OK,OK,OK,OK,OK,OK,OK,OK,OK,OK,OK,OK,OK,OK,OK,OK,OK,OK
2024-03-14,OK,OK,OK,OK,OK,OK,OK,OK,OK,OK,OK,OK,OK,OK,OK,OK,OK,OK,OK,OK
2024-03-15,OK,OK,OK,OK,OK,OK,OK,OK,OK,OK,OK,OK,OK,OK,OK,OK,OK,OK,OK,OK
2024-03-18,OK,OK,OK,OK,OK,OK,OK,OK,OK,OK,OK,OK,OK,OK,OK,OK,OK,OK,OK,OK
2024-03-19,OK,OK,OK,OK,OK,OK,OK,OK,OK,OK,OK,OK,OK,OK,OK,OK,OK,OK,OK,OK
2024-03-20,OK,OK,OK,OK,OK,OK,OK,OK,OK,OK,OK,OK,OK,OK,OK,OK,OK,OK,OK,OK
2024-03-21,OK,OK,OK,OK,OK,OK,OK,OK,OK,OK,OK,OK,OK,OK,OK,OK,OK,OK,OK,OK
2024-03-22,OK,OK,OK,OK,OK,OK,OK,OK,OK,OK,OK,OK,OK,OK,OK,OK,OK,OK,OK,OK
2024-03-25,OK,OK,OK,OK,OK,OK,OK,OK,OK,OK,OK,OK,OK,OK,OK,OK,OK,OK,OK,OK
2024-03-26,OK,OK,OK,OK,OK,OK,OK,OK,OK,OK,OK,OK,OK,OK,OK,OK,OK,OK,OK,OK
2024-03-27,OK,OK,OK,OK,OK,OK,OK,OK,OK,OK,OK,OK,OK,OK,OK,OK,OK,OK,OK,OK
2024-03-28,OK,OK,OK,OK,OK,OK,OK,OK,OK,OK,OK,OK,OK,OK,OK,OK,OK,OK,OK,OK
2024-03-29,OK,OK,OK,OK,OK,OK,OK,OK,OK,OK,OK,OK,OK,OK,OK,OK,OK,OK,OK,OK
2024-04-01,OK,OK,OK,OK,OK,OK,OK,OK,OK,OK,OK,OK,OK,OK,OK,OK,OK,OK,OK,OK
2024-04-02,OK,OK,OK,OK,OK,OK,OK,OK,OK,OK,OK,OK,OK,OK,OK,OK,OK,OK,OK,OK
2024-04-03,OK,OK,OK,OK,OK,OK,OK,OK,OK,OK,OK,OK,OK,OK,OK,OK,OK,OK,OK,OK
2024-04-08,OK,OK,OK,OK,OK,OK,OK,OK,OK,OK,OK,OK,OK,OK,OK,OK,OK,OK,OK,OK
2024-04-09,OK,OK,OK,OK,OK,OK,OK,OK,OK,OK,OK,OK,OK,OK,OK,OK,OK,OK,OK,OK
2024-04-10,OK,OK,OK,OK,OK,OK,OK,OK,OK,OK,OK,OK,OK,OK,OK,OK,OK,OK,OK,OK
2024-04-11,OK,OK,OK,OK,OK,OK,OK,OK,OK,OK,OK,OK,OK,OK,OK,OK,OK,OK,OK,OK
2024-04-12,OK,OK,OK,OK,OK,OK,OK,OK,OK,OK,OK,OK,OK,OK,OK,OK,OK,OK,OK,OK
2024-04-15,OK,OK,OK,OK,OK,OK,OK,OK,OK,OK,OK,OK,OK,OK,OK,OK,OK,OK,OK,OK
2024-04-16,OK,OK,OK,OK,OK,OK,OK,OK,OK,OK,OK,OK,OK,OK,OK,OK,OK,OK,OK,OK
2024-04-17,OK,OK,OK,OK,OK,OK,OK,OK,OK,OK,OK,OK,OK,OK,OK,OK,OK,OK,OK,OK
2024-04-18,OK,OK,OK,OK,OK,OK,OK,OK,OK,OK,OK,OK,OK,OK,OK,OK,OK,OK,OK,OK
2024-04-19,OK,OK,OK,OK,OK,OK,OK,OK,OK,OK,OK,OK,OK,OK,OK,OK,OK,OK,OK,OK
2024-04-22,OK,OK,OK,OK,OK,OK,OK,OK,OK,OK,OK,OK,OK,OK,OK,OK,OK,OK,OK,OK
2024-04-23,OK,OK,OK,OK,OK,OK,OK,OK,OK,OK,OK,OK,OK,OK,OK,OK,OK,OK,OK,OK
2024-04-24,OK,OK,OK,OK,OK,OK,OK,OK,OK,OK,OK,OK,OK,OK,OK,OK,OK,OK,OK,OK
2024-04-25,OK,OK,OK,OK,OK,OK,OK,OK,OK,OK,OK,OK,OK,OK,OK,OK,OK,OK,OK,OK
2024-04-26,OK,OK,OK,OK,OK,OK,OK,OK,OK,OK,OK,OK,OK,OK,OK,OK,OK,OK,OK,OK
2024-04-29,OK,OK,OK,OK,OK,OK,OK,OK,OK,OK,OK,OK,OK,OK,OK,OK,OK,OK,OK,OK
2024-04-30,OK,OK,OK,OK,OK,OK,OK,OK,OK,OK,OK,OK,OK,OK,OK,OK,OK,OK,OK,OK
2024-05-06,OK,OK,OK,OK,OK,OK,OK,OK,OK,OK,OK,OK,OK,OK,OK,OK,OK,OK,OK,OK
2024-05-07,OK,OK,OK,OK,OK,OK,OK,OK,OK,OK,OK,OK,OK,OK,OK,OK,OK,OK,OK,OK
2024-05-08,OK,OK,OK,OK,OK,OK,OK,OK,OK,OK,OK,OK,OK,OK,OK,OK,OK,OK,OK,OK
2024-05-09,OK,OK,OK,OK,OK,OK,OK,OK,OK,OK,OK,OK,OK,OK,OK,OK,OK,OK,OK,OK
2024-05-10,OK,OK,OK,OK,OK,OK,OK,OK,OK,OK,OK,OK,OK,OK,OK,OK,OK,OK,OK,OK
2024-05-13,OK,OK,OK,OK,OK,OK,OK,OK,OK,OK,OK,OK,OK,OK,OK,OK,OK,OK,OK,OK
2024-05-14,OK,OK,OK,OK,OK,OK,OK,OK,OK,OK,OK,OK,OK,OK,OK,OK,OK,OK,OK,OK
2024-05-15,OK,OK,OK,OK,OK,OK,OK,OK,OK,OK,OK,OK,OK,OK,OK,OK,OK,OK,OK,OK
2024-05-16,OK,OK,OK,OK,OK,OK,OK,OK,OK,OK,OK,OK,OK,OK,OK,OK,OK,OK,OK,OK
2024-05-17,OK,OK,OK,OK,OK,OK,OK,OK,OK,OK,OK,OK,OK,OK,OK,OK,OK,OK,OK,OK
2024-05-20,OK,OK,OK,OK,OK,OK,OK,OK,OK,OK,OK,OK,OK,OK,OK,OK,OK,OK,OK,OK
2024-05-21,OK,OK,OK,OK,OK,OK,OK,OK,OK,OK,OK,OK,OK,OK,OK,OK,OK,OK,OK,OK
2024-05-22,OK,OK,OK,OK,OK,OK,OK,OK,OK,OK,OK,OK,OK,OK,OK,OK,OK,OK,OK,OK
2024-05-23,OK,OK,OK,OK,OK,OK,OK,OK,OK,OK,OK,OK,OK,OK,OK,OK,OK,OK,OK,OK
2024-05-24,OK,OK,OK,OK,OK,OK,OK,OK,OK,OK,OK,OK,OK,OK,OK,OK,OK,OK,OK,OK
2024-05-27,OK,OK,OK,OK,OK,OK,OK,OK,OK,OK,OK,OK,OK,OK,OK,OK,OK,OK,OK,OK
2024-05-28,OK,OK,OK,OK,OK,OK,OK,OK,OK,OK,OK,OK,OK,OK,OK,OK,OK,OK,OK,OK
2024-05-29,OK,OK,OK,OK,OK,OK,OK,OK,OK,OK,OK,OK,OK,OK,OK,OK,OK,OK,OK,OK
2024-05-30,OK,OK,OK,OK,OK,OK,OK,OK,OK,OK,OK,OK,OK,OK,OK,OK,OK,OK,OK,OK
2024-05-31,OK,OK,OK,OK,OK,OK,OK,OK,OK,OK,OK,OK,OK,OK,OK,OK,OK,OK,OK,OK
2024-06-03,OK,OK,OK,OK,OK,OK,OK,OK,OK,OK,OK,OK,OK,OK,OK,OK,OK,OK,OK,OK
2024-06-04,OK,OK,OK,OK,OK,OK,OK,OK,OK,OK,OK,OK,OK,OK,OK,OK,OK,OK,OK,OK
2024-06-05,OK,OK,OK,OK,OK,OK,OK,OK,OK,OK,OK,OK,OK,OK,OK,OK,OK,OK,OK,OK
2024-06-06,OK,OK,OK,OK,OK,OK,OK,OK,OK,OK,OK,OK,OK,OK,OK,OK,OK,OK,OK,OK
2024-06-07,OK,OK,OK,OK,OK,OK,OK,OK,OK,OK,OK,OK,OK,OK,OK,OK,OK,OK,OK,OK
2024-06-11,OK,OK,OK,OK,OK,OK,OK,OK,OK,OK,OK,OK,OK,OK,OK,OK,OK,OK,OK,OK
2024-06-12,OK,OK,OK,OK,OK,OK,OK,OK,OK,OK,OK,OK,OK,OK,OK,OK,OK,OK,OK,OK
2024-06-13,OK,OK,OK,OK,OK,OK,OK,OK,OK,OK,OK,OK,OK,OK,OK,OK,OK,OK,OK,OK
2024-06-14,OK,OK,OK,OK,OK,OK,OK,OK,OK,OK,OK,OK,OK,OK,OK,OK,OK,OK,OK,OK
2024-06-17,OK,OK,OK,OK,OK,OK,OK,OK,OK,OK,OK,OK,OK,OK,OK,OK,OK,OK,OK,OK
2024-06-18,OK,OK,OK,OK,OK,OK,OK,OK,OK,OK,OK,OK,OK,OK,OK,OK,OK,OK,OK,OK
2024-06-19,OK,OK,OK,OK,OK,OK,OK,OK,OK,OK,OK,OK,OK,OK,OK,OK,OK,OK,OK,OK
2024-06-20,OK,OK,OK,OK,OK,OK,OK,OK,OK,OK,OK,OK,OK,OK,OK,OK,OK,OK,OK,OK
2024-06-21,OK,OK,OK,OK,OK,OK,OK,OK,OK,OK,OK,OK,OK,OK,OK,OK,OK,OK,OK,OK
2024-06-24,OK,OK,OK,OK,OK,OK,OK,OK,OK,OK,OK,OK,OK,OK,OK,OK,OK,OK,OK,OK
2024-06-25,OK,OK,OK,OK,OK,OK,OK,OK,OK,OK,OK,OK,OK,OK,OK,OK,OK,OK,OK,OK
2024-06-26,OK,OK,OK,OK,OK,OK,OK,OK,OK,OK,OK,OK,OK,OK,OK,OK,OK,OK,OK,OK
2024-06-27,OK,OK,OK,OK,OK,OK,OK,OK,OK,OK,OK,OK,OK,OK,OK,OK,OK,OK,OK,OK
2024-06-28,OK,OK,OK,OK,OK,OK,OK,OK,OK,OK,OK,OK,OK,OK,OK,OK,OK,OK,OK,OK
2024-07-01,OK,OK,OK,OK,OK,OK,OK,OK,OK,OK,OK,OK,OK,OK,OK,OK,OK,OK,OK,OK
2024-07-02,OK,OK,OK,OK,OK,OK,OK,OK,OK,OK,OK,OK,OK,OK,OK,OK,OK,OK,OK,OK
2024-07-03,OK,OK,OK,OK,OK,OK,OK,OK,OK,OK,OK,OK,OK,OK,OK,OK,OK,OK,OK,OK
2024-07-04,OK,OK,OK,OK,OK,OK,OK,OK,OK,OK,OK,OK,OK,OK,OK,OK,OK,OK,OK,OK
2024-07-05,OK,OK,OK,OK,OK,OK,OK,OK,OK,OK,OK,OK,OK,OK,OK,OK,OK,OK,OK,OK
2024-07-08,OK,OK,OK,OK,OK,OK,OK,OK,OK,OK,OK,OK,OK,OK,OK,OK,OK,OK,OK,OK
2024-07-09,OK,OK,OK,OK,OK,OK,OK,OK,OK,OK,OK,OK,OK,OK,OK,OK,OK,OK,OK,OK
2024-07-10,OK,OK,OK,OK,OK,OK,OK,OK,OK,OK,OK,OK,OK,OK,OK,OK,OK,OK,OK,OK
2024-07-11,OK,OK,OK,OK,OK,OK,OK,OK,OK,OK,OK,OK,OK,OK,OK,OK,OK,OK,OK,OK
2024-07-12,OK,OK,OK,OK,OK,OK,OK,OK,OK,OK,OK,OK,OK,OK,OK,OK,OK,OK,OK,OK
2024-07-15,OK,OK,OK,OK,OK,OK,OK,OK,OK,OK,OK,OK,OK,OK,OK,OK,OK,OK,OK,OK
2024-07-16,OK,OK,OK,OK,OK,OK,OK,OK,OK,OK,OK,OK,OK,OK,OK,OK,OK,OK,OK,OK
2024-07-17,OK,OK,OK,OK,OK,OK,OK,OK,OK,OK,OK,OK,OK,OK,OK,OK,OK,OK,OK,OK
2024-07-18,OK,OK,OK,OK,OK,OK,OK,OK,OK,OK,OK,OK,OK,OK,OK,OK,OK,OK,OK,OK
2024-07-19,OK,OK,OK,OK,OK,OK,OK,OK,OK,OK,OK,OK,OK,OK,OK,OK,OK,OK,OK,OK
2024-07-22,OK,OK,OK,OK,OK,OK,OK,OK,OK,OK,OK,OK,OK,OK,OK,OK,OK,OK,OK,OK
2024-07-23,OK,OK,OK,OK,OK,OK,OK,OK,OK,OK,OK,OK,OK,OK,OK,OK,OK,OK,OK,OK
2024-07-24,OK,OK,OK,OK,OK,OK,OK,OK,OK,OK,OK,OK,OK,OK,OK,OK,OK,OK,OK,OK
2024-07-25,OK,OK,OK,OK,OK,OK,OK,OK,OK,OK,OK,OK,OK,OK,OK,OK,OK,OK,OK,OK
2024-07-26,OK,OK,OK,OK,OK,OK,OK,OK,OK,OK,OK,OK,OK,OK,OK,OK,OK,OK,OK,OK
2024-07-29,OK,OK,OK,OK,OK,OK,OK,OK,OK,OK,OK,OK,OK,OK,OK,OK,OK,OK,OK,OK
2024-07-30,OK,OK,OK,OK,OK,OK,OK,OK,OK,OK,OK,OK,OK,OK,OK,OK,OK,OK,OK,OK
2024-07-31,OK,OK,OK,OK,OK,OK,OK,OK,OK,OK,OK,OK,OK,OK,OK,OK,OK,OK,OK,OK
2024-08-01,OK,OK,OK,OK,OK,OK,OK,OK,OK,OK,OK,OK,OK,OK,OK,OK,OK,OK,OK,OK
2024-08-02,OK,OK,OK,OK,OK,OK,OK,OK,OK,OK,OK,OK,OK,OK,OK,OK,OK,OK,OK,OK
2024-08-05,OK,OK,OK,OK,OK,OK,OK,OK,OK,OK,OK,OK,OK,OK,OK,OK,OK,OK,OK,OK
2024-08-06,OK,OK,OK,OK,OK,OK,OK,OK,OK,OK,OK,OK,OK,OK,OK,OK,OK,OK,OK,OK
2024-08-07,OK,OK,OK,OK,OK,OK,OK,OK,OK,OK,OK,OK,OK,OK,OK,OK,OK,OK,OK,OK
2024-08-08,OK,OK,OK,OK,OK,OK,OK,OK,OK,OK,OK,OK,OK,OK,OK,OK,OK,OK,OK,OK
2024-08-09,OK,OK,OK,OK,OK,OK,OK,OK,OK,OK,OK,OK,OK,OK,OK,OK,OK,OK,OK,OK
2024-08-12,OK,OK,OK,OK,OK,OK,OK,OK,OK,OK,OK,OK,OK,OK,OK,OK,OK,OK,OK,OK
2024-08-13,OK,OK,OK,OK,OK,OK,OK,OK,OK,OK,OK,OK,OK,OK,OK,OK,OK,OK,OK,OK
2024-08-14,OK,OK,OK,OK,OK,OK,OK,OK,OK,OK,OK,OK,OK,OK,OK,OK,OK,OK,OK,OK
2024-08-15,OK,OK,OK,OK,OK,OK,OK,OK,OK,OK,OK,OK,OK,OK,OK,OK,OK,OK,OK,OK
2024-08-16,OK,OK,OK,OK,OK,OK,OK,OK,OK,OK,OK,OK,OK,OK,OK,OK,OK,OK,OK,OK
2024-08-19,OK,OK,OK,OK,OK,OK,OK,OK,OK,OK,OK,OK,OK,OK,OK,OK,OK,OK,OK,OK
2024-08-20,OK,OK,OK,OK,OK,OK,OK,OK,OK,OK,OK,OK,OK,OK,OK,OK,OK,OK,OK,OK
2024-08-21,OK,OK,OK,OK,OK,OK,OK,OK,OK,OK,OK,OK,OK,OK,OK,OK,OK,OK,OK,OK
2024-08-22,OK,OK,OK,OK,OK,OK,OK,OK,OK,OK,OK,OK,OK,OK,OK,OK,OK,OK,OK,OK
2024-08-23,OK,OK,OK,OK,OK,OK,OK,OK,OK,OK,OK,OK,OK,OK,OK,OK,OK,OK,OK,OK
2024-08-26,OK,OK,OK,OK,OK,OK,OK,OK,OK,OK,OK,OK,OK,OK,OK,OK,OK,OK,OK,OK
2024-08-27,OK,OK,OK,OK,OK,OK,OK,OK,OK,OK,OK,OK,OK,OK,OK,OK,OK,OK,OK,OK
2024-08-28,OK,OK,OK,OK,OK,OK,OK,OK,OK,OK,OK,OK,OK,OK,OK,OK,OK,OK,OK,OK
2024-08-29,OK,OK,OK,OK,OK,OK,OK,OK,OK,OK,OK,OK,OK,OK,OK,OK,OK,OK,OK,OK
2024-08-30,OK,OK,OK,OK,OK,OK,OK,OK,OK,OK,OK,OK,OK,OK,OK,OK,OK,OK,OK,OK
2024-09-02,OK,OK,OK,OK,OK,OK,OK,OK,OK,OK,OK,OK,OK,OK,OK,OK,OK,OK,OK,OK
2024-09-03,OK,OK,OK,OK,OK,OK,OK,OK,OK,OK,OK,OK,OK,OK,OK,OK,OK,OK,OK,OK
2024-09-04,OK,OK,OK,OK,OK,OK,OK,OK,OK,OK,OK,OK,OK,OK,OK,OK,OK,OK,OK,OK
2024-09-05,OK,OK,OK,OK,OK,OK,OK,OK,OK,OK,OK,OK,OK,OK,OK,OK,OK,OK,OK,OK
2024-09-06,OK,OK,OK,OK,OK,OK,OK,OK,OK,OK,OK,OK,OK,OK,OK,OK,OK,OK,OK,OK
2024-09-09,OK,OK,OK,OK,OK,OK,OK,OK,OK,OK,OK,OK,OK,OK,OK,OK,OK,OK,OK,OK
2024-09-10,OK,OK,OK,OK,OK,OK,OK,OK,OK,OK,OK,OK,OK,OK,OK,OK,OK,OK,OK,OK
2024-09-11,OK,OK,OK,OK,OK,OK,OK,OK,OK,OK,OK,OK,OK,OK,OK,OK,OK,OK,OK,OK
2024-09-12,OK,OK,OK,OK,OK,OK,OK,OK,OK,OK,OK,OK,OK,OK,OK,OK,OK,OK,OK,OK
2024-09-13,OK,OK,OK,OK,OK,OK,OK,OK,OK,OK,OK,OK,OK,OK,OK,OK,OK,OK,OK,OK
2024-09-18,OK,OK,OK,OK,OK,OK,OK,OK,OK,OK,OK,OK,OK,OK,OK,OK,OK,OK,OK,OK
2024-09-19,OK,OK,OK,OK,OK,OK,OK,OK,OK,OK,OK,OK,OK,OK,OK,OK,OK,OK,OK,OK
2024-09-20,OK,OK,OK,OK,OK,OK,OK,OK,OK,OK,OK,OK,OK,OK,OK,OK,OK,OK,OK,OK
2024-09-23,OK,OK,OK,OK,OK,OK,OK,OK,OK,OK,OK,OK,OK,OK,OK,OK,OK,OK,OK,OK
2024-09-24,OK,OK,OK,OK,OK,OK,OK,OK,OK,OK,OK,OK,OK,OK,OK,OK,OK,OK,OK,OK
2024-09-25,OK,OK,OK,OK,OK,OK,OK,OK,OK,OK,OK,OK,OK,OK,OK,OK,OK,OK,OK,OK
2024-09-26,OK,OK,OK,OK,OK,OK,OK,OK,OK,OK,OK,OK,OK,OK,OK,OK,OK,OK,OK,OK
2024-09-27,OK,OK,OK,OK,OK,OK,OK,OK,OK,OK,OK,OK,OK,OK,OK,OK,OK,OK,OK,OK
2024-09-30,OK,OK,OK,OK,OK,OK,OK,OK,OK,OK,OK,OK,OK,OK,OK,OK,OK,OK,OK,OK
2024-10-08,OK,OK,OK,OK,OK,OK,OK,OK,OK,OK,OK,OK,OK,OK,OK,OK,OK,OK,OK,OK
2024-10-09,OK,OK,OK,OK,OK,OK,OK,OK,OK,OK,OK,OK,OK,OK,OK,OK,OK,OK,OK,OK
2024-10-10,OK,OK,OK,OK,OK,OK,OK,OK,OK,OK,OK,OK,OK,OK,OK,OK,OK,OK,OK,OK
2024-10-11,OK,OK,OK,OK,OK,OK,OK,OK,OK,OK,OK,OK,OK,OK,OK,OK,OK,OK,OK,OK
2024-10-14,OK,OK,OK,OK,OK,OK,OK,OK,OK,OK,OK,OK,OK,OK,OK,OK,OK,OK,OK,OK
2024-10-15,OK,OK,OK,OK,OK,OK,OK,OK,OK,OK,OK,OK,OK,OK,OK,OK,OK,OK,OK,OK
2024-10-16,OK,OK,OK,OK,OK,OK,OK,OK,OK,OK,OK,OK,OK,OK,OK,OK,OK,OK,OK,OK
2024-10-17,OK,OK,OK,OK,OK,OK,OK,OK,OK,OK,OK,OK,OK,OK,OK,OK,OK,OK,OK,OK
2024-10-18,OK,OK,OK,OK,OK,OK,OK,OK,OK,OK,OK,OK,OK,OK,OK,OK,OK,OK,OK,OK
2024-10-21,OK,OK,OK,OK,OK,OK,OK,OK,OK,OK,OK,OK,OK,OK,OK,OK,OK,OK,OK,OK
2024-10-22,OK,OK,OK,OK,OK,OK,OK,OK,OK,OK,OK,OK,OK,OK,OK,OK,OK,OK,OK,OK
2024-10-23,OK,OK,OK,OK,OK,OK,OK,OK,OK,OK,OK,OK,OK,OK,OK,OK,OK,OK,OK,OK
2024-10-24,OK,OK,OK,OK,OK,OK,OK,OK,OK,OK,OK,OK,OK,OK,OK,OK,OK,OK,OK,OK
2024-10-25,OK,OK,OK,OK,OK,OK,OK,OK,OK,OK,OK,OK,OK,OK,OK,OK,OK,OK,OK,OK
2024-10-28,OK,OK,OK,OK,OK,OK,OK,OK,OK,OK,OK,OK,OK,OK,OK,OK,OK,OK,OK,OK
2024-10-29,OK,OK,OK,OK,OK,OK,OK,OK,OK,OK,OK,OK,OK,OK,OK,OK,OK,OK,OK,OK
2024-10-30,OK,OK,OK,OK,OK,OK,OK,OK,OK,OK,OK,OK,OK,OK,OK,OK,OK,OK,OK,OK
2024-10-31,OK,OK,OK,OK,OK,OK,OK,OK,OK,OK,OK,OK,OK,OK,OK,OK,OK,OK,OK,OK
2024-11-01,OK,OK,OK,OK,OK,OK,OK,OK,OK,OK,OK,OK,OK,OK,OK,OK,OK,OK,OK,OK
2024-11-04,OK,OK,OK,OK,OK,OK,OK,OK,OK,OK,OK,OK,OK,OK,OK,OK,OK,OK,OK,OK
2024-11-05,OK,OK,OK,OK,OK,OK,OK,OK,OK,OK,OK,OK,OK,OK,OK,OK,OK,OK,OK,OK
2024-11-06,OK,OK,OK,OK,OK,OK,OK,OK,OK,OK,OK,OK,OK,OK,OK,OK,OK,OK,OK,OK
2024-11-07,OK,OK,OK,OK,OK,OK,OK,OK,OK,OK,OK,OK,OK,OK,OK,OK,OK,OK,OK,OK
2024-11-08,OK,OK,OK,OK,OK,OK,OK,OK,OK,OK,OK,OK,OK,OK,OK,OK,OK,OK,OK,OK
2024-11-11,OK,OK,OK,OK,OK,OK,OK,OK,OK,OK,OK,OK,OK,OK,OK,OK,OK,OK,OK,OK
2024-11-12,OK,OK,OK,OK,OK,OK,OK,OK,OK,OK,OK,OK,OK,OK,OK,OK,OK,OK,OK,OK
2024-11-13,OK,OK,OK,OK,OK,OK,OK,OK,OK,OK,OK,OK,OK,OK,OK,OK,OK,OK,OK,OK
2024-11-14,OK,OK,OK,OK,OK,OK,OK,OK,OK,OK,OK,OK,OK,OK,OK,OK,OK,OK,OK,OK
2024-11-15,OK,OK,OK,OK,OK,OK,OK,OK,OK,OK,OK,OK,OK,OK,OK,OK,OK,OK,OK,OK
2024-11-18,OK,OK,OK,OK,OK,OK,OK,OK,OK,OK,OK,OK,OK,OK,OK,OK,OK,OK,OK,OK
2024-11-19,OK,OK,OK,OK,OK,OK,OK,OK,OK,OK,OK,OK,OK,OK,OK,OK,OK,OK,OK,OK
2024-11-20,OK,OK,OK,OK,OK,OK,OK,OK,OK,OK,OK,OK,OK,OK,OK,OK,OK,OK,OK,OK
2024-11-21,OK,OK,OK,OK,OK,OK,OK,OK,OK,OK,OK,OK,OK,OK,OK,OK,OK,OK,OK,OK
2024-11-22,OK,OK,OK,OK,OK,OK,OK,OK,OK,OK,OK,OK,OK,OK,OK,OK,OK,OK,OK,OK
2024-11-25,OK,OK,OK,OK,OK,OK,OK,OK,OK,OK,OK,OK,OK,OK,OK,OK,OK,OK,OK,OK
2024-11-26,OK,OK,OK,OK,OK,OK,OK,OK,OK,OK,OK,OK,OK,OK,OK,OK,OK,OK,OK,OK
2024-11-27,OK,OK,OK,OK,OK,OK,OK,OK,OK,OK,OK,OK,OK,OK,OK,OK,OK,OK,OK,OK
2024-11-28,OK,OK,OK,OK,OK,OK,OK,OK,OK,OK,OK,OK,OK,OK,OK,OK,OK,OK,OK,OK
2024-11-29,OK,OK,OK,OK,OK,OK,OK,OK,OK,OK,OK,OK,OK,OK,OK,OK,OK,OK,OK,OK
2024-12-02,OK,OK,OK,OK,OK,OK,OK,OK,OK,OK,OK,OK,OK,OK,OK,OK,OK,OK,OK,OK
2024-12-03,OK,OK,OK,OK,OK,OK,OK,OK,OK,OK,OK,OK,OK,OK,OK,OK,OK,OK,OK,OK
2024-12-04,OK,OK,OK,OK,OK,OK,OK,OK,OK,OK,OK,OK,OK,OK,OK,OK,OK,OK,OK,OK
2024-12-05,OK,OK,OK,OK,OK,OK,OK,OK,OK,OK,OK,OK,OK,OK,OK,OK,OK,OK,OK,OK
2024-12-06,OK,OK,OK,OK,OK,OK,OK,OK,OK,OK,OK,OK,OK,OK,OK,OK,OK,OK,OK,OK
2024-12-09,OK,OK,OK,OK,OK,OK,OK,OK,OK,OK,OK,OK,OK,OK,OK,OK,OK,OK,OK,OK
2024-12-10,OK,OK,OK,OK,OK,OK,OK,OK,OK,OK,OK,OK,OK,OK,OK,OK,OK,OK,OK,OK
2024-12-11,OK,OK,OK,OK,OK,OK,OK,OK,OK,OK,OK,OK,OK,OK,OK,OK,OK,OK,OK,OK
2024-12-12,OK,OK,OK,OK,OK,OK,OK,OK,OK,OK,OK,OK,OK,OK,OK,OK,OK,OK,OK,OK
2024-12-13,OK,OK,OK,OK,OK,OK,OK,OK,OK,OK,OK,OK,OK,OK,OK,OK,OK,OK,OK,OK
2024-12-16,OK,OK,OK,OK,OK,OK,OK,OK,OK,OK,OK,OK,OK,OK,OK,OK,OK,OK,OK,OK
2024-12-17,OK,OK,OK,OK,OK,OK,OK,OK,OK,OK,OK,OK,OK,OK,OK,OK,OK,OK,OK,OK
2024-12-18,OK,OK,OK,OK,OK,OK,OK,OK,OK,OK,OK,OK,OK,OK,OK,OK,OK,OK,OK,OK
2024-12-19,OK,OK,OK,OK,OK,OK,OK,OK,OK,OK,OK,OK,OK,OK,OK,OK,OK,OK,OK,OK
2024-12-20,OK,OK,OK,OK,OK,OK,OK,OK,OK,OK,OK,OK,OK,OK,OK,OK,OK,OK,OK,OK
2024-12-23,OK,OK,OK,OK,OK,OK,OK,OK,OK,OK,OK,OK,OK,OK,OK,OK,OK,OK,OK,OK
2024-12-24,OK,OK,OK,OK,OK,OK,OK,OK,OK,OK,OK,OK,OK,OK,OK,OK,OK,OK,OK,OK
2024-12-25,OK,OK,OK,OK,OK,OK,OK,OK,OK,OK,OK,OK,OK,OK,OK,OK,OK,OK,OK,OK
2024-12-26,OK,OK,OK,OK,OK,OK,OK,OK,OK,OK,OK,OK,OK,OK,OK,OK,OK,OK,OK,OK
2024-12-27,OK,OK,OK,OK,OK,OK,OK,OK,OK,OK,OK,OK,OK,OK,OK,OK,OK,OK,OK,OK
2024-12-30,OK,OK,OK,OK,OK,OK,OK,OK,OK,OK,OK,OK,OK,OK,OK,OK,OK,OK,OK,OK
2024-12-31,OK,OK,OK,OK,OK,OK,OK,OK,OK,OK,OK,OK,OK,OK,OK,OK,OK,OK,OK,OK
2025-01-02,OK,OK,OK,OK,OK,OK,OK,OK,OK,OK,OK,OK,OK,OK,OK,OK,OK,OK,OK,OK
2025-01-03,OK,OK,OK,OK,OK,OK,OK,OK,OK,OK,OK,OK,OK,OK,OK,OK,OK,OK,OK,OK
2025-01-06,OK,OK,OK,OK,OK,OK,OK,OK,OK,OK,OK,OK,OK,OK,OK,OK,OK,OK,OK,OK
2025-01-07,OK,OK,OK,OK,OK,OK,OK,OK,OK,OK,OK,OK,OK,OK,OK,OK,OK,OK,OK,OK
2025-01-08,OK,OK,OK,OK,OK,OK,OK,OK,OK,OK,OK,OK,OK,OK,OK,OK,OK,OK,OK,OK
2025-01-09,OK,OK,OK,OK,OK,OK,OK,OK,OK,OK,OK,OK,OK,OK,OK,OK,OK,OK,OK,OK
2025-01-10,OK,OK,OK,OK,OK,OK,OK,OK,OK,OK,OK,OK,OK,OK,OK,OK,OK,OK,OK,OK
2025-01-13,OK,OK,OK,OK,OK,OK,OK,OK,OK,OK,OK,OK,OK,OK,OK,OK,OK,OK,OK,OK
2025-01-14,OK,OK,OK,OK,OK,OK,OK,OK,OK,OK,OK,OK,OK,OK,OK,OK,OK,OK,OK,OK
2025-01-15,OK,OK,OK,OK,OK,OK,OK,OK,OK,OK,OK,OK,OK,OK,OK,OK,OK,OK,OK,OK
2025-01-16,OK,OK,OK,OK,OK,OK,OK,OK,OK,OK,OK,OK,OK,OK,OK,OK,OK,OK,OK,OK
2025-01-17,OK,OK,OK,OK,OK,OK,OK,OK,OK,OK,OK,OK,OK,OK,OK,OK,OK,OK,OK,OK
2025-01-20,OK,OK,OK,OK,OK,OK,OK,OK,OK,OK,OK,OK,OK,OK,OK,OK,OK,OK,OK,OK
2025-01-21,OK,OK,OK,OK,OK,OK,OK,OK,OK,OK,OK,OK,OK,OK,OK,OK,OK,OK,OK,OK
2025-01-22,OK,OK,OK,OK,OK,OK,OK,OK,OK,OK,OK,OK,OK,OK,OK,OK,OK,OK,OK,OK
2025-01-23,OK,OK,OK,OK,OK,OK,OK,OK,OK,OK,OK,OK,OK,OK,OK,OK,OK,OK,OK,OK
2025-01-24,OK,OK,OK,OK,OK,OK,OK,OK,OK,OK,OK,OK,OK,OK,OK,OK,OK,OK,OK,OK
2025-01-27,OK,OK,OK,OK,OK,OK,OK,OK,OK,OK,OK,OK,OK,OK,OK,OK,OK,OK,OK,OK
2025-02-05,OK,OK,OK,OK,OK,OK,OK,OK,OK,OK,OK,OK,OK,OK,OK,OK,OK,OK,OK,OK
2025-02-06,OK,OK,OK,OK,OK,OK,OK,OK,OK,OK,OK,OK,OK,OK,OK,OK,OK,OK,OK,OK
2025-02-07,OK,OK,OK,OK,OK,OK,OK,OK,OK,OK,OK,OK,OK,OK,OK,OK,OK,OK,OK,OK
2025-02-10,OK,OK,OK,OK,OK,OK,OK,OK,OK,OK,OK,OK,OK,OK,OK,OK,OK,OK,OK,OK
2025-02-11,OK,OK,OK,OK,OK,OK,OK,OK,OK,OK,OK,OK,OK,OK,OK,OK,OK,OK,OK,OK
2025-02-12,OK,OK,OK,OK,OK,OK,OK,OK,OK,OK,OK,OK,OK,OK,OK,OK,OK,OK,OK,OK
2025-02-13,OK,OK,OK,OK,OK,OK,OK,OK,OK,OK,OK,OK,OK,OK,OK,OK,OK,OK,OK,OK
2025-02-14,OK,OK,OK,OK,OK,OK,OK,OK,OK,OK,OK,OK,OK,OK,OK,OK,OK,OK,OK,OK
2025-02-17,OK,OK,OK,OK,OK,OK,OK,OK,OK,OK,OK,OK,OK,OK,OK,OK,OK,OK,OK,OK
2025-02-18,OK,OK,OK,OK,OK,OK,OK,OK,OK,OK,OK,OK,OK,OK,OK,OK,OK,OK,OK,OK
2025-02-19,OK,OK,OK,OK,OK,OK,OK,OK,OK,OK,OK,OK,OK,OK,OK,OK,OK,OK,OK,OK
2025-02-20,OK,OK,OK,OK,OK,OK,OK,OK,OK,OK,OK,OK,OK,OK,OK,OK,OK,OK,OK,OK
2025-02-21,OK,OK,OK,OK,OK,OK,OK,OK,OK,OK,OK,OK,OK,OK,OK,OK,OK,OK,OK,OK
2025-02-24,OK,OK,OK,OK,OK,OK,OK,OK,OK,OK,OK,OK,OK,OK,OK,OK,OK,OK,OK,OK
2025-02-25,OK,OK,OK,OK,OK,OK,OK,OK,OK,OK,OK,OK,OK,OK,OK,OK,OK,OK,OK,OK
2025-02-26,OK,OK,OK,OK,OK,OK,OK,OK,OK,OK,OK,OK,OK,OK,OK,OK,OK,OK,OK,OK
2025-02-27,OK,OK,OK,OK,OK,OK,OK,OK,OK,OK,OK,OK,OK,OK,OK,OK,OK,OK,OK,OK
2025-02-28,OK,OK,OK,OK,OK,OK,OK,OK,OK,OK,OK,OK,OK,OK,OK,OK,OK,OK,OK,OK
2025-03-03,OK,OK,OK,OK,OK,OK,OK,OK,OK,OK,OK,OK,OK,OK,OK,OK,OK,OK,OK,OK
2025-03-04,OK,OK,OK,OK,OK,OK,OK,OK,OK,OK,OK,OK,OK,OK,OK,OK,OK,OK,OK,OK
2025-03-05,OK,OK,OK,OK,OK,OK,OK,OK,OK,OK,OK,OK,OK,OK,OK,OK,OK,OK,OK,OK
2025-03-06,OK,OK,OK,OK,OK,OK,OK,OK,OK,OK,OK,OK,OK,OK,OK,OK,OK,OK,OK,OK
2025-03-07,OK,OK,OK,OK,OK,OK,OK,OK,OK,OK,OK,OK,OK,OK,OK,OK,OK,OK,OK,OK
2025-03-10,OK,OK,OK,OK,OK,OK,OK,OK,OK,OK,OK,OK,OK,OK,OK,OK,OK,OK,OK,OK
2025-03-11,OK,OK,OK,OK,OK,OK,OK,OK,OK,OK,OK,OK,OK,OK,OK,OK,OK,OK,OK,OK
2025-03-12,OK,OK,OK,OK,OK,OK,OK,OK,OK,OK,OK,OK,OK,OK,OK,OK,OK,OK,OK,OK
2025-03-13,OK,OK,OK,OK,OK,OK,OK,OK,OK,OK,OK,OK,OK,OK,OK,OK,OK,OK,OK,OK
2025-03-14,OK,OK,OK,OK,OK,OK,OK,OK,OK,OK,OK,OK,OK,OK,OK,OK,OK,OK,OK,OK
2025-03-17,OK,OK,OK,OK,OK,OK,OK,OK,OK,OK,OK,OK,OK,OK,OK,OK,OK,OK,OK,OK
2025-03-18,OK,OK,OK,OK,OK,OK,OK,OK,OK,OK,OK,OK,OK,OK,OK,OK,OK,OK,OK,OK
2025-03-19,OK,OK,OK,OK,OK,OK,OK,OK,OK,OK,OK,OK,OK,OK,OK,OK,OK,OK,OK,OK
2025-03-20,OK,OK,OK,OK,OK,OK,OK,OK,OK,OK,OK,OK,OK,OK,OK,OK,OK,OK,OK,OK
2025-03-21,OK,OK,OK,OK,OK,OK,OK,OK,OK,OK,OK,OK,OK,OK,OK,OK,OK,OK,OK,OK
2025-03-24,OK,OK,OK,OK,OK,OK,OK,OK,OK,OK,OK,OK,OK,OK,OK,OK,OK,OK,OK,OK
2025-03-25,OK,OK,OK,OK,OK,OK,OK,OK,OK,OK,OK,OK,OK,OK,OK,OK,OK,OK,OK,OK
2025-03-26,OK,OK,OK,OK,OK,OK,OK,OK,OK,OK,OK,OK,OK,OK,OK,OK,OK,OK,OK,OK
2025-03-27,OK,OK,OK,OK,OK,OK,OK,OK,OK,OK,OK,OK,OK,OK,OK,OK,OK,OK,OK,OK
2025-03-28,OK,OK,OK,OK,OK,OK,OK,OK,OK,OK,OK,OK,OK,OK,OK,OK,OK,OK,OK,OK
2025-03-31,OK,OK,OK,OK,OK,OK,OK,OK,OK,OK,OK,OK,OK,OK,OK,OK,OK,OK,OK,OK
2025-04-01,OK,OK,OK,OK,OK,OK,OK,OK,OK,OK,OK,OK,OK,OK,OK,OK,OK,OK,OK,OK
2025-04-02,OK,OK,OK,OK,OK,OK,OK,OK,OK,OK,OK,OK,OK,OK,OK,OK,OK,OK,OK,OK
2025-04-03,OK,OK,OK,OK,OK,OK,OK,OK,OK,OK,OK,OK,OK,OK,OK,OK,OK,OK,OK,OK
2025-04-07,OK,OK,OK,OK,OK,OK,OK,OK,OK,OK,OK,OK,OK,OK,OK,OK,OK,OK,OK,OK
2025-04-08,OK,OK,OK,OK,OK,OK,OK,OK,OK,OK,OK,OK,OK,OK,OK,OK,OK,OK,OK,OK
2025-04-09,OK,OK,OK,OK,OK,OK,OK,OK,OK,OK,OK,OK,OK,OK,OK,OK,OK,OK,OK,OK
2025-04-10,OK,OK,OK,OK,OK,OK,OK,OK,OK,OK,OK,OK,OK,OK,OK,OK,OK,OK,OK,OK
2025-04-11,OK,OK,OK,OK,OK,OK,OK,OK,OK,OK,OK,OK,OK,OK,OK,OK,OK,OK,OK,OK
2025-04-14,OK,OK,OK,OK,OK,OK,OK,OK,OK,OK,OK,OK,OK,OK,OK,OK,OK,OK,OK,OK
2025-04-15,OK,OK,OK,OK,OK,OK,OK,OK,OK,OK,OK,OK,OK,OK,OK,OK,OK,OK,OK,OK
2025-04-16,OK,OK,OK,OK,OK,OK,OK,OK,OK,OK,OK,OK,OK,OK,OK,OK,OK,OK,OK,OK
2025-04-17,OK,OK,OK,OK,OK,OK,OK,OK,OK,OK,OK,OK,OK,OK,OK,OK,OK,OK,OK,OK
2025-04-18,OK,OK,OK,OK,OK,OK,OK,OK,OK,OK,OK,OK,OK,OK,OK,OK,OK,OK,OK,OK
2025-04-21,OK,OK,OK,OK,OK,OK,OK,OK,OK,OK,OK,OK,OK,OK,OK,OK,OK,OK,OK,OK
2025-04-22,OK,OK,OK,OK,OK,OK,OK,OK,OK,OK,OK,OK,OK,OK,OK,OK,OK,OK,OK,OK
2025-04-23,OK,OK,OK,OK,OK,OK,OK,OK,OK,OK,OK,OK,OK,OK,OK,OK,OK,OK,OK,OK
2025-04-24,OK,OK,OK,OK,OK,OK,OK,OK,OK,OK,OK,OK,OK,OK,OK,OK,OK,OK,OK,OK
2025-04-25,OK,OK,OK,OK,OK,OK,OK,OK,OK,OK,OK,OK,OK,OK,OK,OK,OK,OK,OK,OK
2025-04-28,OK,OK,OK,OK,OK,OK,OK,OK,OK,OK,OK,OK,OK,OK,OK,OK,OK,OK,OK,OK
2025-04-29,OK,OK,OK,OK,OK,OK,OK,OK,OK,OK,OK,OK,OK,OK,OK,OK,OK,OK,OK,OK
2025-04-30,OK,OK,OK,OK,OK,OK,OK,OK,OK,OK,OK,OK,OK,OK,OK,OK,OK,OK,OK,OK
2025-05-06,OK,OK,OK,OK,OK,OK,OK,OK,OK,OK,OK,OK,OK,OK,OK,OK,OK,OK,OK,OK
2025-05-07,OK,OK,OK,OK,OK,OK,OK,OK,OK,OK,OK,OK,OK,OK,OK,OK,OK,OK,OK,OK
2025-05-08,OK,OK,OK,OK,OK,OK,OK,OK,OK,OK,OK,OK,OK,OK,OK,OK,OK,OK,OK,OK
2025-05-09,OK,OK,OK,OK,OK,OK,OK,OK,OK,OK,OK,OK,OK,OK,OK,OK,OK,OK,OK,OK
2025-05-12,OK,OK,OK,OK,OK,OK,OK,OK,OK,OK,OK,OK,OK,OK,OK,OK,OK,OK,OK,OK
2025-05-13,OK,OK,OK,OK,OK,OK,OK,OK,OK,OK,OK,OK,OK,OK,OK,OK,OK,OK,OK,OK
2025-05-14,OK,OK,OK,OK,OK,OK,OK,OK,OK,OK,OK,OK,OK,OK,OK,OK,OK,OK,OK,OK
2025-05-15,OK,OK,OK,OK,OK,OK,OK,OK,OK,OK,OK,OK,OK,OK,OK,OK,OK,OK,OK,OK
2025-05-16,OK,OK,OK,OK,OK,OK,OK,OK,OK,OK,OK,OK,OK,OK,OK,OK,OK,OK,OK,OK
2025-05-19,OK,OK,OK,OK,OK,OK,OK,OK,OK,OK,OK,OK,OK,OK,OK,OK,OK,OK,OK,OK
2025-05-20,OK,OK,OK,OK,OK,OK,OK,OK,OK,OK,OK,OK,OK,OK,OK,OK,OK,OK,OK,OK
2025-05-21,OK,OK,OK,OK,OK,OK,OK,OK,OK,OK,OK,OK,OK,OK,OK,OK,OK,OK,OK,OK
2025-05-22,OK,OK,OK,OK,OK,OK,OK,OK,OK,OK,OK,OK,OK,OK,OK,OK,OK,OK,OK,OK
2025-05-23,OK,OK,OK,OK,OK,OK,OK,OK,OK,OK,OK,OK,OK,OK,OK,OK,OK,OK,OK,OK
2025-05-26,OK,OK,OK,OK,OK,OK,OK,OK,OK,OK,OK,OK,OK,OK,OK,OK,OK,OK,OK,OK
2025-05-27,OK,OK,OK,OK,OK,OK,OK,OK,OK,OK,OK,OK,OK,OK,OK,OK,OK,OK,OK,OK
2025-05-28,OK,OK,OK,OK,OK,OK,OK,OK,OK,OK,OK,OK,OK,OK,OK,OK,OK,OK,OK,OK
2025-05-29,OK,OK,OK,OK,OK,OK,OK,OK,OK,OK,OK,OK,OK,OK,OK,OK,OK,OK,OK,OK
2025-05-30,OK,OK,OK,OK,OK,OK,OK,OK,OK,OK,OK,OK,OK,OK,OK,OK,OK,OK,OK,OK
2025-06-03,OK,OK,OK,OK,OK,OK,OK,OK,OK,OK,OK,OK,OK,OK,OK,OK,OK,OK,OK,OK
2025-06-04,OK,OK,OK,OK,OK,OK,OK,OK,OK,OK,OK,OK,OK,OK,OK,OK,OK,OK,OK,OK
2025-06-05,OK,OK,OK,OK,OK,OK,OK,OK,OK,OK,OK,OK,OK,OK,OK,OK,OK,OK,OK,OK
2025-06-06,OK,OK,OK,OK,OK,OK,OK,OK,OK,OK,OK,OK,OK,OK,OK,OK,OK,OK,OK,OK
2025-06-09,OK,OK,OK,OK,OK,OK,OK,OK,OK,OK,OK,OK,OK,OK,OK,OK,OK,OK,OK,OK
2025-06-10,OK,OK,OK,OK,OK,OK,OK,OK,OK,OK,OK,OK,OK,OK,OK,OK,OK,OK,OK,OK
2025-06-11,OK,OK,OK,OK,OK,OK,OK,OK,OK,OK,OK,OK,OK,OK,OK,OK,OK,OK,OK,OK
2025-06-12,OK,OK,OK,OK,OK,OK,OK,OK,OK,OK,OK,OK,OK,OK,OK,OK,OK,OK,OK,OK
2025-06-13,OK,OK,OK,OK,OK,OK,OK,OK,OK,OK,OK,OK,OK,OK,OK,OK,OK,OK,OK,OK
2025-06-16,OK,OK,OK,OK,OK,OK,OK,OK,OK,OK,OK,OK,OK,OK,OK,OK,OK,OK,OK,OK
2025-06-17,OK,OK,OK,OK,OK,OK,OK,OK,OK,OK,OK,OK,OK,OK,OK,OK,OK,OK,OK,OK
2025-06-18,OK,OK,OK,OK,OK,OK,OK,OK,OK,OK,OK,OK,OK,OK,OK,OK,OK,OK,OK,OK
2025-06-19,OK,OK,OK,OK,OK,OK,OK,OK,OK,OK,OK,OK,OK,OK,OK,OK,OK,OK,OK,OK
2025-06-20,OK,OK,OK,OK,OK,OK,OK,OK,OK,OK,OK,OK,OK,OK,OK,OK,OK,OK,OK,OK
2025-06-23,OK,OK,OK,OK,OK,OK,OK,OK,OK,OK,OK,OK,OK,OK,OK,OK,OK,OK,OK,OK
2025-06-24,OK,OK,OK,OK,OK,OK,OK,OK,OK,OK,OK,OK,OK,OK,OK,OK,OK,OK,OK,OK
2025-06-25,OK,OK,OK,OK,OK,OK,OK,OK,OK,OK,OK,OK,OK,OK,OK,OK,OK,OK,OK,OK
2025-06-26,OK,OK,OK,OK,OK,OK,OK,OK,OK,OK,OK,OK,OK,OK,OK,OK,OK,OK,OK,OK
2025-06-27,OK,OK,OK,OK,OK,OK,OK,OK,OK,OK,OK,OK,OK,OK,OK,OK,OK,OK,OK,OK
2025-06-30,OK,OK,OK,OK,OK,OK,OK,OK,OK,OK,OK,OK,OK,OK,OK,OK,OK,OK,OK,OK
2025-07-01,OK,OK,OK,OK,OK,OK,OK,OK,OK,OK,OK,OK,OK,OK,OK,OK,OK,OK,OK,OK
2025-07-02,OK,OK,OK,OK,OK,OK,OK,OK,OK,OK,OK,OK,OK,OK,OK,OK,OK,OK,OK,OK
2025-07-03,OK,OK,OK,OK,OK,OK,OK,OK,OK,OK,OK,OK,OK,OK,OK,OK,OK,OK,OK,OK
2025-07-04,OK,OK,OK,OK,OK,OK,OK,OK,OK,OK,OK,OK,OK,OK,OK,OK,OK,OK,OK,OK
2025-07-07,OK,OK,OK,OK,OK,OK,OK,OK,OK,OK,OK,OK,OK,OK,OK,OK,OK,OK,OK,OK
2025-07-08,OK,OK,OK,OK,OK,OK,OK,OK,OK,OK,OK,OK,OK,OK,OK,OK,OK,OK,OK,OK
2025-07-09,OK,OK,OK,OK,OK,OK,OK,OK,OK,OK,OK,OK,OK,OK,OK,OK,OK,OK,OK,OK
2025-07-10,OK,OK,OK,OK,OK,OK,OK,OK,OK,OK,OK,OK,OK,OK,OK,OK,OK,OK,OK,OK
2025-07-11,OK,OK,OK,OK,OK,OK,OK,OK,OK,OK,OK,OK,OK,OK,OK,OK,OK,OK,OK,OK
2025-07-14,OK,OK,OK,OK,OK,OK,OK,OK,OK,OK,OK,OK,OK,OK,OK,OK,OK,OK,OK,OK
2025-07-15,OK,OK,OK,OK,OK,OK,OK,OK,OK,OK,OK,OK,OK,OK,OK,OK,OK,OK,OK,OK
2025-07-16,OK,OK,OK,OK,OK,OK,OK,OK,OK,OK,OK,OK,OK,OK,OK,OK,OK,OK,OK,OK
2025-07-17,OK,OK,OK,OK,OK,OK,OK,OK,OK,OK,OK,OK,OK,OK,OK,OK,OK,OK,OK,OK
2025-07-18,OK,OK,OK,OK,OK,OK,OK,OK,OK,OK,OK,OK,OK,OK,OK,OK,OK,OK,OK,OK
2025-07-21,OK,OK,OK,OK,OK,OK,OK,OK,OK,OK,OK,OK,OK,OK,OK,OK,OK,OK,OK,OK
2025-07-22,OK,OK,OK,OK,OK,OK,OK,OK,OK,OK,OK,OK,OK,OK,OK,OK,OK,OK,OK,OK
2025-07-23,OK,OK,OK,OK,OK,OK,OK,OK,OK,OK,OK,OK,OK,OK,OK,OK,OK,OK,OK,OK
2025-07-24,OK,OK,OK,OK,OK,OK,OK,OK,OK,OK,OK,OK,OK,OK,OK,OK,OK,OK,OK,OK
2025-07-25,OK,OK,OK,OK,OK,OK,OK,OK,OK,OK,OK,OK,OK,OK,OK,OK,OK,OK,OK,OK
2025-07-28,OK,OK,OK,OK,OK,OK,OK,OK,OK,OK,OK,OK,OK,OK,OK,OK,OK,OK,OK,OK
2025-07-29,OK,OK,OK,OK,OK,OK,OK,OK,OK,OK,OK,OK,OK,OK,OK,OK,OK,OK,OK,OK
2025-07-30,OK,OK,OK,OK,OK,OK,OK,OK,OK,OK,OK,OK,OK,OK,OK,OK,OK,OK,OK,OK
2025-07-31,OK,OK,OK,OK,OK,OK,OK,OK,OK,OK,OK,OK,OK,OK,OK,OK,OK,OK,OK,OK
2025-08-01,OK,OK,OK,OK,OK,OK,OK,OK,OK,OK,OK,OK,OK,OK,OK,OK,OK,OK,OK,OK
2025-08-04,OK,OK,OK,OK,OK,OK,OK,OK,OK,OK,OK,OK,OK,OK,OK,OK,OK,OK,OK,OK
2025-08-05,OK,OK,OK,OK,OK,OK,OK,OK,OK,OK,OK,OK,OK,OK,OK,OK,OK,OK,OK,OK
2025-08-06,OK,OK,OK,OK,OK,OK,OK,OK,OK,OK,OK,OK,OK,OK,OK,OK,OK,OK,OK,OK
2025-08-07,OK,OK,OK,OK,OK,OK,OK,OK,OK,OK,OK,OK,OK,OK,OK,OK,OK,OK,OK,OK
2025-08-08,OK,OK,OK,OK,OK,OK,OK,OK,OK,OK,OK,OK,OK,OK,OK,OK,OK,OK,OK,OK
2025-08-11,OK,OK,OK,OK,OK,OK,OK,OK,OK,OK,OK,OK,OK,OK,OK,OK,OK,OK,OK,OK
2025-08-12,OK,OK,OK,OK,OK,OK,OK,OK,OK,OK,OK,OK,OK,OK,OK,OK,OK,OK,OK,OK
2025-08-13,OK,OK,OK,OK,OK,OK,OK,OK,OK,OK,OK,OK,OK,OK,OK,OK,OK,OK,OK,OK
2025-08-14,OK,OK,OK,OK,OK,OK,OK,OK,OK,OK,OK,OK,OK,OK,OK,OK,OK,OK,OK,OK
2025-08-15,OK,OK,OK,OK,OK,OK,OK,OK,OK,OK,OK,OK,OK,OK,OK,OK,OK,OK,OK,OK
2025-08-18,OK,OK,OK,OK,OK,OK,OK,OK,OK,OK,OK,OK,OK,OK,OK,OK,OK,OK,OK,OK
2025-08-19,OK,OK,OK,OK,OK,OK,OK,OK,OK,OK,OK,OK,OK,OK,OK,OK,OK,OK,OK,OK
2025-08-20,OK,OK,OK,OK,OK,OK,OK,OK,OK,OK,OK,OK,OK,OK,OK,OK,OK,OK,OK,OK
2025-08-21,OK,OK,OK,OK,OK,OK,OK,OK,OK,OK,OK,OK,OK,OK,OK,OK,OK,OK,OK,OK
2025-08-22,OK,OK,OK,OK,OK,OK,OK,OK,OK,OK,OK,OK,OK,OK,OK,OK,OK,OK,OK,OK
2025-08-25,OK,OK,OK,OK,OK,OK,OK,OK,OK,OK,OK,OK,OK,OK,OK,OK,OK,OK,OK,OK
2025-08-26,OK,OK,OK,OK,OK,OK,OK,OK,OK,OK,OK,OK,OK,OK,OK,OK,OK,OK,OK,OK
2025-08-27,OK,OK,OK,OK,OK,OK,OK,OK,OK,OK,OK,OK,OK,OK,OK,OK,OK,OK,OK,OK
2025-08-28,OK,OK,OK,OK,OK,OK,OK,OK,OK,OK,OK,OK,OK,OK,OK,OK,OK,OK,OK,OK
2025-08-29,OK,OK,OK,OK,OK,OK,OK,OK,OK,OK,OK,OK,OK,OK,OK,OK,OK,OK,OK,OK
2025-09-01,OK,OK,OK,OK,OK,OK,OK,OK,OK,OK,OK,OK,OK,OK,OK,OK,OK,OK,OK,OK
2025-09-02,OK,OK,OK,OK,OK,OK,OK,OK,OK,OK,OK,OK,OK,OK,OK,OK,OK,OK,OK,OK
2025-09-03,OK,OK,OK,OK,OK,OK,OK,OK,OK,OK,OK,OK,OK,OK,OK,OK,OK,OK,OK,OK
2025-09-04,OK,OK,OK,OK,OK,OK,OK,OK,OK,OK,OK,OK,OK,OK,OK,OK,OK,OK,OK,OK
2025-09-05,OK,OK,OK,OK,OK,OK,OK,OK,OK,OK,OK,OK,OK,OK,OK,OK,OK,OK,OK,OK
2025-09-08,OK,OK,OK,OK,OK,OK,OK,OK,OK,OK,OK,OK,OK,OK,OK,OK,OK,OK,OK,OK
2025-09-09,OK,OK,OK,OK,OK,OK,OK,OK,OK,OK,OK,OK,OK,OK,OK,OK,OK,OK,OK,OK
2025-09-10,OK,OK,OK,OK,OK,OK,OK,OK,OK,OK,OK,OK,OK,OK,OK,OK,OK,OK,OK,OK
2025-09-11,OK,OK,OK,OK,OK,OK,OK,OK,OK,OK,OK,OK,OK,OK,OK,OK,OK,OK,OK,OK
2025-09-12,OK,OK,OK,OK,OK,OK,OK,OK,OK,OK,OK,OK,OK,OK,OK,OK,OK,OK,OK,OK
2025-09-15,OK,OK,OK,OK,OK,OK,OK,OK,OK,OK,OK,OK,OK,OK,OK,OK,OK,OK,OK,OK
2025-09-16,OK,OK,OK,OK,OK,OK,OK,OK,OK,OK,OK,OK,OK,OK,OK,OK,OK,OK,OK,OK
2025-09-17,OK,OK,OK,OK,OK,OK,OK,OK,OK,OK,OK,OK,OK,OK,OK,OK,OK,OK,OK,OK
2025-09-18,OK,OK,OK,OK,OK,OK,OK,OK,OK,OK,OK,OK,OK,OK,OK,OK,OK,OK,OK,OK
2025-09-19,OK,OK,OK,OK,OK,OK,OK,OK,OK,OK,OK,OK,OK,OK,OK,OK,OK,OK,OK,OK
2025-09-22,OK,OK,OK,OK,OK,OK,OK,OK,OK,OK,OK,OK,OK,OK,OK,OK,OK,OK,OK,OK
2025-09-23,OK,OK,OK,OK,OK,OK,OK,OK,OK,OK,OK,OK,OK,OK,OK,OK,OK,OK,OK,OK
2025-09-24,OK,OK,OK,OK,OK,OK,OK,OK,OK,OK,OK,OK,OK,OK,OK,OK,OK,OK,OK,OK
2025-09-25,OK,OK,OK,OK,OK,OK,OK,OK,OK,OK,OK,OK,OK,OK,OK,OK,OK,OK,OK,OK
2025-09-26,OK,OK,OK,OK,OK,OK,OK,OK,OK,OK,OK,OK,OK,OK,OK,OK,OK,OK,OK,OK
2025-09-29,OK,OK,OK,OK,OK,OK,OK,OK,OK,OK,OK,OK,OK,OK,OK,OK,OK,OK,OK,OK
2025-09-30,OK,OK,OK,OK,OK,OK,OK,OK,OK,OK,OK,OK,OK,OK,OK,OK,OK,OK,OK,OK
2025-10-09,OK,OK,OK,OK,OK,OK,OK,OK,OK,OK,OK,OK,OK,OK,OK,OK,OK,OK,OK,OK
2025-10-10,OK,OK,OK,OK,OK,OK,OK,OK,OK,OK,OK,OK,OK,OK,OK,OK,OK,OK,OK,OK
2025-10-13,OK,OK,OK,OK,OK,OK,OK,OK,OK,OK,OK,OK,OK,OK,OK,OK,OK,OK,OK,OK
2025-10-14,OK,OK,OK,OK,OK,OK,OK,OK,OK,OK,OK,OK,OK,OK,OK,OK,OK,OK,OK,OK
2025-10-15,OK,OK,OK,OK,OK,OK,OK,OK,OK,OK,OK,OK,OK,OK,OK,OK,OK,OK,OK,OK
2025-10-16,OK,OK,OK,OK,OK,OK,OK,OK,OK,OK,OK,OK,OK,OK,OK,OK,OK,OK,OK,OK
2025-10-17,OK,OK,OK,OK,OK,OK,OK,OK,OK,OK,OK,OK,OK,OK,OK,OK,OK,OK,OK,OK
2025-10-20,OK,OK,OK,OK,OK,OK,OK,OK,OK,OK,OK,OK,OK,OK,OK,OK,OK,OK,OK,OK
2025-10-21,OK,OK,OK,OK,OK,OK,OK,OK,OK,OK,OK,OK,OK,OK,OK,OK,OK,OK,OK,OK
2025-10-22,OK,OK,OK,OK,OK,OK,OK,OK,OK,OK,OK,OK,OK,OK,OK,OK,OK,OK,OK,OK
2025-10-23,OK,OK,OK,OK,OK,OK,OK,OK,OK,OK,OK,OK,OK,OK,OK,OK,OK,OK,OK,OK
2025-10-24,OK,OK,OK,OK,OK,OK,OK,OK,OK,OK,OK,OK,OK,OK,OK,OK,OK,OK,OK,OK
2025-10-27,OK,OK,OK,OK,OK,OK,OK,OK,OK,OK,OK,OK,OK,OK,OK,OK,OK,OK,OK,OK
2025-10-28,OK,OK,OK,OK,OK,OK,OK,OK,OK,OK,OK,OK,OK,OK,OK,OK,OK,OK,OK,OK
2025-10-29,OK,OK,OK,OK,OK,OK,OK,OK,OK,OK,OK,OK,OK,OK,OK,OK,OK,OK,OK,OK
2025-10-30,OK,OK,OK,OK,OK,OK,OK,OK,OK,OK,OK,OK,OK,OK,OK,OK,OK,OK,OK,OK
2025-10-31,OK,OK,OK,OK,OK,OK,OK,OK,OK,OK,OK,OK,OK,OK,OK,OK,OK,OK,OK,OK
2025-11-03,OK,OK,OK,OK,OK,OK,OK,OK,OK,OK,OK,OK,OK,OK,OK,OK,OK,OK,OK,OK
2025-11-04,OK,OK,OK,OK,OK,OK,OK,OK,OK,OK,OK,OK,OK,OK,OK,OK,OK,OK,OK,OK
2025-11-05,OK,OK,OK,OK,OK,OK,OK,OK,OK,OK,OK,OK,OK,OK,OK,OK,OK,OK,OK,OK
2025-11-06,OK,OK,OK,OK,OK,OK,OK,OK,OK,OK,OK,OK,OK,OK,OK,OK,OK,OK,OK,OK
2025-11-07,OK,OK,OK,OK,OK,OK,OK,OK,OK,OK,OK,OK,OK,OK,OK,OK,OK,OK,OK,OK
2025-11-10,OK,OK,OK,OK,OK,OK,OK,OK,OK,OK,OK,OK,OK,OK,OK,OK,OK,OK,OK,OK
2025-11-11,OK,OK,OK,OK,OK,OK,OK,OK,OK,OK,OK,OK,OK,OK,OK,OK,OK,OK,OK,OK
2025-11-12,OK,OK,OK,OK,OK,OK,OK,OK,OK,OK,OK,OK,OK,OK,OK,OK,OK,OK,OK,OK
2025-11-13,OK,OK,OK,OK,OK,OK,OK,OK,OK,OK,OK,OK,OK,OK,OK,OK,OK,OK,OK,OK
2025-11-14,OK,OK,OK,OK,OK,OK,OK,OK,OK,OK,OK,OK,OK,OK,OK,OK,OK,OK,OK,OK
2025-11-17,OK,OK,OK,OK,OK,OK,OK,OK,OK,OK,OK,OK,OK,OK,OK,OK,OK,OK,OK,OK
2025-11-18,OK,OK,OK,OK,OK,OK,OK,OK,OK,OK,OK,OK,OK,OK,OK,OK,OK,OK,OK,OK
2025-11-19,OK,OK,OK,OK,OK,OK,OK,OK,OK,OK,OK,OK,OK,OK,OK,OK,OK,OK,OK,OK
2025-11-20,OK,OK,OK,OK,OK,OK,OK,OK,OK,OK,OK,OK,OK,OK,OK,OK,OK,OK,OK,OK
2025-11-21,OK,OK,OK,OK,OK,OK,OK,OK,OK,OK,OK,OK,OK,OK,OK,OK,OK,OK,OK,OK
2025-11-24,OK,OK,OK,OK,OK,OK,OK,OK,OK,OK,OK,OK,OK,OK,OK,OK,OK,OK,OK,OK
2025-11-25,OK,OK,OK,OK,OK,OK,OK,OK,OK,OK,OK,OK,OK,OK,OK,OK,OK,OK,OK,OK
2025-11-26,OK,OK,OK,OK,OK,OK,OK,OK,OK,OK,OK,OK,OK,OK,OK,OK,OK,OK,OK,OK
2025-11-27,OK,OK,OK,OK,OK,OK,OK,OK,OK,OK,OK,OK,OK,OK,OK,OK,OK,OK,OK,OK
2025-11-28,OK,OK,OK,OK,OK,OK,OK,OK,OK,OK,OK,OK,OK,OK,OK,OK,OK,OK,OK,OK
2025-12-01,OK,OK,OK,OK,OK,OK,OK,OK,OK,OK,OK,OK,OK,OK,OK,OK,OK,OK,OK,OK
2025-12-02,OK,OK,OK,OK,OK,OK,OK,OK,OK,OK,OK,OK,OK,OK,OK,OK,OK,OK,OK,OK
2025-12-03,OK,OK,OK,OK,OK,OK,OK,OK,OK,OK,OK,OK,OK,OK,OK,OK,OK,OK,OK,OK
2025-12-04,OK,OK,OK,OK,OK,OK,OK,OK,OK,OK,OK,OK,OK,OK,OK,OK,OK,OK,OK,OK
2025-12-05,OK,OK,OK,OK,OK,OK,OK,OK,OK,OK,OK,OK,OK,OK,OK,OK,OK,OK,OK,OK
2025-12-08,OK,OK,OK,OK,OK,OK,OK,OK,OK,OK,OK,OK,OK,OK,OK,OK,OK,OK,OK,OK
2025-12-09,OK,OK,OK,OK,OK,OK,OK,OK,OK,OK,OK,OK,OK,OK,OK,OK,OK,OK,OK,OK
2025-12-10,OK,OK,OK,OK,OK,OK,OK,OK,OK,OK,OK,OK,OK,OK,OK,OK,OK,OK,OK,OK
2025-12-11,OK,OK,OK,OK,OK,OK,OK,OK,OK,OK,OK,OK,OK,OK,OK,OK,OK,OK,OK,OK
2025-12-12,OK,OK,OK,OK,OK,OK,OK,OK,OK,OK,OK,OK,OK,OK,OK,OK,OK,OK,OK,OK
2025-12-15,OK,OK,OK,OK,OK,OK,OK,OK,OK,OK,OK,OK,OK,OK,OK,OK,OK,OK,OK,OK
2025-12-16,OK,OK,OK,OK,OK,OK,OK,OK,OK,OK,OK,OK,OK,OK,OK,OK,OK,OK,OK,OK
2025-12-17,OK,OK,OK,OK,OK,OK,OK,OK,OK,OK,OK,OK,OK,OK,OK,OK,OK,OK,OK,OK
2025-12-18,OK,OK,OK,OK,OK,OK,OK,OK,OK,OK,OK,OK,OK,OK,OK,OK,OK,OK,OK,OK
2025-12-19,OK,OK,OK,OK,OK,OK,OK,OK,OK,OK,OK,OK,OK,OK,OK,OK,OK,OK,OK,OK
2025-12-22,OK,OK,OK,OK,OK,OK,OK,OK,OK,OK,OK,OK,OK,OK,OK,OK,OK,OK,OK,OK
2025-12-23,OK,OK,OK,OK,OK,OK,OK,OK,OK,OK,OK,OK,OK,OK,OK,OK,OK,OK,OK,OK
2025-12-24,OK,OK,OK,OK,OK,OK,OK,OK,OK,OK,OK,OK,OK,OK,OK,OK,OK,OK,OK,OK
2025-12-25,OK,OK,OK,OK,OK,OK,OK,OK,OK,OK,OK,OK,OK,OK,OK,OK,OK,OK,OK,OK
2025-12-26,OK,OK,OK,OK,OK,OK,OK,OK,OK,OK,OK,OK,OK,OK,OK,OK,OK,OK,OK,OK
2025-12-29,OK,OK,OK,OK,OK,OK,OK,OK,OK,OK,OK,OK,OK,OK,OK,OK,OK,OK,OK,OK
2025-12-30,OK,OK,OK,OK,OK,OK,OK,OK,OK,OK,OK,OK,OK,OK,OK,OK,OK,OK,OK,OK
2025-12-31,OK,OK,OK,OK,OK,OK,OK,OK,OK,OK,OK,OK,OK,OK,OK,OK,OK,OK,OK,OK
2026-01-05,OK,OK,OK,OK,OK,OK,OK,OK,OK,OK,OK,OK,OK,OK,OK,OK,OK,OK,OK,OK
2026-01-06,OK,OK,OK,OK,OK,OK,OK,OK,OK,OK,OK,OK,OK,OK,OK,OK,OK,OK,OK,OK
2026-01-07,OK,OK,OK,OK,OK,OK,OK,OK,OK,OK,OK,OK,OK,OK,OK,OK,OK,OK,OK,OK
2026-01-08,OK,OK,OK,OK,OK,OK,OK,OK,OK,OK,OK,OK,OK,OK,OK,OK,OK,OK,OK,OK
2026-01-09,OK,OK,OK,OK,OK,OK,OK,OK,OK,OK,OK,OK,OK,OK,OK,OK,OK,OK,OK,OK
2026-01-12,OK,OK,OK,OK,OK,OK,OK,OK,OK,OK,OK,OK,OK,OK,OK,OK,OK,OK,OK,OK
2026-01-13,OK,OK,OK,OK,OK,OK,OK,OK,OK,OK,OK,OK,OK,OK,OK,OK,OK,OK,OK,OK
2026-01-14,OK,OK,OK,OK,OK,OK,OK,OK,OK,OK,OK,OK,OK,OK,OK,OK,OK,OK,OK,OK
2026-01-15,OK,OK,OK,OK,OK,OK,OK,OK,OK,OK,OK,OK,OK,OK,OK,OK,OK,OK,OK,OK
2026-01-16,OK,OK,OK,OK,OK,OK,OK,OK,OK,OK,OK,OK,OK,OK,OK,OK,OK,OK,OK,OK
2026-01-19,OK,OK,OK,OK,OK,OK,OK,OK,OK,OK,OK,OK,OK,OK,OK,OK,OK,OK,OK,OK
2026-01-20,OK,OK,OK,OK,OK,OK,OK,OK,OK,OK,OK,OK,OK,OK,OK,OK,OK,OK,OK,OK
2026-01-21,OK,OK,OK,OK,OK,OK,OK,OK,OK,OK,OK,OK,OK,OK,OK,OK,OK,OK,OK,OK
2026-01-22,OK,OK,OK,OK,OK,OK,OK,OK,OK,OK,OK,OK,OK,OK,OK,OK,OK,OK,OK,OK
2026-01-23,OK,OK,OK,OK,OK,OK,OK,OK,OK,OK,OK,OK,OK,OK,OK,OK,OK,OK,OK,OK
2026-01-26,OK,OK,OK,OK,OK,OK,OK,OK,OK,OK,OK,OK,OK,OK,OK,OK,OK,OK,OK,OK
2026-01-27,OK,OK,OK,OK,OK,OK,OK,OK,OK,OK,OK,OK,OK,OK,OK,OK,OK,OK,OK,OK
2026-01-28,OK,OK,OK,OK,OK,OK,OK,OK,OK,OK,OK,OK,OK,OK,OK,OK,OK,OK,OK,OK
2026-01-29,OK,OK,OK,OK,OK,OK,OK,OK,OK,OK,OK,OK,OK,OK,OK,OK,OK,OK,OK,OK
2026-01-30,OK,OK,OK,OK,OK,OK,OK,OK,OK,OK,OK,OK,OK,OK,OK,OK,OK,OK,OK,OK
2026-02-02,OK,OK,OK,OK,OK,OK,OK,OK,OK,OK,OK,OK,OK,OK,OK,OK,OK,OK,OK,OK
2026-02-03,OK,OK,OK,OK,OK,OK,OK,OK,OK,OK,OK,OK,OK,OK,OK,OK,OK,OK,OK,OK
2026-02-04,OK,OK,OK,OK,OK,OK,OK,OK,OK,OK,OK,OK,OK,OK,OK,OK,OK,OK,OK,OK
2026-02-05,OK,OK,OK,OK,OK,OK,OK,OK,OK,OK,OK,OK,OK,OK,OK,OK,OK,OK,OK,OK
2026-02-06,OK,OK,OK,OK,OK,OK,OK,OK,OK,OK,OK,OK,OK,OK,OK,OK,OK,OK,OK,OK
2026-02-09,OK,OK,OK,OK,OK,OK,OK,OK,OK,OK,OK,OK,OK,OK,OK,OK,OK,OK,OK,OK
2026-02-10,OK,OK,OK,OK,OK,OK,OK,OK,OK,OK,OK,OK,OK,OK,OK,OK,OK,OK,OK,OK
2026-02-11,OK,OK,OK,OK,OK,OK,OK,OK,OK,OK,OK,OK,OK,OK,OK,OK,OK,OK,OK,OK
2026-02-12,OK,OK,OK,OK,OK,OK,OK,OK,OK,OK,OK,OK,OK,OK,OK,OK,OK,OK,OK,OK
2026-02-13,OK,OK,OK,OK,OK,OK,OK,OK,OK,OK,OK,OK,OK,OK,OK,OK,OK,OK,OK,OK
2026-02-24,OK,OK,OK,OK,OK,OK,OK,OK,OK,OK,OK,OK,OK,OK,OK,OK,OK,OK,OK,OK
2026-02-25,OK,OK,OK,OK,OK,OK,OK,OK,OK,OK,OK,OK,OK,OK,OK,OK,OK,OK,OK,OK
2026-02-26,OK,OK,OK,OK,OK,OK,OK,OK,OK,OK,OK,OK,OK,OK,OK,OK,OK,OK,OK,OK
2026-02-27,OK,OK,OK,OK,OK,OK,OK,OK,OK,OK,OK,OK,OK,OK,OK,OK,OK,OK,OK,OK
2026-03-02,OK,OK,OK,OK,OK,OK,OK,OK,OK,OK,OK,OK,OK,OK,OK,OK,OK,OK,OK,OK
2026-03-03,OK,OK,OK,OK,OK,OK,OK,OK,OK,OK,OK,OK,OK,OK,OK,OK,OK,OK,OK,OK
2026-03-04,OK,OK,OK,OK,OK,OK,OK,OK,OK,OK,OK,OK,OK,OK,OK,OK,OK,OK,OK,OK
2026-03-05,OK,OK,OK,OK,OK,OK,OK,OK,OK,OK,OK,OK,OK,OK,OK,OK,OK,OK,OK,OK
2026-03-06,OK,OK,OK,OK,OK,OK,OK,OK,OK,OK,OK,OK,OK,OK,OK,OK,OK,OK,OK,OK
2026-03-09,OK,OK,OK,OK,OK,OK,OK,OK,OK,OK,OK,OK,OK,OK,OK,OK,OK,OK,OK,OK
2026-03-10,OK,OK,OK,OK,OK,OK,OK,OK,OK,OK,OK,OK,OK,OK,OK,OK,OK,OK,OK,OK
2026-03-11,OK,OK,OK,OK,OK,OK,OK,OK,OK,OK,OK,OK,OK,OK,OK,OK,OK,OK,OK,OK
2026-03-12,OK,OK,OK,OK,OK,OK,OK,OK,OK,OK,OK,OK,OK,OK,OK,OK,OK,OK,OK,OK
2026-03-13,OK,OK,OK,OK,OK,OK,OK,OK,OK,OK,OK,OK,OK,OK,OK,OK,OK,OK,OK,OK
2026-03-16,OK,OK,OK,OK,OK,OK,OK,OK,OK,OK,OK,OK,OK,OK,OK,OK,OK,OK,OK,OK
2026-03-17,OK,OK,OK,OK,OK,OK,OK,OK,OK,OK,OK,OK,OK,OK,OK,OK,OK,OK,OK,OK
2026-03-18,OK,OK,OK,OK,OK,OK,OK,OK,OK,OK,OK,OK,OK,OK,OK,OK,OK,OK,OK,OK
2026-03-19,OK,OK,OK,OK,OK,OK,OK,OK,OK,OK,OK,OK,OK,OK,OK,OK,OK,OK,OK,OK
2026-03-20,OK,OK,OK,OK,OK,OK,OK,OK,OK,OK,OK,OK,OK,OK,OK,OK,OK,OK,OK,OK
2026-03-23,OK,OK,OK,OK,OK,OK,OK,OK,OK,OK,OK,OK,OK,OK,OK,OK,OK,OK,OK,OK
2026-03-24,OK,OK,OK,OK,OK,OK,OK,OK,OK,OK,OK,OK,OK,OK,OK,OK,OK,OK,OK,OK
2026-03-25,OK,OK,OK,OK,OK,OK,OK,OK,OK,OK,OK,OK,OK,OK,OK,OK,OK,OK,OK,OK
2026-03-26,OK,OK,OK,OK,OK,OK,OK,OK,OK,OK,OK,OK,OK,OK,OK,OK,OK,OK,OK,OK
2026-03-27,OK,OK,OK,OK,OK,OK,OK,OK,OK,OK,OK,OK,OK,OK,OK,OK,OK,OK,OK,OK
2026-03-30,OK,OK,OK,OK,OK,OK,OK,OK,OK,OK,OK,OK,OK,OK,OK,OK,OK,OK,OK,OK
2026-03-31,OK,OK,OK,OK,OK,OK,OK,OK,OK,OK,OK,OK,OK,OK,OK,OK,OK,OK,OK,OK
2026-04-01,OK,OK,OK,OK,OK,OK,OK,OK,OK,OK,OK,OK,OK,OK,OK,OK,OK,OK,OK,OK
2026-04-02,OK,OK,OK,OK,OK,OK,OK,OK,OK,OK,OK,OK,OK,OK,OK,OK,OK,OK,OK,OK
2026-04-03,OK,OK,OK,OK,OK,OK,OK,OK,OK,OK,OK,OK,OK,OK,OK,OK,OK,OK,OK,OK
2026-04-07,OK,OK,OK,OK,OK,OK,OK,OK,OK,OK,OK,OK,OK,OK,OK,OK,OK,OK,OK,OK
2026-04-08,OK,OK,OK,OK,OK,OK,OK,OK,OK,OK,OK,OK,OK,OK,OK,OK,OK,OK,OK,OK
2026-04-09,OK,OK,OK,OK,OK,OK,OK,OK,OK,OK,OK,OK,OK,OK,OK,OK,OK,OK,OK,OK
2026-04-10,OK,OK,OK,OK,OK,OK,OK,OK,OK,OK,OK,OK,OK,OK,OK,OK,OK,OK,OK,OK
2026-04-13,OK,OK,OK,OK,OK,OK,OK,OK,OK,OK,OK,OK,OK,OK,OK,OK,OK,OK,OK,OK
2026-04-14,OK,OK,OK,OK,OK,OK,OK,OK,OK,OK,OK,OK,OK,OK,OK,OK,OK,OK,OK,OK
2026-04-15,OK,OK,OK,OK,OK,OK,OK,OK,OK,OK,OK,OK,OK,OK,OK,OK,OK,OK,OK,OK
2026-04-16,OK,OK,OK,OK,OK,OK,OK,OK,OK,OK,OK,OK,OK,OK,OK,OK,OK,OK,OK,OK
2026-04-17,OK,OK,OK,OK,OK,OK,OK,OK,OK,OK,OK,OK,OK,OK,OK,OK,OK,OK,OK,OK
2026-04-20,OK,OK,OK,OK,OK,OK,OK,OK,OK,OK,OK,OK,OK,OK,OK,OK,OK,OK,OK,OK
2026-04-21,OK,OK,OK,OK,OK,OK,OK,OK,OK,OK,OK,OK,OK,OK,OK,OK,OK,OK,OK,OK
2026-04-22,OK,OK,OK,OK,OK,OK,OK,OK,OK,OK,OK,OK,OK,OK,OK,OK,OK,OK,OK,OK
2026-04-23,OK,OK,OK,OK,OK,OK,OK,OK,OK,OK,OK,OK,OK,OK,OK,OK,OK,OK,OK,OK
2026-04-24,OK,OK,OK,OK,OK,OK,OK,OK,OK,OK,OK,OK,OK,OK,OK,OK,OK,OK,OK,OK
2026-04-27,OK,OK,OK,OK,OK,OK,OK,OK,OK,OK,OK,OK,OK,OK,OK,OK,OK,OK,OK,OK
2026-04-28,OK,OK,OK,OK,OK,OK,OK,OK,OK,OK,OK,OK,OK,OK,OK,OK,OK,OK,OK,OK
2026-04-29,OK,OK,OK,OK,OK,OK,OK,OK,OK,OK,OK,OK,OK,OK,OK,OK,OK,OK,OK,OK
2026-04-30,OK,OK,OK,OK,OK,OK,OK,OK,OK,OK,OK,OK,OK,OK,OK,OK,OK,OK,OK,OK
2026-05-06,OK,OK,OK,OK,OK,OK,OK,OK,OK,OK,OK,OK,OK,OK,OK,OK,OK,OK,OK,OK
2026-05-07,OK,OK,OK,OK,OK,OK,OK,OK,OK,OK,OK,OK,OK,OK,OK,OK,OK,OK,OK,OK
2026-05-08,OK,OK,OK,OK,OK,OK,OK,OK,OK,OK,OK,OK,OK,OK,OK,OK,OK,OK,OK,OK
2026-05-11,OK,OK,OK,OK,OK,OK,OK,OK,OK,OK,OK,OK,OK,OK,OK,OK,OK,OK,OK,OK
2026-05-12,OK,OK,OK,OK,OK,OK,OK,OK,OK,OK,OK,OK,OK,OK,OK,OK,OK,OK,OK,OK
2026-05-13,OK,OK,OK,OK,OK,OK,OK,OK,OK,OK,OK,OK,OK,OK,OK,OK,OK,OK,OK,OK
2026-05-14,OK,OK,OK,OK,OK,OK,OK,OK,OK,OK,OK,OK,OK,OK,OK,OK,OK,OK,OK,OK
2026-05-15,OK,OK,OK,OK,OK,OK,OK,OK,OK,OK,OK,OK,OK,OK,OK,OK,OK,OK,OK,OK
2026-05-18,OK,OK,OK,OK,OK,OK,OK,OK,OK,OK,OK,OK,OK,OK,OK,OK,OK,OK,OK,OK
2026-05-19,OK,OK,OK,OK,OK,OK,OK,OK,OK,OK,OK,OK,OK,OK,OK,OK,OK,OK,OK,OK
2026-05-20,OK,OK,OK,OK,OK,OK,OK,OK,OK,OK,OK,OK,OK,OK,OK,OK,OK,OK,OK,OK
2026-05-21,OK,OK,OK,OK,OK,OK,OK,OK,OK,OK,OK,OK,OK,OK,OK,OK,OK,OK,OK,OK
2026-05-22,OK,OK,OK,OK,OK,OK,OK,OK,OK,OK,OK,OK,OK,OK,OK,OK,OK,OK,OK,OK
2026-05-25,OK,OK,OK,OK,OK,OK,OK,OK,OK,OK,OK,OK,OK,OK,OK,OK,OK,OK,OK,OK
2026-05-26,OK,OK,OK,OK,OK,OK,OK,OK,OK,OK,OK,OK,OK,OK,OK,OK,OK,OK,OK,OK
2026-05-27,OK,OK,OK,OK,OK,OK,OK,OK,OK,OK,OK,OK,OK,OK,OK,OK,OK,OK,OK,OK
2026-05-28,OK,OK,OK,OK,OK,OK,OK,OK,OK,OK,OK,OK,OK,OK,OK,OK,OK,OK,OK,OK
2026-05-29,OK,OK,OK,OK,OK,OK,OK,OK,OK,OK,OK,OK,OK,OK,OK,OK,OK,OK,OK,OK
2026-06-01,OK,OK,OK,OK,OK,OK,OK,OK,OK,OK,OK,OK,OK,OK,OK,OK,OK,OK,OK,OK
2026-06-02,OK,OK,OK,OK,OK,OK,OK,OK,OK,OK,OK,OK,OK,OK,OK,OK,OK,OK,OK,OK
2026-06-03,OK,OK,OK,OK,OK,OK,OK,OK,OK,OK,OK,OK,OK,OK,OK,OK,OK,OK,OK,OK
2026-06-04,OK,OK,OK,OK,OK,OK,OK,OK,OK,OK,OK,OK,OK,OK,OK,OK,OK,OK,OK,OK
2026-06-05,OK,OK,OK,OK,OK,OK,OK,OK,OK,OK,OK,OK,OK,OK,OK,OK,OK,OK,OK,OK
2026-06-08,MISSING,MISSING,MISSING,MISSING,MISSING,OK,MISSING,MISSING,OK,MISSING,MISSING,MISSING,MISSING,MISSING,MISSING,MISSING,MISSING,OK,MISSING,FAIL
2026-06-09,MISSING,MISSING,MISSING,MISSING,MISSING,OK,MISSING,MISSING,OK,MISSING,MISSING,MISSING,MISSING,MISSING,MISSING,MISSING,MISSING,OK,MISSING,FAIL
2026-06-10,MISSING,MISSING,MISSING,MISSING,MISSING,OK,MISSING,MISSING,OK,MISSING,MISSING,MISSING,MISSING,MISSING,MISSING,MISSING,MISSING,OK,MISSING,FAIL
2026-06-11,MISSING,MISSING,MISSING,MISSING,MISSING,OK,MISSING,MISSING,OK,MISSING,MISSING,MISSING,MISSING,MISSING,MISSING,MISSING,MISSING,OK,MISSING,FAIL
2026-06-12,MISSING,MISSING,MISSING,MISSING,MISSING,OK,MISSING,MISSING,MISSING,MISSING,MISSING,MISSING,MISSING,MISSING,MISSING,MISSING,MISSING,MISSING,MISSING,FAIL
2026-06-15,OK,OK,OK,OK,OK,OK,OK,OK,OK,OK,OK,OK,OK,OK,OK,OK,OK,OK,OK,OK
2026-06-16,OK,OK,OK,OK,OK,OK,OK,OK,OK,OK,OK,OK,OK,OK,OK,OK,OK,OK,OK,OK
2026-06-17,OK,OK,OK,OK,OK,OK,OK,OK,OK,OK,OK,OK,OK,OK,OK,OK,OK,OK,OK,OK
2026-06-18,OK,OK,OK,OK,OK,OK,OK,OK,OK,OK,OK,OK,OK,OK,OK,OK,OK,OK,OK,OK
