date,group,period,ic,pvalue
2019-08-15,A,5,0.8928571428571429,0.006807187408935393
2019-08-22,A,5,-0.5714285714285715,0.1389599571607067
2019-08-29,A,5,0.261904761904762,0.530922861565801
2019-09-05,A,5,-0.261904761904762,0.530922861565801
2019-09-12,A,5,0.2142857142857143,0.6103444156452669
2019-09-19,A,5,0.023809523809523815,0.9553740118158807
2019-09-26,A,5,0.2380952380952381,0.5701563208157683
2019-10-10,A,5,-0.4047619047619048,0.3198886412288162
2019-10-17,A,5,-0.3571428571428572,0.3851206435562562
2019-10-24,A,5,-0.19047619047619052,0.6514014957024814
2019-10-31,A,5,-0.2380952380952381,0.5701563208157683
2019-11-07,A,5,-0.5476190476190477,0.1600256425388966
2019-11-14,A,5,0.30952380952380953,0.4556448907375822
2019-11-21,A,5,0.6904761904761906,0.057990318164572716
2019-11-28,A,5,0.016666666666666666,0.9660548039946861
2019-12-05,A,5,-0.6333333333333333,0.06708578689234565
2019-12-12,A,5,-0.18333333333333335,0.6368198117628943
2019-12-19,A,5,-0.41666666666666663,0.26458604674749614
2019-12-26,A,5,-0.13333333333333333,0.7323675052362975
2020-01-02,A,5,0.16666666666666669,0.668231040071504
2020-01-09,A,5,0.5833333333333334,0.09918581647988323
2020-01-16,A,5,0.41666666666666663,0.26458604674749614
2020-01-23,A,5,-0.5166666666666667,0.1543901209862251
2020-02-06,A,5,-0.09999999999999999,0.797971695234851
2020-02-13,A,5,-0.016666666666666666,0.9660548039946861
2020-02-20,A,5,0.2333333333333333,0.5456987782182727
2020-02-27,A,5,0.41666666666666663,0.26458604674749614
2020-03-05,A,5,-0.25,0.5164895523012262
2020-03-12,A,5,0.09999999999999999,0.797971695234851
2020-03-19,A,5,-0.2333333333333333,0.5456987782182727
2020-03-26,A,5,0.43333333333333335,0.24395243588005167
2020-04-02,A,5,-0.7333333333333334,0.02455415007146968
2020-04-09,A,5,-0.5499999999999999,0.12497678418833198
2020-04-16,A,5,-0.6,0.0876228290414024
2020-04-23,A,5,0.4666666666666666,0.20538635110581185
2020-04-30,A,5,0.11666666666666665,0.7650079429261462
2020-05-07,A,5,-0.6333333333333333,0.06708578689234565
2020-05-14,A,5,0.049999999999999996,0.8983528043506301
2020-05-21,A,5,0.19999999999999998,0.6059012741795533
2020-05-28,A,5,-0.049999999999999996,0.8983528043506301
2020-06-04,A,5,-0.3,0.4328453267094823
2020-06-11,A,5,-0.65,0.05807305801714865
2020-06-18,A,5,-0.049999999999999996,0.8983528043506301
2020-07-02,A,5,0.45,0.2242161074923366
2020-07-09,A,5,0.25,0.5164895523012262
2020-07-16,A,5,-0.33333333333333337,0.38071318167686347
2020-07-23,A,5,0.39999999999999997,0.2861051019083129
2020-07-30,A,5,-0.41666666666666663,0.26458604674749614
2020-08-06,A,5,0.43333333333333335,0.24395243588005167
2020-08-13,A,5,0.31666666666666665,0.4063970144863861
2020-08-20,A,5,0.38333333333333336,0.30849527238037144
2020-08-27,A,5,-0.4666666666666666,0.20538635110581185
2020-09-03,A,5,-0.2833333333333333,0.46003032896571994
2020-09-10,A,5,0.016666666666666666,0.9660548039946861
2020-09-17,A,5,0.38333333333333336,0.30849527238037144
2020-09-24,A,5,0.15,0.7000942309691419
2020-10-15,A,5,0.2833333333333333,0.46003032896571994
2020-10-22,A,5,0.016666666666666666,0.9660548039946861
2020-10-29,A,5,0.049999999999999996,0.8983528043506301
2020-11-05,A,5,-0.45,0.2242161074923366
2020-11-12,A,5,-0.31666666666666665,0.4063970144863861
2020-11-19,A,5,-0.5833333333333334,0.09918581647988323
2020-11-26,A,5,0.6833333333333333,0.04244227208707231
2020-12-03,A,5,0.16666666666666669,0.668231040071504
2020-12-10,A,5,-0.38333333333333336,0.30849527238037144
2020-12-17,A,5,-0.6666666666666667,0.04986723056888511
2020-12-24,A,5,-0.016666666666666666,0.9660548039946861
2020-12-31,A,5,-0.7666666666666667,0.01594401657897401
2021-01-07,A,5,0.8666666666666667,0.0024953982859902053
2021-01-14,A,5,-0.08333333333333334,0.831214097710308
2021-01-21,A,5,0.7,0.03576957497026169
2021-01-28,A,5,-0.5,0.17047066078705375
2021-02-04,A,5,-0.41666666666666663,0.26458604674749614
2021-02-18,A,5,0.48333333333333334,0.18746985521554207
2021-02-25,A,5,0.16666666666666669,0.668231040071504
2021-03-04,A,5,-0.15,0.7000942309691419
2021-03-11,A,5,0.06666666666666667,0.8646897846262037
2021-03-18,A,5,0.5833333333333334,0.09918581647988323
2021-03-25,A,5,0.6333333333333333,0.06708578689234565
2021-04-01,A,5,0.9333333333333332,0.00023589981215941676
2021-04-08,A,5,0.3,0.4328453267094823
2021-04-15,A,5,-0.13333333333333333,0.7323675052362975
2021-04-22,A,5,-0.7999999999999999,0.00962792472537983
2021-04-29,A,5,0.0303030303030303,0.9337729580941466
2021-05-06,A,5,0.23636363636363633,0.5108853175152002
2021-05-13,A,5,0.12727272727272726,0.7260570147627894
2021-05-20,A,5,0.48181818181818187,0.1334338382568288
2021-05-27,A,5,0.33636363636363636,0.3118243139003863
2021-06-03,A,5,-0.26363636363636367,0.4334407376116145
2021-06-10,A,5,-0.9090909090909091,0.00010559337630360869
2021-06-17,A,5,-0.21818181818181823,0.519248247554982
2021-06-24,A,5,-0.13636363636363638,0.689309020586362
2021-07-01,A,5,-0.5454545454545455,0.08265095734417506
2021-07-08,A,5,-0.16363636363636366,0.6306852146425357
2021-07-15,A,5,-0.6454545454545455,0.03196279932801745
2021-07-22,A,5,-0.7202797202797203,0.008239768712338441
2021-07-29,A,5,-0.006993006993006993,0.9827917689028476
2021-08-05,A,5,0.6153846153846154,0.03316990109010588
2021-08-12,A,5,-0.4685314685314686,0.124454791188834
2021-08-19,A,5,-0.2797202797202798,0.37856866966230307
2021-08-26,A,5,-0.5664335664335665,0.05484211977540786
2021-09-02,A,5,0.2867132867132868,0.36625146058358227
2021-09-09,A,5,-0.08391608391608392,0.7954145018538977
2021-09-16,A,5,0.7972027972027973,0.0019003677255282707
2021-09-23,A,5,0.027972027972027972,0.9312343512018808
2021-09-30,A,5,-0.1258741258741259,0.6966831093957659
2021-10-14,A,5,0.2867132867132868,0.36625146058358227
2021-10-21,A,5,-0.6363636363636365,0.026096891052703127
2021-10-28,A,5,0.0,1.0
2021-11-04,A,5,0.3636363636363637,0.2452650007307772
2021-11-11,A,5,-0.11188811188811189,0.729194990751066
2021-11-18,A,5,0.3076923076923077,0.3305892594121097
2021-11-25,A,5,0.3216783216783217,0.30790987618065263
2021-12-02,A,5,0.5244755244755246,0.08001937592027472
2021-12-09,A,5,0.09090909090909093,0.7787253962454419
2021-12-16,A,5,-0.43356643356643365,0.1591057694121953
2021-12-23,A,5,-0.4265734265734266,0.16669998762494498
2021-12-30,A,5,-0.7412587412587414,0.005801150474478243
2022-01-06,A,5,0.2797202797202798,0.37856866966230307
2022-01-13,A,5,-0.1328671328671329,0.6805975082860818
2022-01-20,A,5,0.44055944055944063,0.15173503571673022
2022-01-27,A,5,-0.34965034965034975,0.2652387868927897
2022-02-10,A,5,-0.013986013986013986,0.9655902689187795
2022-02-17,A,5,0.034965034965034975,0.9140933424107598
2022-02-24,A,5,-0.4545454545454546,0.13765791634772945
2022-03-03,A,5,-0.15384615384615385,0.6330906812462618
2022-03-10,A,5,0.5174825174825175,0.08486877113393493
2022-03-17,A,5,0.2447552447552448,0.4432619364501832
2022-03-24,A,5,0.2937062937062937,0.35414764123292175
2022-03-31,A,5,-0.4265734265734266,0.16669998762494498
2022-04-07,A,5,-0.2867132867132868,0.36625146058358227
2022-04-14,A,5,0.34965034965034975,0.2652387868927897
2022-04-21,A,5,-0.25874125874125875,0.41677476889913845
2022-04-28,A,5,0.7692307692307694,0.0034464502618274493
2022-05-05,A,5,0.8601398601398602,0.0003316683391269209
2022-05-12,A,5,-0.5944055944055945,0.04152149441031855
2022-05-19,A,5,0.04553422044199251,0.8882523316528931
2022-05-26,A,5,-0.5104895104895105,0.08991373630263913
2022-06-02,A,5,0.44055944055944063,0.15173503571673022
2022-06-09,A,5,-0.8111888111888113,0.0013633152527271922
2022-06-16,A,5,-0.4755244755244756,0.11817595701303213
2022-06-23,A,5,0.4055944055944056,0.19083587400450033
2022-06-30,A,5,-0.3426573426573427,0.27556745095678037
2022-07-07,A,5,-0.1188811188811189,0.712884219214772
2022-07-14,A,5,0.5874125874125874,0.044609296463363105
2022-07-21,A,5,-0.16783216783216784,0.602099427786538
2022-07-28,A,5,-0.34965034965034975,0.2652387868927897
2022-08-04,A,5,-0.16083916083916086,0.6175234895401425
2022-08-11,A,5,0.06993006993006995,0.8290236405313092
2022-08-18,A,5,0.665934065934066,0.00932299909684176
2022-08-25,A,5,0.3406593406593406,0.23331605103682404
2022-09-01,A,5,0.5868131868131868,0.02738437553108774
2022-09-08,A,5,-0.4065934065934066,0.14910193900151342
2022-09-15,A,5,0.0945054945054945,0.7479382611415478
2022-09-22,A,5,-0.12967032967032965,0.6586192763211781
2022-09-29,A,5,0.5604395604395604,0.03710447700407433
2022-10-13,A,5,0.23076923076923075,0.4273358616774501
2022-10-20,A,5,-0.04175824175824176,0.8872869731890637
2022-10-27,A,5,-0.15604395604395604,0.594234700580851
2022-11-03,A,5,0.3318681318681319,0.24637718314961166
2022-11-10,A,5,-0.10341040360993106,0.7249905123330244
2022-11-17,A,5,0.5384615384615385,0.04697614585955518
2022-11-24,A,5,-0.4197802197802198,0.13510107382914271
2022-12-01,A,5,-0.7150719398559063,0.004044757019757849
2022-12-08,A,5,-0.5252747252747253,0.05374750176788299
2022-12-15,A,5,-0.6527472527472528,0.01138457399795419
2022-12-22,A,5,0.6527472527472528,0.01138457399795419
2022-12-29,A,5,-0.15164835164835166,0.6047905984521367
2023-01-05,A,5,0.6615384615384616,0.009975179240423711
2023-01-12,A,5,-0.09010989010989012,0.7593388378159541
2023-01-19,A,5,0.3538461538461538,0.21453987088124626
2023-02-02,A,5,0.2043956043956044,0.4833462230422234
2023-02-09,A,5,0.3054945054945055,0.2881698858754571
2023-02-16,A,5,0.432967032967033,0.12201000596848026
2023-02-23,A,5,-0.5428571428571429,0.044863966439248656
2023-03-02,A,5,0.1824175824175824,0.5325088185186945
2023-03-09,A,5,-0.4021978021978022,0.15397442954140356
2023-03-16,A,5,-0.48571428571428577,0.07827588645863329
2023-03-23,A,5,0.24835164835164836,0.39191953893845743
2023-03-30,A,5,-0.5604395604395604,0.03710447700407433
2023-04-06,A,5,0.3758241758241759,0.18541002869712303
2023-04-13,A,5,-0.665934065934066,0.00932299909684176
2023-04-20,A,5,0.6263736263736264,0.016541935428871182
2023-04-27,A,5,-0.0989010989010989,0.7365853699253172
2023-05-04,A,5,0.2835164835164835,0.32596594744177265
2023-05-11,A,5,0.4153846153846154,0.1396659475175257
2023-05-18,A,5,0.17362637362637365,0.5527669411422413
2023-05-25,A,5,0.46373626373626364,0.09487633150889971
2023-06-01,A,5,0.5164835164835165,0.05863716344127844
2023-06-08,A,5,-0.4901098901098901,0.07522006672685848
2023-06-15,A,5,0.02417582417582418,0.9346189946036425
2023-06-29,A,5,0.17381748691882032,0.5523230858668633
2023-07-06,A,5,0.1076923076923077,0.7140308087262492
2023-07-13,A,5,0.04175824175824176,0.8872869731890637
2023-07-20,A,5,-0.35357142857142854,0.1960716784341988
2023-07-27,A,5,0.017857142857142853,0.9496353041738621
2023-08-03,A,5,-0.07857142857142857,0.7807545523090464
2023-08-10,A,5,0.1714285714285714,0.5412721760996331
2023-08-17,A,5,0.0,1.0
2023-08-24,A,5,0.475,0.07357086204591354
2023-08-31,A,5,0.12857142857142856,0.6479163294665075
2023-09-07,A,5,-0.15,0.5936302027425882
2023-09-14,A,5,-0.28571428571428564,0.3019363513225493
2023-09-21,A,5,0.5392857142857141,0.03802165626355798
2023-09-28,A,5,0.075,0.7905107941552678
2023-10-12,A,5,-0.18214285714285713,0.5158816817070392
2023-10-19,A,5,-0.09999999999999999,0.7228973252791182
2023-10-26,A,5,0.2071428571428571,0.4588428049634704
2023-11-02,A,5,0.3321428571428571,0.2264717590707243
2023-11-09,A,5,0.3285714285714285,0.23180969720615968
2023-11-16,A,5,0.1464285714285714,0.602549920983054
2023-11-23,A,5,0.22142857142857136,0.42771371901637
2023-11-30,A,5,-0.11785714285714284,0.6757115292213043
2023-12-07,A,5,-0.0964285714285714,0.7324528633867308
2023-12-14,A,5,0.5928571428571427,0.01984642197018114
2023-12-21,A,5,0.5285714285714286,0.04279728930945035
2023-12-28,A,5,-0.42499999999999993,0.11429547548052224
2024-01-04,A,5,-0.532142857142857,0.041158580386934415
2024-01-11,A,5,-0.3285714285714285,0.23180969720615968
2024-01-18,A,5,0.1607142857142857,0.5671967045803448
2024-01-25,A,5,-0.532142857142857,0.041158580386934415
2024-02-01,A,5,0.6714285714285713,0.0061277667888201
2024-02-08,A,5,-0.4392857142857142,0.10136057119347244
2024-02-22,A,5,0.47857142857142854,0.07113080825563321
2024-02-29,A,5,-0.41785714285714276,0.1211725360218785
2024-03-07,A,5,-0.49329778410998365,0.061682295978876436
2024-03-14,A,5,-0.5,0.05769884126896001
2024-03-21,A,5,0.43214285714285705,0.10769303754639799
2024-03-28,A,5,-0.7785714285714285,0.0006273501294803568
2024-04-11,A,5,-0.09411764705882353,0.7288144270239805
2024-04-18,A,5,0.33529411764705885,0.20425458084551512
2024-04-25,A,5,0.3588235294117647,0.17230386289263244
2024-05-09,A,5,-0.5117647058823529,0.042723448163331776
2024-05-16,A,5,0.047058823529411764,0.8626036946668731
2024-05-23,A,5,0.2735294117647059,0.3053231563074052
2024-05-30,A,5,0.10588235294117648,0.6963341050381157
2024-06-06,A,5,0.0411764705882353,0.8796536149318311
2024-06-13,A,5,-0.25588235294117645,0.33878990807124576
2024-06-20,A,5,0.3058823529411765,0.24925429892891857
2024-06-27,A,5,-0.08529411764705883,0.7534650694747832
2024-07-04,A,5,-0.14411764705882352,0.5943782881736932
2024-07-11,A,5,-0.13529411764705881,0.6173674089706418
2024-07-18,A,5,0.34411764705882353,0.19185563142554293
2024-07-25,A,5,0.15882352941176472,0.5568612810855389
2024-08-01,A,5,0.0029411764705882353,0.9913748045563624
2024-08-08,A,5,0.3058823529411765,0.24925429892891857
2024-08-15,A,5,0.25588235294117645,0.33878990807124576
2024-08-22,A,5,-0.12941176470588234,0.63288233246826
2024-08-29,A,5,0.12941176470588234,0.63288233246826
2024-09-05,A,5,-0.22647058823529412,0.3989829266412891
2024-09-12,A,5,-0.29411764705882354,0.268846554622893
2024-09-19,A,5,0.044117647058823525,0.8711220048065985
2024-09-26,A,5,-0.17941176470588235,0.5061395399904385
2024-10-10,A,5,-0.2411764705882353,0.36820660804263405
2024-10-17,A,5,-0.3205882352941176,0.22604542220798235
2024-10-24,A,5,-0.788235294117647,0.0002864656823918493
2024-10-31,A,5,-0.1176470588235294,0.6643410791623536
2024-11-07,A,5,-0.08529411764705883,0.7534650694747832
2024-11-14,A,5,0.6411764705882352,0.007434419082533942
2024-11-21,A,5,0.07941176470588236,0.770025319039825
2024-11-28,A,5,-0.2441176470588235,0.3622134961419501
2024-12-05,A,5,0.07647058823529412,0.7783409809607029
2024-12-12,A,5,0.0588235294117647,0.8286807500332258
2024-12-19,A,5,-0.10882352941176471,0.688288293957414
2019-08-15,A,10,0.5,0.25316999510032273
2019-08-22,A,10,-0.38095238095238104,0.3518125531175647
2019-08-29,A,10,0.4523809523809524,0.260404767436885
2019-09-05,A,10,-0.09523809523809526,0.8225054302036114
2019-09-12,A,10,0.5000000000000001,0.20703124999999997
2019-09-19,A,10,0.04761904761904763,0.9108491685195836
2019-09-26,A,10,0.1666666666666667,0.693238811728395
2019-10-10,A,10,-0.30952380952380953,0.4556448907375822
2019-10-17,A,10,-0.4047619047619048,0.3198886412288162
2019-10-24,A,10,-0.5952380952380953,0.11952980613879262
2019-10-31,A,10,-0.6190476190476191,0.1017330374542646
2019-11-07,A,10,-0.2380952380952381,0.5701563208157683
2019-11-14,A,10,0.6904761904761906,0.057990318164572716
2019-11-21,A,10,0.28571428571428575,0.4927262450169573
2019-11-28,A,10,-0.21666666666666667,0.5755148957119259
2019-12-05,A,10,-0.5666666666666667,0.11163298761149111
2019-12-12,A,10,-0.19999999999999998,0.6059012741795533
2019-12-19,A,10,-0.7333333333333334,0.02455415007146968
2019-12-26,A,10,-0.31666666666666665,0.4063970144863861
2020-01-02,A,10,0.016666666666666666,0.9660548039946861
2020-01-09,A,10,0.48333333333333334,0.18746985521554207
2020-01-16,A,10,-0.049999999999999996,0.8983528043506301
2020-01-23,A,10,-0.3666666666666667,0.33173980143301507
2020-02-06,A,10,-0.15,0.7000942309691419
2020-02-13,A,10,0.0,1.0
2020-02-20,A,10,0.4666666666666666,0.20538635110581185
2020-02-27,A,10,-0.03333333333333333,0.9321567355405039
2020-03-05,A,10,-0.21666666666666667,0.5755148957119259
2020-03-12,A,10,0.39999999999999997,0.2861051019083129
2020-03-19,A,10,-0.19999999999999998,0.6059012741795533
2020-03-26,A,10,-0.11666666666666665,0.7650079429261462
2020-04-02,A,10,-0.5,0.17047066078705375
2020-04-09,A,10,-0.75,0.019942126131992522
2020-04-16,A,10,0.049999999999999996,0.8983528043506301
2020-04-23,A,10,0.26666666666666666,0.4879222748387009
2020-04-30,A,10,-0.35,0.35581957250178886
2020-05-07,A,10,-0.7833333333333333,0.012519873019449882
2020-05-14,A,10,0.33333333333333337,0.38071318167686347
2020-05-21,A,10,-0.11666666666666665,0.7650079429261462
2020-05-28,A,10,-0.13333333333333333,0.7323675052362975
2020-06-04,A,10,-0.3,0.4328453267094823
2020-06-11,A,10,-0.38333333333333336,0.30849527238037144
2020-06-18,A,10,0.7833333333333333,0.012519873019449882
2020-07-02,A,10,-0.2333333333333333,0.5456987782182727
2020-07-09,A,10,0.11666666666666665,0.7650079429261462
2020-07-16,A,10,-0.3666666666666667,0.33173980143301507
2020-07-23,A,10,-0.15,0.7000942309691419
2020-07-30,A,10,-0.016666666666666666,0.9660548039946861
2020-08-06,A,10,0.45,0.2242161074923366
2020-08-13,A,10,0.45,0.2242161074923366
2020-08-20,A,10,0.33333333333333337,0.38071318167686347
2020-08-27,A,10,-0.26666666666666666,0.4879222748387009
2020-09-03,A,10,0.18333333333333335,0.6368198117628943
2020-09-10,A,10,0.3,0.4328453267094823
2020-09-17,A,10,0.2833333333333333,0.46003032896571994
2020-09-24,A,10,-0.3,0.4328453267094823
2020-10-15,A,10,-0.03333333333333333,0.9321567355405039
2020-10-22,A,10,0.09999999999999999,0.797971695234851
2020-10-29,A,10,-0.08333333333333334,0.831214097710308
2020-11-05,A,10,-0.5833333333333334,0.09918581647988323
2020-11-12,A,10,-0.43333333333333335,0.24395243588005167
2020-11-19,A,10,0.06666666666666667,0.8646897846262037
2020-11-26,A,10,0.5666666666666667,0.11163298761149111
2020-12-03,A,10,0.08333333333333334,0.831214097710308
2020-12-10,A,10,-0.7166666666666667,0.02981803569584528
2020-12-17,A,10,-0.6833333333333333,0.04244227208707231
2020-12-24,A,10,-0.5499999999999999,0.12497678418833198
2020-12-31,A,10,0.18333333333333335,0.6368198117628943
2021-01-07,A,10,0.9500000000000001,8.762523965086177e-05
2021-01-14,A,10,0.15,0.7000942309691419
2021-01-21,A,10,0.45,0.2242161074923366
2021-01-28,A,10,-0.5499999999999999,0.12497678418833198
2021-02-04,A,10,0.26666666666666666,0.4879222748387009
2021-02-18,A,10,0.5833333333333334,0.09918581647988323
2021-02-25,A,10,-0.5666666666666667,0.11163298761149111
2021-03-04,A,10,-0.21666666666666667,0.5755148957119259
2021-03-11,A,10,0.09999999999999999,0.797971695234851
2021-03-18,A,10,0.8833333333333333,0.0015905004234978686
2021-03-25,A,10,0.9166666666666666,0.0005066190663052084
2021-04-01,A,10,0.9333333333333332,0.00023589981215941676
2021-04-08,A,10,-0.15,0.7000942309691419
2021-04-15,A,10,-0.38333333333333336,0.30849527238037144
2021-04-22,A,10,-0.48333333333333334,0.18746985521554207
2021-04-29,A,10,0.09090909090909088,0.8027717312071619
2021-05-06,A,10,0.04242424242424241,0.907363817812816
2021-05-13,A,10,0.6242424242424242,0.053717767217167395
2021-05-20,A,10,-0.009090909090909092,0.9788365001441937
2021-05-27,A,10,0.06363636363636364,0.8525390725425217
2021-06-03,A,10,-0.21818181818181823,0.519248247554982
2021-06-10,A,10,-0.7000000000000001,0.01647097883651441
2021-06-17,A,10,-0.11818181818181818,0.72928477951978
2021-06-24,A,10,-0.5,0.11730680301423815
2021-07-01,A,10,-0.5,0.11730680301423815
2021-07-08,A,10,-0.43636363636363645,0.1796648765800112
2021-07-15,A,10,-0.6363636363636364,0.03528698122006228
2021-07-22,A,10,-0.7062937062937064,0.010245193941127854
2021-07-29,A,10,0.06993006993006995,0.8290236405313092
2021-08-05,A,10,0.37762237762237766,0.22620604493502663
2021-08-12,A,10,-0.6153846153846154,0.03316990109010588
2021-08-19,A,10,-0.5594405594405596,0.05858947538856762
2021-08-26,A,10,-0.20979020979020982,0.5128409431818262
2021-09-02,A,10,0.44755244755244755,0.14458630130334754
2021-09-09,A,10,0.5454545454545455,0.06661188226688902
2021-09-16,A,10,0.7482517482517484,0.005124081698753058
2021-09-23,A,10,0.1398601398601399,0.6646331617926677
2021-09-30,A,10,0.3916083916083916,0.2080634636953532
2021-10-14,A,10,0.013986013986013986,0.9655902689187795
2021-10-21,A,10,-0.17482517482517487,0.5868236643627043
2021-10-28,A,10,0.22377622377622378,0.48445166145539886
2021-11-04,A,10,0.4125874125874127,0.18256397857316675
2021-11-11,A,10,0.1328671328671329,0.6805975082860818
2021-11-18,A,10,0.44755244755244755,0.14458630130334754
2021-11-25,A,10,0.2937062937062937,0.35414764123292175
2021-12-02,A,10,0.32867132867132864,0.2969041156887642
2021-12-09,A,10,-0.1328671328671329,0.6805975082860818
2021-12-16,A,10,-0.6713286713286714,0.016831456186893395
2021-12-23,A,10,-0.8461538461538463,0.000521133700481005
2021-12-30,A,10,-0.1398601398601399,0.6646331617926677
2022-01-06,A,10,-0.18881118881118883,0.5567370561768314
2022-01-13,A,10,0.013986013986013986,0.9655902689187795
2022-01-20,A,10,-0.07692307692307693,0.8121826980280591
2022-01-27,A,10,0.11188811188811189,0.729194990751066
2022-02-10,A,10,0.07692307692307693,0.8121826980280591
2022-02-17,A,10,-0.006993006993006993,0.9827917689028476
2022-02-24,A,10,-0.4685314685314686,0.124454791188834
2022-03-03,A,10,0.1188811188811189,0.712884219214772
2022-03-10,A,10,0.27272727272727276,0.3910967709418962
2022-03-17,A,10,0.3216783216783217,0.30790987618065263
2022-03-24,A,10,0.32867132867132864,0.2969041156887642
2022-03-31,A,10,-0.16083916083916086,0.6175234895401425
2022-04-07,A,10,-0.2657342657342658,0.40383308831471165
2022-04-14,A,10,-0.16783216783216784,0.602099427786538
2022-04-21,A,10,0.4685314685314686,0.124454791188834
2022-04-28,A,10,0.5944055944055945,0.04152149441031855
2022-05-05,A,10,0.6293706293706295,0.02831967129576002
2022-05-12,A,10,-0.32867132867132864,0.2969041156887642
2022-05-19,A,10,-0.6503496503496504,0.022034190932365288
2022-05-26,A,10,-0.4825174825174825,0.11210929146889191
2022-06-02,A,10,0.16783216783216784,0.602099427786538
2022-06-09,A,10,-0.3846153846153847,0.21702022575997748
2022-06-16,A,10,0.2377622377622378,0.4568008526399232
2022-06-23,A,10,-0.027972027972027972,0.9312343512018808
2022-06-30,A,10,-0.4895104895104896,0.106252371759346
2022-07-07,A,10,0.6293706293706295,0.02831967129576002
2022-07-14,A,10,0.4055944055944056,0.19083587400450033
2022-07-21,A,10,-0.41958041958041964,0.1745190081300594
2022-07-28,A,10,-0.034965034965034975,0.9140933424107598
2022-08-04,A,10,-0.07692307692307693,0.8121826980280591
2022-08-11,A,10,0.7412587412587414,0.005801150474478243
2022-08-18,A,10,0.6527472527472528,0.01138457399795419
2022-08-25,A,10,0.12087912087912088,0.6806070200628929
2022-09-01,A,10,0.27722789052875135,0.33727080641669405
2022-09-08,A,10,-0.1032967032967033,0.725282211088945
2022-09-15,A,10,0.21318681318681318,0.4643028200397442
2022-09-22,A,10,-0.04615384615384615,0.8755025376321142
2022-09-29,A,10,0.21318681318681318,0.4643028200397442
2022-10-13,A,10,0.26153846153846155,0.3664111370667421
2022-10-20,A,10,-0.02857142857142857,0.9227613765698746
2022-10-27,A,10,0.5384615384615385,0.04697614585955518
2022-11-03,A,10,0.1252747252747253,0.6695823965448444
2022-11-10,A,10,0.2967032967032967,0.30296672383870205
2022-11-17,A,10,0.2923076923076923,0.3105263203858819
2022-11-24,A,10,-0.4065934065934066,0.14910193900151342
2022-12-01,A,10,-0.7406593406593407,0.002445197640446019
2022-12-08,A,10,-0.6791208791208792,0.0075622570311454805
2022-12-15,A,10,-0.08131868131868132,0.7822747512440957
2022-12-22,A,10,0.4681318681318682,0.09137636506833116
2022-12-29,A,10,-0.5252747252747253,0.05374750176788299
2023-01-05,A,10,0.4593406593406593,0.09846837616829027
2023-01-12,A,10,0.3450549450549451,0.22694868004170046
2023-01-19,A,10,0.2043956043956044,0.4833462230422234
2023-02-02,A,10,0.3318681318681319,0.24637718314961166
2023-02-09,A,10,0.35824175824175825,0.2084981247907672
2023-02-16,A,10,-0.4681318681318682,0.09137636506833116
2023-02-23,A,10,-0.26593406593406593,0.3581134003647861
2023-03-02,A,10,-0.4065934065934066,0.14910193900151342
2023-03-09,A,10,-0.6307692307692307,0.01557822427277127
2023-03-16,A,10,-0.2835164835164835,0.32596594744177265
2023-03-23,A,10,-0.5648351648351648,0.03533018486755279
2023-03-30,A,10,-0.5164835164835165,0.05863716344127844
2023-04-06,A,10,-0.07692307692307693,0.7938058883554533
2023-04-13,A,10,0.5780219780219781,0.030383014145236965
2023-04-20,A,10,0.1384615384615385,0.6368849912650183
2023-04-27,A,10,-0.0945054945054945,0.7479382611415478
2023-05-04,A,10,-0.12967032967032965,0.6586192763211781
2023-05-11,A,10,0.5164835164835165,0.05863716344127844
2023-05-18,A,10,0.4769230769230769,0.0846484341946868
2023-05-25,A,10,0.2967032967032967,0.30296672383870205
2023-06-01,A,10,-0.01978021978021978,0.9464892274080114
2023-06-08,A,10,-0.1912087912087912,0.5125839704707784
2023-06-15,A,10,0.23076923076923075,0.4273358616774501
2023-06-29,A,10,0.4813186813186813,0.08141829504280494
2023-07-06,A,10,0.0857142857142857,0.7707850311186757
2023-07-13,A,10,-0.002197802197802198,0.9940505286658998
2023-07-20,A,10,-0.09285714285714285,0.742045009907367
2023-07-27,A,10,0.024999999999999998,0.9295289708192378
2023-08-03,A,10,-0.03214285714285714,0.9094621170945906
2023-08-10,A,10,0.2607142857142857,0.34797945986279355
2023-08-17,A,10,0.5499999999999999,0.033655357815007086
2023-08-24,A,10,0.175,0.5327481481378592
2023-08-31,A,10,0.175,0.5327481481378592
2023-09-07,A,10,-0.2678571428571428,0.3344436005123538
2023-09-14,A,10,0.07142857142857141,0.8002959873970544
2023-09-21,A,10,0.2821428571428571,0.30828445682005556
2023-09-28,A,10,-0.05357142857142857,0.8496099367776072
2023-10-12,A,10,0.25357142857142856,0.3618161038158896
2023-10-19,A,10,-0.049999999999999996,0.859540943467457
2023-10-26,A,10,-0.049999999999999996,0.859540943467457
2023-11-02,A,10,0.41785714285714276,0.1211725360218785
2023-11-09,A,10,0.039285714285714285,0.8894459296739485
2023-11-16,A,10,0.2607142857142857,0.34797945986279355
2023-11-23,A,10,-0.3321428571428571,0.2264717590707243
2023-11-30,A,10,-0.3857142857142856,0.1556307945859602
2023-12-07,A,10,0.3607142857142856,0.18655437415416354
2023-12-14,A,10,0.6249999999999999,0.012727453511233668
2023-12-21,A,10,0.18214285714285713,0.5158816817070392
2023-12-28,A,10,-0.5142857142857142,0.04983923347142065
2024-01-04,A,10,-0.34642857142857136,0.2058959920935512
2024-01-11,A,10,-0.14285714285714282,0.6115222287644655
2024-01-18,A,10,-0.4428571428571427,0.0982940655468714
2024-01-25,A,10,-0.41785714285714276,0.1211725360218785
2024-02-01,A,10,0.42499999999999993,0.11429547548052224
2024-02-08,A,10,0.3428571428571428,0.21092379341475206
2024-02-22,A,10,0.13928571428571426,0.6205460876279014
2024-02-29,A,10,-0.049999999999999996,0.859540943467457
2024-03-07,A,10,-0.3178571428571428,0.24829056581701822
2024-03-14,A,10,0.13928571428571426,0.6205460876279014
2024-03-21,A,10,0.34642857142857136,0.2058959920935512
2024-03-28,A,10,-0.6035714285714285,0.01720013806879533
2024-04-11,A,10,0.06470588235294117,0.8118214513105935
2024-04-18,A,10,0.5735294117647058,0.020191038046523092
2024-04-25,A,10,-0.07352941176470588,0.7866792491258565
2024-05-09,A,10,-0.25,0.3503914791072017
2024-05-16,A,10,0.08823529411764705,0.7452220943671326
2024-05-23,A,10,0.2588235294117647,0.3330723066336081
2024-05-30,A,10,0.7029411764705883,0.002386952669300933
2024-06-06,A,10,-0.15294117647058825,0.5717446192454616
2024-06-13,A,10,-0.07941176470588236,0.770025319039825
2024-06-20,A,10,0.032352941176470584,0.9053195187918449
2024-06-27,A,10,-0.17352941176470588,0.5204075144487408
2024-07-04,A,10,0.02941176470588235,0.9138955872505001
2024-07-11,A,10,0.1647058823529412,0.5421481352010779
2024-07-18,A,10,0.7176470588235294,0.0017475350604702381
2024-07-25,A,10,0.1486387451705782,0.5827355195664735
2024-08-01,A,10,0.21764705882352942,0.41808684161130294
2024-08-08,A,10,0.4323529411764706,0.09442103753478695
2024-08-15,A,10,0.032352941176470584,0.9053195187918449
2024-08-22,A,10,0.10882352941176471,0.688288293957414
2024-08-29,A,10,0.28823529411764703,0.27898445973708325
2024-09-05,A,10,-0.488235294117647,0.05501502977813759
2024-09-12,A,10,-0.3411764705882353,0.1959326248678891
2024-09-19,A,10,-0.26176470588235295,0.3274104118125859
2024-09-26,A,10,-0.19999999999999998,0.45768790507519974
2024-10-10,A,10,-0.6441176470588235,0.007081524086582877
2024-10-17,A,10,-0.6088235294117647,0.012315203198246456
2024-10-24,A,10,-0.538235294117647,0.031493228205838324
2024-10-31,A,10,-0.5882352941176471,0.016539722195378158
2024-11-07,A,10,0.10882352941176471,0.688288293957414
2024-11-14,A,10,0.6558823529411765,0.005800736962231502
2024-11-21,A,10,-0.2352941176470588,0.38035580118865675
2024-11-28,A,10,-0.12058823529411765,0.6564245147485952
2024-12-05,A,10,-0.0823529411764706,0.761733078752474
2024-12-12,A,10,0.23823529411764705,0.3742541297279883
2019-08-15,A,20,0.6785714285714287,0.0937502539598313
2019-08-22,A,20,-0.38095238095238104,0.3518125531175647
2019-08-29,A,20,0.6666666666666669,0.07098765432098751
2019-09-05,A,20,0.4285714285714286,0.2894032248467901
2019-09-12,A,20,0.4285714285714286,0.2894032248467901
2019-09-19,A,20,-0.14285714285714288,0.735764859879812
2019-09-26,A,20,-0.09523809523809526,0.8225054302036114
2019-10-10,A,20,-0.6666666666666669,0.07098765432098751
2019-10-17,A,20,-0.3571428571428572,0.3851206435562562
2019-10-24,A,20,-0.2380952380952381,0.5701563208157683
2019-10-31,A,20,0.04761904761904763,0.9108491685195836
2019-11-07,A,20,0.6428571428571429,0.08555889101267318
2019-11-14,A,20,0.4285714285714286,0.2894032248467901
2019-11-21,A,20,0.2142857142857143,0.6103444156452669
2019-11-28,A,20,-0.3,0.4328453267094823
2019-12-05,A,20,-0.7833333333333333,0.012519873019449882
2019-12-12,A,20,-0.6,0.0876228290414024
2019-12-19,A,20,-0.2333333333333333,0.5456987782182727
2019-12-26,A,20,-0.09999999999999999,0.797971695234851
2020-01-02,A,20,0.016666666666666666,0.9660548039946861
2020-01-09,A,20,0.2333333333333333,0.5456987782182727
2020-01-16,A,20,-0.2333333333333333,0.5456987782182727
2020-01-23,A,20,-0.7666666666666667,0.01594401657897401
2020-02-06,A,20,0.25,0.5164895523012262
2020-02-13,A,20,0.33333333333333337,0.38071318167686347
2020-02-20,A,20,0.11666666666666665,0.7650079429261462
2020-02-27,A,20,0.5833333333333334,0.09918581647988323
2020-03-05,A,20,0.049999999999999996,0.8983528043506301
2020-03-12,A,20,0.3,0.4328453267094823
2020-03-19,A,20,-0.08333333333333334,0.831214097710308
2020-03-26,A,20,-0.13333333333333333,0.7323675052362975
2020-04-02,A,20,0.016666666666666666,0.9660548039946861
2020-04-09,A,20,-0.5666666666666667,0.11163298761149111
2020-04-16,A,20,-0.21666666666666667,0.5755148957119259
2020-04-23,A,20,-0.5166666666666667,0.1543901209862251
2020-04-30,A,20,-0.25,0.5164895523012262
2020-05-07,A,20,-0.6666666666666667,0.04986723056888511
2020-05-14,A,20,0.0,1.0
2020-05-21,A,20,-0.11666666666666665,0.7650079429261462
2020-05-28,A,20,-0.45,0.2242161074923366
2020-06-04,A,20,0.0,1.0
2020-06-11,A,20,0.25,0.5164895523012262
2020-06-18,A,20,0.39999999999999997,0.2861051019083129
2020-07-02,A,20,-0.2333333333333333,0.5456987782182727
2020-07-09,A,20,-0.06666666666666667,0.8646897846262037
2020-07-16,A,20,-0.15,0.7000942309691419
2020-07-23,A,20,-0.33333333333333337,0.38071318167686347
2020-07-30,A,20,0.03333333333333333,0.9321567355405039
2020-08-06,A,20,0.3666666666666667,0.33173980143301507
2020-08-13,A,20,0.3,0.4328453267094823
2020-08-20,A,20,0.15,0.7000942309691419
2020-08-27,A,20,-0.16666666666666669,0.668231040071504
2020-09-03,A,20,-0.11666666666666665,0.7650079429261462
2020-09-10,A,20,0.5166666666666667,0.1543901209862251
2020-09-17,A,20,0.0,1.0
2020-09-24,A,20,0.03333333333333333,0.9321567355405039
2020-10-15,A,20,0.5333333333333333,0.13922686754397814
2020-10-22,A,20,-0.06666666666666667,0.8646897846262037
2020-10-29,A,20,-0.06666666666666667,0.8646897846262037
2020-11-05,A,20,-0.31666666666666665,0.4063970144863861
2020-11-12,A,20,-0.25,0.5164895523012262
2020-11-19,A,20,-0.08333333333333334,0.831214097710308
2020-11-26,A,20,0.0,1.0
2020-12-03,A,20,0.08333333333333334,0.831214097710308
2020-12-10,A,20,-0.8333333333333333,0.005265691029161747
2020-12-17,A,20,-0.5833333333333334,0.09918581647988323
2020-12-24,A,20,-0.5499999999999999,0.12497678418833198
2020-12-31,A,20,-0.2833333333333333,0.46003032896571994
2021-01-07,A,20,0.39999999999999997,0.2861051019083129
2021-01-14,A,20,0.13333333333333333,0.7323675052362975
2021-01-21,A,20,0.43333333333333335,0.24395243588005167
2021-01-28,A,20,-0.38333333333333336,0.30849527238037144
2021-02-04,A,20,-0.049999999999999996,0.8983528043506301
2021-02-18,A,20,0.25,0.5164895523012262
2021-02-25,A,20,-0.18333333333333335,0.6368198117628943
2021-03-04,A,20,0.3666666666666667,0.33173980143301507
2021-03-11,A,20,0.7666666666666667,0.01594401657897401
2021-03-18,A,20,0.8333333333333333,0.005265691029161747
2021-03-25,A,20,0.75,0.019942126131992522
2021-04-01,A,20,0.16666666666666669,0.668231040071504
2021-04-08,A,20,0.06666666666666667,0.8646897846262037
2021-04-15,A,20,0.19999999999999998,0.6059012741795533
2021-04-22,A,20,-0.45,0.2242161074923366
2021-04-29,A,20,-0.05454545454545454,0.8810361811618526
2021-05-06,A,20,-0.09090909090909088,0.8027717312071619
2021-05-13,A,20,0.4545454545454545,0.186904810349332
2021-05-20,A,20,0.6454545454545455,0.03196279932801745
2021-05-27,A,20,-0.009090909090909092,0.9788365001441937
2021-06-03,A,20,-0.39090909090909093,0.2345400670951943
2021-06-10,A,20,-0.5363636363636364,0.08895341813596276
2021-06-17,A,20,-0.41818181818181827,0.20057021703405067
2021-06-24,A,20,-0.45454545454545453,0.16014543725525882
2021-07-01,A,20,-0.5909090909090909,0.05557560428877463
2021-07-08,A,20,-0.690909090909091,0.018565033381595004
2021-07-15,A,20,-0.5818181818181819,0.06041989621564832
2021-07-22,A,20,-0.3916083916083916,0.2080634636953532
2021-07-29,A,20,-0.5524475524475525,0.06251148327961512
2021-08-05,A,20,0.1258741258741259,0.6966831093957659
2021-08-12,A,20,-0.4055944055944056,0.19083587400450033
2021-08-19,A,20,-0.22377622377622378,0.48445166145539886
2021-08-26,A,20,0.5034965034965035,0.09515736659412469
2021-09-02,A,20,0.6853146853146854,0.013905968814362752
2021-09-09,A,20,0.27272727272727276,0.3910967709418962
2021-09-16,A,20,0.41958041958041964,0.1745190081300594
2021-09-23,A,20,0.4125874125874127,0.18256397857316675
2021-09-30,A,20,0.4545454545454546,0.13765791634772945
2021-10-14,A,20,0.4265734265734266,0.16669998762494498
2021-10-21,A,20,-0.055944055944055944,0.8628980736949712
2021-10-28,A,20,0.5034965034965035,0.09515736659412469
2021-11-04,A,20,0.22377622377622378,0.48445166145539886
2021-11-11,A,20,0.41958041958041964,0.1745190081300594
2021-11-18,A,20,-0.14685314685314685,0.6487957097846664
2021-11-25,A,20,-0.23076923076923078,0.470531995381542
2021-12-02,A,20,0.2657342657342658,0.40383308831471165
2021-12-09,A,20,-0.16083916083916086,0.6175234895401425
2021-12-16,A,20,-0.2657342657342658,0.40383308831471165
2021-12-23,A,20,-0.6783216783216784,0.0153173290532817
2021-12-30,A,20,-0.23076923076923078,0.470531995381542
2022-01-06,A,20,0.013986013986013986,0.9655902689187795
2022-01-13,A,20,-0.18881118881118883,0.5567370561768314
2022-01-20,A,20,0.5034965034965035,0.09515736659412469
2022-01-27,A,20,0.08391608391608392,0.7954145018538977
2022-02-10,A,20,0.06993006993006995,0.8290236405313092
2022-02-17,A,20,0.18181818181818185,0.5717012385276553
2022-02-24,A,20,-0.4895104895104896,0.106252371759346
2022-03-03,A,20,0.32867132867132864,0.2969041156887642
2022-03-10,A,20,0.34965034965034975,0.2652387868927897
2022-03-17,A,20,0.31468531468531474,0.31913878550330455
2022-03-24,A,20,0.2657342657342658,0.40383308831471165
2022-03-31,A,20,-0.1958041958041958,0.5419358857313173
2022-04-07,A,20,-0.027972027972027972,0.9312343512018808
2022-04-14,A,20,0.6923076923076924,0.012593030496094107
2022-04-21,A,20,0.37762237762237766,0.22620604493502663
2022-04-28,A,20,0.5524475524475525,0.06251148327961512
2022-05-05,A,20,0.6503496503496504,0.022034190932365288
2022-05-12,A,20,-0.18181818181818185,0.5717012385276553
2022-05-19,A,20,-0.08391608391608392,0.7954145018538977
2022-05-26,A,20,-0.2937062937062937,0.35414764123292175
2022-06-02,A,20,0.06293706293706294,0.8459309212287789
2022-06-09,A,20,-0.22377622377622378,0.48445166145539886
2022-06-16,A,20,0.0,1.0
2022-06-23,A,20,0.35664335664335667,0.25513775175895714
2022-06-30,A,20,-0.1188811188811189,0.712884219214772
2022-07-07,A,20,0.37762237762237766,0.22620604493502663
2022-07-14,A,20,0.4825174825174825,0.11210929146889191
2022-07-21,A,20,-0.16783216783216784,0.602099427786538
2022-07-28,A,20,0.4265734265734266,0.16669998762494498
2022-08-04,A,20,0.4125874125874127,0.18256397857316675
2022-08-11,A,20,0.2517482517482518,0.42991878503288405
2022-08-18,A,20,0.4769230769230769,0.0846484341946868
2022-08-25,A,20,0.22637362637362637,0.4364347945560526
2022-09-01,A,20,0.2527472527472528,0.3833149644785111
2022-09-08,A,20,0.05054945054945055,0.8637420361792153
2022-09-15,A,20,0.2351648351648352,0.4183338961985912
2022-09-22,A,20,0.410989010989011,0.14433266812460507
2022-09-29,A,20,0.11208791208791209,0.7028331631967695
2022-10-13,A,20,0.4901098901098901,0.07522006672685848
2022-10-20,A,20,0.3230769230769231,0.25987361950878973
2022-10-27,A,20,0.6571428571428571,0.010661967747329804
2022-11-03,A,20,0.5120879120879122,0.06119848615645835
2022-11-10,A,20,0.7010989010989012,0.005211861769946939
2022-11-17,A,20,0.15164835164835166,0.6047905984521367
2022-11-24,A,20,-0.4769230769230769,0.0846484341946868
2022-12-01,A,20,-0.49890109890109896,0.06936352739715487
2022-12-08,A,20,0.002197802197802198,0.9940505286658998
2022-12-15,A,20,-0.49890109890109896,0.06936352739715487
2022-12-22,A,20,0.47252747252747257,0.0879674246125423
2022-12-29,A,20,0.3450549450549451,0.22694868004170046
2023-01-05,A,20,0.4593406593406593,0.09846837616829027
2023-01-12,A,20,0.02857142857142857,0.9227613765698746
2023-01-19,A,20,0.1384615384615385,0.6368849912650183
2023-02-02,A,20,0.2,0.49300373503999984
2023-02-09,A,20,0.16043956043956045,0.5837527526413409
2023-02-16,A,20,-0.621978021978022,0.017550315290540047
2023-02-23,A,20,-0.3626373626373627,0.20256454381724162
2023-03-02,A,20,-0.6351648351648352,0.01465788132728914
2023-03-09,A,20,-0.4813186813186813,0.08141829504280494
2023-03-16,A,20,-0.3450549450549451,0.22694868004170046
2023-03-23,A,20,-0.7406593406593407,0.002445197640446019
2023-03-30,A,20,-0.39780219780219783,0.15895077451083478
2023-04-06,A,20,0.37142857142857144,0.1910208120436164
2023-04-13,A,20,0.5648351648351648,0.03533018486755279
2023-04-20,A,20,0.42857142857142855,0.1262738881593127
2023-04-27,A,20,-0.4945054945054946,0.07224967403413257
2023-05-04,A,20,-0.2967032967032967,0.30296672383870205
2023-05-11,A,20,0.23076923076923075,0.4273358616774501
2023-05-18,A,20,0.3406593406593406,0.23331605103682404
2023-05-25,A,20,0.16483516483516483,0.5733464050131383
2023-06-01,A,20,0.14285714285714285,0.6261174762253241
2023-06-08,A,20,0.14285714285714285,0.6261174762253241
2023-06-15,A,20,0.12087912087912088,0.6806070200628929
2023-06-29,A,20,0.5736263736263736,0.03197081397639698
2023-07-06,A,20,0.059340659340659345,0.8403017626906827
2023-07-13,A,20,0.1032967032967033,0.725282211088945
2023-07-20,A,20,-0.11428571428571425,0.6850657626568972
2023-07-27,A,20,-0.27499999999999997,0.3212111733193767
2023-08-03,A,20,0.4428571428571427,0.0982940655468714
2023-08-10,A,20,0.14285714285714282,0.6115222287644655
2023-08-17,A,20,-0.16428571428571426,0.5584973732486012
2023-08-24,A,20,-0.035714285714285705,0.8994469934720875
2023-08-31,A,20,0.021428571428571425,0.9395779040128779
2023-09-07,A,20,-0.1607142857142857,0.5671967045803448
2023-09-14,A,20,-0.06785714285714285,0.8101088187105131
2023-09-21,A,20,-0.2964285714285714,0.28335542843426287
2023-09-28,A,20,-0.04285714285714285,0.8794603130258999
2023-10-12,A,20,-0.09999999999999999,0.7228973252791182
2023-10-19,A,20,0.3428571428571428,0.21092379341475206
2023-10-26,A,20,-0.049999999999999996,0.859540943467457
2023-11-02,A,20,0.24642857142857136,0.37595051597380524
2023-11-09,A,20,0.09285714285714285,0.742045009907367
2023-11-16,A,20,-0.1357142857142857,0.6296204418728145
2023-11-23,A,20,-0.14285714285714282,0.6115222287644655
2023-11-30,A,20,0.4892857142857142,0.06416038631454055
2023-12-07,A,20,0.13214285714285715,0.6387442188840665
2023-12-14,A,20,0.5249999999999999,0.04448390580010643
2023-12-21,A,20,0.2607142857142857,0.34797945986279355
2023-12-28,A,20,-0.3107142857142856,0.2596673973372179
2024-01-04,A,20,-0.3107142857142856,0.2596673973372179
2024-01-11,A,20,-0.27499999999999997,0.3212111733193767
2024-01-18,A,20,-0.1928571428571428,0.4910487016052232
2024-01-25,A,20,0.05357142857142857,0.8496099367776072
2024-02-01,A,20,0.457142857142857,0.08667812662416982
2024-02-08,A,20,0.27499999999999997,0.3212111733193767
2024-02-22,A,20,0.32499999999999996,0.23722543823723408
2024-02-29,A,20,-0.6249999999999999,0.012727453511233668
2024-03-07,A,20,0.2964285714285714,0.28335542843426287
2024-03-14,A,20,0.2642857142857143,0.3411737579900821
2024-03-21,A,20,0.3857142857142856,0.1556307945859602
2024-03-28,A,20,-0.3285714285714285,0.23180969720615968
2024-04-11,A,20,0.17352941176470588,0.5204075144487408
2024-04-18,A,20,0.18529411764705883,0.4920570502059438
2024-04-25,A,20,-0.3323529411764706,0.2084998279822084
2024-05-09,A,20,-0.4205882352941176,0.10476751392918707
2024-05-16,A,20,0.4382352941176471,0.08953003199187995
2024-05-23,A,20,0.22941176470588234,0.39272049088161975
2024-05-30,A,20,0.36764705882352944,0.1612323576755899
2024-06-06,A,20,-0.10882352941176471,0.688288293957414
2024-06-13,A,20,-0.10882352941176471,0.688288293957414
2024-06-20,A,20,-0.23823529411764705,0.3742541297279883
2024-06-27,A,20,-0.1176470588235294,0.6643410791623536
2024-07-04,A,20,0.1264705882352941,0.6406944408168835
2024-07-11,A,20,0.4382352941176471,0.08953003199187995
2024-07-18,A,20,0.4058823529411764,0.11879168453237475
2024-07-25,A,20,-0.07352941176470588,0.7866792491258565
2024-08-01,A,20,0.3147058823529411,0.23515831926634445
2024-08-08,A,20,0.12941176470588234,0.63288233246826
2024-08-15,A,20,-0.023529411764705882,0.931073583667659
2024-08-22,A,20,-0.16176470588235295,0.5494831434036929
2024-08-29,A,20,0.22941176470588234,0.39272049088161975
2024-09-05,A,20,0.02058823529411765,0.9396737397890448
2024-09-12,A,20,-0.35000000000000003,0.18386882202619317
2024-09-19,A,20,-0.36470588235294116,0.16486839724475405
2024-09-26,A,20,-0.26176470588235295,0.3274104118125859
2024-10-10,A,20,-0.7617647058823529,0.000605342838070589
2024-10-17,A,20,-0.75,0.000819764027255587
2024-10-24,A,20,-0.4823529411764706,0.05845897677471956
2024-10-31,A,20,-0.06176470588235294,0.8202418775044894
2024-11-07,A,20,0.08823529411764705,0.7452220943671326
2024-11-14,A,20,0.4735294117647058,0.06391907182682008
2024-11-21,A,20,-0.12352941176470587,0.6485420669723405
2024-11-28,A,20,-0.008823529411764706,0.9741279946623942
2019-08-22,B,5,-0.028571428571428574,0.9571545189504373
2019-08-29,B,5,0.48571428571428577,0.32872303206997094
2019-09-05,B,5,-0.3214285714285715,0.4820720382996776
2019-09-12,B,5,0.1785714285714286,0.7016579425162729
2019-09-19,B,5,0.7999999999999999,0.10408803866182788
2019-10-31,B,5,-1.0,0.0
2019-11-07,B,5,0.19999999999999998,0.8
2019-11-21,B,5,0.39999999999999997,0.6
2019-12-12,B,5,0.3714285714285715,0.46847813411078715
2019-12-19,B,5,-0.3571428571428572,0.4316113520383278
2019-12-26,B,5,0.03571428571428572,0.9394082054712856
2020-01-02,B,5,0.16666666666666669,0.668231040071504
2020-01-09,B,5,0.5833333333333334,0.09918581647988323
2020-01-16,B,5,0.4761904761904762,0.23293553465009798
2020-01-23,B,5,-0.49999999999999994,0.39100221895577053
2020-02-13,B,5,-0.5,0.6666666666666667
2020-02-20,B,5,0.48571428571428577,0.32872303206997094
2020-02-27,B,5,0.3714285714285715,0.46847813411078715
2020-03-05,B,5,-0.39999999999999997,0.5046315754686911
2020-03-12,B,5,0.7999999999999999,0.20000000000000007
2020-04-16,B,5,0.0,1.0
2020-04-23,B,5,0.2,0.704
2020-04-30,B,5,-1.0,0.0
2020-05-07,B,5,-0.14285714285714288,0.7871720116618075
2020-05-14,B,5,-0.3571428571428572,0.4316113520383278
2020-05-21,B,5,0.7142857142857144,0.07134356146753759
2020-06-04,B,5,-0.3142857142857143,0.5440932944606414
2020-06-11,B,5,-0.6,0.28475697986529375
2020-06-18,B,5,-0.7999999999999999,0.10408803866182788
2020-07-02,B,5,0.7142857142857144,0.04652823228416724
2020-07-09,B,5,0.25,0.5164895523012262
2020-07-16,B,5,-0.33333333333333337,0.38071318167686347
2020-07-23,B,5,0.39999999999999997,0.2861051019083129
2020-07-30,B,5,-0.39999999999999997,0.6
2020-08-06,B,5,-0.09999999999999999,0.8728885715695383
2020-08-20,B,5,0.19999999999999998,0.747060078104662
2020-09-03,B,5,1.0,0.0
2020-10-15,B,5,0.3714285714285715,0.46847813411078715
2020-10-22,B,5,-0.39999999999999997,0.6
2020-11-05,B,5,-0.09999999999999999,0.8728885715695383
2020-11-12,B,5,-0.7999999999999999,0.20000000000000007
2020-11-19,B,5,-0.39999999999999997,0.6
2020-11-26,B,5,0.3,0.6238376647810728
2020-12-03,B,5,0.09999999999999999,0.8728885715695383
2020-12-24,B,5,0.5,0.6666666666666667
2020-12-31,B,5,1.0,0.0
2021-01-07,B,5,0.7,0.1881204043741873
2021-01-14,B,5,-0.28571428571428575,0.4927262450169573
2021-01-21,B,5,0.0,1.0
2021-01-28,B,5,0.5,0.6666666666666667
2021-02-04,B,5,1.0,0.0
2021-02-18,B,5,1.0,0.0
2021-04-08,B,5,0.39999999999999997,0.6
2021-04-15,B,5,1.0,0.0
2021-04-22,B,5,-0.49999999999999994,0.39100221895577053
2021-04-29,B,5,0.14285714285714288,0.7871720116618075
2021-05-06,B,5,0.3714285714285715,0.46847813411078715
2021-05-13,B,5,-0.19999999999999998,0.8
2021-05-20,B,5,0.35757575757575755,0.3103760917056799
2021-05-27,B,5,0.2606060606060606,0.4670890543863402
2021-06-03,B,5,-0.26363636363636367,0.4334407376116145
2021-06-10,B,5,-0.6785714285714287,0.0937502539598313
2021-06-17,B,5,-1.0,0.0
2021-06-24,B,5,-0.3142857142857143,0.5440932944606414
2021-07-01,B,5,-0.6000000000000001,0.3999999999999999
2021-07-08,B,5,0.0,1.0
2021-07-15,B,5,-0.6,0.28475697986529375
2021-07-22,B,5,0.7999999999999999,0.10408803866182788
2021-07-29,B,5,0.5,0.6666666666666667
2021-08-05,B,5,0.4285714285714286,0.39650145772594736
2021-08-12,B,5,-0.028571428571428574,0.9571545189504373
2021-08-26,B,5,0.2571428571428572,0.6227871720116618
2021-09-02,B,5,0.0,1.0
2021-09-09,B,5,-0.3142857142857143,0.5440932944606414
2021-09-16,B,5,0.0,1.0
2021-10-14,B,5,0.5,0.6666666666666667
2021-10-21,B,5,1.0,0.0
2021-10-28,B,5,0.0,1.0
2021-11-04,B,5,0.3571428571428572,0.4316113520383278
2021-11-11,B,5,-0.03571428571428572,0.9394082054712856
2021-11-18,B,5,0.25,0.5887244480896833
2021-11-25,B,5,0.5428571428571429,0.26570262390670557
2021-12-02,B,5,0.28571428571428575,0.5345092286010406
2021-12-09,B,5,0.39999999999999997,0.6
2021-12-16,B,5,0.3,0.6238376647810728
2021-12-23,B,5,-1.0,0.0
2022-03-03,B,5,0.48571428571428577,0.32872303206997094
2022-05-19,B,5,-0.7999999999999999,0.20000000000000007
2022-05-26,B,5,-0.3,0.6238376647810728
2022-06-02,B,5,0.4666666666666666,0.17393859716506632
2022-06-09,B,5,-0.7545454545454545,0.00728204100842914
2022-06-16,B,5,-0.3545454545454546,0.2846927409558867
2022-06-23,B,5,0.4545454545454545,0.186904810349332
2022-06-30,B,5,-0.3426573426573427,0.27556745095678037
2022-07-07,B,5,0.2571428571428572,0.6227871720116618
2022-07-21,B,5,1.0,0.0
2022-08-11,B,5,0.19999999999999998,0.747060078104662
2022-08-18,B,5,0.6,0.20799999999999985
2022-09-01,B,5,0.0,1.0
2022-11-03,B,5,-0.19999999999999998,0.8
2022-11-10,B,5,-0.09090909090909088,0.8027717312071619
2022-11-17,B,5,0.75,0.019942126131992522
2022-11-24,B,5,-0.08571428571428573,0.8717434402332361
2022-12-01,B,5,0.8999999999999998,0.03738607346849874
2022-12-08,B,5,-0.261904761904762,0.530922861565801
2022-12-15,B,5,-0.49999999999999994,0.39100221895577053
2023-01-05,B,5,0.0,1.0
2023-01-12,B,5,-0.7142857142857144,0.04652823228416724
2023-01-19,B,5,0.35714285714285715,0.23092986230203402
2023-02-02,B,5,0.2043956043956044,0.4833462230422234
2023-02-09,B,5,0.16363636363636364,0.6514773427962428
2023-02-16,B,5,0.7142857142857144,0.04652823228416724
2023-02-23,B,5,-0.6571428571428573,0.15617492711370237
2023-03-02,B,5,-0.39999999999999997,0.6
2023-03-16,B,5,-0.39999999999999997,0.6
2023-03-23,B,5,0.39999999999999997,0.6
2023-03-30,B,5,0.39999999999999997,0.6
2023-04-06,B,5,0.0,1.0
2023-04-13,B,5,-0.4787878787878787,0.1615229280174558
2023-04-20,B,5,0.8545454545454544,0.0016368033159867143
2023-05-11,B,5,-0.5,0.6666666666666667
2023-05-18,B,5,1.0,0.0
2023-06-15,B,5,-0.3714285714285715,0.46847813411078715
2023-06-29,B,5,0.19999999999999998,0.8
2023-07-06,B,5,0.09999999999999999,0.8728885715695383
2023-07-13,B,5,0.19999999999999998,0.747060078104662
2023-07-20,B,5,0.5,0.6666666666666667
2023-07-27,B,5,-0.7500000000000002,0.05218140045705776
2023-08-03,B,5,0.028571428571428574,0.9571545189504373
2023-08-10,B,5,-0.7714285714285715,0.07239650145772594
2023-09-14,B,5,0.39999999999999997,0.6
2023-09-21,B,5,-0.39999999999999997,0.6
2023-09-28,B,5,1.0,0.0
2023-11-09,B,5,0.1785714285714286,0.7016579425162729
2023-11-16,B,5,0.38095238095238104,0.3518125531175647
2023-11-23,B,5,0.0,1.0
2024-01-11,B,5,0.5,0.6666666666666667
2024-02-08,B,5,-0.5,0.6666666666666667
2024-02-22,B,5,0.6071428571428572,0.1482311614811614
2024-02-29,B,5,-0.4021978021978022,0.15397442954140356
2024-03-07,B,5,-0.49329778410998365,0.061682295978876436
2024-03-14,B,5,-0.45054945054945056,0.10593278527264058
2024-03-21,B,5,0.49650349650349657,0.10060263183225482
2024-03-28,B,5,-1.0,0.0
2024-04-11,B,5,0.39999999999999997,0.6
2024-04-18,B,5,0.5,0.6666666666666667
2024-05-09,B,5,-0.5363636363636364,0.08895341813596276
2024-05-16,B,5,-0.2142857142857143,0.6103444156452669
2024-05-23,B,5,0.261904761904762,0.530922861565801
2024-05-30,B,5,0.5,0.6666666666666667
2024-06-20,B,5,1.0,0.0
2024-07-11,B,5,-0.7999999999999999,0.20000000000000007
2024-07-18,B,5,-0.7999999999999999,0.20000000000000007
2024-07-25,B,5,0.5,0.6666666666666667
2024-08-01,B,5,1.0,0.0
2024-08-08,B,5,0.39999999999999997,0.6
2024-09-26,B,5,0.2121212121212121,0.5563057751029299
2024-10-10,B,5,-0.2411764705882353,0.36820660804263405
2024-10-17,B,5,-0.3205882352941176,0.22604542220798235
2024-10-24,B,5,-0.788235294117647,0.0002864656823918493
2024-10-31,B,5,-0.3454545454545455,0.2980892209030388
2024-11-07,B,5,0.4285714285714286,0.39650145772594736
2024-11-14,B,5,0.6,0.01805008794149996
2024-11-21,B,5,0.6571428571428573,0.15617492711370237
2024-12-05,B,5,1.0,0.0
2024-12-12,B,5,0.39999999999999997,0.6
2019-08-22,B,10,0.08571428571428573,0.8717434402332361
2019-08-29,B,10,0.7142857142857143,0.1107871720116617
2019-09-05,B,10,-0.14285714285714288,0.7599453002180929
2019-09-12,B,10,0.28571428571428575,0.5345092286010406
2019-09-19,B,10,0.49999999999999994,0.39100221895577053
2019-10-31,B,10,0.5,0.6666666666666667
2019-11-07,B,10,0.19999999999999998,0.8
2019-11-21,B,10,0.39999999999999997,0.6
2019-12-12,B,10,0.3142857142857143,0.5440932944606414
2019-12-19,B,10,-0.7142857142857144,0.07134356146753759
2019-12-26,B,10,-0.6071428571428572,0.1482311614811614
2020-01-02,B,10,0.016666666666666666,0.9660548039946861
2020-01-09,B,10,0.48333333333333334,0.18746985521554207
2020-01-16,B,10,0.11904761904761905,0.7788857260523797
2020-01-23,B,10,-0.7,0.1881204043741873
2020-02-13,B,10,-0.5,0.6666666666666667
2020-02-20,B,10,0.48571428571428577,0.32872303206997094
2020-02-27,B,10,-0.2,0.704
2020-03-05,B,10,-0.49999999999999994,0.39100221895577053
2020-03-12,B,10,0.39999999999999997,0.6
2020-04-16,B,10,0.0,1.0
2020-04-23,B,10,0.08571428571428573,0.8717434402332361
2020-04-30,B,10,-1.0,0.0
2020-05-07,B,10,-0.942857142857143,0.0048046647230320545
2020-05-14,B,10,0.0,1.0
2020-05-21,B,10,0.21428571428571433,0.6445115810207203
2020-06-04,B,10,-0.3142857142857143,0.5440932944606414
2020-06-11,B,10,-0.8999999999999998,0.03738607346849874
2020-06-18,B,10,0.8999999999999998,0.03738607346849874
2020-07-02,B,10,0.023809523809523815,0.9553740118158807
2020-07-09,B,10,0.11666666666666665,0.7650079429261462
2020-07-16,B,10,-0.3666666666666667,0.33173980143301507
2020-07-23,B,10,-0.15,0.7000942309691419
2020-07-30,B,10,-1.0,0.0
2020-08-06,B,10,-0.09999999999999999,0.8728885715695383
2020-08-20,B,10,0.49999999999999994,0.39100221895577053
2020-09-03,B,10,0.5,0.6666666666666667
2020-10-15,B,10,0.14285714285714288,0.7871720116618075
2020-10-22,B,10,-0.39999999999999997,0.6
2020-11-05,B,10,-0.7,0.1881204043741873
2020-11-12,B,10,-0.7999999999999999,0.20000000000000007
2020-11-19,B,10,0.19999999999999998,0.8
2020-11-26,B,10,-0.09999999999999999,0.8728885715695383
2020-12-03,B,10,-0.39999999999999997,0.5046315754686911
2020-12-24,B,10,0.5,0.6666666666666667
2020-12-31,B,10,0.7999999999999999,0.20000000000000007
2021-01-07,B,10,0.7999999999999999,0.10408803866182788
2021-01-14,B,10,-0.11904761904761905,0.7788857260523797
2021-01-21,B,10,0.0,1.0
2021-01-28,B,10,-1.0,0.0
2021-02-04,B,10,0.5,0.6666666666666667
2021-02-18,B,10,0.5,0.6666666666666667
2021-04-08,B,10,-0.7999999999999999,0.20000000000000007
2021-04-15,B,10,1.0,0.0
2021-04-22,B,10,-0.09999999999999999,0.8728885715695383
2021-04-29,B,10,0.08571428571428573,0.8717434402332361
2021-05-06,B,10,0.08571428571428573,0.8717434402332361
2021-05-13,B,10,-0.19999999999999998,0.8
2021-05-20,B,10,-0.18787878787878787,0.603217610029209
2021-05-27,B,10,-0.1515151515151515,0.6760651759978538
2021-06-03,B,10,-0.21818181818181823,0.519248247554982
2021-06-10,B,10,-0.7500000000000002,0.05218140045705776
2021-06-17,B,10,-0.5,0.6666666666666667
2021-06-24,B,10,-0.48571428571428577,0.32872303206997094
2021-07-01,B,10,0.39999999999999997,0.6
2021-07-08,B,10,-0.39999999999999997,0.6
2021-07-15,B,10,-0.49999999999999994,0.39100221895577053
2021-07-22,B,10,0.49999999999999994,0.39100221895577053
2021-07-29,B,10,0.5,0.6666666666666667
2021-08-05,B,10,0.08571428571428573,0.8717434402332361
2021-08-12,B,10,-0.3714285714285715,0.46847813411078715
2021-08-26,B,10,0.2,0.704
2021-09-02,B,10,0.19999999999999998,0.8
2021-09-09,B,10,-0.2,0.704
2021-09-16,B,10,0.8999999999999998,0.03738607346849874
2021-10-14,B,10,0.5,0.6666666666666667
2021-10-21,B,10,-0.5,0.6666666666666667
2021-10-28,B,10,0.09999999999999999,0.8728885715695383
2021-11-04,B,10,0.3214285714285715,0.4820720382996776
2021-11-11,B,10,0.21428571428571433,0.6445115810207203
2021-11-18,B,10,-0.10714285714285716,0.8191508555699912
2021-11-25,B,10,-0.08571428571428573,0.8717434402332361
2021-12-02,B,10,0.25,0.5887244480896833
2021-12-09,B,10,0.39999999999999997,0.6
2021-12-16,B,10,0.49999999999999994,0.39100221895577053
2021-12-23,B,10,-1.0,0.0
2022-03-03,B,10,0.3142857142857143,0.5440932944606414
2022-05-19,B,10,-0.39999999999999997,0.6
2022-05-26,B,10,-0.7999999999999999,0.10408803866182788
2022-06-02,B,10,0.22424242424242422,0.5334005612725948
2022-06-09,B,10,-0.2545454545454546,0.4500365768888285
2022-06-16,B,10,0.15454545454545454,0.6500339654975799
2022-06-23,B,10,-0.22424242424242422,0.5334005612725948
2022-06-30,B,10,-0.4895104895104896,0.106252371759346
2022-07-07,B,10,0.4285714285714286,0.39650145772594736
2022-07-21,B,10,0.5,0.6666666666666667
2022-08-11,B,10,0.7,0.1881204043741873
2022-08-18,B,10,0.2,0.704
2022-09-01,B,10,0.7378647873726218,0.2621352126273781
2022-11-03,B,10,-0.39999999999999997,0.6
2022-11-10,B,10,0.2727272727272727,0.44583834154275137
2022-11-17,B,10,0.6166666666666666,0.07692880993776309
2022-11-24,B,10,-0.08571428571428573,0.8717434402332361
2022-12-01,B,10,0.7,0.1881204043741873
2022-12-08,B,10,-0.7619047619047621,0.028004939153071794
2022-12-15,B,10,-0.6,0.28475697986529375
2023-01-05,B,10,0.7999999999999999,0.20000000000000007
2023-01-12,B,10,-0.023809523809523815,0.9553740118158807
2023-01-19,B,10,0.20329670329670327,0.5053147342962486
2023-02-02,B,10,0.3318681318681319,0.24637718314961166
2023-02-09,B,10,0.28484848484848485,0.42503815489214547
2023-02-16,B,10,-0.30952380952380953,0.4556448907375822
2023-02-23,B,10,-0.6571428571428573,0.15617492711370237
2023-03-02,B,10,-0.19999999999999998,0.8
2023-03-16,B,10,0.39999999999999997,0.6
2023-03-23,B,10,0.39999999999999997,0.6
2023-03-30,B,10,-0.19999999999999998,0.8
2023-04-06,B,10,-0.09999999999999999,0.8728885715695383
2023-04-13,B,10,0.35757575757575755,0.3103760917056799
2023-04-20,B,10,0.17575757575757575,0.6271883447764844
2023-05-11,B,10,-0.5,0.6666666666666667
2023-05-18,B,10,1.0,0.0
2023-06-15,B,10,-0.14285714285714288,0.7871720116618075
2023-06-29,B,10,0.19999999999999998,0.8
2023-07-06,B,10,-0.3,0.6238376647810728
2023-07-13,B,10,0.3,0.6238376647810728
2023-07-20,B,10,0.5,0.6666666666666667
2023-07-27,B,10,-0.28571428571428575,0.5345092286010406
2023-08-03,B,10,-0.8285714285714287,0.04156268221574334
2023-08-10,B,10,-0.5428571428571429,0.26570262390670557
2023-09-14,B,10,0.39999999999999997,0.6
2023-09-21,B,10,-0.19999999999999998,0.8
2023-09-28,B,10,-0.5,0.6666666666666667
2023-11-09,B,10,0.3571428571428572,0.4316113520383278
2023-11-16,B,10,0.261904761904762,0.530922861565801
2023-11-23,B,10,-1.0,0.0
2024-01-11,B,10,0.5,0.6666666666666667
2024-02-08,B,10,0.5,0.6666666666666667
2024-02-22,B,10,0.5714285714285715,0.1802019889115274
2024-02-29,B,10,-0.2043956043956044,0.4833462230422234
2024-03-07,B,10,-0.3178571428571428,0.24829056581701822
2024-03-14,B,10,-0.01098901098901099,0.970258390096969
2024-03-21,B,10,0.5034965034965035,0.09515736659412469
2024-03-28,B,10,-0.5,0.6666666666666667
2024-04-11,B,10,0.39999999999999997,0.6
2024-04-18,B,10,0.5,0.6666666666666667
2024-05-09,B,10,-0.3454545454545455,0.2980892209030388
2024-05-16,B,10,0.1666666666666667,0.693238811728395
2024-05-23,B,10,0.4047619047619048,0.3198886412288162
2024-05-30,B,10,0.5,0.6666666666666667
2024-06-20,B,10,0.5,0.6666666666666667
2024-07-11,B,10,-1.0,0.0
2024-07-18,B,10,0.0,1.0
2024-07-25,B,10,1.0,0.0
2024-08-01,B,10,0.5,0.6666666666666667
2024-08-08,B,10,0.39999999999999997,0.6
2024-09-26,B,10,-0.13939393939393938,0.7009318849100584
2024-10-10,B,10,-0.6441176470588235,0.007081524086582877
2024-10-17,B,10,-0.6088235294117647,0.012315203198246456
2024-10-24,B,10,-0.538235294117647,0.031493228205838324
2024-10-31,B,10,-0.45454545454545453,0.16014543725525882
2024-11-07,B,10,0.08571428571428573,0.8717434402332361
2024-11-14,B,10,0.6107142857142855,0.01559283142117561
2024-11-21,B,10,-0.5428571428571429,0.26570262390670557
2024-12-05,B,10,1.0,0.0
2024-12-12,B,10,0.6000000000000001,0.3999999999999999
2019-08-22,B,20,-0.028571428571428574,0.9571545189504373
2019-08-29,B,20,0.6,0.20799999999999985
2019-09-05,B,20,0.14285714285714288,0.7599453002180929
2019-09-12,B,20,0.3214285714285715,0.4820720382996776
2019-09-19,B,20,0.7,0.1881204043741873
2019-10-31,B,20,-0.5,0.6666666666666667
2019-11-07,B,20,0.7999999999999999,0.20000000000000007
2019-11-21,B,20,0.39999999999999997,0.6
2019-12-12,B,20,-0.028571428571428574,0.9571545189504373
2019-12-19,B,20,-0.4642857142857144,0.2939341076002517
2019-12-26,B,20,-0.14285714285714288,0.7599453002180929
2020-01-02,B,20,0.016666666666666666,0.9660548039946861
2020-01-09,B,20,0.2333333333333333,0.5456987782182727
2020-01-16,B,20,0.09523809523809526,0.8225054302036114
2020-01-23,B,20,-0.8999999999999998,0.03738607346849874
2020-02-13,B,20,-0.5,0.6666666666666667
2020-02-20,B,20,0.2,0.704
2020-02-27,B,20,-0.2571428571428572,0.6227871720116618
2020-03-05,B,20,0.7,0.1881204043741873
2020-03-12,B,20,0.7999999999999999,0.20000000000000007
2020-04-16,B,20,0.0,1.0
2020-04-23,B,20,-0.14285714285714288,0.7871720116618075
2020-04-30,B,20,-0.5,0.6666666666666667
2020-05-07,B,20,-0.5428571428571429,0.26570262390670557
2020-05-14,B,20,-0.3571428571428572,0.4316113520383278
2020-05-21,B,20,-0.21428571428571433,0.6445115810207203
2020-06-04,B,20,-0.08571428571428573,0.8717434402332361
2020-06-11,B,20,-0.6,0.28475697986529375
2020-06-18,B,20,0.3,0.6238376647810728
2020-07-02,B,20,0.09523809523809526,0.8225054302036114
2020-07-09,B,20,-0.06666666666666667,0.8646897846262037
2020-07-16,B,20,-0.15,0.7000942309691419
2020-07-23,B,20,-0.33333333333333337,0.38071318167686347
2020-07-30,B,20,-0.7999999999999999,0.20000000000000007
2020-08-06,B,20,0.09999999999999999,0.8728885715695383
2020-08-20,B,20,0.0,1.0
2020-09-03,B,20,1.0,0.0
2020-10-15,B,20,0.8285714285714287,0.04156268221574334
2020-10-22,B,20,-0.39999999999999997,0.6
2020-11-05,B,20,-0.6,0.28475697986529375
2020-11-12,B,20,-0.39999999999999997,0.6
2020-11-19,B,20,-0.39999999999999997,0.6
2020-11-26,B,20,-0.39999999999999997,0.5046315754686911
2020-12-03,B,20,0.39999999999999997,0.5046315754686911
2020-12-24,B,20,-1.0,0.0
2020-12-31,B,20,0.39999999999999997,0.6
2021-01-07,B,20,0.09999999999999999,0.8728885715695383
2021-01-14,B,20,0.19047619047619052,0.6514014957024814
2021-01-21,B,20,0.19999999999999998,0.8
2021-01-28,B,20,-0.5,0.6666666666666667
2021-02-04,B,20,0.5,0.6666666666666667
2021-02-18,B,20,1.0,0.0
2021-04-08,B,20,-1.0,0.0
2021-04-15,B,20,1.0,0.0
2021-04-22,B,20,-0.3,0.6238376647810728
2021-04-29,B,20,-0.5428571428571429,0.26570262390670557
2021-05-06,B,20,-0.6571428571428573,0.15617492711370237
2021-05-13,B,20,-0.39999999999999997,0.6
2021-05-20,B,20,0.5757575757575757,0.08155281477260236
2021-05-27,B,20,-0.24848484848484845,0.48877630451924314
2021-06-03,B,20,-0.39090909090909093,0.2345400670951943
2021-06-10,B,20,-0.6785714285714287,0.0937502539598313
2021-06-17,B,20,-0.5,0.6666666666666667
2021-06-24,B,20,-0.5428571428571429,0.26570262390670557
2021-07-01,B,20,-0.7999999999999999,0.20000000000000007
2021-07-08,B,20,-0.7999999999999999,0.20000000000000007
2021-07-15,B,20,-0.6,0.28475697986529375
2021-07-22,B,20,0.09999999999999999,0.8728885715695383
2021-07-29,B,20,0.5,0.6666666666666667
2021-08-05,B,20,-0.6,0.20799999999999985
2021-08-12,B,20,0.028571428571428574,0.9571545189504373
2021-08-26,B,20,0.08571428571428573,0.8717434402332361
2021-09-02,B,20,0.39999999999999997,0.6
2021-09-09,B,20,0.6,0.20799999999999985
2021-09-16,B,20,0.39999999999999997,0.5046315754686911
2021-10-14,B,20,-0.5,0.6666666666666667
2021-10-21,B,20,-0.5,0.6666666666666667
2021-10-28,B,20,0.09999999999999999,0.8728885715695383
2021-11-04,B,20,0.14285714285714288,0.7599453002180929
2021-11-11,B,20,0.14285714285714288,0.7599453002180929
2021-11-18,B,20,-0.6785714285714287,0.0937502539598313
2021-11-25,B,20,-0.4285714285714286,0.39650145772594736
2021-12-02,B,20,-0.21428571428571433,0.6445115810207203
2021-12-09,B,20,0.7999999999999999,0.20000000000000007
2021-12-16,B,20,0.8999999999999998,0.03738607346849874
2021-12-23,B,20,0.5,0.6666666666666667
2022-03-03,B,20,0.2571428571428572,0.6227871720116618
2022-05-19,B,20,-1.0,0.0
2022-05-26,B,20,-0.7999999999999999,0.10408803866182788
2022-06-02,B,20,0.04242424242424241,0.907363817812816
2022-06-09,B,20,-0.06363636363636364,0.8525390725425217
2022-06-16,B,20,0.09090909090909091,0.7903727377532903
2022-06-23,B,20,0.05454545454545454,0.8810361811618526
2022-06-30,B,20,-0.1188811188811189,0.712884219214772
2022-07-07,B,20,0.8285714285714287,0.04156268221574334
2022-07-21,B,20,-0.5,0.6666666666666667
2022-08-11,B,20,0.09999999999999999,0.8728885715695383
2022-08-18,B,20,0.14285714285714288,0.7871720116618075
2022-09-01,B,20,0.7999999999999999,0.20000000000000007
2022-11-03,B,20,-0.19999999999999998,0.8
2022-11-10,B,20,0.4666666666666666,0.17393859716506632
2022-11-17,B,20,0.7333333333333334,0.02455415007146968
2022-11-24,B,20,0.48571428571428577,0.32872303206997094
2022-12-01,B,20,0.09999999999999999,0.8728885715695383
2022-12-08,B,20,-0.6428571428571429,0.08555889101267318
2022-12-15,B,20,-0.39999999999999997,0.5046315754686911
2023-01-05,B,20,0.7999999999999999,0.20000000000000007
2023-01-12,B,20,-0.2380952380952381,0.5701563208157683
2023-01-19,B,20,0.1868131868131868,0.5411235235098939
2023-02-02,B,20,0.2,0.49300373503999984
2023-02-09,B,20,0.4545454545454545,0.186904810349332
2023-02-16,B,20,-0.8571428571428572,0.006530017254715292
2023-02-23,B,20,-0.7714285714285715,0.07239650145772594
2023-03-02,B,20,-0.7999999999999999,0.20000000000000007
2023-03-16,B,20,0.19999999999999998,0.8
2023-03-23,B,20,-0.7999999999999999,0.20000000000000007
2023-03-30,B,20,-0.39999999999999997,0.6
2023-04-06,B,20,-0.09999999999999999,0.8728885715695383
2023-04-13,B,20,0.43030303030303024,0.21449233253280775
2023-04-20,B,20,0.8181818181818182,0.0038149200825507135
2023-05-11,B,20,-1.0,0.0
2023-05-18,B,20,0.5,0.6666666666666667
2023-06-15,B,20,-0.14285714285714288,0.7871720116618075
2023-06-29,B,20,0.7999999999999999,0.20000000000000007
2023-07-06,B,20,-0.3,0.6238376647810728
2023-07-13,B,20,0.09999999999999999,0.8728885715695383
2023-07-20,B,20,-0.5,0.6666666666666667
2023-07-27,B,20,-0.39285714285714296,0.38331687042697266
2023-08-03,B,20,-0.08571428571428573,0.8717434402332361
2023-08-10,B,20,-0.3714285714285715,0.46847813411078715
2023-09-14,B,20,0.39999999999999997,0.6
2023-09-21,B,20,0.39999999999999997,0.6
2023-09-28,B,20,1.0,0.0
2023-11-09,B,20,0.21428571428571433,0.6445115810207203
2023-11-16,B,20,-0.2142857142857143,0.6103444156452669
2023-11-23,B,20,-1.0,0.0
2024-01-11,B,20,0.5,0.6666666666666667
2024-02-08,B,20,-0.5,0.6666666666666667
2024-02-22,B,20,0.5,0.25316999510032273
2024-02-29,B,20,-0.6,0.023308410879999977
2024-03-07,B,20,0.2964285714285714,0.28335542843426287
2024-03-14,B,20,0.18681318681318684,0.522504012379159
2024-03-21,B,20,0.49650349650349657,0.10060263183225482
2024-03-28,B,20,-0.5,0.6666666666666667
2024-04-11,B,20,0.7999999999999999,0.20000000000000007
2024-04-18,B,20,0.5,0.6666666666666667
2024-05-09,B,20,-0.26363636363636367,0.4334407376116145
2024-05-16,B,20,0.523809523809524,0.18272075053971482
2024-05-23,B,20,0.5714285714285715,0.1389599571607067
2024-05-30,B,20,0.5,0.6666666666666667
2024-06-20,B,20,0.5,0.6666666666666667
2024-07-11,B,20,-0.7999999999999999,0.20000000000000007
2024-07-18,B,20,-0.39999999999999997,0.6
2024-07-25,B,20,-0.5,0.6666666666666667
2024-08-01,B,20,1.0,0.0
2024-08-08,B,20,0.7999999999999999,0.20000000000000007
2024-09-26,B,20,-0.16363636363636364,0.6514773427962428
2024-10-10,B,20,-0.7617647058823529,0.000605342838070589
2024-10-17,B,20,-0.75,0.000819764027255587
2024-10-24,B,20,-0.4823529411764706,0.05845897677471956
2024-10-31,B,20,-0.11818181818181818,0.72928477951978
2024-11-07,B,20,-0.14285714285714288,0.7871720116618075
2024-11-14,B,20,0.44999999999999996,0.09235737494812256
2024-11-21,B,20,-0.7142857142857143,0.1107871720116617
2019-08-15,C,5,0.7,0.1881204043741873
2019-08-22,C,5,0.09999999999999999,0.8728885715695383
2019-08-29,C,5,0.6,0.28475697986529375
2019-09-05,C,5,0.09999999999999999,0.8728885715695383
2019-09-12,C,5,0.09999999999999999,0.8728885715695383
2019-09-19,C,5,0.7999999999999999,0.10408803866182788
2019-09-26,C,5,0.09999999999999999,0.8728885715695383
2019-10-10,C,5,-0.39999999999999997,0.5046315754686911
2019-10-17,C,5,-0.49999999999999994,0.39100221895577053
2019-10-24,C,5,0.3,0.6238376647810728
2019-10-31,C,5,-0.9999999999999999,1.4042654220543672e-24
2019-11-07,C,5,-0.19999999999999998,0.747060078104662
2019-11-14,C,5,0.3,0.6238376647810728
2019-11-21,C,5,0.7,0.1881204043741873
2019-11-28,C,5,0.0,1.0
2019-12-05,C,5,0.0,1.0
2019-12-12,C,5,0.19999999999999998,0.747060078104662
2019-12-19,C,5,-0.09999999999999999,0.8728885715695383
2019-12-26,C,5,0.09999999999999999,0.8728885715695383
2020-01-02,C,5,0.3,0.6238376647810728
2020-01-09,C,5,-0.7999999999999999,0.10408803866182788
2020-01-16,C,5,0.09999999999999999,0.8728885715695383
2020-01-23,C,5,-0.49999999999999994,0.39100221895577053
2020-02-06,C,5,-0.09999999999999999,0.8728885715695383
2020-02-13,C,5,0.0,1.0
2020-02-20,C,5,0.09999999999999999,0.8728885715695383
2020-02-27,C,5,-0.09999999999999999,0.8728885715695383
2020-03-05,C,5,-0.39999999999999997,0.5046315754686911
2020-03-12,C,5,0.7999999999999999,0.10408803866182788
2020-03-19,C,5,0.49999999999999994,0.39100221895577053
2020-03-26,C,5,0.6,0.28475697986529375
2020-04-02,C,5,-0.6,0.28475697986529375
2020-04-09,C,5,-0.8999999999999998,0.03738607346849874
2020-04-16,C,5,-0.3,0.6238376647810728
2020-04-23,C,5,0.7,0.1881204043741873
2020-04-30,C,5,0.49999999999999994,0.39100221895577053
2020-05-07,C,5,-0.39999999999999997,0.5046315754686911
2020-05-14,C,5,-0.09999999999999999,0.8728885715695383
2020-05-21,C,5,0.3,0.6238376647810728
2020-05-28,C,5,-0.6,0.28475697986529375
2020-06-04,C,5,0.09999999999999999,0.8728885715695383
2020-06-11,C,5,-0.6,0.28475697986529375
2020-06-18,C,5,-0.7999999999999999,0.10408803866182788
2020-07-02,C,5,0.6,0.28475697986529375
2020-07-09,C,5,0.7,0.1881204043741873
2020-07-16,C,5,0.49999999999999994,0.39100221895577053
2020-07-23,C,5,0.7,0.1881204043741873
2020-07-30,C,5,-0.3,0.6238376647810728
2020-08-06,C,5,-0.09999999999999999,0.8728885715695383
2020-08-13,C,5,-0.09999999999999999,0.8728885715695383
2020-08-20,C,5,0.19999999999999998,0.747060078104662
2020-08-27,C,5,-0.09999999999999999,0.8728885715695383
2020-09-03,C,5,0.0,1.0
2020-09-10,C,5,-0.09999999999999999,0.8728885715695383
2020-09-17,C,5,-0.09999999999999999,0.8728885715695383
2020-09-24,C,5,0.49999999999999994,0.39100221895577053
2020-10-15,C,5,0.8999999999999998,0.03738607346849874
2020-10-22,C,5,-0.19999999999999998,0.747060078104662
2020-10-29,C,5,0.7,0.1881204043741873
2020-11-05,C,5,-0.09999999999999999,0.8728885715695383
2020-11-12,C,5,-0.8999999999999998,0.03738607346849874
2020-11-19,C,5,-0.49999999999999994,0.39100221895577053
2020-11-26,C,5,0.3,0.6238376647810728
2020-12-03,C,5,0.09999999999999999,0.8728885715695383
2020-12-10,C,5,-0.39999999999999997,0.5046315754686911
2020-12-17,C,5,-0.19999999999999998,0.747060078104662
2020-12-24,C,5,-0.39999999999999997,0.5046315754686911
2020-12-31,C,5,0.0,1.0
2021-01-07,C,5,0.7,0.1881204043741873
2021-01-14,C,5,-0.19999999999999998,0.747060078104662
2021-01-21,C,5,0.09999999999999999,0.8728885715695383
2021-01-28,C,5,0.3,0.6238376647810728
2021-02-04,C,5,-0.09999999999999999,0.8728885715695383
2021-02-18,C,5,0.8999999999999998,0.03738607346849874
2021-02-25,C,5,0.19999999999999998,0.747060078104662
2021-03-04,C,5,-0.9999999999999999,1.4042654220543672e-24
2021-03-11,C,5,-0.6,0.28475697986529375
2021-03-18,C,5,0.7999999999999999,0.10408803866182788
2021-03-25,C,5,0.3,0.6238376647810728
2021-04-01,C,5,0.7,0.1881204043741873
2021-04-08,C,5,0.19999999999999998,0.747060078104662
2021-04-15,C,5,-0.09999999999999999,0.8728885715695383
2021-04-22,C,5,-0.49999999999999994,0.39100221895577053
2021-04-29,C,5,0.39999999999999997,0.5046315754686911
2021-05-06,C,5,0.39999999999999997,0.5046315754686911
2021-05-13,C,5,0.19999999999999998,0.747060078104662
2021-05-20,C,5,0.19999999999999998,0.747060078104662
2021-05-27,C,5,0.8999999999999998,0.03738607346849874
2021-06-03,C,5,0.09999999999999999,0.8728885715695383
2021-06-10,C,5,-0.3,0.6238376647810728
2021-06-17,C,5,0.09999999999999999,0.8728885715695383
2021-06-24,C,5,-0.49999999999999994,0.39100221895577053
2021-07-01,C,5,-0.49999999999999994,0.39100221895577053
2021-07-08,C,5,-0.09999999999999999,0.8728885715695383
2021-07-15,C,5,-0.6,0.28475697986529375
2021-07-22,C,5,0.7999999999999999,0.10408803866182788
2021-07-29,C,5,0.49999999999999994,0.39100221895577053
2021-08-05,C,5,0.7,0.1881204043741873
2021-08-12,C,5,-0.7999999999999999,0.10408803866182788
2021-08-19,C,5,0.3,0.6238376647810728
2021-08-26,C,5,0.39999999999999997,0.5046315754686911
2021-09-02,C,5,0.09999999999999999,0.8728885715695383
2021-09-09,C,5,0.19999999999999998,0.747060078104662
2021-09-16,C,5,0.0,1.0
2021-09-23,C,5,0.19999999999999998,0.747060078104662
2021-09-30,C,5,-0.19999999999999998,0.747060078104662
2021-10-14,C,5,0.19999999999999998,0.747060078104662
2021-10-21,C,5,-0.49999999999999994,0.39100221895577053
2021-10-28,C,5,0.0,1.0
2021-11-04,C,5,0.19999999999999998,0.747060078104662
2021-11-11,C,5,-0.39999999999999997,0.5046315754686911
2021-11-18,C,5,0.3,0.6238376647810728
2021-11-25,C,5,0.39999999999999997,0.5046315754686911
2021-12-02,C,5,-0.8999999999999998,0.03738607346849874
2021-12-09,C,5,0.49999999999999994,0.39100221895577053
2021-12-16,C,5,0.3,0.6238376647810728
2021-12-23,C,5,-0.7,0.1881204043741873
2021-12-30,C,5,0.09999999999999999,0.8728885715695383
2022-01-06,C,5,0.09999999999999999,0.8728885715695383
2022-01-13,C,5,-0.49999999999999994,0.39100221895577053
2022-01-20,C,5,-0.09999999999999999,0.8728885715695383
2022-01-27,C,5,-0.3,0.6238376647810728
2022-02-10,C,5,-0.3,0.6238376647810728
2022-02-17,C,5,-0.09999999999999999,0.8728885715695383
2022-02-24,C,5,-0.49999999999999994,0.39100221895577053
2022-03-03,C,5,0.6,0.28475697986529375
2022-03-10,C,5,0.19999999999999998,0.747060078104662
2022-03-17,C,5,0.8999999999999998,0.03738607346849874
2022-03-24,C,5,-0.7,0.1881204043741873
2022-03-31,C,5,-0.3,0.6238376647810728
2022-04-07,C,5,0.6,0.28475697986529375
2022-04-14,C,5,-0.3,0.6238376647810728
2022-04-21,C,5,-0.6,0.28475697986529375
2022-04-28,C,5,0.8999999999999998,0.03738607346849874
2022-05-05,C,5,0.6,0.28475697986529375
2022-05-12,C,5,-0.3,0.6238376647810728
2022-05-19,C,5,-0.3,0.6238376647810728
2022-05-26,C,5,-0.3,0.6238376647810728
2022-06-02,C,5,-0.8999999999999998,0.03738607346849874
2022-06-09,C,5,-0.3,0.6238376647810728
2022-06-16,C,5,-0.09999999999999999,0.8728885715695383
2022-06-23,C,5,0.0,1.0
2022-06-30,C,5,-0.9999999999999999,1.4042654220543672e-24
2022-07-07,C,5,-0.3,0.6238376647810728
2022-07-14,C,5,0.7,0.1881204043741873
2022-07-21,C,5,0.09999999999999999,0.8728885715695383
2022-07-28,C,5,-0.7,0.1881204043741873
2022-08-04,C,5,0.3,0.6238376647810728
2022-08-11,C,5,0.19999999999999998,0.747060078104662
2022-08-18,C,5,0.6,0.28475697986529375
2022-08-25,C,5,-0.7,0.1881204043741873
2022-09-01,C,5,0.19999999999999998,0.747060078104662
2022-09-08,C,5,-0.49999999999999994,0.39100221895577053
2022-09-15,C,5,-0.3,0.6238376647810728
2022-09-22,C,5,-0.6,0.28475697986529375
2022-09-29,C,5,0.8999999999999998,0.03738607346849874
2022-10-13,C,5,0.7,0.1881204043741873
2022-10-20,C,5,0.19999999999999998,0.747060078104662
2022-10-27,C,5,0.7,0.1881204043741873
2022-11-03,C,5,-0.6,0.28475697986529375
2022-11-10,C,5,0.39999999999999997,0.5046315754686911
2022-11-17,C,5,0.7,0.1881204043741873
2022-11-24,C,5,-0.8999999999999998,0.03738607346849874
2022-12-01,C,5,-0.09999999999999999,0.8728885715695383
2022-12-08,C,5,-0.7,0.1881204043741873
2022-12-15,C,5,-0.7999999999999999,0.10408803866182788
2022-12-22,C,5,-0.3,0.6238376647810728
2022-12-29,C,5,0.7999999999999999,0.10408803866182788
2023-01-05,C,5,-0.09999999999999999,0.8728885715695383
2023-01-12,C,5,-0.6,0.28475697986529375
2023-01-19,C,5,-0.09999999999999999,0.8728885715695383
2023-02-02,C,5,0.49999999999999994,0.39100221895577053
2023-02-09,C,5,0.6,0.28475697986529375
2023-02-16,C,5,0.49999999999999994,0.39100221895577053
2023-02-23,C,5,-0.7,0.1881204043741873
2023-03-02,C,5,-0.3,0.6238376647810728
2023-03-09,C,5,0.6,0.28475697986529375
2023-03-16,C,5,-0.19999999999999998,0.747060078104662
2023-03-23,C,5,-0.3,0.6238376647810728
2023-03-30,C,5,-0.3,0.6238376647810728
2023-04-06,C,5,-0.09999999999999999,0.8728885715695383
2023-04-13,C,5,-0.39999999999999997,0.5046315754686911
2023-04-20,C,5,0.39999999999999997,0.5046315754686911
2023-04-27,C,5,-0.9999999999999999,1.4042654220543672e-24
2023-05-04,C,5,-0.49999999999999994,0.39100221895577053
2023-05-11,C,5,-0.09999999999999999,0.8728885715695383
2023-05-18,C,5,0.7,0.1881204043741873
2023-05-25,C,5,-0.39999999999999997,0.5046315754686911
2023-06-01,C,5,0.49999999999999994,0.39100221895577053
2023-06-08,C,5,-0.9999999999999999,1.4042654220543672e-24
2023-06-15,C,5,-0.19999999999999998,0.747060078104662
2023-06-29,C,5,-0.19999999999999998,0.747060078104662
2023-07-06,C,5,0.09999999999999999,0.8728885715695383
2023-07-13,C,5,-0.09999999999999999,0.8728885715695383
2023-07-20,C,5,0.6,0.28475697986529375
2023-07-27,C,5,-0.8999999999999998,0.03738607346849874
2023-08-03,C,5,-0.7,0.1881204043741873
2023-08-10,C,5,-0.6,0.28475697986529375
2023-08-17,C,5,0.0,1.0
2023-08-24,C,5,0.8999999999999998,0.03738607346849874
2023-08-31,C,5,0.8999999999999998,0.03738607346849874
2023-09-07,C,5,0.6,0.28475697986529375
2023-09-14,C,5,0.0,1.0
2023-09-21,C,5,-0.6,0.28475697986529375
2023-09-28,C,5,0.09999999999999999,0.8728885715695383
2023-10-12,C,5,0.3,0.6238376647810728
2023-10-19,C,5,-0.8999999999999998,0.03738607346849874
2023-10-26,C,5,-0.09999999999999999,0.8728885715695383
2023-11-02,C,5,0.0,1.0
2023-11-09,C,5,0.7,0.1881204043741873
2023-11-16,C,5,0.09999999999999999,0.8728885715695383
2023-11-23,C,5,0.49999999999999994,0.39100221895577053
2023-11-30,C,5,-0.09999999999999999,0.8728885715695383
2023-12-07,C,5,-0.3,0.6238376647810728
2023-12-14,C,5,-0.19999999999999998,0.747060078104662
2023-12-21,C,5,0.0,1.0
2023-12-28,C,5,0.7,0.1881204043741873
2024-01-04,C,5,-0.09999999999999999,0.8728885715695383
2024-01-11,C,5,0.49999999999999994,0.39100221895577053
2024-01-18,C,5,-0.19999999999999998,0.747060078104662
2024-01-25,C,5,-0.7,0.1881204043741873
2024-02-01,C,5,0.8999999999999998,0.03738607346849874
2024-02-08,C,5,-0.3,0.6238376647810728
2024-02-22,C,5,0.8999999999999998,0.03738607346849874
2024-02-29,C,5,-0.09999999999999999,0.8728885715695383
2024-03-07,C,5,0.7999999999999999,0.10408803866182788
2024-03-14,C,5,-0.7999999999999999,0.10408803866182788
2024-03-21,C,5,0.0,1.0
2024-03-28,C,5,-0.39999999999999997,0.5046315754686911
2024-04-11,C,5,-0.3,0.6238376647810728
2024-04-18,C,5,0.09999999999999999,0.8728885715695383
2024-04-25,C,5,-0.39999999999999997,0.5046315754686911
2024-05-09,C,5,-0.8999999999999998,0.03738607346849874
2024-05-16,C,5,-0.49999999999999994,0.39100221895577053
2024-05-23,C,5,0.8999999999999998,0.03738607346849874
2024-05-30,C,5,0.6,0.28475697986529375
2024-06-06,C,5,-0.7,0.1881204043741873
2024-06-13,C,5,-0.09999999999999999,0.8728885715695383
2024-06-20,C,5,0.8999999999999998,0.03738607346849874
2024-06-27,C,5,-0.3,0.6238376647810728
2024-07-04,C,5,0.6,0.28475697986529375
2024-07-11,C,5,-0.6,0.28475697986529375
2024-07-18,C,5,-0.49999999999999994,0.39100221895577053
2024-07-25,C,5,0.09999999999999999,0.8728885715695383
2024-08-01,C,5,0.39999999999999997,0.5046315754686911
2024-08-08,C,5,0.3,0.6238376647810728
2024-08-15,C,5,-0.09999999999999999,0.8728885715695383
2024-08-22,C,5,0.7,0.1881204043741873
2024-08-29,C,5,0.3,0.6238376647810728
2024-09-05,C,5,0.0,1.0
2024-09-12,C,5,0.6,0.28475697986529375
2024-09-19,C,5,0.09999999999999999,0.8728885715695383
2024-09-26,C,5,-0.49999999999999994,0.39100221895577053
2024-10-10,C,5,-0.8999999999999998,0.03738607346849874
2024-10-17,C,5,0.3,0.6238376647810728
2024-10-24,C,5,-0.09999999999999999,0.8728885715695383
2024-10-31,C,5,0.09999999999999999,0.8728885715695383
2024-11-07,C,5,0.6,0.28475697986529375
2024-11-14,C,5,-0.09999999999999999,0.8728885715695383
2024-11-21,C,5,0.7,0.1881204043741873
2024-11-28,C,5,0.09999999999999999,0.8728885715695383
2024-12-05,C,5,-0.09999999999999999,0.8728885715695383
2024-12-12,C,5,-0.09999999999999999,0.8728885715695383
2024-12-19,C,5,-0.19999999999999998,0.747060078104662
2019-08-15,C,10,0.7,0.1881204043741873
2019-08-22,C,10,-0.19999999999999998,0.747060078104662
2019-08-29,C,10,0.7,0.1881204043741873
2019-09-05,C,10,0.0,1.0
2019-09-12,C,10,-0.09999999999999999,0.8728885715695383
2019-09-19,C,10,0.49999999999999994,0.39100221895577053
2019-09-26,C,10,0.7,0.1881204043741873
2019-10-10,C,10,-0.3,0.6238376647810728
2019-10-17,C,10,-0.09999999999999999,0.8728885715695383
2019-10-24,C,10,-0.19999999999999998,0.747060078104662
2019-10-31,C,10,0.3,0.6238376647810728
2019-11-07,C,10,0.49999999999999994,0.39100221895577053
2019-11-14,C,10,0.9999999999999999,1.4042654220543672e-24
2019-11-21,C,10,0.39999999999999997,0.5046315754686911
2019-11-28,C,10,0.0,1.0
2019-12-05,C,10,-0.09999999999999999,0.8728885715695383
2019-12-12,C,10,-0.19999999999999998,0.747060078104662
2019-12-19,C,10,-0.3,0.6238376647810728
2019-12-26,C,10,-0.7,0.1881204043741873
2020-01-02,C,10,0.7999999999999999,0.10408803866182788
2020-01-09,C,10,-0.3,0.6238376647810728
2020-01-16,C,10,-0.09999999999999999,0.8728885715695383
2020-01-23,C,10,-0.7,0.1881204043741873
2020-02-06,C,10,-0.09999999999999999,0.8728885715695383
2020-02-13,C,10,0.6,0.28475697986529375
2020-02-20,C,10,0.09999999999999999,0.8728885715695383
2020-02-27,C,10,-0.3,0.6238376647810728
2020-03-05,C,10,-0.49999999999999994,0.39100221895577053
2020-03-12,C,10,0.7,0.1881204043741873
2020-03-19,C,10,0.3,0.6238376647810728
2020-03-26,C,10,-0.09999999999999999,0.8728885715695383
2020-04-02,C,10,-0.6,0.28475697986529375
2020-04-09,C,10,-0.7999999999999999,0.10408803866182788
2020-04-16,C,10,0.49999999999999994,0.39100221895577053
2020-04-23,C,10,0.8999999999999998,0.03738607346849874
2020-04-30,C,10,-0.19999999999999998,0.747060078104662
2020-05-07,C,10,-0.8999999999999998,0.03738607346849874
2020-05-14,C,10,0.3,0.6238376647810728
2020-05-21,C,10,-0.09999999999999999,0.8728885715695383
2020-05-28,C,10,-0.8999999999999998,0.03738607346849874
2020-06-04,C,10,-0.3,0.6238376647810728
2020-06-11,C,10,-0.8999999999999998,0.03738607346849874
2020-06-18,C,10,0.8999999999999998,0.03738607346849874
2020-07-02,C,10,-0.6,0.28475697986529375
2020-07-09,C,10,0.49999999999999994,0.39100221895577053
2020-07-16,C,10,0.49999999999999994,0.39100221895577053
2020-07-23,C,10,0.09999999999999999,0.8728885715695383
2020-07-30,C,10,-0.39999999999999997,0.5046315754686911
2020-08-06,C,10,-0.6,0.28475697986529375
2020-08-13,C,10,0.6,0.28475697986529375
2020-08-20,C,10,0.49999999999999994,0.39100221895577053
2020-08-27,C,10,0.49999999999999994,0.39100221895577053
2020-09-03,C,10,-0.09999999999999999,0.8728885715695383
2020-09-10,C,10,-0.3,0.6238376647810728
2020-09-17,C,10,-0.3,0.6238376647810728
2020-09-24,C,10,0.0,1.0
2020-10-15,C,10,0.49999999999999994,0.39100221895577053
2020-10-22,C,10,-0.19999999999999998,0.747060078104662
2020-10-29,C,10,0.7,0.1881204043741873
2020-11-05,C,10,-0.7,0.1881204043741873
2020-11-12,C,10,-0.7999999999999999,0.10408803866182788
2020-11-19,C,10,-0.39999999999999997,0.5046315754686911
2020-11-26,C,10,-0.09999999999999999,0.8728885715695383
2020-12-03,C,10,-0.39999999999999997,0.5046315754686911
2020-12-10,C,10,-0.8999999999999998,0.03738607346849874
2020-12-17,C,10,-0.09999999999999999,0.8728885715695383
2020-12-24,C,10,-0.3,0.6238376647810728
2020-12-31,C,10,0.8999999999999998,0.03738607346849874
2021-01-07,C,10,0.7999999999999999,0.10408803866182788
2021-01-14,C,10,0.49999999999999994,0.39100221895577053
2021-01-21,C,10,-0.49999999999999994,0.39100221895577053
2021-01-28,C,10,-0.39999999999999997,0.5046315754686911
2021-02-04,C,10,-0.09999999999999999,0.8728885715695383
2021-02-18,C,10,0.7999999999999999,0.10408803866182788
2021-02-25,C,10,-0.09999999999999999,0.8728885715695383
2021-03-04,C,10,-0.7999999999999999,0.10408803866182788
2021-03-11,C,10,0.09999999999999999,0.8728885715695383
2021-03-18,C,10,0.6,0.28475697986529375
2021-03-25,C,10,0.8999999999999998,0.03738607346849874
2021-04-01,C,10,0.6,0.28475697986529375
2021-04-08,C,10,-0.7999999999999999,0.10408803866182788
2021-04-15,C,10,-0.6,0.28475697986529375
2021-04-22,C,10,-0.09999999999999999,0.8728885715695383
2021-04-29,C,10,0.3,0.6238376647810728
2021-05-06,C,10,-0.09999999999999999,0.8728885715695383
2021-05-13,C,10,0.19999999999999998,0.747060078104662
2021-05-20,C,10,0.09999999999999999,0.8728885715695383
2021-05-27,C,10,-0.39999999999999997,0.5046315754686911
2021-06-03,C,10,0.19999999999999998,0.747060078104662
2021-06-10,C,10,-0.3,0.6238376647810728
2021-06-17,C,10,-0.3,0.6238376647810728
2021-06-24,C,10,-0.09999999999999999,0.8728885715695383
2021-07-01,C,10,0.3,0.6238376647810728
2021-07-08,C,10,-0.6,0.28475697986529375
2021-07-15,C,10,-0.49999999999999994,0.39100221895577053
2021-07-22,C,10,0.49999999999999994,0.39100221895577053
2021-07-29,C,10,0.6,0.28475697986529375
2021-08-05,C,10,0.09999999999999999,0.8728885715695383
2021-08-12,C,10,-0.7,0.1881204043741873
2021-08-19,C,10,0.19999999999999998,0.747060078104662
2021-08-26,C,10,0.3,0.6238376647810728
2021-09-02,C,10,-0.39999999999999997,0.5046315754686911
2021-09-09,C,10,0.09999999999999999,0.8728885715695383
2021-09-16,C,10,0.8999999999999998,0.03738607346849874
2021-09-23,C,10,0.19999999999999998,0.747060078104662
2021-09-30,C,10,0.19999999999999998,0.747060078104662
2021-10-14,C,10,0.19999999999999998,0.747060078104662
2021-10-21,C,10,-0.6,0.28475697986529375
2021-10-28,C,10,0.09999999999999999,0.8728885715695383
2021-11-04,C,10,0.49999999999999994,0.39100221895577053
2021-11-11,C,10,0.09999999999999999,0.8728885715695383
2021-11-18,C,10,0.3,0.6238376647810728
2021-11-25,C,10,0.6,0.28475697986529375
2021-12-02,C,10,-0.6,0.28475697986529375
2021-12-09,C,10,0.39999999999999997,0.5046315754686911
2021-12-16,C,10,0.49999999999999994,0.39100221895577053
2021-12-23,C,10,-0.6,0.28475697986529375
2021-12-30,C,10,0.39999999999999997,0.5046315754686911
2022-01-06,C,10,0.19999999999999998,0.747060078104662
2022-01-13,C,10,-0.3,0.6238376647810728
2022-01-20,C,10,-0.09999999999999999,0.8728885715695383
2022-01-27,C,10,0.09999999999999999,0.8728885715695383
2022-02-10,C,10,-0.39999999999999997,0.5046315754686911
2022-02-17,C,10,-0.3,0.6238376647810728
2022-02-24,C,10,0.7,0.1881204043741873
2022-03-03,C,10,0.6,0.28475697986529375
2022-03-10,C,10,0.09999999999999999,0.8728885715695383
2022-03-17,C,10,0.7999999999999999,0.10408803866182788
2022-03-24,C,10,-0.7,0.1881204043741873
2022-03-31,C,10,-0.49999999999999994,0.39100221895577053
2022-04-07,C,10,0.3,0.6238376647810728
2022-04-14,C,10,-0.3,0.6238376647810728
2022-04-21,C,10,0.49999999999999994,0.39100221895577053
2022-04-28,C,10,0.7999999999999999,0.10408803866182788
2022-05-05,C,10,0.3,0.6238376647810728
2022-05-12,C,10,-0.3,0.6238376647810728
2022-05-19,C,10,-0.09999999999999999,0.8728885715695383
2022-05-26,C,10,-0.7999999999999999,0.10408803866182788
2022-06-02,C,10,-0.7999999999999999,0.10408803866182788
2022-06-09,C,10,-0.7,0.1881204043741873
2022-06-16,C,10,0.49999999999999994,0.39100221895577053
2022-06-23,C,10,-0.39999999999999997,0.5046315754686911
2022-06-30,C,10,-0.8999999999999998,0.03738607346849874
2022-07-07,C,10,0.0,1.0
2022-07-14,C,10,0.19999999999999998,0.747060078104662
2022-07-21,C,10,-0.7,0.1881204043741873
2022-07-28,C,10,-0.6,0.28475697986529375
2022-08-04,C,10,0.39999999999999997,0.5046315754686911
2022-08-11,C,10,0.7,0.1881204043741873
2022-08-18,C,10,-0.09999999999999999,0.8728885715695383
2022-08-25,C,10,-0.09999999999999999,0.8728885715695383
2022-09-01,C,10,0.8720815992723809,0.05385421772754211
2022-09-08,C,10,0.09999999999999999,0.8728885715695383
2022-09-15,C,10,-0.7999999999999999,0.10408803866182788
2022-09-22,C,10,0.09999999999999999,0.8728885715695383
2022-09-29,C,10,0.7,0.1881204043741873
2022-10-13,C,10,0.6,0.28475697986529375
2022-10-20,C,10,0.19999999999999998,0.747060078104662
2022-10-27,C,10,-0.09999999999999999,0.8728885715695383
2022-11-03,C,10,-0.09999999999999999,0.8728885715695383
2022-11-10,C,10,0.8999999999999998,0.03738607346849874
2022-11-17,C,10,0.39999999999999997,0.5046315754686911
2022-11-24,C,10,-0.8999999999999998,0.03738607346849874
2022-12-01,C,10,0.6,0.28475697986529375
2022-12-08,C,10,-0.09999999999999999,0.8728885715695383
2022-12-15,C,10,-0.6,0.28475697986529375
2022-12-22,C,10,-0.09999999999999999,0.8728885715695383
2022-12-29,C,10,0.7,0.1881204043741873
2023-01-05,C,10,0.6,0.28475697986529375
2023-01-12,C,10,-0.49999999999999994,0.39100221895577053
2023-01-19,C,10,-0.09999999999999999,0.8728885715695383
2023-02-02,C,10,0.3,0.6238376647810728
2023-02-09,C,10,-0.3,0.6238376647810728
2023-02-16,C,10,-0.3,0.6238376647810728
2023-02-23,C,10,-0.7,0.1881204043741873
2023-03-02,C,10,0.49999999999999994,0.39100221895577053
2023-03-09,C,10,-0.19999999999999998,0.747060078104662
2023-03-16,C,10,-0.09999999999999999,0.8728885715695383
2023-03-23,C,10,-0.3,0.6238376647810728
2023-03-30,C,10,-0.6,0.28475697986529375
2023-04-06,C,10,-0.6,0.28475697986529375
2023-04-13,C,10,-0.39999999999999997,0.5046315754686911
2023-04-20,C,10,0.0,1.0
2023-04-27,C,10,-0.8999999999999998,0.03738607346849874
2023-05-04,C,10,0.0,1.0
2023-05-11,C,10,0.6,0.28475697986529375
2023-05-18,C,10,0.19999999999999998,0.747060078104662
2023-05-25,C,10,0.3,0.6238376647810728
2023-06-01,C,10,-0.09999999999999999,0.8728885715695383
2023-06-08,C,10,-0.6,0.28475697986529375
2023-06-15,C,10,-0.19999999999999998,0.747060078104662
2023-06-29,C,10,0.49999999999999994,0.39100221895577053
2023-07-06,C,10,-0.3,0.6238376647810728
2023-07-13,C,10,-0.3,0.6238376647810728
2023-07-20,C,10,0.6,0.28475697986529375
2023-07-27,C,10,-0.8999999999999998,0.03738607346849874
2023-08-03,C,10,-0.9999999999999999,1.4042654220543672e-24
2023-08-10,C,10,-0.19999999999999998,0.747060078104662
2023-08-17,C,10,0.3,0.6238376647810728
2023-08-24,C,10,0.49999999999999994,0.39100221895577053
2023-08-31,C,10,0.8999999999999998,0.03738607346849874
2023-09-07,C,10,0.3,0.6238376647810728
2023-09-14,C,10,-0.3,0.6238376647810728
2023-09-21,C,10,-0.3,0.6238376647810728
2023-09-28,C,10,-0.6,0.28475697986529375
2023-10-12,C,10,0.49999999999999994,0.39100221895577053
2023-10-19,C,10,0.19999999999999998,0.747060078104662
2023-10-26,C,10,-0.49999999999999994,0.39100221895577053
2023-11-02,C,10,0.3,0.6238376647810728
2023-11-09,C,10,0.39999999999999997,0.5046315754686911
2023-11-16,C,10,-0.09999999999999999,0.8728885715695383
2023-11-23,C,10,-0.9999999999999999,1.4042654220543672e-24
2023-11-30,C,10,-0.09999999999999999,0.8728885715695383
2023-12-07,C,10,0.0,1.0
2023-12-14,C,10,0.6,0.28475697986529375
2023-12-21,C,10,0.49999999999999994,0.39100221895577053
2023-12-28,C,10,0.49999999999999994,0.39100221895577053
2024-01-04,C,10,0.7,0.1881204043741873
2024-01-11,C,10,-0.09999999999999999,0.8728885715695383
2024-01-18,C,10,-0.3,0.6238376647810728
2024-01-25,C,10,-0.7,0.1881204043741873
2024-02-01,C,10,0.09999999999999999,0.8728885715695383
2024-02-08,C,10,0.7999999999999999,0.10408803866182788
2024-02-22,C,10,0.8999999999999998,0.03738607346849874
2024-02-29,C,10,-0.39999999999999997,0.5046315754686911
2024-03-07,C,10,0.6,0.28475697986529375
2024-03-14,C,10,-0.39999999999999997,0.5046315754686911
2024-03-21,C,10,0.0,1.0
2024-03-28,C,10,-0.09999999999999999,0.8728885715695383
2024-04-11,C,10,0.6,0.28475697986529375
2024-04-18,C,10,0.7999999999999999,0.10408803866182788
2024-04-25,C,10,-0.09999999999999999,0.8728885715695383
2024-05-09,C,10,-0.7,0.1881204043741873
2024-05-16,C,10,-0.19999999999999998,0.747060078104662
2024-05-23,C,10,0.8999999999999998,0.03738607346849874
2024-05-30,C,10,0.6,0.28475697986529375
2024-06-06,C,10,-0.7999999999999999,0.10408803866182788
2024-06-13,C,10,0.0,1.0
2024-06-20,C,10,0.6,0.28475697986529375
2024-06-27,C,10,-0.7999999999999999,0.10408803866182788
2024-07-04,C,10,0.6,0.28475697986529375
2024-07-11,C,10,-0.7,0.1881204043741873
2024-07-18,C,10,-0.09999999999999999,0.8728885715695383
2024-07-25,C,10,-0.09999999999999999,0.8728885715695383
2024-08-01,C,10,0.3,0.6238376647810728
2024-08-08,C,10,-0.3,0.6238376647810728
2024-08-15,C,10,-0.09999999999999999,0.8728885715695383
2024-08-22,C,10,0.8999999999999998,0.03738607346849874
2024-08-29,C,10,0.6,0.28475697986529375
2024-09-05,C,10,-0.8999999999999998,0.03738607346849874
2024-09-12,C,10,0.19999999999999998,0.747060078104662
2024-09-19,C,10,0.49999999999999994,0.39100221895577053
2024-09-26,C,10,-0.6,0.28475697986529375
2024-10-10,C,10,-0.7999999999999999,0.10408803866182788
2024-10-17,C,10,-0.49999999999999994,0.39100221895577053
2024-10-24,C,10,0.6,0.28475697986529375
2024-10-31,C,10,-0.09999999999999999,0.8728885715695383
2024-11-07,C,10,0.49999999999999994,0.39100221895577053
2024-11-14,C,10,0.0,1.0
2024-11-21,C,10,-0.19999999999999998,0.747060078104662
2024-11-28,C,10,0.09999999999999999,0.8728885715695383
2024-12-05,C,10,0.0,1.0
2024-12-12,C,10,0.3,0.6238376647810728
2019-08-15,C,20,0.19999999999999998,0.747060078104662
2019-08-22,C,20,0.0,1.0
2019-08-29,C,20,0.49999999999999994,0.39100221895577053
2019-09-05,C,20,0.3,0.6238376647810728
2019-09-12,C,20,0.0,1.0
2019-09-19,C,20,0.7,0.1881204043741873
2019-09-26,C,20,0.09999999999999999,0.8728885715695383
2019-10-10,C,20,-0.3,0.6238376647810728
2019-10-17,C,20,-0.6,0.28475697986529375
2019-10-24,C,20,0.6,0.28475697986529375
2019-10-31,C,20,0.49999999999999994,0.39100221895577053
2019-11-07,C,20,0.7999999999999999,0.10408803866182788
2019-11-14,C,20,0.7,0.1881204043741873
2019-11-21,C,20,0.3,0.6238376647810728
2019-11-28,C,20,-0.6,0.28475697986529375
2019-12-05,C,20,-0.7999999999999999,0.10408803866182788
2019-12-12,C,20,-0.09999999999999999,0.8728885715695383
2019-12-19,C,20,-0.09999999999999999,0.8728885715695383
2019-12-26,C,20,-0.9999999999999999,1.4042654220543672e-24
2020-01-02,C,20,0.6,0.28475697986529375
2020-01-09,C,20,-0.7999999999999999,0.10408803866182788
2020-01-16,C,20,0.09999999999999999,0.8728885715695383
2020-01-23,C,20,-0.8999999999999998,0.03738607346849874
2020-02-06,C,20,0.6,0.28475697986529375
2020-02-13,C,20,0.6,0.28475697986529375
2020-02-20,C,20,-0.39999999999999997,0.5046315754686911
2020-02-27,C,20,-0.39999999999999997,0.5046315754686911
2020-03-05,C,20,0.7,0.1881204043741873
2020-03-12,C,20,0.8999999999999998,0.03738607346849874
2020-03-19,C,20,0.49999999999999994,0.39100221895577053
2020-03-26,C,20,-0.09999999999999999,0.8728885715695383
2020-04-02,C,20,-0.7999999999999999,0.10408803866182788
2020-04-09,C,20,0.09999999999999999,0.8728885715695383
2020-04-16,C,20,-0.3,0.6238376647810728
2020-04-23,C,20,0.19999999999999998,0.747060078104662
2020-04-30,C,20,-0.09999999999999999,0.8728885715695383
2020-05-07,C,20,-0.7,0.1881204043741873
2020-05-14,C,20,0.0,1.0
2020-05-21,C,20,0.0,1.0
2020-05-28,C,20,-0.8999999999999998,0.03738607346849874
2020-06-04,C,20,-0.3,0.6238376647810728
2020-06-11,C,20,-0.6,0.28475697986529375
2020-06-18,C,20,0.3,0.6238376647810728
2020-07-02,C,20,-0.8999999999999998,0.03738607346849874
2020-07-09,C,20,-0.09999999999999999,0.8728885715695383
2020-07-16,C,20,0.7,0.1881204043741873
2020-07-23,C,20,-0.7,0.1881204043741873
2020-07-30,C,20,-0.6,0.28475697986529375
2020-08-06,C,20,-0.7,0.1881204043741873
2020-08-13,C,20,0.49999999999999994,0.39100221895577053
2020-08-20,C,20,0.0,1.0
2020-08-27,C,20,0.6,0.28475697986529375
2020-09-03,C,20,0.6,0.28475697986529375
2020-09-10,C,20,0.0,1.0
2020-09-17,C,20,0.3,0.6238376647810728
2020-09-24,C,20,0.49999999999999994,0.39100221895577053
2020-10-15,C,20,0.7,0.1881204043741873
2020-10-22,C,20,-0.3,0.6238376647810728
2020-10-29,C,20,0.6,0.28475697986529375
2020-11-05,C,20,-0.6,0.28475697986529375
2020-11-12,C,20,-0.7,0.1881204043741873
2020-11-19,C,20,-0.7,0.1881204043741873
2020-11-26,C,20,-0.39999999999999997,0.5046315754686911
2020-12-03,C,20,0.39999999999999997,0.5046315754686911
2020-12-10,C,20,-0.8999999999999998,0.03738607346849874
2020-12-17,C,20,0.3,0.6238376647810728
2020-12-24,C,20,-0.39999999999999997,0.5046315754686911
2020-12-31,C,20,0.7,0.1881204043741873
2021-01-07,C,20,0.09999999999999999,0.8728885715695383
2021-01-14,C,20,0.39999999999999997,0.5046315754686911
2021-01-21,C,20,0.09999999999999999,0.8728885715695383
2021-01-28,C,20,-0.7,0.1881204043741873
2021-02-04,C,20,-0.3,0.6238376647810728
2021-02-18,C,20,0.7,0.1881204043741873
2021-02-25,C,20,0.39999999999999997,0.5046315754686911
2021-03-04,C,20,-0.7,0.1881204043741873
2021-03-11,C,20,0.09999999999999999,0.8728885715695383
2021-03-18,C,20,0.6,0.28475697986529375
2021-03-25,C,20,0.7,0.1881204043741873
2021-04-01,C,20,-0.39999999999999997,0.5046315754686911
2021-04-08,C,20,-0.9999999999999999,1.4042654220543672e-24
2021-04-15,C,20,-0.3,0.6238376647810728
2021-04-22,C,20,-0.3,0.6238376647810728
2021-04-29,C,20,-0.19999999999999998,0.747060078104662
2021-05-06,C,20,-0.39999999999999997,0.5046315754686911
2021-05-13,C,20,-0.3,0.6238376647810728
2021-05-20,C,20,0.6,0.28475697986529375
2021-05-27,C,20,0.3,0.6238376647810728
2021-06-03,C,20,0.09999999999999999,0.8728885715695383
2021-06-10,C,20,-0.3,0.6238376647810728
2021-06-17,C,20,0.0,1.0
2021-06-24,C,20,-0.19999999999999998,0.747060078104662
2021-07-01,C,20,-0.6,0.28475697986529375
2021-07-08,C,20,-0.8999999999999998,0.03738607346849874
2021-07-15,C,20,-0.6,0.28475697986529375
2021-07-22,C,20,0.09999999999999999,0.8728885715695383
2021-07-29,C,20,-0.19999999999999998,0.747060078104662
2021-08-05,C,20,-0.6,0.28475697986529375
2021-08-12,C,20,-0.7,0.1881204043741873
2021-08-19,C,20,0.0,1.0
2021-08-26,C,20,-0.19999999999999998,0.747060078104662
2021-09-02,C,20,0.0,1.0
2021-09-09,C,20,0.49999999999999994,0.39100221895577053
2021-09-16,C,20,0.39999999999999997,0.5046315754686911
2021-09-23,C,20,0.39999999999999997,0.5046315754686911
2021-09-30,C,20,0.0,1.0
2021-10-14,C,20,0.6,0.28475697986529375
2021-10-21,C,20,0.09999999999999999,0.8728885715695383
2021-10-28,C,20,0.09999999999999999,0.8728885715695383
2021-11-04,C,20,0.19999999999999998,0.747060078104662
2021-11-11,C,20,-0.3,0.6238376647810728
2021-11-18,C,20,-0.7,0.1881204043741873
2021-11-25,C,20,-0.3,0.6238376647810728
2021-12-02,C,20,-0.8999999999999998,0.03738607346849874
2021-12-09,C,20,0.8999999999999998,0.03738607346849874
2021-12-16,C,20,0.8999999999999998,0.03738607346849874
2021-12-23,C,20,-0.7,0.1881204043741873
2021-12-30,C,20,0.7,0.1881204043741873
2022-01-06,C,20,0.49999999999999994,0.39100221895577053
2022-01-13,C,20,-0.09999999999999999,0.8728885715695383
2022-01-20,C,20,-0.19999999999999998,0.747060078104662
2022-01-27,C,20,0.49999999999999994,0.39100221895577053
2022-02-10,C,20,-0.39999999999999997,0.5046315754686911
2022-02-17,C,20,0.19999999999999998,0.747060078104662
2022-02-24,C,20,0.19999999999999998,0.747060078104662
2022-03-03,C,20,0.09999999999999999,0.8728885715695383
2022-03-10,C,20,0.19999999999999998,0.747060078104662
2022-03-17,C,20,0.8999999999999998,0.03738607346849874
2022-03-24,C,20,-0.7,0.1881204043741873
2022-03-31,C,20,-0.49999999999999994,0.39100221895577053
2022-04-07,C,20,0.09999999999999999,0.8728885715695383
2022-04-14,C,20,-0.09999999999999999,0.8728885715695383
2022-04-21,C,20,0.49999999999999994,0.39100221895577053
2022-04-28,C,20,0.7999999999999999,0.10408803866182788
2022-05-05,C,20,-0.09999999999999999,0.8728885715695383
2022-05-12,C,20,-0.3,0.6238376647810728
2022-05-19,C,20,-0.7,0.1881204043741873
2022-05-26,C,20,-0.7999999999999999,0.10408803866182788
2022-06-02,C,20,-0.7999999999999999,0.10408803866182788
2022-06-09,C,20,-0.7999999999999999,0.10408803866182788
2022-06-16,C,20,0.09999999999999999,0.8728885715695383
2022-06-23,C,20,-0.3,0.6238376647810728
2022-06-30,C,20,-0.6,0.28475697986529375
2022-07-07,C,20,0.7,0.1881204043741873
2022-07-14,C,20,0.49999999999999994,0.39100221895577053
2022-07-21,C,20,-0.3,0.6238376647810728
2022-07-28,C,20,-0.49999999999999994,0.39100221895577053
2022-08-04,C,20,0.8999999999999998,0.03738607346849874
2022-08-11,C,20,0.09999999999999999,0.8728885715695383
2022-08-18,C,20,0.0,1.0
2022-08-25,C,20,-0.49999999999999994,0.39100221895577053
2022-09-01,C,20,0.8999999999999998,0.03738607346849874
2022-09-08,C,20,-0.7999999999999999,0.10408803866182788
2022-09-15,C,20,0.49999999999999994,0.39100221895577053
2022-09-22,C,20,0.7,0.1881204043741873
2022-09-29,C,20,0.9999999999999999,1.4042654220543672e-24
2022-10-13,C,20,0.6,0.28475697986529375
2022-10-20,C,20,-0.09999999999999999,0.8728885715695383
2022-10-27,C,20,0.7,0.1881204043741873
2022-11-03,C,20,-0.3,0.6238376647810728
2022-11-10,C,20,0.39999999999999997,0.5046315754686911
2022-11-17,C,20,0.39999999999999997,0.5046315754686911
2022-11-24,C,20,0.09999999999999999,0.8728885715695383
2022-12-01,C,20,-0.8999999999999998,0.03738607346849874
2022-12-08,C,20,-0.39999999999999997,0.5046315754686911
2022-12-15,C,20,-0.39999999999999997,0.5046315754686911
2022-12-22,C,20,0.0,1.0
2022-12-29,C,20,0.6,0.28475697986529375
2023-01-05,C,20,0.49999999999999994,0.39100221895577053
2023-01-12,C,20,-0.09999999999999999,0.8728885715695383
2023-01-19,C,20,-0.09999999999999999,0.8728885715695383
2023-02-02,C,20,-0.09999999999999999,0.8728885715695383
2023-02-09,C,20,0.3,0.6238376647810728
2023-02-16,C,20,-0.49999999999999994,0.39100221895577053
2023-02-23,C,20,-0.8999999999999998,0.03738607346849874
2023-03-02,C,20,0.09999999999999999,0.8728885715695383
2023-03-09,C,20,0.09999999999999999,0.8728885715695383
2023-03-16,C,20,0.49999999999999994,0.39100221895577053
2023-03-23,C,20,-0.8999999999999998,0.03738607346849874
2023-03-30,C,20,-0.7,0.1881204043741873
2023-04-06,C,20,-0.09999999999999999,0.8728885715695383
2023-04-13,C,20,0.09999999999999999,0.8728885715695383
2023-04-20,C,20,0.39999999999999997,0.5046315754686911
2023-04-27,C,20,-0.49999999999999994,0.39100221895577053
2023-05-04,C,20,0.6,0.28475697986529375
2023-05-11,C,20,-0.19999999999999998,0.747060078104662
2023-05-18,C,20,-0.7,0.1881204043741873
2023-05-25,C,20,-0.3,0.6238376647810728
2023-06-01,C,20,-0.09999999999999999,0.8728885715695383
2023-06-08,C,20,-0.3,0.6238376647810728
2023-06-15,C,20,-0.19999999999999998,0.747060078104662
2023-06-29,C,20,0.19999999999999998,0.747060078104662
2023-07-06,C,20,-0.3,0.6238376647810728
2023-07-13,C,20,-0.3,0.6238376647810728
2023-07-20,C,20,0.19999999999999998,0.747060078104662
2023-07-27,C,20,-0.8999999999999998,0.03738607346849874
2023-08-03,C,20,0.09999999999999999,0.8728885715695383
2023-08-10,C,20,0.09999999999999999,0.8728885715695383
2023-08-17,C,20,0.3,0.6238376647810728
2023-08-24,C,20,-0.09999999999999999,0.8728885715695383
2023-08-31,C,20,0.3,0.6238376647810728
2023-09-07,C,20,-0.3,0.6238376647810728
2023-09-14,C,20,-0.3,0.6238376647810728
2023-09-21,C,20,0.19999999999999998,0.747060078104662
2023-09-28,C,20,-0.09999999999999999,0.8728885715695383
2023-10-12,C,20,-0.09999999999999999,0.8728885715695383
2023-10-19,C,20,0.7,0.1881204043741873
2023-10-26,C,20,-0.49999999999999994,0.39100221895577053
2023-11-02,C,20,-0.19999999999999998,0.747060078104662
2023-11-09,C,20,0.0,1.0
2023-11-16,C,20,-0.39999999999999997,0.5046315754686911
2023-11-23,C,20,-0.8999999999999998,0.03738607346849874
2023-11-30,C,20,0.3,0.6238376647810728
2023-12-07,C,20,0.7,0.1881204043741873
2023-12-14,C,20,0.6,0.28475697986529375
2023-12-21,C,20,0.7,0.1881204043741873
2023-12-28,C,20,0.8999999999999998,0.03738607346849874
2024-01-04,C,20,0.6,0.28475697986529375
2024-01-11,C,20,-0.3,0.6238376647810728
2024-01-18,C,20,-0.39999999999999997,0.5046315754686911
2024-01-25,C,20,-0.19999999999999998,0.747060078104662
2024-02-01,C,20,-0.09999999999999999,0.8728885715695383
2024-02-08,C,20,0.6,0.28475697986529375
2024-02-22,C,20,0.6,0.28475697986529375
2024-02-29,C,20,-0.39999999999999997,0.5046315754686911
2024-03-07,C,20,0.7,0.1881204043741873
2024-03-14,C,20,0.19999999999999998,0.747060078104662
2024-03-21,C,20,0.19999999999999998,0.747060078104662
2024-03-28,C,20,-0.3,0.6238376647810728
2024-04-11,C,20,0.8999999999999998,0.03738607346849874
2024-04-18,C,20,-0.09999999999999999,0.8728885715695383
2024-04-25,C,20,-0.7,0.1881204043741873
2024-05-09,C,20,-0.6,0.28475697986529375
2024-05-16,C,20,0.3,0.6238376647810728
2024-05-23,C,20,0.7,0.1881204043741873
2024-05-30,C,20,0.09999999999999999,0.8728885715695383
2024-06-06,C,20,-0.7,0.1881204043741873
2024-06-13,C,20,-0.19999999999999998,0.747060078104662
2024-06-20,C,20,0.49999999999999994,0.39100221895577053
2024-06-27,C,20,0.3,0.6238376647810728
2024-07-04,C,20,0.6,0.28475697986529375
2024-07-11,C,20,-0.3,0.6238376647810728
2024-07-18,C,20,-0.09999999999999999,0.8728885715695383
2024-07-25,C,20,-0.7999999999999999,0.10408803866182788
2024-08-01,C,20,0.19999999999999998,0.747060078104662
2024-08-08,C,20,-0.09999999999999999,0.8728885715695383
2024-08-15,C,20,-0.7,0.1881204043741873
2024-08-22,C,20,0.8999999999999998,0.03738607346849874
2024-08-29,C,20,0.7,0.1881204043741873
2024-09-05,C,20,0.19999999999999998,0.747060078104662
2024-09-12,C,20,0.7,0.1881204043741873
2024-09-19,C,20,0.49999999999999994,0.39100221895577053
2024-09-26,C,20,-0.7999999999999999,0.10408803866182788
2024-10-10,C,20,-0.6,0.28475697986529375
2024-10-17,C,20,-0.8999999999999998,0.03738607346849874
2024-10-24,C,20,0.7999999999999999,0.10408803866182788
2024-10-31,C,20,-0.19999999999999998,0.747060078104662
2024-11-07,C,20,0.6,0.28475697986529375
2024-11-14,C,20,-0.7,0.1881204043741873
2024-11-21,C,20,-0.49999999999999994,0.39100221895577053
2024-11-28,C,20,0.7999999999999999,0.10408803866182788
