sell_date,ticker,sell_price,shares,amount,commission,pnl_pct,ret_5d,ret_10d,ret_20d,max_rise,max_fall,data_insufficient,rebuy_date,rebuy_price,days_to_rebuy,rebuy_pnl,rebuy_spread,rebuy_commission,primary,tags,is_round_trip,is_false_kill,is_avoid_loss,year,period,regime_name,regime_id
2019-09-12,159928.SZ,0.739,274600,202929.4,60.87881999999999,0.019310344827586225,0.016576454668470797,-0.011163734776725276,0.0010148849797022574,0.022665764546684786,-0.018944519621109657,无,2019-11-07,0.76625,34.0,0.036874154262516834,0.027249999999999996,62.84782499999999,中性,中性,False,False,False,2019,研究期,震荡,3.0
2019-09-19,512400.SH,0.65782639282971,314300,206754.83526637786,62.02645057991335,0.033846153846167425,0.0014880952380902368,-0.034226190476198126,-0.07589285714286298,0.014880952380948331,-0.08482142857143504,无,2019-11-28,0.62454350985915,45.0,-0.050595238095252126,-0.033282882970560035,61.75486225487274,有效避损,有效避损,False,False,True,2019,研究期,震荡,3.0
2019-09-19,512660.SH,0.811,258600,209724.6,62.917379999999994,0.05324675324675329,-0.01602959309494456,-0.06041923551171402,-0.08754623921085092,0.01726263871763245,-0.10110974106041937,无,2020-01-23,0.796,84.0,-0.018495684340320562,-0.015000000000000013,66.62519999999999,有效避损,有效避损,False,False,True,2019,研究期,震荡,3.0
2019-09-26,512000.SH,0.463,416100,192654.30000000002,57.79629,-0.050256410256410186,-0.0388768898488121,-0.017278617710583144,-0.05183585313174954,0.016198704103671524,-0.06155507559395257,无,2019-12-12,0.439,50.0,-0.05183585313174954,-0.02400000000000002,61.68828,有效避损,有效避损,False,False,True,2019,研究期,震荡,3.0
2019-09-26,512980.SH,0.771,265100,204392.1,61.317629999999994,-0.017834394904458616,-0.03891050583657596,-0.01945525291828798,-0.02075226977950717,0.011673151750972721,-0.054474708171206254,无,2019-11-21,0.764,35.0,-0.009079118028534339,-0.007000000000000006,62.96124,有效避损,有效避损,False,False,True,2019,研究期,震荡,3.0
2019-09-26,512800.SH,0.52729656724817,394000,207754.84749577896,62.32645424873368,-0.001893939393936583,0.02751423149904908,0.06546489563567293,0.054079696394683685,0.08918406072106522,0.0018975332068282835,无,2019-10-10,0.54180472706809,5.0,0.02751423149904908,0.014508159819920041,61.70072231851409,震荡往返,"震荡往返,误杀卖飞",True,True,False,2019,研究期,震荡,3.0
2019-10-10,512010.SH,0.448175,461500,206832.76249999998,62.04982874999999,0.03857566765578637,0.05714285714285716,0.038285714285714256,0.1080000000000001,0.11599999999999988,0.02457142857142869,无,2019-10-24,0.4653337,10.0,0.038285714285714256,0.017158700000000027,62.024328873,震荡往返,"震荡往返,误杀卖飞",True,True,False,2019,研究期,震荡,3.0
2019-10-10,512480.SH,0.6130768,353600,216783.95648,65.03518694399999,0.08860759493670885,-0.019102990033222467,-0.03156146179401986,0.0033222591362127574,0.039867109634551534,-0.06727574750830567,无,2019-11-07,0.6151136,20.0,0.0033222591362127574,0.002036800000000061,62.85230764799999,震荡往返,"震荡往返,有效避损",True,False,True,2019,研究期,震荡,3.0
2019-10-17,511010.SH,115.657,1800,208182.6,62.45478,0.00041519258881230544,-0.0014093396854492068,-0.0031558833447175028,-0.0008473330624173547,0.0004928365771204035,-0.010773234650734431,无,2019-11-21,115.986,25.0,0.002844618138115429,0.32900000000000773,55.67328,中性,中性,False,False,False,2019,研究期,震荡,3.0
2019-10-31,512010.SH,0.4819802,444300,214143.80286000003,64.243140858,0.035773252614199245,0.030286928799149848,0.03188097768331555,0.011158342189160564,0.07173219978746004,-0.01062699256110522,无,2019-11-07,0.4965779,5.0,0.030286928799149848,0.014597699999999991,62.86676213999999,震荡往返,"震荡往返,误杀卖飞",True,True,False,2019,研究期,震荡,3.0
2019-11-14,512800.SH,0.55731344963421,379600,211556.18548114612,63.46685564434383,0.02862419205909031,-0.012567324955116477,-0.013464991023337758,-0.009874326750434648,0.009874326750452411,-0.026032315978454124,无,2019-12-26,0.56331682611142,30.0,0.010771992818673581,0.006003376477209943,62.578866212717635,中性,中性,False,False,False,2019,研究期,震荡,3.0
2019-11-14,512480.SH,0.6252976,340600,212976.36256,63.892908768,0.01655629139072843,0.02442996742671011,0.013843648208469173,0.14983713355048867,0.2043973941368078,-0.037459283387622166,无,2019-11-21,0.6405736,5.0,0.02442996742671011,0.015275999999999956,62.95557340799999,震荡往返,"震荡往返,误杀卖飞",True,True,False,2019,研究期,震荡,3.0
2019-11-28,159928.SZ,0.751,273400,205323.4,61.59701999999999,-0.019902120717781385,-0.018641810918775037,-0.0269640479360852,-0.03362183754993342,-0.0009986684420772995,-0.036617842876165096,无,2020-01-16,0.78225,34.0,0.04161118508655126,0.03125,62.658224999999995,有效避损,有效避损,False,False,True,2019,研究期,震荡,3.0
2019-11-28,512010.SH,0.4873583,422000,205665.20260000002,61.69956078,-0.018566271273852488,-0.036784025223331684,-0.03730951129795057,-0.03520756699947458,0.0036784025223330907,-0.06463478717813986,无,2020-01-23,0.5065658,39.0,0.03941145559642645,0.019207499999999933,66.63873098999998,有效避损,有效避损,False,False,True,2019,研究期,震荡,3.0
2019-11-28,512480.SH,0.633954,327600,207683.3304,62.30499912,-0.010333863275039665,0.055421686746987886,0.13413654618473903,0.19116465863453813,0.20401606425702812,-0.012048192771084376,无,2019-12-05,0.6690888,5.0,0.055421686746987886,0.03513480000000002,61.904095776,震荡往返,"震荡往返,误杀卖飞",True,True,False,2019,研究期,震荡,3.0
2019-11-28,512980.SH,0.748,274700,205475.6,61.64268,-0.02094240837696337,0.008021390374331583,0.03877005347593587,0.11363636363636354,0.13770053475935828,-0.009358288770053513,无,2019-12-12,0.777,10.0,0.03877005347593587,0.029000000000000026,61.67826,震荡往返,"震荡往返,误杀卖飞",True,True,False,2019,研究期,震荡,3.0
2019-12-26,515880.SH,0.35522088607595,587700,208763.3147468358,62.62899442405073,0.015238095238094355,0.026266416510303703,0.06003752345215463,-0.03752345215759667,0.11913696060037293,-0.040337711069433846,无,2020-01-23,0.39120949367089,19.0,0.10131332082552502,0.03598860759493999,66.65036143670952,震荡往返,"震荡往返,有效避损,误杀卖飞",True,True,True,2019,研究期,强牛,1.0
2020-01-16,512800.SH,0.56431738885763,370300,208966.72909398042,62.69001872819412,0.0017761989342959415,-0.024822695035477738,-0.08599290780143387,-0.05762411347518126,-0.0008865248227115652,-0.12056737588652477,无,2020-04-30,0.50228249859313,68.0,-0.10992907801419993,-0.06203489026450004,64.62868909397804,有效避损,有效避损,False,False,True,2020,研究期,弱牛,2.0
2020-01-23,512400.SH,0.72243434212548,329600,238114.3591645582,71.43430774936745,0.1567398119122346,-0.07588075880758516,0.010840108401089621,-0.012195121951220522,0.07317073170732336,-0.12737127371274304,无,2020-02-20,0.74788595851472,14.0,0.03523035230351668,0.025451616389239984,57.75175371650667,震荡往返,"震荡往返,有效避损,误杀卖飞",True,True,True,2020,研究期,弱牛,2.0
2020-01-23,512000.SH,0.488,468400,228579.19999999998,68.57376,0.11161731207289291,-0.09938524590163933,-0.08811475409836067,-0.0030737704918032405,0.069672131147541,-0.14959016393442626,无,2020-03-05,0.5175,24.0,0.06045081967213117,0.02949999999999997,69.10177499999999,误杀卖飞,"误杀卖飞,有效避损",False,True,True,2020,研究期,弱牛,2.0
2020-01-23,159928.SZ,0.7495,267000,200116.50000000003,60.03495,-0.041866410993927704,-0.04736490993996012,-0.01767845230153453,0.00033355570380244615,0.036691127418278846,-0.13609072715143444,无,2020-03-05,0.77875,24.0,0.039026017344896635,0.029249999999999998,69.106275,有效避损,有效避损,False,False,True,2020,研究期,弱牛,2.0
2020-02-06,512980.SH,0.849,264600,224645.4,67.39362,0.0926640926640926,0.09893992932862195,0.10129564193168439,0.10129564193168439,0.1590106007067138,0.0447585394581862,无,2020-02-13,0.933,5.0,0.09893992932862195,0.08400000000000007,67.95972,震荡往返,"震荡往返,误杀卖飞",True,True,False,2020,研究期,弱牛,2.0
2020-02-06,512010.SH,0.5032365,438500,220669.20525,66.20076157499999,-0.006572295247724935,0.018829516539440094,0.003562340966920985,0.027480916030534264,0.05038167938931304,-0.03307888040712459,无,2020-02-13,0.5127122,5.0,0.018829516539440094,0.009475699999999976,67.95487498799999,震荡往返,"震荡往返,误杀卖飞",True,True,False,2020,研究期,弱牛,2.0
2020-02-13,518880.SH,3.474,64000,222336.0,66.7008,0.007540603248259932,0.02705814622913061,0.05497985031663788,0.042602187679907866,0.07369027058146216,-0.04519286125503741,无,2020-03-12,3.622,20.0,0.042602187679907866,0.1479999999999997,66.39125999999999,震荡往返,"震荡往返,误杀卖飞",True,True,False,2020,研究期,熊市,4.0
2020-02-27,512010.SH,0.5016999,441800,221651.01582,66.49530474599999,-0.02147852147852143,0.030627871362940207,0.005615109749872449,-0.02297090352220521,0.07197549770290967,-0.10770801429300658,无,2020-04-09,0.5188586,29.0,0.034201123021949886,0.01715869999999997,64.27101478199998,误杀卖飞,"误杀卖飞,有效避损",False,True,True,2020,研究期,震荡,3.0
2020-03-05,512480.SH,1.0178908,308400,313917.52272,94.175256816,0.5213089802130897,-0.09004502251125557,-0.11105552776388194,-0.19109554777388693,0.0035017508754375815,-0.22711355677838918,无,2020-05-07,0.9832652,41.0,-0.034017008504252155,-0.034625600000000034,62.80114832399999,有效避损,有效避损,False,False,True,2020,研究期,震荡,3.0
2020-03-05,512980.SH,0.935,242800,227018.0,68.10539999999999,0.002143622722400859,-0.06524064171123001,-0.12941176470588245,-0.1636363636363637,-0.0064171122994652885,-0.17112299465240643,无,2020-04-23,0.838,34.0,-0.10374331550802152,-0.09700000000000009,64.91148,有效避损,有效避损,False,False,True,2020,研究期,震荡,3.0
2020-03-05,512400.SH,0.73711796696543,257400,189734.1646969017,56.9202494090705,-0.014397905759154646,-0.06640106241699495,-0.16600265604250108,-0.15803452855246058,0.0079681274900405,-0.19389110225764294,无,2020-04-23,0.64216385966709,34.0,-0.1288180610889833,-0.09495410729833997,64.94203112813281,有效避损,有效避损,False,False,True,2020,研究期,震荡,3.0
2020-03-12,512660.SH,0.846,225100,190434.6,57.130379999999995,-0.010526315789473694,-0.08274231678486987,-0.08983451536643017,-0.05200945626477538,0.011820330969267046,-0.1300236406619385,无,2020-04-23,0.814,29.0,-0.0378250591016549,-0.03200000000000003,64.93278,有效避损,有效避损,False,False,True,2020,研究期,震荡,3.0
2020-03-19,511010.SH,118.975,1900,226052.5,67.81575,-0.00249846989679141,0.005488548014288774,0.014902290397142304,0.027812565665055855,0.030762765286824978,-0.0014288716116830358,无,2020-03-26,119.628,5.0,0.005488548014288774,0.6530000000000058,61.010279999999995,震荡往返,震荡往返,True,False,False,2020,研究期,熊市,4.0
2020-04-30,512400.SH,0.62454350985915,337100,210533.61717351945,63.16008515205583,-0.027439024390246366,0.036050156739820594,0.07523510971787517,0.07523510971787517,0.08934169278997683,0.007836990595617488,无,2020-06-04,0.66272093444302,22.0,0.06112852664577373,0.03817742458387008,64.01884226719574,误杀卖飞,误杀卖飞,False,True,False,2020,研究期,熊市,4.0
2020-04-30,512660.SH,0.794,265900,211124.6,63.337379999999996,-0.024570024570024458,0.06297229219143574,0.0743073047858942,0.04534005037783362,0.09068010075566746,-0.0025188916876573986,无,2020-07-30,1.11,60.0,0.3979848866498741,0.31600000000000006,78.5214,误杀卖飞,误杀卖飞,False,True,False,2020,研究期,熊市,4.0
2020-04-30,512980.SH,0.825,258200,213015.0,63.90449999999999,-0.015513126491646793,0.042424242424242475,0.032727272727272716,0.054545454545454675,0.06303030303030299,-0.020606060606060517,无,2020-05-07,0.855,2.0,0.036363636363636376,0.030000000000000027,62.76555,震荡往返,"震荡往返,误杀卖飞",True,True,False,2020,研究期,熊市,4.0
2020-05-28,159928.SZ,0.8335,269500,224628.25,67.388475,0.04842767295597481,0.032693461307738536,0.05218956208758252,0.09358128374325125,0.10197960407918405,-0.009298140371925667,无,2020-06-04,0.86075,5.0,0.032693461307738536,0.027249999999999996,64.0139775,震荡往返,"震荡往返,误杀卖飞",True,True,False,2020,研究期,熊市,4.0
2020-05-28,512800.SH,0.49077602701182,428900,210493.83798536958,63.14815139561087,-0.022908366533851192,0.031600407747191195,0.020387359836891772,0.019367991845048005,0.04383282364933416,-0.008154943934768899,无,2020-06-11,0.50078165447383,10.0,0.020387359836891772,0.010005627462010058,58.50131287563282,震荡往返,震荡往返,True,False,False,2020,研究期,熊市,4.0
2020-05-28,512480.SH,0.939474,212900,200014.0146,60.00420437999999,-0.04453650958052814,0.042276422764227606,0.04281842818428183,0.10840108401084025,0.12520325203252014,-0.02005420054200535,无,2020-11-05,1.0677924,107.0,0.13658536585365866,0.12831840000000005,72.460392264,误杀卖飞,误杀卖飞,False,True,False,2020,研究期,熊市,4.0
2020-05-28,512980.SH,0.822,244700,201143.4,60.343019999999996,-0.03859649122807021,0.05596107055961075,0.07420924574209242,0.14233576642335777,0.15693430656934315,-0.0036496350364964014,无,2020-06-04,0.868,5.0,0.05596107055961075,0.04600000000000004,64.03236,震荡往返,"震荡往返,误杀卖飞",True,True,False,2020,研究期,熊市,4.0
2020-06-11,518880.SH,3.844,50700,194890.8,58.46723999999999,-0.0015584415584416174,0.0007804370447450637,0.018990634755463143,0.02445369406867859,0.029916753381893813,-0.0039021852237252075,无,2020-07-30,4.215,33.0,0.0965140478668054,0.371,56.902499999999996,中性,中性,False,False,False,2020,研究期,弱牛,2.0
2020-06-18,512400.SH,0.68034128425096,322000,219069.8935288091,65.72096805864273,0.02658788774003169,0.015827338129502655,0.1151079136690647,0.15971223021582603,0.29496402877698347,0.0,无,2020-07-30,0.84577679078105,28.0,0.24316546762589986,0.16543550653008998,78.53037502402049,误杀卖飞,误杀卖飞,False,True,False,2020,研究期,弱牛,2.0
2020-06-18,512800.SH,0.49277715250422,389400,191887.42318514327,57.56622695554297,-0.015984015984012764,0.015228426395937023,0.09035532994924877,0.08527918781725607,0.23857868020304207,-0.009137055837570407,无,2020-08-20,0.546307259426,43.0,0.10862944162436916,0.05353010692178001,76.60320391671371,误杀卖飞,误杀卖飞,False,True,False,2020,研究期,弱牛,2.0
2020-07-30,512980.SH,1.01,245900,248359.0,74.5077,0.16359447004608296,-0.003960396039603964,-0.04257425742574261,0.013861386138613874,0.024752475247524774,-0.06831683168316838,无,2020-09-03,1.043,25.0,0.0326732673267327,0.03299999999999992,76.84823999999999,有效避损,有效避损,False,False,True,2020,研究期,强牛,1.0
2020-07-30,515880.SH,0.41886740506329,589400,246880.44854430313,74.06413456329093,0.11634103019536497,0.0318217979315818,0.003977724741456745,-0.014319809069205824,0.045346062052501024,-0.023866348448692287,无,2020-08-06,0.43219651898734,5.0,0.0318217979315818,0.013329113924050007,61.47131089556937,震荡往返,震荡往返,True,False,False,2020,研究期,强牛,1.0
2020-07-30,512000.SH,0.591,386500,228421.5,68.52645,0.20489296636085622,0.014382402707275865,-0.010998307952622577,-0.010152284263959421,0.08121827411167515,-0.03384094754653133,无,2020-08-20,0.6035,15.0,0.02115059221658222,0.012500000000000067,76.602255,震荡往返,"震荡往返,误杀卖飞",True,True,False,2020,研究期,强牛,1.0
2020-08-13,512010.SH,0.7262996,412900,299889.10484000004,89.966731452,0.39980256663376135,-0.025035260930888592,-0.0010578279266573176,-0.05535966149506355,0.049012693935119866,-0.0761636107193231,无,2020-10-15,0.7311655,39.0,0.006699576868829382,0.004865899999999979,74.293726455,有效避损,有效避损,False,False,True,2020,研究期,强牛,1.0
2020-08-13,159928.SZ,1.083,247900,268475.7,80.54271,0.2582050537322102,0.03878116343490312,0.07433056325023091,0.0270083102493075,0.14635272391505083,0.004616805170821969,无,2020-08-20,1.125,5.0,0.03878116343490312,0.04200000000000004,76.6125,震荡往返,"震荡往返,误杀卖飞",True,True,False,2020,研究期,强牛,1.0
2020-08-13,512400.SH,0.82130408271447,309500,254193.61360012845,76.25808408003853,-0.02893518518518361,0.019070321811678115,-0.01072705601907109,-0.02264600715136833,0.054827175208582046,-0.042908224076284696,无,2020-08-20,0.83696661587708,5.0,0.019070321811678115,0.015662533162610015,76.58244535275281,震荡往返,"震荡往返,误杀卖飞",True,True,False,2020,研究期,强牛,1.0
2020-08-13,515880.SH,0.4205335443038,474100,199374.95335443158,59.812486006329465,-0.026985350809550664,-0.013470681457999567,-0.018225039619653383,-0.053882725832021805,0.028526148969875598,-0.09984152139461233,无,2020-11-26,0.37588101265823,69.0,-0.10618066561014294,-0.04465253164557004,71.9887315443042,有效避损,有效避损,False,False,True,2020,研究期,强牛,1.0
2020-08-27,512660.SH,1.096,235800,258436.80000000002,77.53104,-0.012612612612612623,0.049270072992700475,-0.0018248175182481452,-0.014598540145985384,0.07481751824817495,-0.05748175182481763,无,2020-10-15,1.14,29.0,0.04014598540145964,0.04399999999999982,74.28239999999998,误杀卖飞,"误杀卖飞,有效避损",False,True,True,2020,研究期,弱牛,2.0
2020-08-27,512800.SH,0.53480078784468,467400,249965.88823860342,74.98976647158102,-0.021062271062276847,0.005612722170263096,0.007483629560344651,-0.006548175865285111,0.03367633302152262,-0.01777362020579254,无,2020-10-15,0.53630163196398,29.0,0.002806361085122111,0.00150084411929996,74.29922809228978,中性,中性,False,False,False,2020,研究期,弱牛,2.0
2020-08-27,512000.SH,0.585,423100,247513.49999999997,74.25404999999998,-0.03065451532725778,0.031623931623931734,-0.008547008547008517,-0.013675213675213738,0.06324786324786325,-0.05470085470085462,无,2020-10-15,0.5945,29.0,0.016239316239316404,0.009500000000000064,74.30060999999999,误杀卖飞,"误杀卖飞,有效避损",False,True,True,2020,研究期,弱牛,2.0
2020-08-27,512400.SH,0.8124939078105,305000,247810.6418822025,74.34319256466074,-0.029239766081869775,0.019277108433732426,-0.012048192771081156,-0.03855421686746485,0.051807228915662806,-0.06987951807229076,无,2020-11-12,0.84381897413572,49.0,0.03855421686746485,0.03132506632522003,72.88064479610213,误杀卖飞,"误杀卖飞,有效避损",False,True,True,2020,研究期,弱牛,2.0
2020-09-10,159928.SZ,1.11225,227000,252480.75,75.744225,-0.011333333333333369,-0.0053944706675657095,-0.029669588671611513,0.03214205439424589,0.05461901550910331,-0.039559451562148795,无,2020-10-15,1.15775,19.0,0.04090806922904022,0.045500000000000096,74.258085,震荡往返,"震荡往返,误杀卖飞",True,True,False,2020,研究期,弱牛,2.0
2020-09-10,512980.SH,0.981,245600,240933.6,72.28008,-0.059443911792905035,-0.0010193679918450993,-0.007135575942915362,-0.010193679918450549,0.029561671763506547,-0.03465851172273193,无,2021-09-09,0.75,243.0,-0.23547400611620795,-0.23099999999999998,80.48249999999999,中性,中性,False,False,False,2020,研究期,弱牛,2.0
2020-10-15,511010.SH,117.744,2000,235488.0,70.6464,-0.006790441083433911,0.003753906780812777,0.004288965892104812,0.0028196765864927364,0.007490827558092272,-0.0070661774697649005,无,2020-10-22,118.186,5.0,0.003753906780812777,0.4420000000000073,63.82044,震荡往返,震荡往返,True,False,False,2020,研究期,熊市,4.0
2020-10-22,512660.SH,1.084,217200,235444.80000000002,70.63344,-0.049122807017543714,-0.026752767527675414,-0.0101476014760149,-0.04151291512915145,0.009225092250922495,-0.05996309963099644,无,2020-11-26,1.081,25.0,-0.002767527675276882,-0.0030000000000001137,71.96216999999999,有效避损,有效避损,False,False,True,2020,研究期,震荡,3.0
2020-10-29,159928.SZ,1.135,213800,242663.0,72.79889999999999,-0.01965018354567052,0.01629955947136552,0.030616740088105887,0.012995594713656411,0.05903083700440526,-0.007929515418502286,无,2020-11-12,1.16975,10.0,0.030616740088105887,0.03475000000000006,72.85203,震荡往返,"震荡往返,误杀卖飞",True,True,False,2020,研究期,震荡,3.0
2020-10-29,512000.SH,0.557,416600,232046.2,69.61386,-0.0630782169890664,0.015260323159784539,0.02064631956912022,0.011669658886894085,0.07360861759425474,-0.03052064631956919,无,2020-12-03,0.6005,25.0,0.07809694793536792,0.04349999999999998,71.95191,误杀卖飞,误杀卖飞,False,True,False,2020,研究期,震荡,3.0
2020-10-29,512010.SH,0.706836,338700,239405.3532,71.82160596,-0.03327495621716288,0.02681159420289858,-0.018840579710144967,-0.0688405797101449,0.033333333333333215,-0.08043478260869563,无,2020-12-17,0.7337265,35.0,0.0380434782608694,0.02689049999999993,73.60744247999999,有效避损,有效避损,False,False,True,2020,研究期,震荡,3.0
2020-10-29,511010.SH,118.249,1800,212848.19999999998,63.85445999999999,0.0005330580610223561,0.002181836632868084,-0.0014630144863804206,-0.0027230674255172005,0.003188187637950479,-0.011306649527691448,无,2020-11-05,118.507,5.0,0.002181836632868084,0.2580000000000098,71.10419999999999,震荡往返,震荡往返,True,False,False,2020,研究期,震荡,3.0
2020-11-05,512800.SH,0.55981485649972,461800,258522.50073157068,77.5567502194712,0.043843283582100386,0.003574620196598932,0.012511170688114026,0.07417336907953387,0.10545129579980972,-0.030384271671143992,无,2020-11-12,0.56181598199212,5.0,0.003574620196598932,0.0020011254924000577,72.8787691840178,震荡往返,"震荡往返,误杀卖飞",True,True,False,2020,研究期,震荡,3.0
2020-11-12,511010.SH,118.076,2000,236152.0,70.84559999999999,-0.0036369159627702295,-0.0028032792438766885,-0.0012618991158236392,-0.0007706900640265246,0.001058640197838745,-0.004835868423727074,无,2020-12-17,118.175,25.0,0.0008384430366883411,0.09900000000000375,70.90499999999999,中性,中性,False,False,False,2020,研究期,弱牛,2.0
2020-11-19,512800.SH,0.56681879572313,432400,245092.4472706814,73.52773418120442,0.008904719501340455,0.009708737864081218,0.060900264783759095,0.003530450132386731,0.09179170344217802,-0.009708737864080996,无,2020-11-26,0.57232189082724,5.0,0.009708737864081218,0.005503095104110067,71.9752009904337,震荡往返,"震荡往返,误杀卖飞",True,True,False,2020,研究期,弱牛,2.0
2020-11-26,159928.SZ,1.14975,207600,238688.1,71.60642999999999,-0.017097670442402235,0.010002174385735918,0.04370515329419433,0.08045227223309426,0.10654490106544912,-0.004131332898456241,无,2020-12-10,1.2,10.0,0.04370515329419433,0.050249999999999906,73.22399999999999,震荡往返,"震荡往返,误杀卖飞",True,True,False,2020,研究期,弱牛,2.0
2020-12-03,515880.SH,0.37588101265823,638400,239962.43848101402,71.9887315443042,0.0,-0.039893617021284355,-0.08067375886526063,-0.07535460992908394,-0.0026595744681015,-0.11879432624113506,无,2021-01-21,0.3682167721519,34.0,-0.02039007092198797,-0.007664240506329967,78.04354485759521,有效避损,有效避损,False,False,True,2020,研究期,弱牛,2.0
2020-12-10,512480.SH,1.0937616,226200,247408.87391999998,74.22266217599999,0.02432045779685246,-0.036778398510242005,-0.020949720670390914,-0.0013966480446927498,0.038175046554934866,-0.06797020484171312,无,2021-01-21,1.166068,29.0,0.06610800744878986,0.07230640000000021,78.0099492,有效避损,有效避损,False,False,True,2020,研究期,强牛,1.0
2020-12-10,512400.SH,0.90646910678617,287900,260972.45584373834,78.2917367531215,0.07424593967517644,-0.011879049676019493,0.051835853131753984,0.23974082073432856,0.250539956803407,-0.037796976241896374,无,2020-12-31,0.98086613930858,15.0,0.08207343412527335,0.07439703252241003,74.91855572038934,震荡往返,"震荡往返,误杀卖飞",True,True,False,2020,研究期,强牛,1.0
2020-12-10,512800.SH,0.57532357906584,419200,241175.64434440012,72.35269330332002,0.005244755244747407,-0.01130434782608769,-0.033043478260873504,-0.004347826086950057,0.006086956521747622,-0.04782608695652146,无,2021-01-21,0.61134383792909,29.0,0.06260869565216942,0.03602025886325,78.03804091164832,中性,中性,False,False,False,2020,研究期,强牛,1.0
2020-12-10,512000.SH,0.5645,399400,225461.3,67.63838999999999,-0.05995004163197341,-0.023029229406554497,-0.033658104517271914,0.05048715677590776,0.05934455270150574,-0.04871567759078821,无,2021-01-07,0.5885,19.0,0.04251550044286989,0.02400000000000002,69.70194,震荡往返,"震荡往返,误杀卖飞",True,True,False,2020,研究期,强牛,1.0
2020-12-17,512660.SH,1.102,221900,244533.80000000002,73.36014,0.019426456984273942,0.07985480943738654,0.11615245009074404,0.1787658802177856,0.31034482758620685,-0.009981851179673429,无,2020-12-31,1.23,10.0,0.11615245009074404,0.1279999999999999,74.9439,震荡往返,"震荡往返,误杀卖飞",True,True,False,2020,研究期,震荡,3.0
2021-01-21,159928.SZ,1.3025,203400,264928.5,79.47855,0.0854166666666667,0.02802303262955852,0.055854126679462546,0.03896353166986577,0.1861804222648753,0.005566218809980761,无,2021-02-18,1.52875,15.0,0.1737044145873321,0.22625000000000006,76.49865,震荡往返,"震荡往返,误杀卖飞",True,True,False,2021,研究期,强牛,1.0
2021-01-21,512010.SH,0.8003125,334400,267624.5,80.28734999999999,0.09075043630017457,0.014720000000000066,0.03264,-0.015040000000000053,0.16096,-0.027200000000000002,无,2021-01-28,0.8120931,5.0,0.014720000000000066,0.01178060000000003,74.91558847499999,震荡往返,"震荡往返,误杀卖飞",True,True,False,2021,研究期,强牛,1.0
2021-01-21,512660.SH,1.313,203100,266670.3,80.00108999999999,0.06747967479674793,-0.06245239908606237,-0.1210967250571211,-0.1043412033511043,0.04874333587204882,-0.15917745620715906,无,2021-06-10,1.146,91.0,-0.12718964204112726,-0.16700000000000004,71.81981999999999,有效避损,有效避损,False,False,True,2021,研究期,强牛,1.0
2021-01-21,512400.SH,1.0533053551857,254600,268171.5434302792,80.45146302908375,0.07385229540922152,0.005576208178363018,0.022304832713736733,0.1561338289962515,0.24999999999997624,-0.06505576208182196,无,2021-01-28,1.0591788051216,5.0,0.005576208178363018,0.00587344993590011,74.89453331014833,震荡往返,"震荡往返,有效避损,误杀卖飞",True,True,True,2021,研究期,强牛,1.0
2021-01-28,512000.SH,0.556,394800,219508.80000000002,65.85264,-0.05522514868309256,-0.02877697841726623,-0.008093525179856176,-0.06384892086330951,0.011690647482014205,-0.08003597122302175,无,2021-06-10,0.5305,86.0,-0.045863309352518145,-0.025500000000000078,71.856225,有效避损,有效避损,False,False,True,2021,研究期,强牛,1.0
2021-01-28,512480.SH,1.0835776,223000,241637.80479999998,72.49134143999999,-0.07074235807860277,-0.06109022556390975,-0.02255639097744344,-0.03336466165413532,-0.005169172932330657,-0.09774436090225558,无,2021-04-15,0.956,49.0,-0.11773739139679518,-0.12757759999999996,70.78223999999999,有效避损,有效避损,False,False,True,2021,研究期,强牛,1.0
2021-01-28,515880.SH,0.34622373417722,706500,244607.06819620595,73.38212045886178,-0.05972850678732047,-0.06159769008664695,-0.010587102983655505,-0.011549566891255414,0.011549566891226437,-0.08950914340712757,无,2021-06-17,0.32756297468354,90.0,-0.05389797882581959,-0.018660759493680013,71.95248301898638,有效避损,有效避损,False,False,True,2021,研究期,强牛,1.0
2021-01-28,511010.SH,118.754,2100,249383.40000000002,74.81502,-0.0016813221917715137,0.001987301480371073,0.0003452515283695057,0.0039661821917575946,0.005515603684928427,-0.003983023729727031,无,2021-02-25,119.095,15.0,0.0028714822237565496,0.340999999999994,71.457,震荡往返,震荡往返,True,False,False,2021,研究期,强牛,1.0
2021-02-04,512010.SH,0.8264347,307500,254128.67025,76.23860107499999,0.01766004415011032,0.12271459559962827,-0.04617291602107221,-0.15153393244499536,0.12426402231174483,-0.1850015494267121,无,2021-02-18,0.9278503,5.0,0.12271459559962827,0.10141560000000005,76.49197873199999,震荡往返,"震荡往返,有效避损,误杀卖飞",True,True,True,2021,研究期,强牛,1.0
2021-02-04,512400.SH,1.0767991549296,235700,253801.56081690674,76.14046824507201,0.016635859519467226,0.13363636363636244,0.1309090909090802,-0.03636363636370055,0.2227272727272709,-0.08545454545456621,无,2021-02-25,1.2177619533931,10.0,0.1309090909090802,0.1409627984634998,73.13878292078958,震荡往返,"震荡往返,有效避损,误杀卖飞",True,True,True,2021,研究期,强牛,1.0
2021-03-04,512800.SH,0.64036015756894,425500,272473.24704558396,81.74197411367518,0.04746317512276241,-0.03906250000000522,-0.007812500000004219,-0.015625000000008327,0.0195312499999869,-0.0531250000000002,无,2021-05-13,0.62485143500281,46.0,-0.02421875000001128,-0.015508722566130007,70.27704089476605,有效避损,有效避损,False,False,True,2021,研究期,弱牛,2.0
2021-03-18,511010.SH,118.947,2000,237894.0,71.36819999999999,-0.0012427054032494742,0.0011517734789443512,0.0026230169739462905,0.005094706045549735,0.0076420590683243805,-0.0005969045036865461,无,2021-04-08,119.311,14.0,0.0030601864696040426,0.3640000000000043,68.00727,震荡往返,震荡往返,True,False,False,2021,研究期,熊市,4.0
2021-04-15,518880.SH,3.598,65600,236028.8,70.80864,0.0005561735261400945,0.023624235686492412,0.018343524180100212,0.05697609783212898,0.060867148415786554,0.003613118399110604,无,2021-04-22,3.683,5.0,0.023624235686492412,0.08499999999999996,70.82408999999998,震荡往返,"震荡往返,误杀卖飞",True,True,False,2021,研究期,熊市,4.0
2021-05-13,512480.SH,0.945,246800,233226.0,69.9678,-0.011506276150627626,0.042328042328042326,0.07513227513227516,0.18624338624338632,0.20634920634920628,0.006349206349206327,无,2021-06-10,1.121,20.0,0.18624338624338632,0.17600000000000005,71.86731,震荡往返,"震荡往返,误杀卖飞",True,True,False,2021,研究期,熊市,4.0
2021-05-13,159928.SZ,1.2465,183900,229231.34999999998,68.76940499999999,-0.027311744049941585,0.036301644604893823,0.07400722021660666,0.044925792218211136,0.09065383072603295,0.002406738868832914,无,2021-05-20,1.29175,5.0,0.036301644604893823,0.04525000000000001,68.43691499999998,震荡往返,"震荡往返,误杀卖飞",True,True,False,2021,研究期,熊市,4.0
2021-05-27,512800.SH,0.64786437816545,374900,242884.3553742272,72.86530661226816,0.036829463570866916,-0.017760617760622432,-0.01930501930502182,-0.04942084942085412,0.003861003860998302,-0.06640926640927691,无,2021-08-26,0.57332245357344,64.0,-0.11505791505791607,-0.07454192459200992,76.10855571187416,有效避损,有效避损,False,False,True,2021,研究期,熊市,4.0
2021-06-10,512010.SH,0.8310445,291400,242166.36729999998,72.64991018999999,0.027874564459930203,-0.03359013867488436,-0.012018489984591652,-0.07225184692275799,0.02882577286775856,-0.09270803188036258,无,2022-07-07,0.559,260.0,-0.3273525063940619,-0.2720444999999999,82.03884000000001,有效避损,有效避损,False,False,True,2021,研究期,弱牛,2.0
2021-06-10,512400.SH,1.1237867544174,219600,246783.57127006105,74.03507138101831,0.04744525547446373,-0.07578397212543397,-0.03222996515675891,0.07142857142858405,0.1428571428571681,-0.08449477351913326,无,2021-07-08,1.2050361451985,19.0,0.07229965156798968,0.08124939078110005,77.50792485916752,震荡往返,"震荡往返,有效避损,误杀卖飞",True,True,True,2021,研究期,弱牛,2.0
2021-06-10,159928.SZ,1.3025,176600,230021.5,69.00645,0.008322043739113634,-0.022264875239923154,-0.053358925143953906,-0.07715930902111323,0.008637236084452882,-0.10172744721689064,无,2021-10-14,1.175,82.0,-0.09788867562380033,-0.12749999999999995,78.50174999999999,有效避损,有效避损,False,False,True,2021,研究期,弱牛,2.0
2021-06-17,516160.SH,3.1025568,82600,256271.19168,76.881357504,0.08853575482406355,0.10636079249217945,0.1783107403545361,0.2586027111574558,0.32950990615224196,0.019812304483837417,无,2021-06-24,3.4325472,5.0,0.10636079249217945,0.32999040000000024,71.671585536,震荡往返,"震荡往返,误杀卖飞",True,True,False,2021,研究期,弱牛,2.0
2021-06-17,512000.SH,0.5125,451500,231393.74999999997,69.41812499999999,-0.03393025447690861,0.014634146341463428,0.050731707317073216,-0.006829268292682822,0.059512195121951494,-0.029268292682926744,无,2021-08-19,0.5535,45.0,0.08000000000000007,0.041000000000000036,79.40511,误杀卖飞,误杀卖飞,False,True,False,2021,研究期,弱牛,2.0
2021-06-17,512660.SH,1.104,208900,230625.6,69.18768,-0.03664921465968571,0.05797101449275344,0.05253623188405787,0.021739130434782483,0.07699275362318847,-0.04076086956521752,无,2021-06-24,1.168,5.0,0.05797101449275344,0.06399999999999983,71.72687999999998,震荡往返,"震荡往返,误杀卖飞",True,True,False,2021,研究期,弱牛,2.0
2021-07-01,512660.SH,1.162,204700,237861.4,71.35842,-0.005136986301369868,-0.04475043029259884,-0.029259896729776247,0.008605851979345935,0.11101549053356274,-0.08864027538726338,无,2021-07-22,1.207,15.0,0.03872633390705693,0.04500000000000015,81.79838999999998,震荡往返,"震荡往返,有效避损,误杀卖飞",True,True,True,2021,研究期,震荡,3.0
2021-07-08,515230.SH,1.06,237800,252068.0,75.62039999999999,0.03819784524975529,0.036792452830188616,0.027358490566037563,0.014150943396226356,0.06698113207547163,-0.06792452830188689,无,2021-07-15,1.099,5.0,0.036792452830188616,0.038999999999999924,69.76451999999999,震荡往返,"震荡往返,有效避损,误杀卖飞",True,True,True,2021,研究期,震荡,3.0
2021-07-22,512480.SH,1.377,213700,294264.9,88.27947,0.22836752899197146,0.04938271604938271,0.03994190268700071,-0.04938271604938271,0.13870733478576613,-0.05519244734931017,无,2021-07-29,1.445,5.0,0.04938271604938271,0.06800000000000006,79.98074999999999,震荡往返,"震荡往返,有效避损,误杀卖飞",True,True,True,2021,研究期,震荡,3.0
2021-07-22,515230.SH,1.089,211600,230432.4,69.12971999999999,-0.009099181073703375,-0.06795224977043168,-0.012855831037649201,-0.07254361799816345,0.010101010101010166,-0.09274563820018367,无,2021-11-18,1.021,78.0,-0.06244260789715339,-0.06800000000000006,76.29932999999998,有效避损,有效避损,False,False,True,2021,研究期,震荡,3.0
2021-07-29,515880.SH,0.33755981012658,732200,247161.29297468186,74.14838789240456,0.030518819938968867,0.05824284304048999,0.05231984205331597,0.03455083909182366,0.08193484698915654,0.007897334649555665,无,2021-08-05,0.35722025316456,5.0,0.05824284304048999,0.019660443037980035,80.77107144303866,震荡往返,"震荡往返,误杀卖飞",True,True,False,2021,研究期,震荡,3.0
2021-07-29,516160.SH,4.0245888,69600,280111.38048,84.03341414399999,0.17247879359095192,0.0836012861736335,0.07154340836012874,0.11816720257234725,0.132636655948553,0.0,无,2021-08-05,4.3610496,5.0,0.0836012861736335,0.3364608000000002,80.723028096,震荡往返,"震荡往返,误杀卖飞",True,True,False,2021,研究期,震荡,3.0
2021-08-05,512400.SH,1.3724294683739,214400,294248.87801936414,88.27466340580924,0.13891145410233813,0.023537803138382607,-0.0028530670471097475,0.0927246790299392,0.21255349500709353,-0.022111269614864204,无,2021-08-12,1.4047334430218,5.0,0.023537803138382607,0.03230397464789991,76.82487199886224,震荡往返,"震荡往返,误杀卖飞",True,True,False,2021,研究期,熊市,4.0
2021-08-12,512480.SH,1.389,184500,256270.5,76.88114999999999,-0.0387543252595156,-0.057595392368610554,0.003599712023037993,-0.08495320374370063,0.02807775377969768,-0.1173506119510439,无,2021-11-04,1.299,53.0,-0.06479481641468687,-0.09000000000000008,77.31647999999998,有效避损,有效避损,False,False,True,2021,研究期,熊市,4.0
2021-08-19,516160.SH,4.1151744,61700,253906.26048,76.17187814399999,-0.05637982195845706,0.09355345911949686,0.0558176100628931,0.11084905660377342,0.1572327044025159,0.0015723270440253234,无,2021-09-02,4.3448736,10.0,0.0558176100628931,0.22969919999999977,79.77187929599998,震荡往返,"震荡往返,误杀卖飞",True,True,False,2021,研究期,熊市,4.0
2021-08-19,515880.SH,0.34422436708861,753700,259441.90547468534,77.8325716424056,-0.036380597014926935,0.014520813165540325,-0.01161665053244365,-0.025169409486951677,0.035818005808305076,-0.04162633107455593,无,2021-11-18,0.36855,58.0,0.07066795740560727,0.024325632911390005,76.3230195,中性,中性,False,False,False,2021,研究期,熊市,4.0
2021-08-19,516110.SH,1.22,216100,263642.0,79.09259999999999,-0.020080321285140666,0.049180327868852514,0.029508196721311553,0.04508196721311464,0.0901639344262295,0.0016393442622950616,无,2021-08-26,1.28,5.0,0.049180327868852514,0.06000000000000005,76.07039999999999,震荡往返,"震荡往返,误杀卖飞",True,True,False,2021,研究期,熊市,4.0
2021-08-19,512400.SH,1.3685138350832,182300,249480.07213566737,74.8440216407002,-0.025783972125477346,0.08941344778254345,0.09585121602290925,0.1988555078683989,0.22818311874107944,-0.005722460658078687,无,2021-08-26,1.4908773754161,5.0,0.08941344778254345,0.12236354033289998,76.07947246748358,震荡往返,"震荡往返,误杀卖飞",True,True,False,2021,研究期,熊市,4.0
2021-09-02,512660.SH,1.338,225900,302254.2,90.67626,0.10853355426677713,-0.02316890881913314,-0.025411061285500747,-0.08445440956651717,0.00523168908819116,-0.09267563527653222,无,2021-11-04,1.345,38.0,0.00523168908819116,0.006999999999999895,77.3106,有效避损,有效避损,False,False,True,2021,研究期,熊市,4.0
2021-09-02,512800.SH,0.57782498593134,442500,255687.55627461796,76.70626688238538,0.007853403141349734,0.021645021645024798,0.006926406926414108,0.0051948051948149665,0.05454545454546178,-0.03636363636363538,无,2021-09-09,0.59033202025886,5.0,0.021645021645024798,0.012507034327519984,80.49177096229555,震荡往返,"震荡往返,误杀卖飞",True,True,False,2021,研究期,熊市,4.0
2021-09-02,516110.SH,1.256,198100,248813.6,74.64407999999999,-0.018750000000000017,0.04299363057324834,0.015127388535031816,-0.03821656050955413,0.05891719745222934,-0.08439490445859876,无,2021-10-21,1.328,28.0,0.0573248407643312,0.07200000000000006,78.12624,误杀卖飞,"误杀卖飞,有效避损",False,True,True,2021,研究期,熊市,4.0
2021-09-09,518880.SH,3.638,72000,261936.0,78.5808,-0.01382488479262677,0.00027487630566236376,-0.01319406267179768,-0.012919186366135205,0.008796041781198527,-0.02638812534359536,无,2021-10-28,3.61,28.0,-0.007696536558548628,-0.028000000000000025,75.26849999999999,中性,中性,False,False,False,2021,研究期,熊市,4.0
2021-09-23,512400.SH,1.5270969833547,170100,259759.19686863446,77.92775906059033,0.02429415627055921,-0.13076923076922609,-0.1211538461538737,-0.09615384615385236,0.004487179487151494,-0.15192307692308027,无,2021-12-02,1.4125647096031,45.0,-0.07499999999999829,-0.11453227375159991,75.72759408182218,有效避损,有效避损,False,False,True,2021,研究期,熊市,4.0
2021-09-23,516160.SH,4.416048,61200,270262.1376,81.07864128,0.016381236038719358,-0.03882783882783891,-0.03296703296703307,0.08278388278388271,0.09743589743589731,-0.07838827838827833,无,2021-10-28,4.7816256,20.0,0.08278388278388271,0.36557759999999995,78.17957855999998,震荡往返,"震荡往返,有效避损,误杀卖飞",True,True,True,2021,研究期,熊市,4.0
2021-09-23,512980.SH,0.713,357700,255040.09999999998,76.51202999999998,-0.049333333333333375,-0.033660589060308554,-0.015427769985974726,-0.04628330995792418,0.02384291725105192,-0.061711079943898905,无,2021-11-11,0.738,30.0,0.035063113604488105,0.025000000000000022,77.29073999999999,有效避损,有效避损,False,False,True,2021,研究期,熊市,4.0
2021-09-23,512800.SH,0.56881992121553,454500,258528.6541924584,77.55859625773752,-0.03644067796609936,0.01055408970976468,0.036059806508355496,0.039577836411604395,0.062445030782758204,-0.02110817941952947,无,2021-10-28,0.59133258300506,20.0,0.039577836411604395,0.02251266178952993,78.26878068654973,震荡往返,"震荡往返,误杀卖飞",True,True,False,2021,研究期,熊市,4.0
2021-09-30,512000.SH,0.5565,478200,266118.3,79.83549,0.005420054200542011,-0.02875112309074579,-0.02515723270440251,-0.05211141060197666,0.013477088948786964,-0.06738544474393526,无,2021-12-09,0.56,45.0,0.0062893081761006275,0.0035000000000000586,78.12,有效避损,有效避损,False,False,True,2021,研究期,熊市,4.0
2021-10-14,511010.SH,122.101,2100,256412.1,76.92362999999999,-0.0035418451870893827,-0.0028419095666701866,-0.001695317810664898,0.003783752794817463,0.004578177082906754,-0.004692836258507249,无,2021-12-09,122.782,40.0,0.005577349898854278,0.6809999999999974,73.66919999999999,中性,中性,False,False,False,2021,研究期,熊市,4.0
2021-11-04,512800.SH,0.57732470455824,441200,254715.6596510955,76.41469789532864,-0.023688663282571187,-0.016464471403806358,-0.0025996533795457077,-0.01993067590986708,0.01386481802427797,-0.025996533795490828,无,2021-12-09,0.58082667416995,25.0,0.00606585788562386,0.0035019696117100096,78.11537940911658,中性,中性,False,False,False,2021,研究期,熊市,4.0
2021-11-04,518880.SH,3.581,69500,248879.5,74.66385,-0.008033240997229893,0.03769896676905904,0.044401005305780616,0.00027925160569663987,0.04579726333426426,-0.004747277296844432,无,2021-12-30,3.618,40.0,0.010332309410779006,0.03699999999999992,76.62924,中性,中性,False,False,False,2021,研究期,熊市,4.0
2021-11-11,159928.SZ,1.152,222700,256550.4,76.96511999999998,-0.019574468085106492,0.02083333333333326,0.03211805555555558,0.0625,0.09114583333333326,0.0026041666666667407,无,2021-11-25,1.189,10.0,0.03211805555555558,0.037000000000000144,74.76432,震荡往返,"震荡往返,误杀卖飞",True,True,False,2021,研究期,熊市,4.0
2021-11-18,516110.SH,1.309,196100,256694.9,77.00846999999999,-0.014307228915662747,0.009931245225363039,0.009931245225363039,-0.010695187165775444,0.03743315508021405,-0.026737967914438387,无,2022-05-19,0.983,119.0,-0.24904507257448427,-0.32599999999999996,75.43542,中性,中性,False,False,False,2021,研究期,熊市,4.0
2021-11-18,516160.SH,4.6295712,54500,252311.6304,75.69348912,-0.031799729364005394,0.018867924528301883,0.025856044723969296,0.0006988120195667857,0.049615653389238235,-0.027253668763102756,无,2021-12-02,4.7492736,10.0,0.025856044723969296,0.11970240000000043,75.51345024,震荡往返,震荡往返,True,False,False,2021,研究期,熊市,4.0
2021-11-25,515230.SH,1.001,249100,249349.09999999998,74.80472999999999,-0.01958863858961804,0.02897102897102921,0.010989010989011172,0.02897102897102921,0.04195804195804209,-0.017982017982017928,无,2021-12-16,1.035,15.0,0.033966033966033926,0.03400000000000003,76.81769999999999,震荡往返,震荡往返,True,False,False,2021,研究期,震荡,3.0
2021-12-02,512980.SH,0.747,349100,260777.7,78.23331,0.012195121951219523,0.010709504685408211,0.08433734939759052,0.07496653279785814,0.13654618473895574,-0.02008032128514059,无,2021-12-16,0.81,10.0,0.08433734939759052,0.06300000000000006,76.81230000000001,震荡往返,"震荡往返,误杀卖飞",True,True,False,2021,研究期,熊市,4.0
2021-12-02,159928.SZ,1.163,209600,243764.80000000002,73.12944,-0.021867115222876383,0.05245055889939798,0.05159071367153922,0.02751504729148757,0.08856405846947557,0.0034393809114359186,无,2021-12-09,1.224,5.0,0.05245055889939798,0.06099999999999994,78.10343999999999,震荡往返,"震荡往返,误杀卖飞",True,True,False,2021,研究期,熊市,4.0
2021-12-09,512660.SH,1.448,191600,277436.8,83.23104,0.0765799256505576,-0.016574585635359185,-0.04972375690607744,-0.06560773480662985,0.013121546961325947,-0.07941988950276246,无,2022-05-26,1.028,109.0,-0.2900552486187845,-0.41999999999999993,75.40379999999999,有效避损,有效避损,False,False,True,2021,研究期,熊市,4.0
2021-12-09,512480.SH,1.369,198400,271609.6,81.48287999999998,0.0538876058506544,-0.01607012417823228,-0.05843681519357202,-0.10956902848794736,0.005843681519357213,-0.12271731190650104,无,2022-05-26,0.926,109.0,-0.3235938641344046,-0.44299999999999995,75.42269999999999,有效避损,有效避损,False,False,True,2021,研究期,熊市,4.0
2021-12-09,515880.SH,0.3678835443038,690300,253950.01063291312,76.18500318987392,-0.0018083182640075887,0.020833333333335702,0.020833333333335702,0.011775362318823035,0.03170289855071262,-0.011775362318850124,无,2021-12-16,0.37554778481013,5.0,0.020833333333335702,0.007664240506330022,76.82581033860829,震荡往返,震荡往返,True,False,False,2021,研究期,熊市,4.0
2021-12-09,516160.SH,4.6360416,53000,245710.20480000004,73.71306144,-0.023841961852861034,-0.0006978367062109303,-0.057920446615492116,-0.11793440334961625,0.016050244242846956,-0.1444521981856246,无,2022-03-03,4.0666464,54.0,-0.12281926029309154,-0.5693952000000007,79.42160419199999,有效避损,有效避损,False,False,True,2021,研究期,熊市,4.0
2021-12-16,512400.SH,1.3616614768246,178700,243328.90590855601,72.9986717725668,-0.036036036036043016,-0.0194104960460042,-0.04313443565780317,-0.06901509705249986,0.019410496046003978,-0.09273903666429895,无,2022-02-24,1.3597036601793,44.0,-0.0014378145219071659,-0.0019578166453000367,78.93079747340835,有效避损,有效避损,False,False,True,2021,研究期,熊市,4.0
2021-12-16,512800.SH,0.57482329769274,448300,257693.28435565534,77.3079853066966,-0.010335917312663681,-0.003481288076583211,-0.01914708442124269,0.02610966057440911,0.03916449086161378,-0.0226283724978259,无,2022-01-13,0.58883117613956,19.0,0.02436901653611767,0.014007878446820055,77.63739057400099,震荡往返,震荡往返,True,False,False,2021,研究期,熊市,4.0
2021-12-23,159928.SZ,1.206,212700,256516.19999999998,76.95485999999998,-0.01470588235294119,-0.009121061359867233,-0.014925373134328401,-0.04477611940298509,0.036484245439469376,-0.07628524046434482,无,2022-04-21,1.033,77.0,-0.14344941956882262,-0.17300000000000004,75.95648999999999,有效避损,有效避损,False,False,True,2021,研究期,熊市,4.0
2021-12-23,515230.SH,1.03,247400,254822.0,76.44659999999999,-0.004830917874396033,-0.023300970873786464,-0.020388349514563253,0.013592233009708687,0.05145631067961154,-0.05436893203883497,无,2022-10-27,0.781,202.0,-0.24174757281553394,-0.249,79.33398,误杀卖飞,"误杀卖飞,有效避损",False,True,True,2021,研究期,熊市,4.0
2021-12-23,515880.SH,0.37554778481013,681900,256086.03446202766,76.82581033860829,0.0,-0.01952085181899399,-0.008873114463196052,-0.041703637976930885,0.00532386867788559,-0.06388642413486778,无,2022-07-21,0.3168996835443,138.0,-0.1561668145519256,-0.05864810126583003,83.48088363607494,有效避损,有效避损,False,False,True,2021,研究期,熊市,4.0
2021-12-30,512000.SH,0.553,465000,257145.00000000003,77.1435,-0.01250000000000001,-0.010849909584086825,-0.025316455696202556,-0.05334538878842687,0.026220614828209587,-0.06871609403254975,无,2022-06-16,0.4845,108.0,-0.12386980108499102,-0.06850000000000006,77.09364,有效避损,有效避损,False,False,True,2021,研究期,熊市,4.0
2022-01-13,512980.SH,0.842,316100,266156.2,79.84685999999999,0.03950617283950607,0.0071258907363420665,-0.11045130641330159,-0.1116389548693586,0.027315914489311144,-0.1555819477434679,无,2022-11-17,0.6,203.0,-0.2874109263657957,-0.242,79.812,有效避损,有效避损,False,False,True,2022,研究期,熊市,4.0
2022-01-20,518880.SH,3.678,70600,259666.8,77.90003999999999,0.016583747927031524,-0.015225666122892889,-0.0027188689505165398,0.031810766721044104,0.05111473626971175,-0.023654159869494262,无,2022-01-27,3.622,5.0,-0.015225666122892889,-0.05600000000000005,77.80055999999999,误杀卖飞,误杀卖飞,False,True,False,2022,研究期,熊市,4.0
2022-02-10,512800.SH,0.60433989870568,439500,265607.38548114634,79.6822156443439,0.026338147833470268,-0.007450331125816945,-0.014072847682115253,-0.06870860927152234,0.0240066225165545,-0.10430463576158633,无,2022-04-14,0.59433427124367,43.0,-0.01655629139072079,-0.010005627462009947,76.54431079347225,有效避损,有效避损,False,False,True,2022,研究期,熊市,4.0
2022-02-17,511010.SH,124.344,2000,248688.0,74.6064,0.009613510880155874,-0.0015682300714147113,-0.00232419738789158,-0.0009409380428487824,0.003771794376890014,-0.003120375731840652,无,2022-03-31,124.388,30.0,0.00035385704175516786,0.04400000000001114,74.63279999999999,中性,中性,False,False,False,2022,研究期,熊市,4.0
2022-03-10,512400.SH,1.2510448363636,193500,242077.1758363566,72.62315275090697,-0.07991360691150269,-0.03364632237870191,-0.0007824726134079141,-0.03677621283249355,0.020344287949966677,-0.10015649452269748,无,2022-05-26,1.1443438291933,50.0,-0.08528951486698655,-0.10670100717030007,75.4237017821304,有效避损,有效避损,False,False,True,2022,研究期,熊市,4.0
2022-03-17,518880.SH,3.83,71600,274228.0,82.2684,0.05742683600220878,0.01436031331592691,0.0033942558746735685,0.034725848563968764,0.03629242819843337,-0.0031331592689295418,无,2022-04-21,3.921,23.0,0.023759791122715423,0.09099999999999975,75.87134999999999,误杀卖飞,误杀卖飞,False,True,False,2022,研究期,熊市,4.0
2022-04-21,512800.SH,0.57232189082724,429300,245697.78773213417,73.70933631964024,-0.037037037037033205,-0.02884615384616407,-0.05506993006993666,-0.04283216783217503,0.020104895104883003,-0.06381118881120018,无,2022-11-24,0.51428925154755,145.0,-0.1013986013986099,-0.058032639279690046,79.13368713562151,有效避损,有效避损,False,False,True,2022,研究期,熊市,4.0
2022-04-28,511010.SH,124.647,2000,249294.0,74.78819999999999,0.002082194423899414,0.0006097218545171312,0.0028319975611126313,0.00503020529976661,0.008351584875688989,-0.0009867866856001495,无,2022-05-12,124.825,7.0,0.0014280327645270763,0.17799999999999727,74.895,震荡往返,震荡往返,True,False,False,2022,研究期,熊市,4.0
2022-04-28,159928.SZ,1.008,245100,247060.8,74.11823999999999,-0.024201355275895366,-0.0357142857142857,-0.019841269841269882,-0.009920634920634885,0.025793650793650924,-0.044642857142857206,无,2022-06-23,1.083,36.0,0.07440476190476186,0.07499999999999996,79.24311,中性,中性,False,False,False,2022,研究期,熊市,4.0
2022-04-28,518880.SH,3.871,64500,249679.5,74.90384999999999,-0.01275184901810758,0.012399896667527832,0.00025833118057350113,0.0005166623611470023,0.02169981916817365,-0.00955825368121932,无,2022-08-11,3.784,71.0,-0.022474812709894154,-0.08700000000000019,78.21527999999999,中性,中性,False,False,False,2022,研究期,熊市,4.0
2022-06-16,512480.SH,0.947,271500,257110.5,77.13314999999999,0.022678185745140286,-0.024287222808869968,0.046462513199577726,-0.026399155227032622,0.08870116156282992,-0.035902851108764455,无,2022-08-11,1.053,40.0,0.11193241816261867,0.10599999999999998,82.79739,误杀卖飞,误杀卖飞,False,True,False,2022,研究期,熊市,4.0
2022-06-23,512660.SH,1.081,244500,264304.5,79.29135,0.05155642023346297,0.07400555041628132,0.09158186864014795,0.12118408880666043,0.12858464384828872,0.0545790934320074,无,2022-07-07,1.18,10.0,0.09158186864014795,0.09899999999999998,82.0218,震荡往返,"震荡往返,误杀卖飞",True,True,False,2022,研究期,熊市,4.0
2022-07-07,516110.SH,1.202,255800,307471.6,92.24147999999998,0.2227873855544252,-0.02329450915141429,0.022462562396006858,0.029950083194675514,0.08735440931780358,-0.034941763727121544,无,2022-07-21,1.229,10.0,0.022462562396006858,0.027000000000000135,83.47368,震荡往返,"震荡往返,误杀卖飞",True,True,False,2022,研究期,弱牛,2.0
2022-07-07,512000.SH,0.452,530400,239740.80000000002,71.92224,-0.06707946336429303,-0.021017699115044253,-0.02433628318584069,-0.07522123893805321,0.007743362831858391,-0.08738938053097356,无,2022-11-17,0.426,89.0,-0.0575221238938054,-0.026000000000000023,79.82387999999999,有效避损,有效避损,False,False,True,2022,研究期,弱牛,2.0
2022-07-14,516160.SH,4.2769344,75600,323336.24064,97.00087219199999,0.28599221789883267,-0.001512859304084846,0.0015128593040845129,-0.024962178517398015,0.041603630862329766,-0.0658093797276853,无,2023-07-06,2.8049184,237.0,-0.34417549167927386,-1.472016,74.723026176,有效避损,有效避损,False,False,True,2022,研究期,弱牛,2.0
2022-07-14,512400.SH,1.2334244865557,219700,270983.3596962873,81.29500790888619,0.07784431137728695,0.013492063492083428,0.011111111111122618,0.02619047619048631,0.03650793650792861,-0.03571428571424806,无,2022-11-10,1.133575837644,79.0,-0.08095238095241997,-0.09984864891170009,79.84908200364335,中性,中性,False,False,False,2022,研究期,弱牛,2.0
2022-07-14,159928.SZ,1.114,243900,271704.60000000003,81.51138,0.028624192059095235,-0.00987432675044897,-0.016157989228007152,-0.05565529622980259,0.012567324955116588,-0.06463195691202883,无,2022-11-24,0.935,89.0,-0.16068222621184924,-0.17900000000000005,79.12904999999999,有效避损,有效避损,False,False,True,2022,研究期,弱牛,2.0
2022-07-14,512010.SH,0.53,489200,259276.0,77.7828,-0.05187835420393564,-0.005660377358490565,-0.03396226415094339,-0.06981132075471708,0.028301886792452935,-0.09622641509433971,无,2022-11-10,0.465,79.0,-0.12264150943396224,-0.065,79.86375,有效避损,有效避损,False,False,True,2022,研究期,弱牛,2.0
2022-07-14,512660.SH,1.15,231700,266455.0,79.9365,-0.025423728813559344,0.05391304347826087,0.045217391304347876,0.08608695652173926,0.10173913043478255,-0.008695652173913104,无,2022-08-11,1.249,20.0,0.08608695652173926,0.0990000000000002,82.80869999999999,震荡往返,"震荡往返,误杀卖飞",True,True,False,2022,研究期,弱牛,2.0
2022-07-28,515880.SH,0.30990189873418,878100,272124.85727848345,81.63745718354502,-0.02208201892742422,0.004301075268800858,0.03655913978493608,-0.0021505376344326255,0.07311827956987216,-0.022580645161301205,无,2022-08-11,0.32123164556962,10.0,0.03655913978493608,0.011329746835439969,82.81994286075943,震荡往返,"震荡往返,误杀卖飞",True,True,False,2022,研究期,震荡,3.0
2022-07-28,516110.SH,1.244,226400,281641.6,84.49247999999999,0.012205044751830676,-0.004823151125401881,-0.03938906752411575,-0.08520900321543412,0.05064308681672025,-0.092443729903537,无,2022-08-04,1.238,5.0,-0.004823151125401881,-0.006000000000000005,83.37929999999999,误杀卖飞,"误杀卖飞,有效避损",False,True,True,2022,研究期,震荡,3.0
2022-08-11,516110.SH,1.195,224500,268277.5,80.48325,-0.03473344103392563,0.01589958158995808,-0.04769874476987457,-0.06778242677824264,0.025104602510460206,-0.11297071129707115,无,2023-06-15,1.005,204.0,-0.15899581589958167,-0.19000000000000017,89.72639999999997,有效避损,有效避损,False,False,True,2022,研究期,熊市,4.0
2022-08-25,512660.SH,1.173,221000,259233.0,77.76989999999999,-0.06084867894315457,-0.03239556692242118,0.012787723785166127,0.0034100596760442414,0.04688832054560943,-0.037510656436487655,无,2022-10-27,1.206,39.0,0.028132992327365658,0.03299999999999992,79.30655999999999,中性,中性,False,False,False,2022,研究期,熊市,4.0
2022-08-25,515880.SH,0.30923544303797,859400,265756.9397468314,79.72708192404941,-0.03734439834026265,-0.02909482758619386,0.012931034482774217,-0.07974137931033431,0.023706896551731527,-0.10452586206895809,无,2022-11-03,0.28657594936709,44.0,-0.07327586206894698,-0.022659493670879993,79.77414702531684,有效避损,有效避损,False,False,True,2022,研究期,熊市,4.0
2022-08-25,518880.SH,3.795,68900,261475.5,78.44264999999999,0.0029069767441860786,-0.01528326745718045,-0.002371541501976271,-0.006851119894598079,0.0015810276679841806,-0.02055335968379446,无,2022-10-13,3.814,29.0,0.005006587615283387,0.019000000000000128,79.29306,中性,中性,False,False,False,2022,研究期,熊市,4.0
2022-09-15,511010.SH,126.638,2200,278603.60000000003,83.58108,0.010960763182054082,0.0008133419668661102,-0.003616607969171959,0.00020530962270415287,0.004603673462941549,-0.005369636286106871,无,2022-11-03,126.744,30.0,0.0008370315387165039,0.10599999999999454,72.24408,中性,中性,False,False,False,2022,研究期,熊市,4.0
2022-09-15,159865.SZ,0.86,303400,260924.0,78.2772,-0.017142857142857158,-0.05581395348837204,-0.07790697674418601,-0.037209302325581395,0.02209302325581408,-0.10813953488372086,无,2023-02-09,0.815,94.0,-0.05232558139534893,-0.04500000000000004,80.61165,有效避损,有效避损,False,False,True,2022,研究期,熊市,4.0
2022-11-17,512660.SH,1.163,219200,254929.6,76.47887999999999,-0.035655058043117686,0.0,-0.019776440240756754,-0.05846947549441106,0.020636285468615734,-0.06190885640584698,无,2023-02-16,1.143,59.0,-0.017196904557179704,-0.020000000000000018,79.51850999999999,有效避损,有效避损,False,False,True,2022,研究期,熊市,4.0
2022-11-17,512010.SH,0.479,572500,274227.5,82.26825,0.030107526881720335,-0.03131524008350717,-0.014613778705636737,-0.018789144050104456,0.025052192066805867,-0.06054279749478075,无,2023-01-05,0.482,34.0,0.006263048016701411,0.0030000000000000027,80.68679999999999,有效避损,有效避损,False,False,True,2022,研究期,熊市,4.0
2022-11-24,515230.SH,0.804,338600,272234.4,81.67032,0.029449423815621024,-0.006218905472636815,-0.00497512437810943,-0.06840796019900508,0.02487562189054704,-0.07835820895522394,无,2023-01-12,0.81,34.0,0.00746268656716409,0.006000000000000005,80.48159999999999,有效避损,有效避损,False,False,True,2022,研究期,熊市,4.0
2022-11-24,515880.SH,0.289575,927900,268696.6425,80.60899275,0.010465116279064875,-0.010356731875714398,-0.009205983889527869,-0.062140391254321026,0.013808975834308734,-0.08285385500574993,无,2023-02-23,0.30856898734177,59.0,0.06559263521288083,0.01899398734176999,84.17453405696145,有效避损,有效避损,False,False,True,2022,研究期,熊市,4.0
2022-11-24,512400.SH,1.1061664046095,234800,259727.87180231063,77.91836154069318,-0.02417962003448046,0.015044247787632692,0.013274336283141341,-0.03716814159295878,0.03982300884951462,-0.0619469026549313,无,2023-02-09,1.1776267121639,49.0,0.06460176991148714,0.0714603075543998,80.54966711201074,有效避损,有效避损,False,False,True,2022,研究期,熊市,4.0
2022-12-01,512480.SH,0.878,299700,263136.6,78.94097999999998,-0.002272727272727275,0.003416856492027387,-0.004555808656036442,-0.056947608200455635,0.03986332574031892,-0.08883826879271062,无,2023-02-09,0.878,44.0,0.0,0.0,80.57406,有效避损,有效避损,False,False,True,2022,研究期,熊市,4.0
2022-12-01,159928.SZ,0.983,282100,277304.3,83.19129,0.05133689839572185,0.04374364191251279,0.08240081383519837,0.04883011190233977,0.0844354018311293,-0.0050864699898270915,无,2022-12-08,1.026,5.0,0.04374364191251279,0.04300000000000004,82.02869999999999,震荡往返,"震荡往返,误杀卖飞",True,True,False,2022,研究期,熊市,4.0
2022-12-08,518880.SH,3.907,66500,259815.5,77.94465,-0.009632446134347227,0.009214230867673479,0.020476068594829755,0.016124904018428587,0.029946250319938583,-0.0007678525723061602,无,2022-12-22,3.987,10.0,0.020476068594829755,0.08000000000000007,80.37792,震荡往返,震荡往返,True,False,False,2022,研究期,熊市,4.0
2022-12-15,512000.SH,0.4315,624600,269514.9,80.85447,0.012910798122065739,-0.03476245654692933,-0.03939745075318657,0.002317497103128563,0.01969872537659323,-0.06373117033603704,无,2023-04-20,0.4535,83.0,0.05098493626882972,0.02200000000000002,95.058135,有效避损,有效避损,False,False,True,2022,研究期,弱牛,2.0
2022-12-22,512980.SH,0.577,443400,255841.8,76.75254,-0.03833333333333337,0.029462738301559765,0.09705372616984409,0.10918544194107471,0.11785095320623928,-0.0017331022530329143,无,2023-01-12,0.624,14.0,0.08145580589254764,0.04700000000000004,80.496,震荡往返,"震荡往返,误杀卖飞",True,True,False,2022,研究期,弱牛,2.0
2022-12-22,512800.SH,0.52929769274057,512900,271476.78660663834,81.4430359819915,0.029182879377428292,0.013232514177693222,0.04253308128545785,0.05387523629491198,0.06427221172022768,-0.010396975425315813,无,2023-01-05,0.55181035453011,9.0,0.04253308128545785,0.022512661789539923,80.68571003939267,震荡往返,"震荡往返,误杀卖飞",True,True,False,2022,研究期,弱牛,2.0
2022-12-22,159996.SZ,1.015,267800,271817.0,81.54509999999999,-0.003925417075564283,-0.004926108374384119,0.03743842364532024,0.08768472906403968,0.10246305418719226,-0.015763546798029493,无,2023-02-16,1.11,34.0,0.09359605911330071,0.0950000000000002,79.5204,误杀卖飞,误杀卖飞,False,True,False,2022,研究期,弱牛,2.0
2023-01-05,159928.SZ,1.027,266500,273695.5,82.10865,0.0009746588693956041,0.04868549172346648,0.0662122687439144,0.028237585199610615,0.10321324245374885,0.019474196689386547,无,2023-01-12,1.077,5.0,0.04868549172346648,0.050000000000000044,80.48420999999999,震荡往返,"震荡往返,误杀卖飞",True,True,False,2023,验证期,震荡,3.0
2023-01-12,511010.SH,126.062,2100,264730.2,79.41906,-0.0006975822433611421,-0.0003014389744728785,0.0011819580841172517,0.0028716028620838774,0.003204772254922217,-0.000539417112214613,无,2023-03-09,126.559,35.0,0.003942504481921683,0.4969999999999999,83.52893999999999,中性,中性,False,False,False,2023,验证期,强牛,1.0
2023-02-09,512800.SH,0.53880303882949,487400,262612.6011254934,78.78378033764801,-0.023572076155939942,-0.010213556174562433,0.000928505106776667,-0.006499535747455654,0.020427112349106658,-0.020427112349125087,无,2023-04-27,0.54130444569499,54.0,0.004642525533883779,0.0025014068655000443,90.93914687675831,中性,中性,False,False,False,2023,验证期,强牛,1.0
2023-02-09,512010.SH,0.503,558000,280674.0,84.20219999999999,0.043568464730290496,0.007952286282306265,-0.003976143141153132,-0.045725646123260466,0.03379721669980129,-0.05168986083499005,无,2023-10-12,0.439,163.0,-0.12723658051689857,-0.064,87.63317999999998,有效避损,有效避损,False,False,True,2023,验证期,强牛,1.0
2023-02-09,159928.SZ,1.056,249100,263049.60000000003,78.91488,-0.019498607242339747,0.033143939393939226,0.04261363636363624,-0.0028409090909091717,0.05208333333333326,-0.016098484848484973,无,2023-07-27,0.97,114.0,-0.08143939393939403,-0.08600000000000008,90.0354,误杀卖飞,误杀卖飞,False,True,False,2023,验证期,强牛,1.0
2023-02-16,159865.SZ,0.806,329700,265738.2,79.72146,-0.011042944785275947,0.014888337468982549,0.018610421836228186,0.0,0.028535980148883366,-0.03349875930521096,无,2023-07-13,0.7,99.0,-0.13151364764268003,-0.1060000000000001,90.195,中性,中性,False,False,False,2023,验证期,强牛,1.0
2023-02-16,512400.SH,1.1609852706786,228000,264704.64171472075,79.41139251441622,-0.014131338320885402,0.0008431703204365704,-0.0025295109612228917,-0.0564924114670845,0.016020236087688433,-0.08178752107922871,无,2023-07-13,1.0484108135723,99.0,-0.09696458684656672,-0.11257445710629987,90.20526639976069,有效避损,有效避损,False,False,True,2023,验证期,强牛,1.0
2023-02-23,512480.SH,0.875,305900,267662.5,80.29875,-0.003416856492027338,-0.00457142857142856,0.0,0.06628571428571428,0.11999999999999988,-0.02857142857142858,无,2023-03-23,0.933,20.0,0.06628571428571428,0.05800000000000005,87.63668999999999,震荡往返,"震荡往返,误杀卖飞",True,True,False,2023,验证期,强牛,1.0
2023-02-23,512660.SH,1.129,231900,261815.1,78.54453,-0.012248468941382339,0.013286093888396744,0.030115146147032812,-0.005314437555358764,0.051372896368467647,-0.021257750221434946,无,2023-03-09,1.163,10.0,0.030115146147032812,0.03400000000000003,84.74781,震荡往返,"震荡往返,误杀卖飞",True,True,False,2023,验证期,强牛,1.0
2023-03-02,512980.SH,0.697,430000,299710.0,89.913,0.11698717948717942,-0.004304160688665681,-0.011477761836441891,0.1492109038737448,0.20373027259684373,-0.031563845050215034,无,2023-03-23,0.783,15.0,0.1233859397417505,0.08600000000000008,87.64119,震荡往返,"震荡往返,误杀卖飞",True,True,False,2023,验证期,强牛,1.0
2023-03-02,515230.SH,0.948,331200,313977.6,94.19327999999999,0.17037037037037023,-0.01793248945147674,-0.0052742616033755185,0.13080168776371326,0.1656118143459917,-0.033755274261603296,无,2023-03-16,0.943,10.0,-0.0052742616033755185,-0.0050000000000000044,84.89828999999999,误杀卖飞,误杀卖飞,False,True,False,2023,验证期,强牛,1.0
2023-03-09,159996.SZ,1.102,238800,263157.60000000003,78.94728,-0.007207207207207213,-0.02268602540834863,-0.016333938294010864,0.0027223230490016626,0.023593466424682186,-0.03629764065335761,无,2023-04-13,1.116,24.0,0.012704174228675091,0.014000000000000012,80.08416,中性,中性,False,False,False,2023,验证期,强牛,1.0
2023-03-16,512660.SH,1.133,242900,275205.7,82.56170999999999,-0.025795356835769584,-0.008826125330979706,-0.04413062665489853,-0.02206531332744921,0.0044130626654896865,-0.0467784642541923,无,2023-06-29,1.093,69.0,-0.035304501323918824,-0.040000000000000036,89.48391,中性,中性,False,False,False,2023,验证期,强牛,1.0
2023-04-20,515230.SH,1.076,300100,322907.60000000003,96.87228,0.14103923647932146,-0.0901486988847584,-0.052044609665427566,-0.10408921933085513,0.0371747211895912,-0.12546468401487,无,2023-06-15,1.057,37.0,-0.017657992565055847,-0.019000000000000128,89.70758999999998,有效避损,有效避损,False,False,True,2023,验证期,熊市,4.0
2023-04-27,515880.SH,0.34589050632911,909300,314518.23740505974,94.35547122151792,0.12095032397407712,-0.0125240847784015,-0.019267822736015683,0.05009633911369282,0.07899807321774532,-0.05587668593448025,无,2023-06-08,0.37321518987342,27.0,0.07899807321774532,0.027324683544310002,89.68361012658282,误杀卖飞,"误杀卖飞,有效避损",False,True,True,2023,验证期,熊市,4.0
2023-04-27,512480.SH,0.936,313100,293061.60000000003,87.91848,0.0032154340836012887,-0.01175213675213671,-0.044871794871794934,-0.004273504273504258,0.03205128205128194,-0.06623931623931634,无,2023-11-09,0.88,129.0,-0.05982905982905984,-0.05600000000000005,86.592,有效避损,有效避损,False,False,True,2023,验证期,熊市,4.0
2023-04-27,159996.SZ,1.097,239200,262402.39999999997,78.72071999999999,-0.01702508960573488,-0.03281677301732,-0.02096627164995435,-0.03008204193254327,0.014585232452142272,-0.04740200546946216,无,2023-06-15,1.126,32.0,0.02643573381950759,0.028999999999999915,89.71967999999998,有效避损,有效避损,False,False,True,2023,验证期,熊市,4.0
2023-04-27,512000.SH,0.431,698700,301139.7,90.34191,-0.04961411245865495,0.08584686774941996,0.05916473317865445,-0.0058004640371229765,0.14153132250580036,-0.016241299303944357,无,2023-05-18,0.4535,12.0,0.05220417633410679,0.02250000000000002,91.493625,震荡往返,"震荡往返,误杀卖飞",True,True,False,2023,验证期,熊市,4.0
2023-05-04,512980.SH,0.975,373100,363772.5,109.13175,0.2452107279693486,-0.02871794871794875,-0.10974358974358978,-0.07282051282051283,0.04205128205128217,-0.17230769230769227,无,2023-05-11,0.947,5.0,-0.02871794871794875,-0.028000000000000025,93.83822999999998,有效避损,有效避损,False,False,True,2023,验证期,熊市,4.0
2023-05-25,512800.SH,0.53830275745639,560000,301449.5441755784,90.43486325267351,-0.005545286506461465,-0.0018587360594767288,0.024163568773235777,-0.004646840148710751,0.04368029739776125,-0.0195167286245439,无,2023-07-27,0.55931457512662,43.0,0.039033457249068926,0.02101181767022997,90.03846030388327,中性,中性,False,False,False,2023,验证期,熊市,4.0
2023-05-25,518880.SH,4.327,71000,307217.0,92.1651,-0.01726095843742894,0.010630922116940278,0.003235498035590423,0.006008782066096563,0.015021955165241518,-0.007395424081349633,无,2023-06-08,4.341,10.0,0.003235498035590423,0.014000000000000234,89.59823999999999,震荡往返,震荡往返,True,False,False,2023,验证期,熊市,4.0
2023-05-25,512000.SH,0.4295,672500,288838.75,86.651625,-0.05292171995589861,-0.005820721769499437,-0.01396973224679865,-0.025611175785797413,0.012805587892898762,-0.043073341094295725,无,2023-07-27,0.452,43.0,0.052386495925494714,0.02250000000000002,90.02483999999998,中性,中性,False,False,False,2023,验证期,熊市,4.0
2023-06-29,515230.SH,0.988,282900,279505.2,83.85155999999999,-0.06527909176915796,-0.013157894736842146,-0.045546558704453455,-0.06578947368421051,0.01720647773279338,-0.07793522267206476,无,2023-11-23,0.8,99.0,-0.1902834008097165,-0.18799999999999994,85.392,有效避损,有效避损,False,False,True,2023,验证期,熊市,4.0
2023-07-13,515880.SH,0.40720443037975,801000,326170.74873417977,97.85122462025392,0.09107142857143041,0.033551554828145536,-0.03191489361702271,-0.05400981996728216,0.08101472995088654,-0.06464811783960678,无,2024-12-26,0.46351993670886,354.0,0.13829787234041468,0.05631550632910998,104.06949618987323,误杀卖飞,"误杀卖飞,有效避损",False,True,True,2023,验证期,熊市,4.0
2023-07-13,159996.SZ,1.143,265600,303580.8,91.07423999999999,0.015097690941385548,0.0017497812773403787,0.0,-0.005249343832021025,0.02974628171478577,-0.02887139107611536,无,2024-02-22,1.068,147.0,-0.06561679790026242,-0.07499999999999996,84.07296,中性,中性,False,False,False,2023,验证期,熊市,4.0
2023-07-13,512660.SH,1.092,272900,298006.80000000005,89.40204,-0.0009149130832569898,-0.0009157509157510235,-0.012820512820512886,-0.03846153846153855,0.012820512820512775,-0.041208791208791395,无,2023-11-23,0.993,89.0,-0.09065934065934078,-0.09900000000000009,85.37813999999999,有效避损,有效避损,False,False,True,2023,验证期,熊市,4.0
2023-07-13,516160.SH,2.8308,88800,251375.04,75.41251199999999,0.009227220299884641,-0.035428571428571476,-0.03314285714285714,-0.02400000000000002,0.006857142857142895,-0.0605714285714285,无,2024-08-01,1.7437728,256.0,-0.384,-1.0870272,85.21817673599998,有效避损,有效避损,False,False,True,2023,验证期,熊市,4.0
2023-07-20,512400.SH,1.040579546991,286800,298438.2140770188,89.53146422310563,-0.007469654528472689,0.011288805268149016,0.01317027281280847,-0.03951081843834825,0.03480714957672859,-0.05079962370645863,无,2023-07-27,1.052326446863,5.0,0.011288805268149016,0.01174689987200006,90.00548100019238,震荡往返,"震荡往返,有效避损",True,False,True,2023,验证期,熊市,4.0
2023-07-27,516110.SH,1.099,297600,327062.39999999997,98.11871999999998,0.09353233830845781,0.022747952684258443,0.010009099181073733,-0.08098271155595993,0.05095541401273884,-0.08371246587807102,无,2023-08-10,1.11,10.0,0.010009099181073733,0.01100000000000012,90.4095,震荡往返,"震荡往返,有效避损,误杀卖飞",True,True,True,2023,验证期,熊市,4.0
2023-07-27,159697.SZ,0.995,299600,298102.0,89.4306,-0.01191658391261162,-0.0030150753768843908,-0.004020100502512558,-0.028140703517588017,0.019095477386934734,-0.03819095477386936,无,2023-09-14,1.0,35.0,0.005025125628140614,0.0050000000000000044,88.49999999999999,中性,中性,False,False,False,2023,验证期,熊市,4.0
2023-08-10,159865.SZ,0.702,429500,301509.0,90.4527,0.0028571428571428597,-0.027065527065526895,-0.06267806267806253,-0.04415954415954404,0.007122507122507171,-0.07122507122507116,无,2023-11-16,0.658,64.0,-0.06267806267806253,-0.04399999999999993,85.75056,有效避损,有效避损,False,False,True,2023,验证期,弱牛,2.0
2023-08-17,512800.SH,0.55731344963421,536600,299054.3970737171,89.71631912211512,-0.0035778175313184277,-0.005385996409327909,-0.01166965888687721,-0.0008976660682212811,0.05745062836625392,-0.017055655296223105,无,2023-09-21,0.56431738885763,25.0,0.012567324955134351,0.007003939223420019,88.47368022509923,误杀卖飞,误杀卖飞,False,True,False,2023,验证期,弱牛,2.0
2023-08-17,512400.SH,0.99946539743918,285100,284947.5848099102,85.48427544297306,-0.05023255813953894,-0.02938295788442935,-0.014691478942214675,0.000979431929437613,0.032321253672902506,-0.03819784524975833,无,2024-01-04,0.92311054827145,93.0,-0.07639569049950656,-0.07635484916772994,83.10764266087864,中性,中性,False,False,False,2023,验证期,弱牛,2.0
2023-08-17,159928.SZ,0.936,309400,289598.4,86.87952,-0.035051546391752494,-0.023504273504273532,-0.0010683760683760646,0.005341880341880323,0.04166666666666652,-0.02777777777777779,无,2024-02-22,0.845,122.0,-0.09722222222222232,-0.09100000000000008,84.08595,中性,中性,False,False,False,2023,验证期,弱牛,2.0
2023-08-17,516110.SH,1.033,271500,280459.5,84.13784999999999,-0.06936936936936952,-0.022265246853823695,0.02420135527589551,0.02420135527589551,0.05808325266214909,-0.023233301064859657,无,2024-04-11,1.07,155.0,0.035818005808325504,0.037000000000000144,87.4725,误杀卖飞,误杀卖飞,False,True,False,2023,验证期,弱牛,2.0
2023-08-24,512000.SH,0.4705,663900,312364.95,93.709485,0.04092920353982292,0.0031880977683316214,-0.02019128586609975,-0.032943676939426014,0.11902231668437824,-0.03825717321997868,无,2023-11-16,0.47,54.0,-0.0010626992561104665,-0.0005000000000000004,85.7421,误杀卖飞,"误杀卖飞,有效避损",False,True,True,2023,验证期,熊市,4.0
2023-08-31,511010.SH,129.649,2200,285227.8,85.56833999999999,-0.000978609296017827,-0.00342463111940694,-0.0028924249319316475,-0.005190938611173257,-0.00011569699727742577,-0.007898248347461223,无,2023-11-02,129.42,39.0,-0.0017663074917663169,-0.22900000000001342,85.4172,中性,中性,False,False,False,2023,验证期,熊市,4.0
2023-09-28,518880.SH,4.463,66900,298574.7,89.57240999999999,0.00927182270465861,-0.017477033385615126,0.028680259914855455,0.031817163343042854,0.04010755097468066,-0.02688774367017699,无,2023-10-26,4.584,14.0,0.027111808200761756,0.12099999999999955,86.63759999999999,震荡往返,"震荡往返,误杀卖飞",True,True,False,2023,验证期,熊市,4.0
2023-10-12,159697.SZ,0.975,295000,287625.0,86.2875,-0.025000000000000022,0.01333333333333342,-0.021538461538461506,-0.039999999999999925,0.029743589743589816,-0.04307692307692301,无,2024-01-11,0.935,64.0,-0.04102564102564099,-0.039999999999999925,82.74749999999999,有效避损,有效避损,False,False,True,2023,验证期,熊市,4.0
2023-10-12,512800.SH,0.56431738885763,522600,294912.26741699746,88.47368022509923,0.0,0.0,-0.038120567375901415,-0.04343971631206389,0.00797872340424366,-0.04964539007093771,无,2024-01-25,0.54180472706809,74.0,-0.03989361702128891,-0.022512661789540034,82.53853212155283,有效避损,有效避损,False,False,True,2023,验证期,熊市,4.0
2023-10-19,512010.SH,0.418,665400,278137.2,83.44116,-0.04783599088838273,-0.028708133971291794,0.04306220095693791,0.04784688995215314,0.07655502392344515,-0.03588516746411474,无,2023-11-09,0.444,15.0,0.062200956937799035,0.026000000000000023,86.59332,震荡往返,"震荡往返,误杀卖飞",True,True,False,2023,验证期,熊市,4.0
2023-11-09,518880.SH,4.534,63000,285642.0,85.6926,-0.010907504363001707,0.0070577856197617805,-0.007940008822231892,0.011248345831495365,0.03109836788707554,-0.010145566828407504,无,2023-12-07,4.585,20.0,0.011248345831495365,0.051000000000000156,83.90549999999999,震荡往返,震荡往返,True,False,False,2023,验证期,熊市,4.0
2023-11-23,512010.SH,0.433,650100,281493.3,84.44798999999999,-0.024774774774774796,0.002309468822170979,-0.03926096997690531,-0.07852193995381052,0.01385681293302543,-0.0808314087759815,无,2024-08-08,0.335,172.0,-0.22632794457274819,-0.09799999999999998,84.27929999999999,有效避损,有效避损,False,False,True,2023,验证期,熊市,4.0
2023-11-23,512480.SH,0.839,328000,275192.0,82.5576,-0.046590909090909134,0.007151370679380209,-0.030989272943980906,-0.0512514898688915,0.022646007151370773,-0.05721096543504167,无,2024-06-13,0.734,132.0,-0.12514898688915377,-0.10499999999999998,86.16426,有效避损,有效避损,False,False,True,2023,验证期,熊市,4.0
2023-11-23,512000.SH,0.4615,608100,280638.15,84.191445,-0.01808510638297862,-0.029252437703141898,-0.04008667388949083,-0.07800650054171188,0.0021668472372697867,-0.08125677139761656,无,2024-02-22,0.4245,58.0,-0.08017334777898166,-0.03700000000000003,84.08920499999999,有效避损,有效避损,False,False,True,2023,验证期,熊市,4.0
2023-11-30,512980.SH,0.754,362600,273400.4,82.02012,-0.05276381909547743,0.04774535809018565,0.07957559681697601,-0.09151193633952248,0.11007957559681691,-0.09814323607427045,无,2023-12-14,0.814,10.0,0.07957559681697601,0.05999999999999994,83.90711999999998,震荡往返,"震荡往返,有效避损,误杀卖飞",True,True,True,2023,验证期,熊市,4.0
2023-11-30,512660.SH,0.984,286600,282014.4,84.60432,-0.009063444108761337,-0.020325203252032575,-0.016260162601625994,-0.05081300813008127,0.008130081300812941,-0.08638211382113814,无,2024-08-01,0.918,162.0,-0.06707317073170727,-0.06599999999999995,85.23629999999999,有效避损,有效避损,False,False,True,2023,验证期,熊市,4.0
2023-11-30,515230.SH,0.772,355800,274677.60000000003,82.40328000000001,-0.03500000000000003,0.0012953367875647714,0.051813471502590636,-0.050518134715025975,0.07253886010362676,-0.05569948186528506,无,2024-09-26,0.541,200.0,-0.2992227979274611,-0.23099999999999998,82.69184999999999,误杀卖飞,"误杀卖飞,有效避损",False,True,True,2023,验证期,熊市,4.0
2023-12-07,159865.SZ,0.681,434400,295826.4,88.74792,0.03495440729483286,-0.02496328928046987,-0.05139500734214397,-0.038179148311306976,0.008810572687224738,-0.06901615271659334,无,2024-03-28,0.61,73.0,-0.10425844346549196,-0.07100000000000006,84.4545,有效避损,有效避损,False,False,True,2023,验证期,熊市,4.0
2023-12-14,518880.SH,4.59,61000,279990.0,83.99699999999999,0.0010905125408941971,0.0010893246187364536,0.019825708061002256,0.010239651416122042,0.02113289760348591,-0.004139433551198279,无,2023-12-21,4.595,5.0,0.0010893246187364536,0.004999999999999893,82.84785,震荡往返,震荡往返,True,False,False,2023,验证期,熊市,4.0
2023-12-21,512980.SH,0.765,343600,262854.0,78.85619999999999,-0.06019656019656012,-0.10457516339869277,-0.06666666666666676,-0.12679738562091503,0.020915032679738488,-0.1568627450980392,无,2024-02-29,0.7,43.0,-0.08496732026143794,-0.06500000000000006,78.41399999999999,有效避损,有效避损,False,False,True,2023,验证期,熊市,4.0
2024-01-11,512400.SH,0.90255347349552,300100,270856.29739600554,81.25688921880166,-0.022269353128315714,-0.034707158351416356,-0.05422993492407502,-0.0477223427331851,0.026030368763559686,-0.15618221258134657,无,2024-03-21,1.0180646555698,44.0,0.12798264642084223,0.11551118207428013,86.12826986120507,有效避损,有效避损,False,False,True,2024,验证期,熊市,4.0
2024-01-18,518880.SH,4.624,60100,277902.39999999997,83.37071999999998,0.006311207834602811,-0.00367647058823517,0.006055363321799456,0.0032439446366783198,0.01189446366782021,-0.004757785467127906,无,2024-02-01,4.652,10.0,0.006055363321799456,0.02800000000000047,83.03819999999999,震荡往返,震荡往返,True,False,False,2024,验证期,熊市,4.0
2024-01-18,159697.SZ,0.925,295000,272875.0,81.8625,-0.010695187165775409,-0.022702702702702693,0.00972972972972963,0.07675675675675664,0.07783783783783771,-0.06054054054054059,无,2024-03-14,0.999,34.0,0.07999999999999985,0.07399999999999995,86.52338999999999,误杀卖飞,"误杀卖飞,有效避损",False,True,True,2024,验证期,熊市,4.0
2024-02-08,518880.SH,4.655,59500,276972.5,83.09174999999999,0.0006448839208942635,-0.0034371643394199847,0.0008592910848548296,0.04812030075187956,0.05714285714285716,-0.006229860365198681,无,2024-03-28,5.0,29.0,0.07411385606874332,0.34499999999999975,81.14999999999999,误杀卖飞,误杀卖飞,False,True,False,2024,验证期,熊市,4.0
2024-03-14,512800.SH,0.57032076533483,507800,289608.8846370267,86.882665391108,0.052631578947365476,0.0052631578947468505,0.028947368421063047,0.01929824561404203,0.039473684210538984,-0.007017543859638931,无,2024-03-28,0.58683005064716,10.0,0.028947368421063047,0.01650928531232998,84.45071258863278,震荡往返,震荡往返,True,False,False,2024,验证期,弱牛,2.0
2024-03-21,512000.SH,0.4335,660300,286240.05,85.87201499999999,0.021201413427561856,-0.05767012687427919,-0.059976931949250356,-0.08881199538638984,0.0011534025374855261,-0.1164936562860438,无,2024-05-23,0.4155,40.0,-0.04152249134948105,-0.018000000000000016,83.57782499999999,有效避损,有效避损,False,False,True,2024,验证期,弱牛,2.0
2024-03-28,159996.SZ,1.11,262400,291264.0,87.3792,0.03932584269662925,0.03603603603603589,0.014414414414414267,0.058558558558558405,0.08648648648648627,-0.006306306306306464,无,2024-04-25,1.159,18.0,0.04414414414414414,0.04899999999999993,86.54253,震荡往返,"震荡往返,误杀卖飞",True,True,False,2024,验证期,弱牛,2.0
2024-03-28,159928.SZ,0.86,331700,285262.0,85.5786,0.017751479289940846,0.020930232558139528,-0.0430232558139535,0.023255813953488413,0.032558139534883734,-0.0430232558139535,无,2024-05-09,0.898,25.0,0.04418604651162794,0.038000000000000034,86.45045999999999,中性,中性,False,False,False,2024,验证期,弱牛,2.0
2024-03-28,512980.SH,0.721,373400,269221.39999999997,80.76641999999998,0.03000000000000003,0.012482662968099856,-0.026352288488210807,-0.015256588072122046,0.05963938973647709,-0.06934812760055464,无,2024-11-28,0.815,162.0,0.13037447988904294,0.09399999999999997,104.37705,误杀卖飞,"误杀卖飞,有效避损",False,True,True,2024,验证期,弱牛,2.0
2024-03-28,159697.SZ,0.998,288700,288122.6,86.43677999999998,-0.0010010010010010019,0.07515030060120242,0.08717434869739482,0.06212424849699394,0.12024048096192397,0.012024048096192397,无,2024-04-11,1.062,8.0,0.06412825651302612,0.06400000000000006,87.48756,震荡往返,"震荡往返,误杀卖飞",True,True,False,2024,验证期,弱牛,2.0
2024-04-11,159865.SZ,0.615,461500,283822.5,85.14675,0.008196721311475417,-0.03739837398373991,-0.008130081300813052,0.07804878048780495,0.09593495934959351,-0.05528455284552847,无,2024-05-09,0.645,17.0,0.04878048780487809,0.030000000000000027,86.47515,震荡往返,"震荡往返,有效避损,误杀卖飞",True,True,True,2024,验证期,强牛,1.0
2024-04-18,512800.SH,0.60033764772088,479700,287981.96961170615,86.39459088351184,0.023017902813299698,-0.002499999999996505,0.014999999999994573,0.05083333333332529,0.06666666666666887,-0.008333333333337856,无,2024-04-25,0.59883680360158,5.0,-0.002499999999996505,-0.001500844119300071,86.53790648846432,误杀卖飞,误杀卖飞,False,True,False,2024,验证期,强牛,1.0
2024-04-18,516110.SH,1.083,272500,295117.5,88.53524999999999,0.01214953271028028,-0.004616805170821747,0.01939058171745156,-0.012003693444136543,0.033240997229917024,-0.028624192059095055,无,2024-07-18,1.088,61.0,0.004616805170821969,0.0050000000000001155,86.72448,中性,中性,False,False,False,2024,验证期,强牛,1.0
2024-04-25,512400.SH,1.0180646555698,282000,287094.2328706836,86.12826986120507,0.0,0.040384615384559064,0.06057692307693685,0.042307692307708145,0.10576923076917222,0.008653846153876099,无,2024-09-26,0.93097311139565,104.0,-0.08554618186347496,-0.0870915441741501,82.67041229193372,误杀卖飞,误杀卖飞,False,True,False,2024,验证期,强牛,1.0
2024-04-25,159697.SZ,1.05,274600,288330.0,86.499,-0.011299435028248596,0.007619047619047636,0.026666666666666616,0.01333333333333342,0.030476190476190546,-0.013333333333333308,无,2025-01-02,1.049,168.0,-0.0009523809523810378,-0.001000000000000112,102.52925999999998,中性,中性,False,False,False,2024,验证期,强牛,1.0
2024-04-25,518880.SH,5.275,54400,286960.0,86.088,-0.02693230031359526,0.0005687203791466811,0.010426540284360186,0.017440758293838732,0.05895734597156399,-0.0109952606635072,无,2024-07-04,5.381,46.0,0.02009478672985776,0.10599999999999987,85.71933,误杀卖飞,误杀卖飞,False,True,False,2024,验证期,强牛,1.0
2024-05-23,159530.SZ,1.022,272700,278699.4,83.60982,-0.03311258278145688,-0.026418786692759322,-0.026418786692759322,-0.045988258317025466,0.0,-0.06360078277886505,无,2024-10-31,1.086,107.0,0.06262230919765166,0.06400000000000006,91.22399999999999,有效避损,有效避损,False,False,True,2024,验证期,弱牛,2.0
2024-05-30,159996.SZ,1.212,248900,301666.8,90.50003999999998,0.04572907679033644,-0.004125412541254092,-0.01732673267326723,-0.07920792079207906,0.017326732673267342,-0.07920792079207906,无,2024-09-26,1.133,82.0,-0.06518151815181517,-0.07899999999999996,82.66367999999999,有效避损,有效避损,False,False,True,2024,验证期,震荡,3.0
2024-05-30,159928.SZ,0.877,320900,281429.3,84.42878999999999,-0.02338530066815147,-0.012542759407069615,-0.061573546180159644,-0.10490307867730897,-0.0011402508551880963,-0.11288483466362598,无,2025-03-06,0.792,185.0,-0.09692132269099196,-0.08499999999999996,105.16176,有效避损,有效避损,False,False,True,2024,验证期,震荡,3.0
2024-05-30,512000.SH,0.402,670500,269541.0,80.86229999999999,-0.03249097472924178,-0.007462686567164201,-0.028606965174129417,-0.04601990049751248,0.00995024875621886,-0.06840796019900508,无,2024-08-01,0.3995,44.0,-0.006218905472636815,-0.0025000000000000022,85.249305,有效避损,有效避损,False,False,True,2024,验证期,震荡,3.0
2024-06-06,512800.SH,0.6168469330332,481700,297135.16764209245,89.14055029262772,0.030075187969914114,-0.02189781021897863,-0.012165450121652932,0.03163017031630422,0.041362530413629806,-0.02838605028385166,无,2024-07-11,0.63785875070343,24.0,0.03406326034063145,0.02101181767022997,85.80475914462541,误杀卖飞,误杀卖飞,False,True,False,2024,验证期,震荡,3.0
2024-06-06,159865.SZ,0.641,446900,286462.9,85.93887,-0.006201550387596904,-0.043681747269890825,-0.07644305772230897,-0.11544461778471149,-0.0015600624024960652,-0.12480499219968788,无,2025-03-20,0.575,190.0,-0.10296411856474263,-0.06600000000000006,105.639,有效避损,有效避损,False,False,True,2024,验证期,震荡,3.0
2024-06-27,512480.SH,0.714,391300,279388.2,83.81645999999999,-0.02724795640326978,-0.019607843137254943,0.022408963585434094,0.0028011204481792618,0.08963585434173682,-0.056022408963585346,无,2024-11-07,1.009,88.0,0.41316526610644244,0.29499999999999993,96.37967999999998,误杀卖飞,"误杀卖飞,有效避损",False,True,True,2024,验证期,熊市,4.0
2024-07-25,516110.SH,1.028,265700,273139.60000000003,81.94188,-0.05514705882352946,0.023346303501945442,-0.026264591439688845,-0.04280155642023353,0.03599221789883256,-0.05642023346303504,无,2024-09-12,1.048,35.0,0.01945525291828787,0.020000000000000018,81.80688,有效避损,有效避损,False,False,True,2024,验证期,熊市,4.0
2024-08-01,518880.SH,5.501,53100,292103.10000000003,87.63093,0.02230068760453449,-0.02835848027631349,-0.012724959098345812,0.006907834939101853,0.008725686238865604,-0.03562988547536827,无,2024-08-22,5.535,15.0,0.006180694419196442,0.03399999999999981,82.85895,震荡往返,震荡往返,True,False,False,2024,验证期,熊市,4.0
2024-08-01,512800.SH,0.63635790658413,448400,285342.8853123239,85.60286559369717,-0.0023529411764670947,-0.01886792452830577,-0.01100628930817582,0.040094339622645636,0.05345911949685567,-0.02515723270439718,无,2024-08-22,0.65386775464266,15.0,0.027515723270447046,0.017509848058529953,82.87773790095714,震荡往返,"震荡往返,误杀卖飞",True,True,False,2024,验证期,熊市,4.0
2024-08-08,516160.SH,1.7114208,162900,278790.44831999997,83.63713449599999,-0.018552875695732805,-0.032136105860113395,-0.041587901701323204,-0.03024574669187141,0.003780718336483968,-0.060491493383742934,无,2025-02-27,2.012,131.0,0.17563138183198435,0.30057920000000005,101.46516,有效避损,有效避损,False,False,True,2024,验证期,熊市,4.0
2024-08-15,512660.SH,0.863,309500,267098.5,80.12955,-0.05991285403050114,-0.03360370799536505,-0.052143684820394,-0.05330243337195828,0.009269988412514474,-0.07068366164542284,无,2024-11-07,1.143,53.0,0.324449594438007,0.28,96.38918999999999,有效避损,有效避损,False,False,True,2024,验证期,熊市,4.0
2024-08-15,512010.SH,0.327,838600,274222.2,82.26666,-0.023880597014925394,-0.01834862385321101,-0.042813455657492394,-0.03669724770642202,0.01834862385321112,-0.04892966360856277,无,2025-05-29,0.367,187.0,0.12232415902140659,0.03999999999999998,98.29727999999999,有效避损,有效避损,False,False,True,2024,验证期,熊市,4.0
2024-08-22,511010.SH,134.992,2100,283483.19999999995,85.04495999999997,0.012617208011401905,0.001726028209079189,0.005481806329264094,0.008593101813440862,0.00971168661846633,-2.963138556355549e-05,无,2024-08-29,135.225,5.0,0.001726028209079189,0.2330000000000041,81.13499999999999,震荡往返,震荡往返,True,False,False,2024,验证期,熊市,4.0
2024-08-22,512000.SH,0.386,711300,274561.8,82.36854,-0.033792240300375496,-0.022020725388601003,-0.0090673575129534,0.014248704663212486,0.03367875647668406,-0.024611398963730546,无,2024-09-26,0.4195,23.0,0.08678756476683924,0.033499999999999974,82.696035,中性,中性,False,False,False,2024,验证期,熊市,4.0
2024-09-05,512800.SH,0.6153460889139,422500,259983.72256612274,77.99511676983681,-0.05891354246366255,-0.03495934959349345,-0.013821138211378092,0.15203252032520842,0.2642276422764265,-0.04065040650407059,无,2024-12-12,0.71440180078784,63.0,0.1609756097560897,0.09905571187394002,106.02437125492332,误杀卖飞,误杀卖飞,False,True,False,2024,验证期,熊市,4.0
2024-09-05,518880.SH,5.483,49900,273601.7,82.08050999999999,-0.009394760614272898,0.008207185847163956,0.036841145358380345,0.05234360751413458,0.05890935619186588,-0.0027357286157212446,无,2024-09-12,5.528,5.0,0.008207185847163956,0.04499999999999993,81.75911999999998,震荡往返,"震荡往返,误杀卖飞",True,True,False,2024,验证期,熊市,4.0
2024-10-31,512400.SH,1.0280320102433,296000,304297.4750320168,91.28924250960503,0.10425531914895601,0.0587668593448778,0.05394990366085395,-0.0038535645472386193,0.10019267822732791,-0.035645472061679784,无,2025-02-06,1.0240704225352,63.0,-0.0038535645472386193,-0.003961587708100067,102.51968999999885,误杀卖飞,误杀卖飞,False,True,False,2024,验证期,弱牛,2.0
2024-11-07,516110.SH,1.239,260200,322387.80000000005,96.71634,0.1822519083969466,0.06537530266343827,0.036319612590798966,0.005649717514124131,0.08313155770782887,-0.026634382566586012,无,2024-11-21,1.284,10.0,0.036319612590798966,0.04499999999999993,106.23816,震荡往返,"震荡往返,误杀卖飞",True,True,False,2024,验证期,弱牛,2.0
2024-11-07,159996.SZ,1.318,243200,320537.60000000003,96.16128,0.1632833186231245,0.031107738998482404,0.003793626707131903,0.003034901365705611,0.05918057663125942,-0.0477996965098636,无,2024-12-26,1.346,35.0,0.02124430955993928,0.028000000000000025,104.05926,误杀卖飞,误杀卖飞,False,True,False,2024,验证期,弱牛,2.0
2024-11-21,512000.SH,0.5835,657100,383417.85000000003,115.025355,0.3909415971394518,-0.020565552699228773,-0.007712082262210873,-0.027420736932305068,0.07112253641816624,-0.059982862039417384,无,2025-05-15,0.5205,114.0,-0.10796915167095122,-0.06300000000000006,101.13835499999999,误杀卖飞,"误杀卖飞,有效避损",False,True,True,2024,验证期,强牛,1.0
2024-11-21,515230.SH,0.83,509500,422885.0,126.86549999999998,0.5341959334565618,0.009638554216867545,0.015662650602409567,-0.012048192771084376,0.09759036144578315,-0.051807228915662584,无,未买回,,,,,,误杀卖飞,"误杀卖飞,有效避损",False,True,True,2024,验证期,强牛,1.0
2024-11-21,512480.SH,1.014,318400,322857.6,96.85727999999999,0.004955401387512504,-0.021696252465483234,-0.020710059171597628,-0.027613412228796874,0.030571992110453472,-0.07297830374753456,无,2024-12-26,1.043,25.0,0.02859960552268226,0.028999999999999915,104.07054,有效避损,有效避损,False,False,True,2024,验证期,强牛,1.0
2024-11-21,512660.SH,1.092,281100,306961.2,92.08836,-0.04461942257217842,-0.02838827838827851,-0.03296703296703296,-0.048534798534798695,0.0073260073260073,-0.07326007326007333,无,2025-02-13,1.036,53.0,-0.05128205128205132,-0.05600000000000005,102.84372,有效避损,有效避损,False,False,True,2024,验证期,强牛,1.0
2024-11-28,159530.SZ,1.139,280000,318920.0,95.67599999999999,0.04880294659300178,0.05882352941176472,0.10096575943810349,0.05179982440737474,0.15452151009657578,-0.01843722563652317,无,2024-12-12,1.254,10.0,0.10096575943810349,0.11499999999999999,106.01316,震荡往返,"震荡往返,误杀卖飞",True,True,False,2024,验证期,强牛,1.0
2024-11-28,516110.SH,1.23,275800,339234.0,101.77019999999999,-0.04205607476635518,0.01300813008130075,0.03658536585365857,0.03658536585365857,0.06016260162601639,-0.015447154471544655,无,2025-01-02,1.273,24.0,0.03495934959349589,0.04299999999999993,102.54015,误杀卖飞,误杀卖飞,False,True,False,2024,验证期,强牛,1.0
2024-12-19,512980.SH,0.834,426900,356034.6,106.81037999999998,0.023312883435582844,-0.040767386091126956,-0.09472422062350117,-0.09592326139088725,0.026378896882494063,-0.15707434052757796,无,2025-06-19,0.826,118.0,-0.00959232613908878,-0.008000000000000007,97.28627999999999,有效避损,有效避损,False,False,True,2024,验证期,震荡,3.0
2024-12-19,159530.SZ,1.178,281800,331960.39999999997,99.58811999999998,-0.060606060606060656,0.01697792869269943,-0.041595925297113645,0.004244482173175079,0.05008488964346358,-0.0908319185059423,无,2025-01-23,1.221,24.0,0.03650254668930408,0.04300000000000015,101.61162,误杀卖飞,"误杀卖飞,有效避损",False,True,True,2024,验证期,震荡,3.0
2024-12-19,518880.SH,5.867,53900,316231.3,94.86938999999998,-0.02832063597217626,0.014999147775694555,0.026078063746378,0.04755411624339523,0.05028123402079432,-0.00017044486108752643,无,2025-01-09,6.038,14.0,0.02914607124595192,0.17100000000000026,101.07612,震荡往返,"震荡往返,误杀卖飞",True,True,False,2024,验证期,震荡,3.0
2025-01-02,159996.SZ,1.334,257700,343771.80000000005,103.13154,-0.00891530460624072,0.020989505247376306,0.006746626686656487,0.020989505247376306,0.04347826086956519,-0.032983508245877036,无,2025-01-23,1.35,15.0,0.011994002998500841,0.016000000000000014,101.61449999999999,震荡往返,震荡往返,True,False,False,2025,样本外,震荡,3.0
2025-01-02,512480.SH,1.003,332600,333597.8,100.07933999999999,-0.03835091083413235,-0.032901296111664924,0.012961116650050064,0.056829511465603444,0.08275174476570313,-0.07577268195413744,无,2025-02-13,1.095,24.0,0.09172482552342975,0.09200000000000008,102.8205,误杀卖飞,"误杀卖飞,有效避损",False,True,True,2025,样本外,震荡,3.0
2025-01-02,515880.SH,0.45052405063291,748400,337172.19949366985,101.15165984810095,-0.028037383177571464,-0.053254437869820204,-0.03402366863905726,0.0,0.08284023668638674,-0.08579881656805466,无,2025-06-26,0.46218702531646,114.0,0.02588757396450969,0.011662974683549987,101.24668976582372,误杀卖飞,"误杀卖飞,有效避损",False,True,True,2025,样本外,震荡,3.0
2025-01-09,512800.SH,0.73841530669668,494700,365294.0522228476,109.58821566685427,0.03361344537815831,-0.0006775067750667274,-0.016937669376696052,0.01761517615176289,0.022357723577230093,-0.03455284552845883,无,2025-02-13,0.7494214969049,19.0,0.014905149051495759,0.011006190208220024,102.83561780529037,震荡往返,震荡往返,True,False,False,2025,样本外,熊市,4.0
2025-01-09,159697.SZ,1.033,325800,336551.39999999997,100.96541999999998,-0.015252621544327946,-0.007744433688286589,-0.028073572120038692,-0.03388189738625358,0.0058083252662148865,-0.04356243949661176,无,2025-03-27,1.012,49.0,-0.020329138431752103,-0.020999999999999908,101.22023999999999,有效避损,有效避损,False,False,True,2025,样本外,熊市,4.0
2025-01-09,516110.SH,1.218,268500,327033.0,98.1099,-0.04320502749410836,0.02791461412151075,0.04351395730706065,0.09113300492610832,0.12643678160919558,-0.014778325123152691,无,2025-01-23,1.271,10.0,0.04351395730706065,0.052999999999999936,101.57831999999998,震荡往返,"震荡往返,误杀卖飞",True,True,False,2025,样本外,熊市,4.0
2025-01-16,511010.SH,138.553,2300,318671.89999999997,95.60156999999998,0.01457202902689608,0.00021652364077295871,0.002807589875354566,-0.005405873564628627,0.0031035055177441873,-0.006849364503114241,无,2025-02-06,138.797,9.0,0.0017610589449523761,0.24399999999999977,99.93383999999999,震荡往返,震荡往返,True,False,False,2025,样本外,熊市,4.0
2025-02-06,159996.SZ,1.331,250900,333947.89999999997,100.18436999999999,-0.014074074074074168,0.04658151765589791,0.037565740045078844,0.03456048084147256,0.06536438767843733,0.0067618332081142984,无,2025-02-20,1.381,10.0,0.037565740045078844,0.050000000000000044,101.33777999999998,震荡往返,"震荡往返,误杀卖飞",True,True,False,2025,样本外,熊市,4.0
2025-02-06,516110.SH,1.273,266400,339127.19999999995,101.73815999999998,0.001573564122738003,0.058915946582875245,0.062058130400628686,0.03770620581304018,0.08091123330714844,0.01256873527101332,无,2025-02-20,1.352,10.0,0.062058130400628686,0.07900000000000018,101.31888000000001,震荡往返,"震荡往返,误杀卖飞",True,True,False,2025,样本外,熊市,4.0
2025-02-13,511010.SH,138.576,2400,332582.39999999997,99.77471999999999,-0.0015922534348725378,-0.0031318554439441204,-0.0070430666204825965,-0.009034753492668135,-0.00018762267636518448,-0.01354491398221902,无,2025-04-10,138.424,39.0,-0.0010968710310587104,-0.1519999999999868,99.66528,中性,中性,False,False,False,2025,样本外,熊市,4.0
2025-02-20,512400.SH,1.0181280409731,333700,339749.3272727234,101.92479818181702,-0.005802707930367723,-0.005836575875486583,0.01459143968876564,0.08754863813229852,0.09435797665368328,-0.027237354085587584,无,2025-03-20,1.1072637644046,20.0,0.08754863813229852,0.0891357234315,105.63296312419882,震荡往返,"震荡往返,误杀卖飞",True,True,False,2025,样本外,震荡,3.0
2025-02-20,512660.SH,1.016,330900,336194.4,100.85831999999999,-0.019305019305019322,0.030511811023621993,0.029527559055118058,0.05807086614173218,0.09744094488188981,-0.011811023622047223,无,2025-03-13,1.094,15.0,0.07677165354330717,0.07800000000000007,94.78416,震荡往返,"震荡往返,误杀卖飞",True,True,False,2025,样本外,震荡,3.0
2025-02-27,512800.SH,0.73991615081598,457400,338437.6473832292,101.53129421496875,-0.012683578104147006,0.019607843137253278,0.013522650439493411,0.025016903313053396,0.048005409060173365,-0.0020283975659198816,无,2025-03-27,0.75842656162071,20.0,0.025016903313053396,0.018510410804730038,101.22719317951616,震荡往返,震荡往返,True,False,False,2025,样本外,震荡,3.0
2025-03-06,516110.SH,1.321,249800,329985.8,98.99573999999998,-0.022928994082840336,-0.0037850113550339515,0.022710068130204375,-0.018925056775170312,0.03330809992429984,-0.027252081756245272,无,未买回,,,,,,中性,中性,False,False,False,2025,样本外,熊市,4.0
2025-03-06,159996.SZ,1.377,244600,336814.2,101.04426,-0.0028964518464880545,0.007988380537400142,0.045751633986928164,-0.002904865649963728,0.06245461147421927,-0.019607843137254832,无,2025-05-15,1.364,46.0,-0.009440813362381895,-0.0129999999999999,101.11332,误杀卖飞,误杀卖飞,False,True,False,2025,样本外,熊市,4.0
2025-03-20,159530.SZ,1.439,277400,399178.60000000003,119.75358,0.17854217854217852,-0.05837387074357192,-0.09659485753995833,-0.1799861014593468,-0.011118832522585165,-0.28214037526059776,无,2025-05-15,1.338,36.0,-0.07018763029881858,-0.10099999999999998,101.11265999999999,有效避损,有效避损,False,False,True,2025,样本外,熊市,4.0
2025-03-20,512480.SH,1.103,313000,345239.0,103.57169999999999,0.0073059360730593674,-0.04714415231187674,-0.058930190389845816,-0.045330915684496875,-0.008159564823209342,-0.16772438803263823,无,2025-07-24,1.044,85.0,-0.05349048050770622,-0.05899999999999994,108.86832,有效避损,有效避损,False,False,True,2025,样本外,熊市,4.0
2025-03-27,516160.SH,1.975,168100,331997.5,99.59925,-0.018389662027832963,-0.04556962025316458,-0.13721518987341774,-0.11493670886075957,-0.0020253164556962577,-0.18126582278481018,无,2025-09-04,2.335,110.0,0.1822784810126581,0.3599999999999999,111.65969999999999,有效避损,有效避损,False,False,True,2025,样本外,熊市,4.0
2025-03-27,512660.SH,1.051,288800,303528.8,91.05863999999998,-0.03930530164533834,-0.03425309229305429,-0.04186489058039966,-0.05233111322549944,0.0019029495718363432,-0.12654614652711693,无,2025-06-26,1.094,60.0,0.04091341579448149,0.04300000000000015,101.24969999999999,有效避损,有效避损,False,False,True,2025,样本外,熊市,4.0
2025-04-03,159928.SZ,0.81,442600,358506.0,107.55179999999999,0.022727272727272745,0.03703703703703698,0.033333333333333215,0.01851851851851838,0.043209876543209846,-0.04444444444444451,无,2025-09-11,0.875,110.0,0.08024691358024683,0.06499999999999995,131.355,中性,中性,False,False,False,2025,样本外,震荡,3.0
2025-04-03,512400.SH,1.0557631241997,318000,335732.67349550466,100.71980204865139,-0.04651162790700813,-0.047842401500893916,-0.04127579737332954,-0.004690431519621341,0.004690431519715821,-0.1332082551594389,无,2025-06-12,1.0943886043534,45.0,0.036585365853708085,0.03862548015369982,92.3226226632528,有效避损,有效避损,False,False,True,2025,样本外,震荡,3.0
2025-04-03,159865.SZ,0.567,612400,347230.8,104.16923999999999,-0.013913043478260882,0.07760141093474426,0.04761904761904767,0.040564373897707284,0.11287477954144642,-0.015873015873015706,无,2025-04-17,0.591,9.0,0.042328042328042326,0.02400000000000002,102.70988999999999,震荡往返,"震荡往返,误杀卖飞",True,True,False,2025,样本外,震荡,3.0
2025-04-03,512800.SH,0.76142824985931,444900,338759.428362407,101.6278285087221,0.003957783641155199,-0.028909329829169494,0.00525624178712758,0.001971090670181086,0.02825229960578013,-0.06504599211563455,无,2025-04-24,0.76543050084412,14.0,0.00525624178712758,0.004002250984809996,102.48348975801922,震荡往返,"震荡往返,有效避损",True,False,True,2025,样本外,震荡,3.0
2025-04-24,159865.SZ,0.585,579300,338890.5,101.66714999999999,-0.0101522842639594,-0.0034188034188034067,0.0017094017094017033,0.006837606837606813,0.02905982905982918,-0.01025641025641022,无,2025-06-05,0.609,26.0,0.0410256410256411,0.02400000000000002,99.40706999999998,中性,中性,False,False,False,2025,样本外,熊市,4.0
2025-05-08,511010.SH,138.596,2400,332630.4,99.78912,0.0012425590937987418,-0.0010173453779329655,-0.001457473520159347,0.00012987387803398143,0.002005829894080602,-0.0026696297151432846,无,2025-10-23,138.943,113.0,0.0025036797598776417,0.3470000000000084,129.21699,中性,中性,False,False,False,2025,样本外,熊市,4.0
2025-05-08,512800.SH,0.76943275182893,446300,343397.8371412515,103.01935114237544,0.005228758169940049,0.0520156046813931,0.04746423927177679,0.06306892067620118,0.07412223667099638,0.011053315994795199,无,2025-05-15,0.80945526167698,5.0,0.0520156046813931,0.04002250984805,101.11715128868832,震荡往返,"震荡往返,误杀卖飞",True,True,False,2025,样本外,熊市,4.0
2025-05-15,518880.SH,7.165,47900,343203.5,102.96104999999999,0.004204625087596391,0.043684577808792646,0.013677599441730637,0.0629448709002094,0.06810886252616877,-0.001116538729937222,无,2025-06-05,7.499,14.0,0.0466154919748778,0.33399999999999963,87.51332999999998,震荡往返,"震荡往返,误杀卖飞",True,True,False,2025,样本外,熊市,4.0
2025-05-29,512000.SH,0.496,647700,321259.2,96.37776,-0.04707012487992309,0.03629032258064524,0.043346774193548265,0.09778225806451601,0.13306451612903247,-0.0010080645161290036,无,2025-06-19,0.516,14.0,0.040322580645161255,0.020000000000000018,97.30728,震荡往返,"震荡往返,误杀卖飞",True,True,False,2025,样本外,熊市,4.0
2025-05-29,159530.SZ,1.248,251900,314371.2,94.31136,-0.06726457399103145,0.012820512820512775,0.0008012820512821595,0.02163461538461542,0.03685897435897445,-0.049679487179487225,无,2025-09-04,1.513,69.0,0.2123397435897436,0.2649999999999999,111.70478999999999,中性,中性,False,False,False,2025,样本外,熊市,4.0
2025-05-29,159996.SZ,1.342,247100,331608.2,99.48245999999999,-0.01612903225806453,-0.010432190760059634,-0.018628912071535164,-0.009687034277198303,0.0029806259314455463,-0.04694485842026841,无,2025-09-25,1.55,84.0,0.1549925484351713,0.20799999999999996,127.9215,中性,中性,False,False,False,2025,样本外,熊市,4.0
2025-06-19,512010.SH,0.365,892800,325872.0,97.76159999999999,-0.005449591280653956,0.008219178082191858,0.010958904109588996,0.043835616438356206,0.0602739726027397,-0.016438356164383605,无,2026-04-16,0.377,200.0,0.03287671232876721,0.01200000000000001,146.62284,误杀卖飞,误杀卖飞,False,True,False,2025,样本外,熊市,4.0
2025-06-19,159865.SZ,0.594,544100,323195.39999999997,96.95861999999998,-0.024630541871921204,0.005050505050504972,0.015151515151515138,0.03367003367003374,0.042087542087542174,-0.01683501683501687,无,2025-11-13,0.66,99.0,0.11111111111111116,0.06600000000000006,131.7492,误杀卖飞,误杀卖飞,False,True,False,2025,样本外,熊市,4.0
2025-06-26,159697.SZ,1.002,345700,346391.4,103.91741999999999,0.027692307692307717,0.004990019960079639,0.001996007984031989,0.03393213572854292,0.045908183632734634,-0.007984031936127733,无,2025-10-16,1.082,74.0,0.07984031936127756,0.08000000000000007,134.80638,误杀卖飞,误杀卖飞,False,True,False,2025,样本外,熊市,4.0
2025-06-26,512980.SH,0.838,392600,328998.8,98.69963999999999,0.014527845036319625,0.00835322195704058,0.04653937947494047,0.03221957040572798,0.05489260143198105,-0.011933174224343701,无,未买回,,,,,,误杀卖飞,误杀卖飞,False,True,False,2025,样本外,熊市,4.0
2025-07-24,512800.SH,0.872,416400,363100.8,108.93023999999998,0.0772676901172322,-0.020642201834862428,-0.0034403669724770714,-0.025229357798165153,0.006880733944954143,-0.041284403669724856,无,2025-10-23,0.829,59.0,-0.04931192660550465,-0.04300000000000004,131.48769,中性,中性,False,False,False,2025,样本外,弱牛,2.0
2025-09-04,512000.SH,0.598,628600,375902.8,112.77083999999999,0.15891472868217046,-0.00836120401337792,0.0117056856187292,0.008361204013378032,0.045150501672240884,-0.041806020066889715,无,2025-10-30,0.614,34.0,0.026755852842809347,0.016000000000000014,131.1504,中性,中性,False,False,False,2025,样本外,强牛,1.0
2025-09-04,512660.SH,1.197,308500,369274.5,110.78235,0.09414990859232172,-0.01670843776106934,-0.006683375104427736,0.040935672514619714,0.044277360066833804,-0.031746031746031744,无,2025-10-16,1.23,24.0,0.027568922305764243,0.03299999999999992,134.79569999999998,误杀卖飞,误杀卖飞,False,True,False,2025,样本外,强牛,1.0
2025-09-11,512480.SH,1.26,347600,437976.0,131.3928,0.2068965517241379,0.13015873015873014,0.21984126984126973,0.16825396825396832,0.3293650793650793,0.05793650793650795,无,2025-09-25,1.537,10.0,0.21984126984126973,0.2769999999999999,127.90913999999998,震荡往返,"震荡往返,误杀卖飞",True,True,False,2025,样本外,强牛,1.0
2025-09-25,512400.SH,1.529,281200,429954.8,128.98644,0.39712712094931074,0.16742969260954865,0.12884238064094178,0.16154349247874444,0.2105951602354481,-0.0019620667102681066,无,2025-10-16,1.735,9.0,0.13472858077174643,0.20600000000000018,134.80949999999999,震荡往返,"震荡往返,误杀卖飞",True,True,False,2025,样本外,强牛,1.0
2025-09-25,159928.SZ,0.846,500400,423338.39999999997,127.00151999999999,-0.033142857142857175,-0.005910165484633523,0.008274231678486954,-0.028368794326241176,0.014184397163120588,-0.029550827423167836,无,未买回,,,,,,中性,中性,False,False,False,2025,样本外,强牛,1.0
2025-10-16,515880.SH,0.82573860759494,730200,602954.3312658252,180.88629937974756,0.7865897620764144,0.06577885391443927,0.178369652945924,0.060129136400324246,0.2138821630346912,-0.01735270379338849,无,2025-12-04,0.90171455696203,35.0,0.0920096852300254,0.07597594936708996,129.25176459493736,误杀卖飞,误杀卖飞,False,True,False,2025,样本外,强牛,1.0
2025-10-16,159530.SZ,1.546,246100,380470.60000000003,114.14118,0.021810971579643186,-0.014230271668822736,0.021345407503233993,-0.058861578266494186,0.027166882276843385,-0.06468305304010358,无,2026-01-22,1.68,68.0,0.0866752910737385,0.1339999999999999,148.0752,有效避损,有效避损,False,False,True,2025,样本外,强牛,1.0
2025-10-16,159996.SZ,1.497,275100,411824.7,123.54741,-0.034193548387096734,0.005344021376085362,0.03273213092852356,0.018036072144288484,0.03607214428857697,-0.025384101536406134,无,2026-04-30,1.504,131.0,0.004676018704074636,0.006999999999999895,141.49632,中性,中性,False,False,False,2025,样本外,强牛,1.0
2025-10-23,516160.SH,2.65,159400,422410.0,126.72299999999998,0.1349036402569593,0.11132075471698122,0.1249056603773584,0.13283018867924534,0.18301886792452815,0.02754716981132077,无,2025-10-30,2.945,5.0,0.11132075471698122,0.29499999999999993,131.02304999999998,震荡往返,"震荡往返,误杀卖飞",True,True,False,2025,样本外,弱牛,2.0
2025-10-23,512480.SH,1.454,277400,403339.6,121.00187999999999,-0.054001301236174346,0.06877579092159558,-0.0061898211829435335,-0.02544704264099029,0.08390646492434661,-0.05364511691884466,无,2026-01-29,1.763,68.0,0.2125171939477304,0.30899999999999994,140.21139,误杀卖飞,"误杀卖飞,有效避损",False,True,True,2025,样本外,弱牛,2.0
2025-10-23,159697.SZ,1.117,415300,463890.1,139.16702999999998,0.03234750462107201,-0.0107430617726052,0.011638316920322245,0.043867502238137845,0.071620411817368,-0.024171888988361645,无,2025-10-30,1.105,5.0,-0.0107430617726052,-0.01200000000000001,131.14139999999998,误杀卖飞,误杀卖飞,False,True,False,2025,样本外,弱牛,2.0
2025-10-23,512660.SH,1.178,365300,430323.39999999997,129.09702,-0.04227642276422768,0.04838709677419373,0.012733446519524794,-0.002546689303904781,0.05772495755517837,-0.01952461799660432,无,2025-12-18,1.218,40.0,0.03395585738539908,0.040000000000000036,131.83631999999997,误杀卖飞,误杀卖飞,False,True,False,2025,样本外,弱牛,2.0
2025-10-30,518880.SH,8.635,48800,421388.0,126.4164,-0.03841870824053459,0.009612044006948484,0.060451650260567424,0.04261725535610883,0.06357845975680365,0.0006948465547191862,无,2025-11-27,9.003,20.0,0.04261725535610883,0.3680000000000003,128.83292999999998,震荡往返,"震荡往返,误杀卖飞",True,True,False,2025,样本外,弱牛,2.0
2025-11-06,512400.SH,1.673,259000,433307.0,129.9921,-0.03573487031700291,0.03945008965929464,0.046025104602510414,0.05738194859533774,0.08188882247459661,-0.038852361028093196,无,2025-12-11,1.781,25.0,0.06455469216975485,0.10799999999999987,132.61325999999997,误杀卖飞,误杀卖飞,False,True,False,2025,样本外,弱牛,2.0
2025-11-06,512000.SH,0.594,712000,422928.0,126.87839999999998,-0.03257328990228016,-0.006734006734006703,-0.0016835016835017313,-0.06565656565656552,0.0185185185185186,-0.06902356902356888,无,未买回,,,,,,有效避损,有效避损,False,False,True,2025,样本外,弱牛,2.0
2025-11-20,159865.SZ,0.652,665400,433840.8,130.15223999999998,-0.012121212121212132,-0.024539877300613466,-0.033742331288343586,-0.033742331288343586,-0.006134969325153339,-0.042944785276073705,无,2026-03-12,0.658,72.0,0.009202453987730008,0.006000000000000005,152.6889,有效避损,有效避损,False,False,True,2025,样本外,弱牛,2.0
2025-11-27,512800.SH,0.837,528700,442521.89999999997,132.75656999999998,0.009650180940892652,-0.0035842293906810374,-0.028673835125448077,-0.021505376344086002,0.01194743130227005,-0.03823178016726392,无,2026-03-19,0.799,72.0,-0.04540023894862599,-0.03799999999999992,149.69265,中性,中性,False,False,False,2025,样本外,震荡,3.0
2025-11-27,516160.SH,2.787,148300,413312.1,123.99362999999998,-0.053650254668930364,-0.012199497667742976,0.008611410118406937,0.019734481521349156,0.030139935414424057,-0.04018658055256552,无,2025-12-25,2.842,20.0,0.019734481521349156,0.05500000000000016,130.36254,震荡往返,震荡往返,True,False,False,2025,样本外,震荡,3.0
2025-11-27,159697.SZ,1.123,395600,444258.8,133.27764,0.01628959276018101,0.03205699020480868,0.016918967052537814,0.029385574354407806,0.0418521816562778,-0.08192341941228853,无,2025-12-25,1.156,20.0,0.029385574354407806,0.03299999999999992,130.32744,震荡往返,"震荡往返,有效避损",True,False,True,2025,样本外,震荡,3.0
2025-11-27,511010.SH,139.257,2900,403845.3,121.15358999999998,-0.0010329911550132742,0.0004883057943225744,0.0007540015941747136,0.0029513776686271864,0.0034612263656403908,-0.0007180967563569229,无,2026-02-05,139.895,48.0,0.004581457305557368,0.6380000000000052,142.6929,中性,中性,False,False,False,2025,样本外,震荡,3.0
2025-12-18,512400.SH,1.774,248200,440306.8,132.09204,-0.003930376193149857,0.03945885005636973,0.1025930101465613,0.22547914317925577,0.26775648252536643,-0.012965050732807293,无,2025-12-25,1.844,5.0,0.03945885005636973,0.07000000000000006,130.33392,震荡往返,"震荡往返,误杀卖飞",True,True,False,2025,样本外,震荡,3.0
2026-01-22,515880.SH,1.0336727848101,477800,493888.85658226575,148.1666569746797,0.1463414634145987,0.03159252095429754,-0.00355314066895418,0.04772033850050739,0.08158018323505756,-0.028706168186048542,无,2026-04-16,1.216,53.0,0.17638774849179772,0.18232721518990003,146.61311999999998,误杀卖飞,误杀卖飞,False,True,False,2026,样本外,弱牛,2.0
2026-01-29,159530.SZ,1.592,293800,467729.60000000003,140.31888,-0.0523809523809523,-0.023241206030150896,-0.006909547738693567,-0.08291457286432169,0.03266331658291444,-0.10175879396984933,无,2026-04-23,1.492,53.0,-0.0628140703517589,-0.10000000000000009,144.93287999999998,有效避损,有效避损,False,False,True,2026,样本外,弱牛,2.0
2026-02-05,512660.SH,1.467,360800,529293.6,158.78807999999998,0.2044334975369459,-0.007498295841854241,0.05248807089297891,-0.013633265167007469,0.09202453987730053,-0.03749147920927076,无,2026-04-23,1.424,48.0,-0.029311520109066236,-0.04300000000000015,144.90624,误杀卖飞,误杀卖飞,False,True,False,2026,样本外,弱牛,2.0
2026-02-05,512400.SH,2.198,235600,517848.8,155.35464,0.19197396963123636,0.02593266606005451,0.05232029117379455,0.015923566878981,0.13739763421292084,-0.06869881710646031,无,2026-04-23,2.178,48.0,-0.009099181073703333,-0.020000000000000018,144.85877999999997,误杀卖飞,"误杀卖飞,有效避损",False,True,True,2026,样本外,弱牛,2.0
2026-02-05,516160.SH,3.06,152900,467874.0,140.3622,0.07670654468684024,0.0009803921568627416,0.0009803921568627416,0.065359477124183,0.07941176470588229,-0.0513071895424837,无,未买回,,,,,,误杀卖飞,"误杀卖飞,有效避损",False,True,True,2026,样本外,弱牛,2.0
2026-03-12,511010.SH,140.128,3400,476435.19999999995,142.93055999999999,0.0016655348654346163,0.0007921329070565974,0.000727905914592375,0.0019696277688969754,0.002783169673441499,-0.0004924069422241883,无,2026-04-02,140.393,15.0,0.0018911281114410983,0.2650000000000148,143.20085999999998,震荡往返,震荡往返,True,False,False,2026,样本外,震荡,3.0
2026-03-19,159697.SZ,1.523,375800,572343.4,171.70301999999998,0.3174740484429066,-0.04070912672357174,-0.04858831254103735,-0.0623768877216021,-0.006565988181221227,-0.07288246881155613,无,未买回,,,,,,有效避损,有效避损,False,False,True,2026,样本外,震荡,3.0
2026-03-19,518880.SH,10.283,46100,474046.3,142.21389,-0.030819981149858622,-0.06369736458232023,-0.0275211514149567,-0.0275211514149567,-0.012642225031605503,-0.13391033745016034,无,未买回,,,,,,有效避损,有效避损,False,False,True,2026,样本外,震荡,3.0
2026-03-26,512800.SH,0.79,624500,493355.0,148.0065,-0.011264080100125166,0.013924050632911467,-0.0025316455696202667,0.017721518987341867,0.030379746835442978,-0.010126582278481067,无,2026-04-02,0.801,5.0,0.013924050632911467,0.01100000000000001,146.89539,震荡往返,震荡往返,True,False,False,2026,样本外,熊市,4.0
2026-04-09,512800.SH,0.793,611300,484760.9,145.42827,-0.009987515605493142,0.011349306431273742,0.011349306431273742,-0.011349306431273631,0.02648171500630503,-0.017654476670870167,无,2026-06-11,0.808,42.0,0.018915510718789497,0.015000000000000013,163.57152,中性,中性,False,False,False,2026,样本外,熊市,4.0
2026-04-23,512010.SH,0.364,1296400,471889.6,141.56687999999997,-0.03448275862068968,0.0219780219780219,0.013736263736263687,-0.06593406593406581,0.04395604395604402,-0.0714285714285714,无,未买回,,,,,,有效避损,有效避损,False,False,True,2026,样本外,熊市,4.0
2026-04-30,512400.SH,2.128,221700,471777.60000000003,141.53328,-0.02295684113865924,0.050751879699248104,-0.05733082706766934,-0.08129699248120303,0.056860902255639,-0.0949248120300753,无,未买回,,,,,,误杀卖飞,"误杀卖飞,有效避损",False,True,True,2026,样本外,弱牛,2.0
2026-05-21,512660.SH,1.379,339200,467756.8,140.32703999999998,-0.03160112359550557,-0.043509789702683155,-0.08411892675852073,-0.07396664249456131,-0.0014503263234227903,-0.129804205946338,无,未买回,,,,,,有效避损,有效避损,False,False,True,2026,样本外,弱牛,2.0
2026-05-28,159996.SZ,1.503,313600,471340.8,141.40223999999998,-0.000664893617021351,-0.015302727877578137,-0.027944111776446956,,0.004657351962741307,-0.03526280771789747,20d,未买回,,,,,,中性,中性,False,False,False,2026,样本外,弱牛,2.0
2026-06-04,512480.SH,2.11,306200,646082.0,193.82459999999998,0.32205513784461137,-0.013270142180094813,0.1298578199052134,,0.18815165876777273,-0.06398104265402837,20d,未买回,,,,,,误杀卖飞,"误杀卖飞,有效避损",False,True,True,2026,样本外,强牛,1.0
2026-06-04,159530.SZ,1.521,323800,492499.8,147.74993999999998,0.019436997319034796,0.03944773175542404,0.04799474030243278,,0.11308349769888237,-0.019066403681788247,20d,未买回,,,,,,误杀卖飞,误杀卖飞,False,True,False,2026,样本外,强牛,1.0
2026-06-11,511010.SH,141.278,3100,437961.8,131.38853999999998,2.1235179614127783e-05,0.0005804159175528678,,,0.0011608318351052915,-0.0014510397938815034,"10d,20d",未买回,,,,,,中性,中性,False,False,False,2026,样本外,强牛,1.0
