date,year,ret_a,ret_c,diff_ret,ind_pct_a,def_pct_a,ind_pct_c,def_pct_c,n_ind_a,n_ind_c,n_def_a,n_def_c,has_5th_a,has_5th_c,has_def_c,regime_name
2019-08-13,2019,,,,0.0,0.0,0.0,0.0,0,0,0,0,False,False,False,
2019-08-14,2019,0.0,0.0,0.0,0.0,0.0,0.0,0.0,0,0,0,0,False,False,False,
2019-08-15,2019,-0.00018587546947912426,-0.00018587546947912426,0.0,0.20125416753461745,0.3957133534053434,0.20125416753461745,0.3957133534053434,1,1,2,2,False,False,True,震荡
2019-08-16,2019,0.0010476073819529752,0.0010476073819529752,0.0,0.20196577095680726,0.3954235279256976,0.20196577095680726,0.3954235279256976,1,1,2,2,False,False,True,震荡
2019-08-19,2019,0.0008303807967540155,0.0008303807967540155,0.0,0.2039482585478968,0.3937750831466473,0.2039482585478968,0.3937750831466473,1,1,2,2,False,False,True,震荡
2019-08-20,2019,0.001316268241117191,0.001316268241117191,0.0,0.2058273914319251,0.39242475819899697,0.2058273914319251,0.39242475819899697,1,1,2,2,False,False,True,震荡
2019-08-21,2019,-0.0022036316659891364,-0.0022036316659891364,0.0,0.20382256344576397,0.39354232670726036,0.20382256344576397,0.39354232670726036,1,1,2,2,False,False,True,震荡
2019-08-22,2019,0.005825564192224464,0.005825564192224464,0.0,0.9999283029072927,0.0,0.9999283029072927,0.0,5,5,0,0,True,True,False,震荡
2019-08-23,2019,0.002910450079822491,0.002910450079822491,0.0,0.9999285109725384,0.0,0.9999285109725384,0.0,5,5,0,0,True,True,False,震荡
2019-08-26,2019,-0.0018593321959274878,-0.0018593321959274878,0.0,0.9999283778030817,0.0,0.9999283778030817,0.0,5,5,0,0,True,True,False,震荡
2019-08-27,2019,0.017998157249007107,0.017998157249007107,0.0,0.9999296440799934,0.0,0.9999296440799934,0.0,5,5,0,0,True,True,False,震荡
2019-08-28,2019,-0.0008921655163390829,-0.0008921655163390829,0.0,0.9999295812548172,0.0,0.9999295812548172,0.0,5,5,0,0,True,True,False,震荡
2019-08-29,2019,0.004614155298709122,0.004614155298709122,0.0,0.9999299046854841,0.0,0.9999299046854841,0.0,5,5,0,0,True,True,False,震荡
2019-08-30,2019,0.007837770032363744,0.007837770032363744,0.0,0.9999304498039266,0.0,0.9999304498039266,0.0,5,5,0,0,True,True,False,震荡
2019-09-02,2019,0.02376753704498924,0.02376753704498924,0.0,0.9999320644642884,0.0,0.9999320644642884,0.0,5,5,0,0,True,True,False,震荡
2019-09-03,2019,0.0037980493824605333,0.0037980493824605333,0.0,0.9999323215105335,0.0,0.9999323215105335,0.0,5,5,0,0,True,True,False,震荡
2019-09-04,2019,0.0030087231382127655,0.0030087231382127655,0.0,0.9999325245255547,0.0,0.9999325245255547,0.0,5,5,0,0,True,True,False,震荡
2019-09-05,2019,0.005135551474487521,0.005135551474487521,0.0,0.9999328692788289,0.0,0.9999328692788289,0.0,5,5,0,0,True,True,False,震荡
2019-09-06,2019,-0.0010373127632958834,-0.0010373127632958834,0.0,0.999932799570966,0.0,0.999932799570966,0.0,5,5,0,0,True,True,False,震荡
2019-09-09,2019,0.01818783781777089,0.01818783781777089,0.0,0.999933999968829,0.0,0.999933999968829,0.0,5,5,0,0,True,True,False,震荡
2019-09-10,2019,-0.005092853067273251,-0.005092853067273251,0.0,0.9999336621197521,0.0,0.9999336621197521,0.0,5,5,0,0,True,True,False,震荡
2019-09-11,2019,-0.015327669932454602,-0.015327669932454602,0.0,0.999932629486762,0.0,0.999932629486762,0.0,5,5,0,0,True,True,False,震荡
2019-09-12,2019,0.004169697684903273,0.004169697684903273,0.0,0.9999710999431587,0.0,0.9999710999431587,0.0,5,5,0,0,True,True,False,震荡
2019-09-16,2019,0.00216189408619627,0.00216189408619627,0.0,0.9999711622872394,0.0,0.9999711622872394,0.0,5,5,0,0,True,True,False,震荡
2019-09-17,2019,-0.027383661554592154,-0.027383661554592154,0.0,0.9999703503718571,0.0,0.9999703503718571,0.0,5,5,0,0,True,True,False,震荡
2019-09-18,2019,-0.0016938821841341323,-0.0016938821841341323,0.0,0.999970300063664,0.0,0.999970300063664,0.0,5,5,0,0,True,True,False,震荡
2019-09-19,2019,0.008714898892071998,0.008714898892071998,0.0,0.9999922951386591,0.0,0.9999922951386591,0.0,5,5,0,0,True,True,False,震荡
2019-09-20,2019,0.007343346764796976,0.007343346764796976,0.0,0.9999923513056739,0.0,0.9999923513056739,0.0,5,5,0,0,True,True,False,震荡
2019-09-23,2019,-0.0017548478572607662,-0.0017548478572607662,0.0,0.9999923378597835,0.0,0.9999923378597835,0.0,5,5,0,0,True,True,False,震荡
2019-09-24,2019,0.003292286804730926,0.003292286804730926,0.0,0.999992363002968,0.0,0.999992363002968,0.0,5,5,0,0,True,True,False,震荡
2019-09-25,2019,-0.018429526697833598,-0.018429526697833598,0.0,0.9999922196141391,0.0,0.9999922196141391,0.0,5,5,0,0,True,True,False,震荡
2019-09-26,2019,-0.012928012844122594,-0.012928012844122594,0.0,0.4143070323203807,0.20156466719124622,0.4143070323203807,0.20156466719124622,2,2,1,1,False,False,True,震荡
2019-09-27,2019,0.0031961801729187833,0.0031961801729187833,0.0,0.41633472100522684,0.20076081017775507,0.41633472100522684,0.20076081017775507,2,2,1,1,False,False,True,震荡
2019-09-30,2019,-0.004732601044670881,-0.004732601044670881,0.0,0.41314362121893633,0.20213115898693657,0.41314362121893633,0.20213115898693657,2,2,1,1,False,False,True,震荡
2019-10-08,2019,-0.004631923161487417,-0.004631923161487417,0.0,0.41049692897584694,0.2029875409942057,0.41049692897584694,0.2029875409942057,2,2,1,1,False,False,True,震荡
2019-10-09,2019,0.002682735196388064,0.002682735196388064,0.0,0.41187641538941777,0.20264219906120057,0.41187641538941777,0.20264219906120057,2,2,1,1,False,False,True,震荡
2019-10-10,2019,-0.00016517082802136596,-0.00016517082802136596,0.0,0.20018677816087382,0.20250938687494524,0.20018677816087382,0.20250938687494524,1,1,1,1,False,False,True,震荡
2019-10-11,2019,0.00413372923860722,0.00413372923860722,0.0,0.20359268656035664,0.20156240626070454,0.20359268656035664,0.20156240626070454,1,1,1,1,False,False,True,震荡
2019-10-14,2019,0.0036033205068792817,0.0036033205068792817,0.0,0.20652678235690541,0.20076403162873707,0.20652678235690541,0.20076403162873707,1,1,1,1,False,False,True,震荡
2019-10-15,2019,0.0007851224655581746,0.0007851224655581746,0.0,0.2070972000044561,0.20065859820910553,0.2070972000044561,0.20065859820910553,1,1,1,1,False,False,True,震荡
2019-10-16,2019,-0.0011177502199662959,-0.0011177502199662959,0.0,0.20622905368861266,0.2008640226806411,0.20622905368861266,0.2008640226806411,1,1,1,1,False,False,True,震荡
2019-10-17,2019,-0.0005181425262634765,-0.0005181425262634765,0.0,0.20578573588650506,0.0,0.20578573588650506,0.0,1,1,0,0,False,False,False,震荡
2019-10-18,2019,-0.002751146201690924,-0.002751146201690924,0.0,0.20359470849377118,0.0,0.20359470849377118,0.0,1,1,0,0,False,False,False,震荡
2019-10-21,2019,0.002390904435789709,0.002390904435789709,0.0,0.2054942957064269,0.0,0.2054942957064269,0.0,1,1,0,0,False,False,False,震荡
2019-10-22,2019,-0.0007339081989503615,-0.0007339081989503615,0.0,0.20491077320398413,0.0,0.20491077320398413,0.0,1,1,0,0,False,False,False,震荡
2019-10-23,2019,-0.00036722360789565034,-0.00036722360789565034,0.0,0.20461869040982375,0.0,0.20461869040982375,0.0,1,1,0,0,False,False,False,震荡
2019-10-24,2019,0.0011172469578950572,0.0011172469578950572,0.0,0.4053110441403871,0.0,0.4053110441403871,0.0,2,2,0,0,False,False,False,震荡
2019-10-25,2019,0.004286545010292908,0.004286545010292908,0.0,0.40784932466309404,0.0,0.40784932466309404,0.0,2,2,0,0,False,False,False,震荡
2019-10-28,2019,0.0025530915842477686,0.0025530915842477686,0.0,0.40935728959632306,0.0,0.40935728959632306,0.0,2,2,0,0,False,False,False,震荡
2019-10-29,2019,-0.0004021164592817872,-0.0004021164592817872,0.0,0.40911968689695866,0.0,0.40911968689695866,0.0,2,2,0,0,False,False,False,震荡
2019-10-30,2019,-0.0014568688530166574,-0.0014568688530166574,0.0,0.4082575958192986,0.0,0.4082575958192986,0.0,2,2,0,0,False,False,False,震荡
2019-10-31,2019,-0.0007196051222321254,-0.0007196051222321254,0.0,0.20187981420868015,0.0,0.20187981420868015,0.0,1,1,0,0,False,False,False,震荡
2019-11-01,2019,0.004202023282172673,0.004202023282172673,0.0,0.20521950037233255,0.0,0.20521950037233255,0.0,1,1,0,0,False,False,False,震荡
2019-11-04,2019,0.0009096609059042748,0.0009096609059042748,0.0,0.20594182405200614,0.0,0.20594182405200614,0.0,1,1,0,0,False,False,False,震荡
2019-11-05,2019,0.002181202019968742,0.002181202019968742,0.0,0.20767005572693628,0.0,0.20767005572693628,0.0,1,1,0,0,False,False,False,震荡
2019-11-06,2019,0.001088227366252914,0.001088227366252914,0.0,0.2085313535675154,0.0,0.2085313535675154,0.0,1,1,0,0,False,False,False,震荡
2019-11-07,2019,0.0023541246118230497,0.0023541246118230497,0.0,0.8088138911781075,0.0,0.8088138911781075,0.0,4,4,0,0,False,False,False,震荡
2019-11-08,2019,-0.0005629019826038917,-0.0005629019826038917,0.0,0.8087062115253154,0.0,0.8087062115253154,0.0,4,4,0,0,False,False,False,震荡
2019-11-11,2019,-0.015144177321646413,-0.015144177321646413,0.0,0.8057646773570839,0.0,0.8057646773570839,0.0,4,4,0,0,False,False,False,震荡
2019-11-12,2019,0.0008766221976455046,0.0008766221976455046,0.0,0.8059347992198783,0.0,0.8059347992198783,0.0,4,4,0,0,False,False,False,震荡
2019-11-13,2019,0.010761585938634965,0.010761585938634965,0.0,0.8080010128205409,0.0,0.8080010128205409,0.0,4,4,0,0,False,False,False,震荡
2019-11-14,2019,0.0022906757879705975,0.0022906757879705975,0.0,0.4037111936955611,0.0,0.4037111936955611,0.0,2,2,0,0,False,False,False,震荡
2019-11-15,2019,-0.004603335074855774,-0.004603335074855774,0.0,0.40095358230954,0.0,0.40095358230954,0.0,2,2,0,0,False,False,False,震荡
2019-11-18,2019,0.002376951541753769,0.002376951541753769,0.0,0.4023741100899536,0.0,0.4023741100899536,0.0,2,2,0,0,False,False,False,震荡
2019-11-19,2019,0.0059335913924858374,0.0059335913924858374,0.0,0.40589926112043884,0.0,0.40589926112043884,0.0,2,2,0,0,False,False,False,震荡
2019-11-20,2019,-0.001248878246037588,-0.001248878246037588,0.0,0.40515637385595354,0.0,0.40515637385595354,0.0,2,2,0,0,False,False,False,震荡
2019-11-21,2019,-0.0021925176203709817,-0.0021925176203709817,0.0,0.8041304196790996,0.17699527735827633,0.8041304196790996,0.17699527735827633,4,4,1,1,False,False,True,震荡
2019-11-22,2019,-0.016360012086350628,-0.016360012086350628,0.0,0.8009192196958974,0.17989255778921925,0.8009192196958974,0.17989255778921925,4,4,1,1,False,False,True,震荡
2019-11-25,2019,-0.01318546747342264,-0.01318546747342264,0.0,0.7984210432341803,0.18213434799444794,0.7984210432341803,0.18213434799444794,4,4,1,1,False,False,True,震荡
2019-11-26,2019,0.004275406313395624,0.004275406313395624,0.0,0.7992948548764733,0.18134331603846413,0.7992948548764733,0.18134331603846413,4,4,1,1,False,False,True,震荡
2019-11-27,2019,0.00658759840521439,0.00658759840521439,0.0,0.8005477363867692,0.18021714774677425,0.8005477363867692,0.18021714774677425,4,4,1,1,False,False,True,震荡
2019-11-28,2019,-0.002583830093921713,-0.002583830093921713,0.0,0.19801581891672923,0.18067932854907098,0.19801581891672923,0.18067932854907098,1,1,1,1,False,False,True,震荡
2019-11-29,2019,-0.0009782439864761683,-0.0009782439864761683,0.0,0.19695124199012665,0.18113552259301707,0.19695124199012665,0.18113552259301707,1,1,1,1,False,False,True,震荡
2019-12-02,2019,0.0005626874704778295,0.0005626874704778295,0.0,0.1971549239820862,0.1812815865886658,0.1971549239820862,0.1812815865886658,1,1,1,1,False,False,True,熊市
2019-12-03,2019,0.0017063084856072663,0.0017063084856072663,0.0,0.19838862012134248,0.18110666291332683,0.19838862012134248,0.18110666291332683,1,1,1,1,False,False,True,熊市
2019-12-04,2019,0.0037372962206398963,0.0037372962206398963,0.0,0.20140279076653098,0.18040286764457944,0.20140279076653098,0.18040286764457944,1,1,1,1,False,False,True,熊市
2019-12-05,2019,0.0038831517884161393,0.0038831517884161393,0.0,0.4038174099334142,0.17967414861156283,0.4038174099334142,0.17967414861156283,2,2,1,1,False,False,True,熊市
2019-12-06,2019,0.0034383702450715425,0.0034383702450715425,0.0,0.4058926130119031,0.17902614851273507,0.4058926130119031,0.17902614851273507,2,2,1,1,False,False,True,熊市
2019-12-09,2019,0.0032121539303944235,0.0032121539303944235,0.0,0.40805728880980097,0.17819050847898538,0.40805728880980097,0.17819050847898538,2,2,1,1,False,False,True,熊市
2019-12-10,2019,0.007924846860653867,0.007924846860653867,0.0,0.4128180400311099,0.17668289944874072,0.4128180400311099,0.17668289944874072,2,2,1,1,False,False,True,熊市
2019-12-11,2019,-0.003562789599473315,-0.003562789599473315,0.0,0.41066201792835366,0.17737117047982962,0.41066201792835366,0.17737117047982962,2,2,1,1,False,False,True,熊市
2019-12-12,2019,0.0062693405807934255,0.0070614140254321445,0.000792073444638719,0.999988500530267,0.0,0.8124920979535131,0.1761304961401112,5,4,0,1,True,False,True,熊市
2019-12-13,2019,0.015325315302676668,0.007626645670697929,-0.0076986696319787384,0.9999886741032065,0.0,0.8139068128721395,0.17480189589885334,5,4,0,1,True,False,True,熊市
2019-12-16,2019,0.018217163196454056,0.015214513486959902,-0.003002649709494154,0.9999888767374948,0.0,0.8167179472777122,0.17215997844241468,5,4,0,1,True,False,True,熊市
2019-12-17,2019,0.011422403398317904,0.00607183782560794,-0.005350565572709964,0.9999890023570095,0.0,0.8179066501574354,0.17103839942877427,5,4,0,1,True,False,True,熊市
2019-12-18,2019,0.005698600888312644,0.005291680747764982,-0.0004069201405476619,0.9999890646730732,0.0,0.8188182289343041,0.17018501199019298,5,4,0,1,True,False,True,熊市
2019-12-19,2019,-0.0049824308533705786,-0.003813617164938665,0.0011688136884319134,0.9999890099157382,0.0,0.8181796258968133,0.17264946340228096,5,4,0,1,True,False,True,熊市
2019-12-20,2019,-0.01058594888483999,-0.011647394215556495,-0.001061445330716504,0.9999888923305169,0.0,0.8155063034933937,0.1752147097894853,5,4,0,1,True,False,True,熊市
2019-12-23,2019,-0.025097292880040034,-0.019223819010749654,0.00587347386929038,0.9999886063815374,0.0,0.81129497700704,0.1792441624041947,5,4,0,1,True,False,True,强牛
2019-12-24,2019,0.026986387780212784,0.02639362926920974,-0.0005927585110030442,0.999988905774606,0.0,0.8151986951195349,0.1755837295575342,5,4,0,1,True,False,True,强牛
2019-12-25,2019,0.014340884401680576,0.01479250943208732,0.00045162503040674373,0.999989062626219,0.0,0.8168017052595588,0.17411508291412484,5,4,0,1,True,False,True,强牛
2019-12-26,2019,0.006616948522756072,0.0051862646839289095,-0.0014306838388271625,0.999951573869378,0.0,0.8231861713407506,0.1732684107152792,5,4,0,1,True,False,True,强牛
2019-12-27,2019,-0.008178350248746247,-0.007788994049860776,0.000389356198885471,0.9999511745578107,0.0,0.8212773452769723,0.17514940475632831,5,4,0,1,True,False,True,强牛
2019-12-30,2019,0.01780869465559265,0.018054437155884395,0.0002457425002917457,0.9999520288611744,0.0,0.8245491737885072,0.1719409451714553,5,4,0,1,True,False,True,强牛
2019-12-31,2019,-0.0031170842551950795,-0.0016452234995568693,0.0014718607556382102,0.9999518788635375,0.0,0.8230814767550035,0.17340285815012835,5,4,0,1,True,False,True,强牛
2020-01-02,2020,0.027279751470496993,0.02368875718600627,-0.0035909942844907228,0.9999531567361338,0.0,0.8278762619037366,0.16868942755002642,5,4,0,1,True,False,True,强牛
2020-01-03,2020,0.004073847412682463,0.006580505945876114,0.002506658533193651,0.9999533467941757,0.0,0.826415612082851,0.17017252912796094,5,4,0,1,True,False,True,弱牛
2020-01-06,2020,0.012654540051613372,0.0172430383983726,0.004588498346759229,0.9999539297914747,0.0,0.825691546820338,0.1709544279758522,5,4,0,1,True,False,True,弱牛
2020-01-07,2020,0.003925245623834339,0.0019135946222832434,-0.0020116510015510958,0.9999541099213053,0.0,0.8275370377795398,0.16911534300278283,5,4,0,1,True,False,True,弱牛
2020-01-08,2020,-0.020083471175057044,-0.013816297332324146,0.006267173842732898,0.9999531694003062,0.0,0.8219049003397108,0.17470058076018777,5,4,0,1,True,False,True,弱牛
2020-01-09,2020,0.010151787032535164,0.0031578922632202744,-0.00699389476931489,0.9999536400367797,0.0,0.8285319546833697,0.16808421219695746,5,4,0,1,True,False,True,弱牛
2020-01-10,2020,0.006540526117571721,0.007064300048822636,0.0005237739312509149,0.999953941285008,0.0,0.829245014289267,0.16739488932015617,5,4,0,1,True,False,True,弱牛
2020-01-13,2020,0.019626356159924585,0.019021954153001674,-0.0006044020069229106,0.9999548278497179,0.0,0.8324324760474249,0.16427015005706402,5,4,0,1,True,False,True,弱牛
2020-01-14,2020,-0.0025215295698597373,-0.004033104359829953,-0.0015115747899702159,0.9999547136588697,0.0,0.8338771389872786,0.1628121346121299,5,4,0,1,True,False,True,弱牛
2020-01-15,2020,-0.0020360109759306466,0.001370488787009183,0.0034064997629398297,0.9999546212672717,0.0,0.83270701916485,0.1639867855381407,5,4,0,1,True,False,True,弱牛
2020-01-16,2020,-0.004613742624733352,-0.004823381746991373,-0.00020963912225802073,0.9999707622925809,0.0,0.8318314763665617,0.15899145461161487,5,4,0,1,True,False,True,弱牛
2020-01-17,2020,-0.0026209390020329737,-0.0010718406071015263,0.0015490983949314474,0.9999706854609621,0.0,0.8314986363827604,0.1593144476858668,5,4,0,1,True,False,True,弱牛
2020-01-20,2020,0.017506981293454515,0.017950111323453477,0.00044313002999896156,0.9999711898398962,0.0,0.8343977384211432,0.15657734392407235,5,4,0,1,True,False,True,弱牛
2020-01-21,2020,-0.015859187573297184,-0.011555178218313644,0.00430400935498354,0.9999707255712393,0.0,0.8316963929790429,0.15917318572084158,5,4,0,1,True,False,True,弱牛
2020-01-22,2020,0.017382280135732397,0.01763790204858373,0.00025562191285133373,0.9999712257335986,0.0,0.8349842217113523,0.15604360726225883,5,4,0,1,True,False,True,弱牛
2020-01-23,2020,-0.025867915788113316,-0.0182666465342185,0.007601269253894816,0.999945619801847,0.0,0.840957015349066,0.1498986119118594,5,4,0,1,True,False,True,弱牛
2020-02-03,2020,-0.09325086532441706,-0.07504414875928833,0.018206716565128733,0.6308425094462339,0.0,0.6308121957429218,0.16452707628978566,3,3,0,1,False,False,True,弱牛
2020-02-04,2020,0.029707273225705988,0.027983535053101694,-0.0017237381726042944,0.6414927813442288,0.0,0.6425450919967794,0.15836540803693872,3,3,0,1,False,False,True,弱牛
2020-02-05,2020,0.01188332092510569,0.012390044349223528,0.0005067234241178387,0.6457030062240684,0.0,0.6466706165056821,0.15667642243694316,3,3,0,1,False,False,True,弱牛
2020-02-06,2020,0.006776718409849947,0.006653690546238877,-0.00012302786361106932,0.2493694544182882,0.38934800487515553,0.24280525998281188,0.15518248770636223,1,1,2,1,False,False,True,弱牛
2020-02-07,2020,0.011505356591050786,0.010258475284797619,-0.001246881306253167,0.2566950084219427,0.38613185517061244,0.25024646066505674,0.1538543045959174,1,1,2,1,False,False,True,弱牛
2020-02-10,2020,-0.005620431725348318,-0.006250864811594314,-0.0006304330862459961,0.25142626685979974,0.3893817829001365,0.24526557496420942,0.15508687452391126,1,1,2,1,False,False,True,熊市
2020-02-11,2020,0.0019835271767754126,0.002416779057484497,0.0004332518807090846,0.25330370209197445,0.3882154042628616,0.24699021030699878,0.1548079608332592,1,1,2,1,False,False,True,熊市
2020-02-12,2020,0.007233295340732804,0.007472887761655889,0.00023959242092308486,0.25925250473169487,0.3848409785720965,0.2527306239651776,0.1535046840749307,1,1,2,1,False,False,True,熊市
2020-02-13,2020,0.005226335188083464,0.004559870845775027,-0.0006664643423084371,0.6611521934702576,0.18769994463515557,0.6546101408978016,0.15258289110028386,3,3,1,1,False,False,True,熊市
2020-02-14,2020,0.0048197942843306585,0.004722983196221886,-9.681108810877248e-05,0.6627838327591027,0.18679331256152681,0.6562388620316522,0.15186051339165343,3,3,1,1,False,False,True,熊市
2020-02-17,2020,0.017345432099831415,0.017201355599175017,-0.0001440765006563982,0.6688071312610299,0.18333467826290603,0.6622747053304934,0.14906980033657122,3,3,1,1,False,False,True,熊市
2020-02-18,2020,0.013736581198641629,0.013431780559148843,-0.000304800639492786,0.6733300465508507,0.18081530716496713,0.6667793872988894,0.14706551281974797,3,3,1,1,False,False,True,震荡
2020-02-19,2020,-0.005419647017841145,-0.005518783311650455,-9.913629380930988e-05,0.671510063437793,0.18184050210791666,0.6648977540893836,0.14791409518690102,3,3,1,1,False,False,True,震荡
2020-02-20,2020,0.017031946247727303,0.01693247649211238,-9.946975561492266e-05,0.9999313411125641,0.0,0.9999982562464714,0.0,5,5,0,0,True,True,False,震荡
2020-02-21,2020,0.02171600638777993,0.021656721242998556,-5.928514478137359e-05,0.9999328004190924,0.0,0.9999982932099476,0.0,5,5,0,0,True,True,False,震荡
2020-02-24,2020,0.018849873800931283,0.018462934806578568,-0.0003869389943527146,0.9999340436872638,0.0,0.999998324151038,0.0,5,5,0,0,True,True,False,震荡
2020-02-25,2020,0.00536895791947134,0.005289813885523742,-7.914403394759795e-05,0.999934395912847,0.0,0.99999833296932,0.0,5,5,0,0,True,True,False,震荡
2020-02-26,2020,-0.0521081678722175,-0.0516065187935294,0.0005016490786881045,0.9999307894794223,0.0,0.9999982422583946,0.0,5,5,0,0,True,True,False,震荡
2020-02-27,2020,-0.009499561071768747,-0.009336293681700969,0.00016326739006777835,0.9999845643215406,0.0,0.9999915915111942,0.0,5,5,0,0,True,True,False,震荡
2020-02-28,2020,-0.05783774913504691,-0.05790888572721353,-7.113659216662072e-05,0.999983616751313,0.0,0.9999910746543743,0.0,5,5,0,0,True,True,False,震荡
2020-03-02,2020,0.029707318477933953,0.02993104447456929,0.00022372599663533776,0.9999840894122116,0.0,0.999991334035736,0.0,5,5,0,0,True,True,False,震荡
2020-03-03,2020,0.005184952964109035,0.005286342297232016,0.00010138933312298093,0.9999841714823312,0.0,0.9999913796060891,0.0,5,5,0,0,True,True,False,震荡
2020-03-04,2020,-0.011705904069693518,-0.011381681732877569,0.00032422233681594914,0.9999839840005783,0.0,0.9999912803619438,0.0,5,5,0,0,True,True,False,震荡
2020-03-05,2020,0.02554682586053625,0.025469165337716593,-7.766052281965585e-05,0.7672783758827992,0.1956493366496756,0.7706494149729713,0.19086623938441444,4,4,1,1,False,False,True,震荡
2020-03-06,2020,-0.01437212037275104,-0.014402262579661484,-3.0142206910444003e-05,0.7636120230851778,0.19877511283720964,0.7670317641845579,0.19392152925203068,4,4,1,1,False,False,True,震荡
2020-03-09,2020,-0.025380188997903397,-0.025586428125739524,-0.00020623912783612752,0.7560341009883712,0.20537355392176315,0.7595267338998228,0.20040126003369144,4,4,1,1,False,False,True,震荡
2020-03-10,2020,0.033612833188873426,0.03379217739126239,0.00017934420238896465,0.7645772897916103,0.19808537861702233,0.7679818450124186,0.19325600632477571,4,4,1,1,False,False,True,震荡
2020-03-11,2020,-0.011970596858379978,-0.011971663261514442,-1.0664031344642666e-06,0.7617266674885228,0.20048363569410887,0.7651721768224824,0.19559600439106375,4,4,1,1,False,False,True,震荡
2020-03-12,2020,-0.011822973637681922,-0.01191578702669327,-9.281338901134806e-05,0.5900232236496062,0.39933048927521114,0.5901231082507395,0.39652752582703205,3,3,2,2,False,False,True,震荡
2020-03-13,2020,-0.01826505377618115,-0.01831016842947475,-4.511465329359865e-05,0.4012556524472036,0.40004344431695876,0.4013234897229948,0.39716334965155714,2,2,2,2,False,False,True,震荡
2020-03-16,2020,-0.030557180237218318,-0.030608543676217015,-5.136343899869722e-05,0.38767090841891905,0.4073650656631223,0.38775698057164604,0.4043670790011036,2,2,2,2,False,False,True,震荡
2020-03-17,2020,-0.008697381485464062,-0.008748621234842546,-5.123974937848441e-05,0.1891612415129301,0.2135851034511279,0.18921328584551647,0.20842903551761033,1,1,1,1,False,False,True,震荡
2020-03-18,2020,0.001219906433557627,0.001220242068995736,3.356354381089943e-07,0.0,0.2133248670733473,0.0,0.20817501161072924,0,0,1,1,False,False,True,震荡
2020-03-19,2020,-0.00031465037323841205,-0.00030705442830392116,7.595944934490895e-06,0.0,0.0,0.0,0.0,0,0,0,0,False,False,False,熊市
2020-03-20,2020,0.0,0.0,0.0,0.0,0.0,0.0,0.0,0,0,0,0,False,False,False,熊市
2020-03-23,2020,0.0,0.0,0.0,0.0,0.0,0.0,0.0,0,0,0,0,False,False,False,熊市
2020-03-24,2020,0.0,0.0,0.0,0.0,0.0,0.0,0.0,0,0,0,0,False,False,False,熊市
2020-03-25,2020,0.0,0.0,0.0,0.0,0.0,0.0,0.0,0,0,0,0,False,False,False,熊市
2020-03-26,2020,0.00041212474594898296,0.0004258298388164494,1.3705092867466462e-05,0.0,0.19214244651299864,0.0,0.19852936995284998,0,0,1,1,False,False,True,熊市
2020-03-27,2020,0.00032525509829062216,0.0003360667614547008,1.0811663164078666e-05,0.0,0.19240512086479095,0.0,0.19879862710351245,0,0,1,1,False,False,True,熊市
2020-03-30,2020,0.00025307190150725134,0.00026148132831393944,8.409426806688103e-06,0.0,0.19260944872686048,0.0,0.19900807153693553,0,0,1,1,False,False,True,熊市
2020-03-31,2020,0.0003763091771904481,0.0003888104355695976,1.2501258379149505e-05,0.0,0.19291316291044683,0.0,0.19931938451579406,0,0,1,1,False,False,True,熊市
2020-04-01,2020,0.00037136548200855657,0.0003836977124194174,1.2332230410860845e-05,0.0,0.19321277583682653,0.0,0.1996264860021962,0,0,1,1,False,False,True,熊市
2020-04-02,2020,0.0006569151737012557,-0.0002545982065634833,-0.000911513380264739,0.0,0.39346503328596233,0.0,0.1994226604473307,0,0,2,1,False,False,True,熊市
2020-04-03,2020,0.001719280936915979,-9.591205527537117e-05,-0.00181519299219135,0.0,0.39450604749592066,0.0,0.19934586806397192,0,0,2,1,False,False,True,熊市
2020-04-07,2020,0.006745408224940519,0.001073325770290623,-0.005672082454649896,0.0,0.3985629856791045,0.0,0.20020430938967138,0,0,2,1,False,False,True,熊市
2020-04-08,2020,-0.0011359628136730082,0.0008640177397618576,0.001999980553434866,0.0,0.3978789986121963,0.0,0.2008947505011753,0,0,2,1,False,False,True,熊市
2020-04-09,2020,0.00459276685060428,0.004096299230467393,-0.0004964676201368867,0.4022532601817664,0.3967848226566711,0.4024532276509109,0.20030532610489352,2,2,2,1,False,False,True,熊市
2020-04-10,2020,-0.0009923598236820652,-0.002183970739178087,-0.001191610915496022,0.40086443217395457,0.39797402603233684,0.4015423892000042,0.2003467019799898,2,2,2,1,False,False,True,熊市
2020-04-13,2020,-0.0009552983397459469,-0.0008894645923354094,6.583374741053749e-05,0.40007211095993767,0.3985739942049163,0.40072269179898706,0.20081197857903493,2,2,2,1,False,False,True,熊市
2020-04-14,2020,0.00891346995112352,0.006571794368568806,-0.002341675582554714,0.4029755720785197,0.3974494387552631,0.4045697789206623,0.19956642691059798,2,2,2,1,False,False,True,熊市
2020-04-15,2020,-0.002633145838956241,-0.0020486271457673677,0.0005845186931888735,0.40102980265565114,0.3988683107280207,0.40238059125270376,0.20094297246309836,2,2,2,1,False,False,True,熊市
2020-04-16,2020,0.0012575954265292566,-0.00031119997265460775,-0.0015687953991838643,0.40041885216179257,0.3997305923664297,0.402398168964196,0.2008019106272257,2,2,2,1,False,False,True,熊市
2020-04-17,2020,-0.0032055313327705726,0.00018458452490643928,0.003390115857677012,0.40202063967546114,0.3974861174808168,0.40263815501687195,0.20063515418228883,2,2,2,1,False,False,True,熊市
2020-04-20,2020,0.0012198309131525864,0.002227565320043645,0.0010077344068910588,0.40376700417966205,0.395984022864155,0.4039806029184173,0.20017447669750651,2,2,2,1,False,False,True,熊市
2020-04-21,2020,-0.0020868868859742484,-0.003924848559899163,-0.001837961673924915,0.40057527818185984,0.398756977978901,0.40152684787476417,0.20106847858050036,2,2,2,1,False,False,True,熊市
2020-04-22,2020,0.011042148350216774,0.011656768561891795,0.000614620211675021,0.40696604658749796,0.3945578125644852,0.40768470132645745,0.1994897021921776,2,2,2,1,False,False,True,熊市
2020-04-23,2020,0.0018587986698523906,0.0026379692362275,0.0007791705663751092,0.9999937191965964,0.0,0.8078248613115868,0.18851608332087977,5,4,0,1,True,False,True,熊市
2020-04-24,2020,-0.009932720838615516,-0.00724376182268649,0.0026889590159290266,0.9999936561852555,0.0,0.8063054083086029,0.19000883759908208,5,4,0,1,True,False,True,熊市
2020-04-27,2020,-0.0005666553120673434,-0.0005471011190066877,1.9554193060655756e-05,0.999993652588461,0.0,0.8061499950015446,0.19016223332212961,5,4,0,1,True,False,True,熊市
2020-04-28,2020,-0.0029813707676642487,-0.0020855598018268973,0.0008958109658373514,0.9999936336078856,0.0,0.8055391798781496,0.19076534130345243,5,4,0,1,True,False,True,熊市
2020-04-29,2020,-0.0033400461055973496,-0.004420590962609827,-0.0010805448570124776,0.9999936122725815,0.0,0.8041025390516444,0.19218557339337794,5,4,0,1,True,False,True,熊市
2020-04-30,2020,0.00523596310564467,0.0024498377757680156,-0.002786125329876654,0.6105866417159599,0.3686691891508911,0.6112165746427057,0.19177323462832296,3,3,2,1,False,False,True,熊市
2020-05-06,2020,0.0025172939044340037,0.0027522883452468783,0.00023499444081287457,0.6121940974333921,0.36711382148304045,0.6126839188109782,0.19084663103789845,3,3,2,1,False,False,True,熊市
2020-05-07,2020,-0.0020217596931743076,-0.0016298126443788918,0.00039194704879541575,0.9999268460375558,0.0,0.8133584163582992,0.17885158403560106,5,4,0,1,True,False,True,熊市
2020-05-08,2020,0.00771602437572505,0.005233872942803419,-0.002482151432921631,0.9999274061732921,0.0,0.8145649598028338,0.17768560017551735,5,4,0,1,True,False,True,熊市
2020-05-11,2020,-0.007233910918775344,-0.007468658791819016,-0.0002347478730436725,0.9999268772095398,0.0,0.813566737189432,0.1786255093423345,5,4,0,1,True,False,True,熊市
2020-05-12,2020,0.0073011346003879485,0.007730221711953922,0.00042908711156597334,0.9999274072192035,0.0,0.8147432933096104,0.1775088459038296,5,4,0,1,True,False,True,熊市
2020-05-13,2020,0.00485771421072223,0.004290839713424033,-0.0005668744972981976,0.9999277581494673,0.0,0.8156329088174152,0.17665233318601575,5,4,0,1,True,False,True,熊市
2020-05-14,2020,-0.005096235899291202,-0.004816505717815778,0.00027973018147542383,0.9999273881021066,0.0,0.8144274135225252,0.17608749631469553,5,4,0,1,True,False,True,熊市
2020-05-15,2020,0.0038122805267952753,0.007465852042607191,0.0036535715158119153,0.999927663867735,0.0,0.8133525967405609,0.17723260260535378,5,4,0,1,True,False,True,熊市
2020-05-18,2020,5.044873896387081e-05,0.006592870517666993,0.0065424217787031225,0.9999276675168176,0.0,0.8103041674122823,0.18034269595240326,5,4,0,1,True,False,True,熊市
2020-05-19,2020,0.014023793794895711,0.009826322331984771,-0.00419747146291094,0.999928667863984,0.0,0.8149696102113174,0.17576826576945975,5,4,0,1,True,False,True,熊市
2020-05-20,2020,-0.008583291303714713,-0.006186599265486148,0.002396692038228565,0.9999280502987389,0.0,0.8119416149430201,0.17873860328267777,5,4,0,1,True,False,True,熊市
2020-05-21,2020,-0.011462968369537085,-0.010199914364979024,0.0012630540045580618,0.9999272159777945,0.0,0.8116680051219974,0.17891617252199324,5,4,0,1,True,False,True,熊市
2020-05-22,2020,-0.019174765999495746,-0.015742948258718803,0.0034318177407769435,0.9999257930774185,0.0,0.8088905365731528,0.18154303731961086,5,4,0,1,True,False,True,熊市
2020-05-25,2020,0.0015976129025270236,0.0022712526915744657,0.0006736397890474422,0.9999259114422543,0.0,0.8096516629675107,0.18080358945886993,5,4,0,1,True,False,True,熊市
2020-05-26,2020,0.013916271066399588,0.010875393863764238,-0.0030408772026353503,0.9999269283274567,0.0,0.8108650177669313,0.17969292079645835,5,4,0,1,True,False,True,熊市
2020-05-27,2020,-0.012739533892685118,-0.012211478069768189,0.0005280558229169285,0.9999259854161573,0.0,0.8104511223138909,0.17999008931493038,5,4,0,1,True,False,True,熊市
2020-05-28,2020,-0.003777665054661261,-0.003019294113111415,0.0007583709415498463,0.21255590780000638,0.2010329798166522,0.21067363002403117,0.18185329675616224,1,1,1,1,False,False,True,熊市
2020-05-29,2020,0.0022412868781491735,0.002216935151006849,-2.4351727142324364e-05,0.2142649248768182,0.2006353391005963,0.21237267306526572,0.1814980031189509,1,1,1,1,False,False,True,熊市
2020-06-01,2020,0.005779775701415302,0.0055894132884941605,-0.0001903624129211412,0.21717979801120046,0.2010827777951724,0.2153025538782195,0.18193719844414247,1,1,1,1,False,False,True,熊市
2020-06-02,2020,-0.0021383067355129626,-0.002088539492174357,4.976724333860538e-05,0.21586445681307007,0.20115152033053246,0.2139879097286229,0.18199031927087148,1,1,1,1,False,False,True,熊市
2020-06-03,2020,-0.0009204108878619888,-0.0007556607636992618,0.00016475012416272694,0.2169545107941057,0.1995243871738894,0.21503302832644455,0.1804884199490137,1,1,1,1,False,False,True,熊市
2020-06-04,2020,0.0015573103302866098,0.001727342012118216,0.0001700316818316061,0.818665963097688,0.181078697646123,0.816767626487835,0.17863401885379984,4,4,1,1,False,False,True,熊市
2020-06-05,2020,0.004172810787847814,0.004159355765644079,-1.3455022203734401e-05,0.8195611088505167,0.18018461294811616,0.8176663056870289,0.17775438662444293,4,4,1,1,False,False,True,熊市
2020-06-08,2020,-0.0028054093853554507,-0.0027573634597136687,4.8045925641782006e-05,0.8206629929901669,0.17908201344713184,0.8187498838147104,0.17665814676808245,4,4,1,1,False,False,True,弱牛
2020-06-09,2020,0.009022183883940826,0.0089869849620694,-3.519892187142659e-05,0.8223134523207292,0.1774338341445497,0.8204105494041998,0.17503838156751134,4,4,1,1,False,False,True,弱牛
2020-06-10,2020,0.004252211153118912,0.0041928564590458794,-5.935469407303273e-05,0.821243862713045,0.17850449379350322,0.8193629381445081,0.17610499513243566,4,4,1,1,False,False,True,弱牛
2020-06-11,2020,-0.002622233858611267,-0.0007775481628979897,0.0018446856957132773,0.9999606851983819,0.0,0.8182147002933826,0.0,5,4,0,0,True,False,False,弱牛
2020-06-12,2020,0.003861007623271462,0.004004987689154138,0.0001439800658826762,0.9999608364093041,0.0,0.8189398439892022,0.0,5,4,0,0,True,False,False,弱牛
2020-06-15,2020,-0.004637755066430604,-0.0028341039104839982,0.0018036511559466062,0.9999606539318774,0.0,0.8184252422582411,0.0,5,4,0,0,True,False,False,弱牛
2020-06-16,2020,0.016409019743102382,0.015047785345006393,-0.0013612343980959896,0.9999612891391572,0.0,0.8211170347216283,0.0,5,4,0,0,True,False,False,弱牛
2020-06-17,2020,0.00716511024066091,0.006921026272749264,-0.00024408396791164577,0.9999615645335117,0.0,0.8223465787177665,0.0,5,4,0,0,True,False,False,弱牛
2020-06-18,2020,0.0027019661938496586,0.003296592230960016,0.0005946260371103573,0.8291631218644564,0.0,0.8253871493213757,0.0,4,4,0,0,False,False,False,弱牛
2020-06-19,2020,0.010566575700258873,0.010491999507641347,-7.45761926175259e-05,0.8309494077446956,0.0,0.8272001651040247,0.0,4,4,0,0,False,False,False,弱牛
2020-06-22,2020,0.003905804656407774,0.0038796236805547224,-2.618097585305179e-05,0.8316071174494674,0.0,0.827867972593732,0.0,4,4,0,0,False,False,False,弱牛
2020-06-23,2020,0.010625792981508342,0.010549265146982956,-7.652783452538614e-05,0.833377612445704,0.0,0.8296648829077801,0.0,4,4,0,0,False,False,False,弱牛
2020-06-24,2020,0.0029557310313785834,0.002960733633965651,5.002602587067528e-06,0.8338686520261951,0.0,0.8301677110777257,0.0,4,4,0,0,False,False,False,弱牛
2020-06-29,2020,-0.0059038415173128245,-0.005891464239748623,1.2377277564201705e-05,0.8328820139216961,0.0,0.8291612205176431,0.0,4,4,0,0,False,False,False,弱牛
2020-06-30,2020,0.013485897035535599,0.013446254632509369,-3.96424030262299e-05,0.8351057606552524,0.0,0.8314278841118166,0.0,4,4,0,0,False,False,False,弱牛
2020-07-01,2020,0.00368430732015268,0.0036965183421397985,1.2211021987118542e-05,0.8357110516303509,0.0,0.832048719102241,0.0,4,4,0,0,False,False,False,弱牛
2020-07-02,2020,0.01890336155670269,0.005771875246199043,-0.013131486310503648,0.9999798886770912,0.0,0.8329788428554812,0.15856132395357564,5,4,0,1,True,False,True,弱牛
2020-07-03,2020,0.025643136447244474,0.009777499176178983,-0.01586563727106549,0.9999803915005189,0.0,0.834113293994617,0.15750878790179576,5,4,0,1,True,False,True,弱牛
2020-07-06,2020,0.042813282910552974,0.024361695692381558,-0.018451587218171417,0.9999811965384384,0.0,0.8385690435182744,0.1532522846914608,5,4,0,1,True,False,True,弱牛
2020-07-07,2020,0.006558523390508553,0.016458064518399595,0.009899541127891043,0.9999813190578346,0.0,0.8408351116716191,0.15111864217641593,5,4,0,1,True,False,True,弱牛
2020-07-08,2020,0.01917341944353157,0.00755757080518249,-0.01161584863834908,0.9999816704970822,0.0,0.8413770462982019,0.15063706149562384,5,4,0,1,True,False,True,强牛
2020-07-09,2020,0.02499984516840903,0.02757571589438812,0.0025758707259790903,0.9999821175554278,0.0,0.8446634737222696,0.14756494109656113,5,4,0,1,True,False,True,强牛
2020-07-10,2020,-0.0049841001538545315,-0.0018553710026470993,0.0031287291512074322,0.9999820279810855,0.0,0.8454216452882504,0.14679232355414482,5,4,0,1,True,False,True,强牛
2020-07-13,2020,0.030394024127494923,0.028246408277559976,-0.0021476158499349474,0.9999825581103018,0.0,0.849195269966429,0.14323258478227144,5,4,0,1,True,False,True,强牛
2020-07-14,2020,-0.004735277316647468,-0.004971291601061467,-0.00023601428441399896,0.9999824751251595,0.0,0.8485880075079337,0.14380201582769087,5,4,0,1,True,False,True,强牛
2020-07-15,2020,-0.01606977798045084,-0.011254430382589109,0.00481534759786173,0.9999821889048143,0.0,0.8466797537217611,0.14562364879328626,5,4,0,1,True,False,True,强牛
2020-07-16,2020,-0.0554456845418988,-0.04705553599662571,0.00839014854527309,0.9999811433869983,0.0,0.839613148581853,0.15231020290851743,5,4,0,1,True,False,True,强牛
2020-07-17,2020,0.004354366897092454,0.00832447481171461,0.003970107914622156,0.9999812251396287,0.0,0.8418219615106755,0.15016806877085895,5,4,0,1,True,False,True,强牛
2020-07-20,2020,0.020804341203490617,0.012398401848217278,-0.00840593935527334,0.9999816077776971,0.0,0.8429612225665005,0.14912690232203865,5,4,0,1,True,False,True,强牛
2020-07-21,2020,0.007630715853337078,0.012216167155579383,0.004585451302242305,0.9999817470606904,0.0,0.8438805567847801,0.1483030544158846,5,4,0,1,True,False,True,强牛
2020-07-22,2020,0.009296072697298818,0.010853388413642806,0.0015573157163439877,0.9999819151785058,0.0,0.8421405933955028,0.15012694125499515,5,4,0,1,True,False,True,强牛
2020-07-23,2020,3.58593653706496e-05,-8.152495102531354e-05,-0.00011738431639596314,0.9999819158269927,0.0,0.8412736043471863,0.150993299863056,5,4,0,1,True,False,True,强牛
2020-07-24,2020,-0.050096875619959236,-0.037628762922131354,0.012468112697827882,0.9999809620870348,0.0,0.8334081280176,0.1585564117651577,5,4,0,1,True,False,True,强牛
2020-07-27,2020,0.00577648719046131,0.009596306915990338,0.003819819725529028,0.9999810714276903,0.0,0.8313988429055504,0.1606420746748751,5,4,0,1,True,False,True,强牛
2020-07-28,2020,0.012219688549272467,0.01247013030817623,0.0002504417589037633,0.9999812999366404,0.0,0.8336641763634042,0.15847476958539936,5,4,0,1,True,False,True,强牛
2020-07-29,2020,0.030630765618605338,0.02376883987830203,-0.00686192574030331,0.9999818557101308,0.0,0.837231006005081,0.15509045002582242,5,4,0,1,True,False,True,强牛
2020-07-30,2020,-0.002821393466651334,-0.0027899938541120495,3.139961253928458e-05,0.8477769693350933,0.14447534687758778,0.8530848421905849,0.14671932192974554,4,4,1,1,False,False,True,强牛
2020-07-31,2020,0.005854201056947783,0.005918952744544015,6.475168759623173e-05,0.8472176351255869,0.1450797736050445,0.8524816638313284,0.1473236526117755,4,4,1,1,False,False,True,强牛
2020-08-03,2020,0.02845957428922108,0.02854137125696088,8.179696773980005e-05,0.8519807863099415,0.1405297688329849,0.8571187924671321,0.14269192632130323,4,4,1,1,False,False,True,强牛
2020-08-04,2020,-0.01109178509357589,-0.011124302196714786,-3.2517103138896e-05,0.8501175657472898,0.14230898633895986,0.8553053195060294,0.14450326997393723,4,4,1,1,False,False,True,强牛
2020-08-05,2020,0.02299864753268044,0.023132035709528598,0.0001333881768481593,0.8497167157766454,0.14288009954464914,0.8547486426719061,0.14506427441664888,4,4,1,1,False,False,True,强牛
2020-08-06,2020,0.004301555163014337,0.003558042181421861,-0.0007435129815924757,0.9999756310160198,0.0,0.8541594197342386,0.14565416064319683,5,4,0,1,True,False,True,强牛
2020-08-07,2020,-0.006080475275643926,-0.002912392214411863,0.003168083061232063,0.9999754819345289,0.0,0.8528944747781914,0.1469185610863518,5,4,0,1,True,False,True,强牛
2020-08-10,2020,-0.011686149407682644,-0.011464927914507372,0.00022122149317527207,0.9999751920248244,0.0,0.8521728398878062,0.14763802758595698,5,4,0,1,True,False,True,强牛
2020-08-11,2020,-0.01189309346527656,-0.013121998880404329,-0.0012289054151277679,0.9999748934300413,0.0,0.8535095602289522,0.14629879244886407,5,4,0,1,True,False,True,强牛
2020-08-12,2020,-0.02497505487421292,-0.03435695833839336,-0.009381903464180441,0.999974250330636,0.0,0.8577019587608842,0.14209957522847308,5,4,0,1,True,False,True,强牛
2020-08-13,2020,0.0013810091149988324,0.004333347310044866,0.0029523381950460337,0.21104422304049003,0.0,0.21212828063223163,0.0,1,1,0,0,False,False,False,强牛
2020-08-14,2020,0.007465757674426365,0.007504106562486124,3.8348888059758224e-05,0.2168907271045238,0.0,0.21799651809269924,0.0,1,1,0,0,False,False,False,弱牛
2020-08-17,2020,0.0061452372679615674,0.006176568012626449,3.1330744664881394e-05,0.22167372672568275,0.0,0.2227969654949394,0.0,1,1,0,0,False,False,False,弱牛
2020-08-18,2020,0.00017963835228984593,0.00018054859440419513,9.102421143492023e-07,0.22181351886292844,0.0,0.22293726307985434,0.0,1,1,0,0,False,False,False,弱牛
2020-08-19,2020,-0.00502897046814732,-0.005054448069826578,-2.5477601679257944e-05,0.21788026179695016,0.0,0.2189896870108516,0.0,1,1,0,0,False,False,False,弱牛
2020-08-20,2020,-0.015247700474974701,-0.01355824440486686,0.001689456070107842,0.9999852224955422,0.0,0.8152407078467555,0.0,5,4,0,0,True,False,False,弱牛
2020-08-21,2020,0.006176054404232856,0.0031111408127189044,-0.0030649135915139514,0.9999853132020057,0.0,0.8158137372459519,0.0,5,4,0,0,True,False,False,弱牛
2020-08-24,2020,0.005740730694814289,0.007010893292400011,0.0012701625975857223,0.9999853970337025,0.0,0.8170960572711828,0.0,5,4,0,0,True,False,False,弱牛
2020-08-25,2020,-0.009389664958496247,-0.008475674572865466,0.0009139903856307807,0.9999852586170557,0.0,0.8155325713768797,0.0,5,4,0,0,True,False,False,弱牛
2020-08-26,2020,-0.01868425478437641,-0.013770634425443462,0.004913620358932946,0.9999849779410793,0.0,0.8129568687952694,0.0,5,4,0,0,True,False,False,弱牛
2020-08-27,2020,0.0044328138113469695,0.004722337167716306,0.0002895233563693367,0.21052072001283248,0.0,0.21350386328111012,0.0,1,1,0,0,False,False,False,弱牛
2020-08-28,2020,0.006920617518979544,0.007018684795031094,9.806727605154997e-05,0.2159468519649351,0.0,0.21898555747357012,0.0,1,1,0,0,False,False,False,弱牛
2020-08-31,2020,0.0003990804245759261,0.00040469610210713824,5.615677531212171e-06,0.21625962740558732,0.0,0.2193015031121816,0.0,1,1,0,0,False,False,False,弱牛
2020-09-01,2020,-0.0003989212229248418,-0.00040453238942605996,-5.611166501218179e-06,0.2159468519649351,0.0,0.21898555747357012,0.0,1,1,0,0,False,False,False,弱牛
2020-09-02,2020,0.0011085567349329306,0.0011241558391867912,1.5599104253860574e-05,0.21681505690829747,0.0,0.21986255353937706,0.0,1,1,0,0,False,False,False,弱牛
2020-09-03,2020,-0.003910519492723807,-0.003932334162502604,-2.181466977879687e-05,0.41451806778783284,0.0,0.4175668658203227,0.0,2,2,0,0,False,False,False,弱牛
2020-09-04,2020,-0.005513170710554571,-0.0055826759342324506,-6.950522367787926e-05,0.411272311539319,0.0,0.41429707620303174,0.0,2,2,0,0,False,False,False,弱牛
2020-09-07,2020,-0.011187808144327738,-0.011286303259404828,-9.849511507709074e-05,0.40461121605323797,0.0,0.40761119651947464,0.0,2,2,0,0,False,False,False,弱牛
2020-09-08,2020,-0.0010578967299091913,-0.0011032125620676902,-4.531583215849899e-05,0.4039806891733518,0.0,0.4069569439702154,0.0,2,2,0,0,False,False,False,弱牛
2020-09-09,2020,-0.013253487039957546,-0.013335620856545605,-8.213381658805918e-05,0.3959752550442673,0.0,0.3989414551028806,0.0,2,2,0,0,False,False,False,弱牛
2020-09-10,2020,0.002769721243045531,0.0028020033688769264,3.228212583139545e-05,0.0,0.0,0.0,0.0,0,0,0,0,False,False,False,弱牛
2020-09-11,2020,0.0,0.0,0.0,0.0,0.0,0.0,0.0,0,0,0,0,False,False,False,弱牛
2020-09-14,2020,0.0,0.0,0.0,0.0,0.0,0.0,0.0,0,0,0,0,False,False,False,弱牛
2020-09-15,2020,0.0,0.0,0.0,0.0,0.0,0.0,0.0,0,0,0,0,False,False,False,弱牛
2020-09-16,2020,0.0,0.0,0.0,0.0,0.0,0.0,0.0,0,0,0,0,False,False,False,弱牛
2020-09-17,2020,0.0,0.0,0.0,0.0,0.0,0.0,0.0,0,0,0,0,False,False,False,弱牛
2020-09-18,2020,0.0,0.0,0.0,0.0,0.0,0.0,0.0,0,0,0,0,False,False,False,弱牛
2020-09-21,2020,0.0,0.0,0.0,0.0,0.0,0.0,0.0,0,0,0,0,False,False,False,弱牛
2020-09-22,2020,0.0,0.0,0.0,0.0,0.0,0.0,0.0,0,0,0,0,False,False,False,熊市
2020-09-23,2020,0.0,0.0,0.0,0.0,0.0,0.0,0.0,0,0,0,0,False,False,False,熊市
2020-09-24,2020,-0.00028950995676402247,-0.0003004066674859862,-1.0896710721963743e-05,0.0,0.19095820915754305,0.0,0.19814774304219016,0,0,1,1,False,False,True,熊市
2020-09-25,2020,-0.00020320708039234248,-0.00021085778154072976,-7.650701148387284e-06,0.0,0.19079377272266276,0.0,0.19797863059548937,0,0,1,1,False,False,True,熊市
2020-09-28,2020,-0.00016292132200124154,-0.00016905656701637906,-6.135245015137514e-06,0.0,0.1906619142917932,0.0,0.19784302069035892,0,0,1,1,False,False,True,熊市
2020-09-29,2020,-0.00017424128639431657,-0.00018080392488084573,-6.56263848652916e-06,0.0,0.1905208696068041,0.0,0.19769796133282808,0,0,1,1,False,False,True,熊市
2020-09-30,2020,-7.422681461766167e-05,-7.702300517764549e-05,-2.7961905599838133e-06,0.0,0.190460780089202,0.0,0.19763616085869165,0,0,1,1,False,False,True,熊市
2020-10-09,2020,-0.0002856330752710745,-0.0002963939577711461,-1.0760882500071567e-05,0.0,0.19022948284612354,0.0,0.19739827455677353,0,0,1,1,False,False,True,熊市
2020-10-12,2020,0.00012429395893964745,0.00012897797263300426,4.684013693356803e-06,0.0,0.1903301199209527,0.0,0.19750177915034023,0,0,1,1,False,False,True,熊市
2020-10-13,2020,-0.00026469709021947896,-0.00027467090482569123,-9.973814606212272e-06,0.0,0.19011574591548197,0.0,0.19728129567750355,0,0,1,1,False,False,True,熊市
2020-10-14,2020,-1.130103788560266e-05,-1.1726979192716591e-05,-4.2594130711393063e-07,0.0,0.19010659327940932,0.0,0.19727188210156746,0,0,1,1,False,False,True,熊市
2020-10-15,2020,-0.0016024484276613293,-0.0008737893098059724,0.000728659117855357,0.9998086307701559,0.0,0.8000164217411309,0.0,5,4,0,0,True,False,False,熊市
2020-10-16,2020,0.0012497746725135261,0.0005743789545185063,-0.0006753957179950199,0.9998088696400389,0.0,0.800131222160787,0.0,5,4,0,0,True,False,False,熊市
2020-10-19,2020,-0.01114603101439926,-0.008962857790301038,0.0021831732240982227,0.999806715282584,0.0,0.7983236254964483,0.0,5,4,0,0,True,False,False,熊市
2020-10-20,2020,0.006337723044469223,0.006157769228678056,-0.00017995381579116732,0.9998079325528698,0.0,0.7995579016816048,0.0,5,4,0,0,True,False,False,熊市
2020-10-21,2020,-0.0024361787794092704,-0.0015898551069084554,0.000846323672500815,0.9998074634995331,0.0,0.7992387203358614,0.0,5,4,0,0,True,False,False,熊市
2020-10-22,2020,-0.0031932208739580137,-0.0041757212133278765,-0.0009825003393698628,0.8075754903651613,0.1738083737165672,0.6064076919307169,0.20001026185896761,4,3,1,1,False,False,True,震荡
2020-10-23,2020,-0.011893962370771782,-0.008691854455429082,0.0032021079153427,0.8055238638955301,0.175635915309,0.6032601687562978,0.20146044503027402,4,3,1,1,False,False,True,震荡
2020-10-26,2020,-0.013001700438161401,-0.00645934568505846,0.006542354753102941,0.8031322326046745,0.17777936490888405,0.6008747648377736,0.20257627124682873,4,3,1,1,False,False,True,震荡
2020-10-27,2020,0.005854632531291815,0.006013256377456644,0.00015862384616482927,0.8039307145944178,0.1770919880217599,0.6028646705671374,0.2017612002457891,4,3,1,1,False,False,True,震荡
2020-10-28,2020,0.00543191871368065,0.0041568482432476905,-0.0012750704704329596,0.8050897771531027,0.17603545168576165,0.6046224965104312,0.20081215293813184,4,3,1,1,False,False,True,震荡
2020-10-29,2020,-0.005458614328066602,-0.003125208342761976,0.0023334059853046263,0.21007742970934085,0.0,0.20741467697818836,0.0,1,1,0,0,False,False,False,震荡
2020-10-30,2020,-0.002306431067257697,-0.0022771968195230974,2.9234247734599705e-05,0.20825131594698063,0.0,0.20560568477009958,0.0,1,1,0,0,False,False,False,震荡
2020-11-02,2020,0.00019264691576936777,0.00019019952337639978,-2.447392392967984e-06,0.20840381451064993,0.0,0.2057567494577976,0.0,1,1,0,0,False,False,False,震荡
2020-11-03,2020,0.002696537341172922,0.002662286961561122,-3.4250379611799886e-05,0.21053264271919464,0.0,0.2078656384403822,0.0,1,1,0,0,False,False,False,震荡
2020-11-04,2020,0.0024971937548812217,0.0024655595800411323,-3.163417484008946e-05,0.21249918483678404,0.0,0.2098138893754481,0.0,1,1,0,0,False,False,False,震荡
2020-11-05,2020,0.0008981525946796243,0.0008801686123860453,-1.7983982293579004e-05,0.19947793077117873,0.1962343116899865,0.19950463623245743,0.19143658410237518,1,1,1,1,False,False,True,震荡
2020-11-06,2020,0.004972652400715649,0.0049801218410501225,7.469440334473276e-06,0.20371434935362567,0.19498793762374633,0.20374010767842748,0.1902192688021579,1,1,1,1,False,False,True,震荡
2020-11-09,2020,0.017649522291204534,0.01765913204221725,9.609751012717993e-06,0.21781959353903024,0.1913112517555012,0.21784507824855479,0.18663073841981734,1,1,1,1,False,False,True,震荡
2020-11-10,2020,-0.006944247765709011,-0.006946414643040133,-2.1668773311223077e-06,0.21229447470528176,0.19270453630083423,0.2123197762686401,0.18799034585073904,1,1,1,1,False,False,True,震荡
2020-11-11,2020,-0.010927463240558044,-0.01092812376547303,-6.605249149860271e-07,0.20361815039065292,0.19480717547743584,0.20364255389418104,0.19004167443138173,1,1,1,1,False,False,True,震荡
2020-11-12,2020,0.0005479682420732601,0.0005496456185294374,1.6773764561772708e-06,0.8050889698872784,0.0,0.8051683512893701,0.0,4,4,0,0,False,False,False,弱牛
2020-11-13,2020,-0.0028456003365590066,-0.002846943852443662,-1.3435158846553108e-06,0.804532748209798,0.0,0.8046120928883769,0.0,4,4,0,0,False,False,False,弱牛
2020-11-16,2020,0.012536437233986009,0.012537551650066092,1.1144160800835579e-06,0.8069528714204369,0.0,0.8070314460997399,0.0,4,4,0,0,False,False,False,弱牛
2020-11-17,2020,-0.00023210273953366833,-0.00023291180256945765,-8.090630357893147e-07,0.8069080542508466,0.0,0.8069864909754327,0.0,4,4,0,0,False,False,False,弱牛
2020-11-18,2020,0.0014422900415085316,0.0014409136502777642,-1.376391230767382e-06,0.8071861477498119,0.0,0.807264206611024,0.0,4,4,0,0,False,False,False,弱牛
2020-11-19,2020,0.00027345147514101775,0.00027513695400682714,1.6854788658093867e-06,0.6074560564978804,0.0,0.6075539404789794,0.0,3,3,0,0,False,False,False,弱牛
2020-11-20,2020,0.007814176203049694,0.007813928569553319,-2.4763349637524357e-07,0.6104996806246237,0.0,0.6105967099720073,0.0,3,3,0,0,False,False,False,弱牛
2020-11-23,2020,0.009190751346910497,0.009191064965480278,3.1361856978051605e-07,0.6140468797840923,0.0,0.6141431453901027,0.0,3,3,0,0,False,False,False,弱牛
2020-11-24,2020,0.0045711698736261575,0.004571035341889074,-1.345317370837762e-07,0.6158031090376006,0.0,0.6158988851608914,0.0,3,3,0,0,False,False,False,弱牛
2020-11-25,2020,-0.01278011908399368,-0.012782143949417013,-2.024865423333466e-06,0.610829463233746,0.0,0.6109256812111102,0.0,3,3,0,0,False,False,False,弱牛
2020-11-26,2020,0.0034188101330625553,0.004875950590323086,0.0014571404572605307,0.9999410443555328,0.0,0.8184479938811426,0.0,5,4,0,0,True,False,False,弱牛
2020-11-27,2020,0.00717633560135833,0.00880462298574658,0.0016282873843882495,0.9999414644264534,0.0,0.8200325395203681,0.0,5,4,0,0,True,False,False,弱牛
2020-11-30,2020,0.002960703119898156,0.0030832506635238843,0.0001225475436257284,0.9999416372213141,0.0,0.8205857187221636,0.0,5,4,0,0,True,False,False,弱牛
2020-12-01,2020,0.013920171047555385,0.01229222094581539,-0.0016279501017399944,0.999942438487415,0.0,0.8227643386311869,0.0,5,4,0,0,True,False,False,弱牛
2020-12-02,2020,0.0023986656499996872,0.001363388245686492,-0.0010352774043131951,0.9999425762278449,0.0,0.823005650646648,0.0,5,4,0,0,True,False,False,弱牛
2020-12-03,2020,-0.011631750949414488,-0.012712575556080297,-0.001080824606665809,0.9999587331974804,0.0,0.8207266243130339,0.0,5,4,0,0,True,False,False,弱牛
2020-12-04,2020,0.0034210509526853006,0.006276414217272208,0.0028553632645869076,0.9999588738919913,0.0,0.8218448001423017,0.0,5,4,0,0,True,False,False,弱牛
2020-12-07,2020,-0.008181865437532632,-0.004965083139384263,0.0032167822981483685,0.9999585346278965,0.0,0.8209558309573831,0.0,5,4,0,0,True,False,False,弱牛
2020-12-08,2020,-0.0005038020512970753,-0.0007158216830593922,-0.00021201963176231686,0.999958513727027,0.0,0.8208275754508846,0.0,5,4,0,0,True,False,False,弱牛
2020-12-09,2020,-0.020074225809639357,-0.014418963639599158,0.005655262170040198,0.9999576638618296,0.0,0.8182062986816675,0.0,5,4,0,0,True,False,False,弱牛
2020-12-10,2020,-0.003485772961680289,-0.0024251239298720417,0.0010606490318082473,0.40283187682593685,0.0,0.40645252582013486,0.0,2,2,0,0,False,False,False,强牛
2020-12-11,2020,-0.005603473781370938,-0.005689951188209363,-8.647740683842553e-05,0.3994668048118572,0.0,0.40305594327527944,0.0,2,2,0,0,False,False,False,强牛
2020-12-14,2020,0.008355523292051359,0.008418557853206554,6.303456115519523e-05,0.40444299523689986,0.0,0.4080393978512874,0.0,2,2,0,0,False,False,False,强牛
2020-12-15,2020,-0.0005199740786306917,-0.0005075488689522123,1.2425209678479376e-05,0.40413315992574556,0.0,0.40773879634724935,0.0,2,2,0,0,False,False,False,强牛
2020-12-16,2020,0.0009424590859075099,0.000914413458166452,-2.80456277410579e-05,0.40469421127522254,0.0,0.4082798731946681,0.0,2,2,0,0,False,False,False,强牛
2020-12-17,2020,0.0044872863643175,0.004476896587129575,-1.0389777187924665e-05,0.40838554256311327,0.19152884544257776,0.40841607530261426,0.19382839216753064,2,2,1,1,False,False,True,震荡
2020-12-18,2020,-0.0014009145248636834,-0.0014028900166681568,-1.975491804473428e-06,0.40766929894418624,0.1916838170223209,0.4077000681496638,0.19398560813224117,2,2,1,1,False,False,True,震荡
2020-12-21,2020,0.0044888490601973086,0.00449223094872897,3.3818885316616587e-06,0.410085023748058,0.19105849874267022,0.41011486423473786,0.19335212988835987,2,2,1,1,False,False,True,震荡
2020-12-22,2020,-0.0018251477632386104,-0.001820947385393623,4.20037784498728e-06,0.40865153301255513,0.19176268638448354,0.408679656566384,0.19406395457408893,2,2,1,1,False,False,True,震荡
2020-12-23,2020,0.000731351245156775,0.0007328955728598263,1.5443277030513514e-06,0.40897036408209964,0.19173587930102415,0.40899801901232413,0.19403652635242916,2,2,1,1,False,False,True,震荡
2020-12-24,2020,-0.002437095920825416,-0.0024373604718901376,-2.645510647214522e-07,0.40817333033835407,0.39157694218840394,0.4082003761546019,0.3938628420182677,2,2,2,2,False,False,True,震荡
2020-12-25,2020,0.007716832566853515,0.007718560601394531,1.728034541015333e-06,0.4114119788231388,0.38987175386676143,0.4114374278606185,0.39214187536368256,2,2,2,2,False,False,True,震荡
2020-12-28,2020,0.00216197684182462,0.0021616700962396873,-3.067455849325995e-07,0.4126170598154719,0.38909536601779826,0.41264461539106534,0.3913583687214318,2,2,2,2,False,False,True,震荡
2020-12-29,2020,-0.005949368639399544,-0.005947870641134001,1.4979982655427548e-06,0.41007819168429094,0.39044748788262923,0.41010534724069336,0.3927248966682302,2,2,2,2,False,False,True,震荡
2020-12-30,2020,0.006463446960212504,0.006464973613546254,1.5266533337499055e-06,0.4140180347406916,0.38778865676355995,0.41404460514759545,0.39005214808250355,2,2,2,2,False,False,True,震荡
2020-12-31,2020,0.020022531724904535,0.020023315104439998,7.833795354628137e-07,0.8172124329463838,0.17749171933712063,0.817240968031863,0.18007074046322216,4,4,1,1,False,False,True,震荡
2021-01-04,2021,0.038819890150380676,0.038818191921267564,-1.6982291131117933e-06,0.8243138186411302,0.17058823534656462,0.8243449344335213,0.17306722919066123,4,4,1,1,False,False,True,弱牛
2021-01-05,2021,0.015514253886353968,0.01551939643144995,5.1425450959818875e-06,0.8268304716415447,0.16814946488539656,0.8268595569617614,0.170592154561513,4,4,1,1,False,False,True,弱牛
2021-01-06,2021,0.007247146243508418,0.007251671258071912,4.525014563494523e-06,0.8277230216683522,0.16729303423036065,0.8277475376753187,0.16972252015685868,4,4,1,1,False,False,True,弱牛
2021-01-07,2021,0.0204463223171778,0.019323474345271707,-0.0011228479719060935,0.999989896059622,0.0,0.8309134581490372,0.16660456019205167,5,4,0,1,True,False,True,弱牛
2021-01-08,2021,-0.014365029984906519,-0.013453972407670212,0.0009110575772363072,0.9999897488008386,0.0,0.8286856745904356,0.16879849584916512,5,4,0,1,True,False,True,弱牛
2021-01-11,2021,-0.02971890436941338,-0.025818554315446218,0.003900350053967161,0.9999894348151194,0.0,0.824315961477142,0.17310153238753392,5,4,0,1,True,False,True,强牛
2021-01-12,2021,0.034198871257116625,0.022604661591349773,-0.011594209665766853,0.9999897841844791,0.0,0.8280197934084491,0.16945478671784794,5,4,0,1,True,False,True,强牛
2021-01-13,2021,-0.020688765085874805,-0.016122459365794373,0.0045663057200804325,0.999989568366872,0.0,0.8248552431475077,0.17257795380088992,5,4,0,1,True,False,True,强牛
2021-01-14,2021,-0.02947737635853609,-0.024891676769898452,0.004585699588637637,0.9999892515301819,0.0,0.820011260256482,0.17735641368245056,5,4,0,1,True,False,True,强牛
2021-01-15,2021,-0.004441055170143482,-0.0041964293814588105,0.00024462578868467144,0.999989203582697,0.0,0.8194736582552402,0.17788292276260817,5,4,0,1,True,False,True,强牛
2021-01-18,2021,0.009979621213052292,0.008025649923545375,-0.0019539712895069172,0.9999893102622307,0.0,0.8211597089549549,0.1762179183084464,5,4,0,1,True,False,True,强牛
2021-01-19,2021,-0.020484138288105913,-0.020508559434543883,-2.4421146437969554e-05,0.9999890867129495,0.0,0.817753760851569,0.17956895925807803,5,4,0,1,True,False,True,强牛
2021-01-20,2021,0.019588757716868743,0.019569017816222667,-1.9739900646076336e-05,0.9999892963834999,0.0,0.8209625804262712,0.17641152584454578,5,4,0,1,True,False,True,强牛
2021-01-21,2021,0.0024811094533643274,0.0020239936603896336,-0.00045711579297469385,0.7798708537593722,0.19198800511108857,0.8005540521051536,0.17627269495661535,4,4,1,1,False,False,True,强牛
2021-01-22,2021,-0.016973826114332513,-0.017378938583210157,-0.0004051124688776442,0.7759797386517341,0.19539320962053425,0.7969437714436204,0.17947312633300702,4,4,1,1,False,False,True,强牛
2021-01-25,2021,-0.003946934495414611,-0.004089932958449061,-0.0001429984630344494,0.7750871041163224,0.19617240733025923,0.7961053385898981,0.18021470977207044,4,4,1,1,False,False,True,强牛
2021-01-26,2021,-0.014234729986897676,-0.014931387862549661,-0.0006966578756519848,0.772533859512275,0.198310631130983,0.7936532750612141,0.18230783937664266,4,4,1,1,False,False,True,强牛
2021-01-27,2021,0.0010786575096766171,0.0010938626870038437,1.5205177327226593e-05,0.7727322542492374,0.19814365131719391,0.7938358135123847,0.18215156743347266,4,4,1,1,False,False,True,强牛
2021-01-28,2021,-0.014514789448502707,-0.014716603664461259,-0.0002018142159585512,0.6034947975286375,0.0,0.6038156363230769,0.0,3,3,0,0,False,False,False,强牛
2021-01-29,2021,-0.0022997658973197277,-0.0022987895033299566,9.763939897711182e-07,0.6025808264664041,0.0,0.6029027934328185,0.0,3,3,0,0,False,False,False,强牛
2021-02-01,2021,0.012102100657139347,0.012109360500793365,7.259843654017217e-06,0.6073329229575168,0.0,0.6076538543515722,0.0,3,3,0,0,False,False,False,强牛
2021-02-02,2021,0.006754381233692319,0.006751614320270161,-2.7669134221586233e-06,0.6099673521546508,0.0,0.6102850593258511,0.0,3,3,0,0,False,False,False,强牛
2021-02-03,2021,0.005485486040642584,0.005489967391920425,4.481351277840773e-06,0.6120951985282226,0.0,0.6124128998671097,0.0,3,3,0,0,False,False,False,强牛
2021-02-04,2021,-0.0026382222355983975,-0.002637761928207416,4.6030739098146256e-07,0.20966946038092124,0.0,0.20994041662214935,0.0,1,1,0,0,False,False,False,强牛
2021-02-05,2021,0.006730961809981562,0.006739660244692081,8.69843471051901e-06,0.2149535778673588,0.0,0.21522950314103695,0.0,1,1,0,0,False,False,False,强牛
2021-02-08,2021,0.0006685958876113673,0.00066945413107522,8.582434638526593e-07,0.21547810597944203,0.0,0.21575451951772304,0.0,1,1,0,0,False,False,False,弱牛
2021-02-09,2021,0.0005011118743734055,0.0005017546965555564,6.428221821508373e-07,0.21587104231117996,0.0,0.21614782102992647,0.0,1,1,0,0,False,False,False,弱牛
2021-02-10,2021,-0.0021703971771427355,-0.002173179948483539,-2.7827713408035137e-06,0.21416546926396918,0.0,0.21444065922220423,0.0,1,1,0,0,False,False,False,弱牛
2021-02-18,2021,-0.017288416278308794,-0.017277649241637105,1.0767036671688324e-05,0.6083530138757882,0.0,0.6085251307227098,0.0,3,3,0,0,False,False,False,弱牛
2021-02-19,2021,0.0021538313844571277,0.0021499870352783557,-3.844349178772077e-06,0.6091947425045928,0.0,0.6093649909277409,0.0,3,3,0,0,False,False,False,弱牛
2021-02-22,2021,-0.023217339408060145,-0.023216403558443233,9.358496169120656e-07,0.5999056153816495,0.0,0.6000802936337682,0.0,3,3,0,0,False,False,False,弱牛
2021-02-23,2021,-0.0018005659809641195,-0.0017968566696391353,3.709311324984199e-06,0.4149540292611073,0.0,0.415157503009804,0.0,2,2,0,0,False,False,False,弱牛
2021-02-24,2021,-0.0034398707541121176,-0.0034443267665619226,-4.45601244980498e-06,0.22118250371913717,0.0,0.22146508835949477,0.0,1,1,0,0,False,False,False,弱牛
2021-02-25,2021,-0.004695092570660253,-0.004692976865704801,2.1157049554521024e-06,0.4188474857383401,0.19654365268452267,0.41916382545828534,0.199235874329552,2,2,1,1,False,False,True,弱牛
2021-02-26,2021,-0.017103443861582357,-0.017120426965373303,-1.6983103790946252e-05,0.22162460302195006,0.19954726981152857,0.22191111510665923,0.20228412968711562,1,1,1,1,False,False,True,弱牛
2021-03-01,2021,0.00017033332604987628,0.00017044922749609448,1.1590144621820286e-07,0.22176555847533747,0.1995048912873164,0.2220522270527929,0.2022411464907258,1,1,1,1,False,False,True,弱牛
2021-03-02,2021,-0.0009810935911944707,-0.0009723505071541627,8.743084040307991e-06,0.22019459918383733,0.2005075051259626,0.22047730749249508,0.20325573258028232,1,1,1,1,False,False,True,弱牛
2021-03-03,2021,0.010063083146145457,0.010074353861378116,1.1270715232658546e-05,0.22809510978157962,0.19837843889440737,0.22838541315042504,0.20109524070022286,1,1,1,1,False,False,True,弱牛
2021-03-04,2021,-0.004394854041069207,-0.0043979768198408875,-3.1227787716803235e-06,0.1977819351530876,0.1991672291903765,0.19778593164755331,0.20189546677337364,1,1,1,1,False,False,True,弱牛
2021-03-05,2021,-0.0065339269497894925,-0.0065308816132988445,3.0453364906479763e-06,0.19227200227308125,0.20071095706944936,0.19227529803666504,0.2034597173064056,1,1,1,1,False,False,True,弱牛
2021-03-08,2021,-0.005764603242873756,-0.005764725063821308,-1.21820947551754e-07,0.18759046583170533,0.2018729925833117,0.1875937043337064,0.2046376921074248,1,1,1,1,False,False,True,弱牛
2021-03-09,2021,-0.0016911324410321393,-0.0016943090050424159,-3.1765640102765502e-06,0.0,0.20198447024936247,0.0,0.20475134799465902,0,0,1,1,False,False,True,弱牛
2021-03-10,2021,0.00012711100428530742,0.0001288522302740347,1.7412259887272796e-06,0.0,0.20208589391272058,0.0,0.20485380435536177,0,0,1,1,False,False,True,弱牛
2021-03-11,2021,-0.0001440408290154238,-0.00014601371345124292,-1.972884435819111e-06,0.0,0.201970945146081,0.0,0.2047376851516029,0,0,1,1,False,False,True,熊市
2021-03-12,2021,1.694842114874362e-05,1.7180592537524575e-05,2.321713887809551e-07,0.0,0.20198447024936247,0.0,0.20475134799465902,0,0,1,1,False,False,True,熊市
2021-03-15,2021,-0.00010677324359953388,-0.00010823587343000707,-1.4626298304731833e-06,0.0,0.20189925444404025,0.0,0.2046652642448652,0,0,1,1,False,False,True,熊市
2021-03-16,2021,-0.00027797907676463396,-0.0002817873763688583,-3.808299604224352e-06,0.0,0.20167733744734354,0.0,0.20444108578568201,0,0,1,1,False,False,True,熊市
2021-03-17,2021,7.799142102693501e-05,7.906020080672427e-05,1.0687797797892529e-06,0.0,0.20173959491068602,0.0,0.20450397786093316,0,0,1,1,False,False,True,熊市
2021-03-18,2021,-0.0001452631211230626,-0.00014725362227141492,-1.9905011483523083e-06,0.0,0.0,0.0,0.0,0,0,0,0,False,False,False,熊市
2021-03-19,2021,0.0,0.0,0.0,0.0,0.0,0.0,0.0,0,0,0,0,False,False,False,熊市
2021-03-22,2021,0.0,0.0,0.0,0.0,0.0,0.0,0.0,0,0,0,0,False,False,False,熊市
2021-03-23,2021,0.0,0.0,0.0,0.0,0.0,0.0,0.0,0,0,0,0,False,False,False,熊市
2021-03-24,2021,0.0,0.0,0.0,0.0,0.0,0.0,0.0,0,0,0,0,False,False,False,熊市
2021-03-25,2021,0.0,0.0,0.0,0.0,0.0,0.0,0.0,0,0,0,0,False,False,False,熊市
2021-03-26,2021,0.0,0.0,0.0,0.0,0.0,0.0,0.0,0,0,0,0,False,False,False,熊市
2021-03-29,2021,0.0,0.0,0.0,0.0,0.0,0.0,0.0,0,0,0,0,False,False,False,熊市
2021-03-30,2021,0.0,0.0,0.0,0.0,0.0,0.0,0.0,0,0,0,0,False,False,False,熊市
2021-03-31,2021,0.0,0.0,0.0,0.0,0.0,0.0,0.0,0,0,0,0,False,False,False,熊市
2021-04-01,2021,0.0,0.0,0.0,0.0,0.0,0.0,0.0,0,0,0,0,False,False,False,熊市
2021-04-02,2021,0.0,0.0,0.0,0.0,0.0,0.0,0.0,0,0,0,0,False,False,False,熊市
2021-04-06,2021,0.0,0.0,0.0,0.0,0.0,0.0,0.0,0,0,0,0,False,False,False,熊市
2021-04-07,2021,0.0,0.0,0.0,0.0,0.0,0.0,0.0,0,0,0,0,False,False,False,熊市
2021-04-08,2021,0.000628910413004391,-0.00031723358751600816,-0.0009461440005203992,0.0,0.39267745332592074,0.0,0.19511164047845325,0,0,2,1,False,False,True,熊市
2021-04-09,2021,0.0009384218868180305,-6.549953101564476e-06,-0.000944971839919595,0.0,0.39324684376762503,0.0,0.1951063684629149,0,0,2,1,False,False,True,熊市
2021-04-12,2021,-0.0006947765769664827,0.000366799776210458,0.0010615763531769407,0.0,0.39282499279449906,0.0,0.1954014950144828,0,0,2,1,False,False,True,熊市
2021-04-13,2021,-0.0016310817956711743,0.00043214122694257284,0.002063223022613747,0.0,0.3918330227091116,0.0,0.19574904500894244,0,0,2,1,False,False,True,熊市
2021-04-14,2021,0.002161812557259335,-6.544766084370934e-05,-0.0022272602181030443,0.0,0.393144929620694,0.0,0.1956964052200559,0,0,2,1,False,False,True,熊市
2021-04-15,2021,-0.0014722381453411426,-0.00046858254670500976,0.0010036555986361329,0.1996246408132235,0.19267097352973211,0.19967110429480617,0.1957979705234015,1,1,1,1,False,False,True,熊市
2021-04-16,2021,-0.00032184504064036723,-0.00032037376011817553,1.471280522191698e-06,0.19927027466766642,0.19282969006373274,0.199316362324333,0.19595897457972233,1,1,1,1,False,False,True,熊市
2021-04-19,2021,0.002595435415920333,0.0025940250009024446,-1.4104150178884112e-06,0.20146850387780327,0.19220514174734632,0.20151538343019518,0.19532456572529652,1,1,1,1,False,False,True,熊市
2021-04-20,2021,-0.002616040124965857,-0.0026150804528534133,9.596721124438545e-07,0.199275733721221,0.19280757745332483,0.19932191125420096,0.19593659022949136,1,1,1,1,False,False,True,熊市
2021-04-21,2021,0.0007941221989498093,0.0008003126861335641,6.1904871837548114e-06,0.1995359243136499,0.19302976393226368,0.19958092761695703,0.19616116913240336,1,1,1,1,False,False,True,熊市
2021-04-22,2021,0.0025392728526842934,0.002977704915195334,0.0004384320625110405,0.20215994236064236,0.3915698600729425,0.20211714729365315,0.1954189093012126,1,1,2,1,False,False,True,熊市
2021-04-23,2021,0.0010738224287629716,0.001514410487129414,0.0004405880583664423,0.2029851093549973,0.39118048716340975,0.2028528609304221,0.19559419375339412,1,1,2,1,False,False,True,熊市
2021-04-26,2021,0.0009992902100093293,0.002022160842973131,0.0010228706329638015,0.2050726219249394,0.3894981160858247,0.20472981039245988,0.19493122623559814,1,1,2,1,False,False,True,熊市
2021-04-27,2021,-0.0018145406780828433,-0.002029947672232857,-0.00021540699415001363,0.20356824478859054,0.39026548800826855,0.2032718138286021,0.19516808727699705,1,1,2,1,False,False,True,熊市
2021-04-28,2021,0.0035231093192649166,0.004651750161708712,0.0011286408424437955,0.20763393024384794,0.38762574695615004,0.2070986595298839,0.19412659210823466,1,1,2,1,False,False,True,熊市
2021-04-29,2021,0.005993307979415219,0.004318440988937633,-0.001674866990477586,0.9998169100184117,0.0,0.8081440014380791,0.18371010308625543,5,4,0,1,True,False,True,熊市
2021-04-30,2021,0.006320333551802948,0.0011864930669127638,-0.005133840484890184,0.9998180599402756,0.0,0.808144636969909,0.1837191211490082,5,4,0,1,True,False,True,熊市
2021-05-06,2021,-0.011225149809238832,-0.01020187331147282,0.0010232764977660125,0.9998159944504158,0.0,0.8061161032417049,0.18566379443469933,5,4,0,1,True,False,True,熊市
2021-05-07,2021,-0.01638629962611804,-0.012020438208956041,0.004365861417161998,0.999812929049774,0.0,0.8038292413927899,0.18785064487055142,5,4,0,1,True,False,True,熊市
2021-05-10,2021,0.009368237798141,0.0077522613628360215,-0.0016159764353049777,0.9998146653092294,0.0,0.8052403741282849,0.1865035156592639,5,4,0,1,True,False,True,熊市
2021-05-11,2021,-0.003825998578512735,-0.0005257156835353216,0.0033002828949774132,0.9998139534955679,0.0,0.8047615372738189,0.18697800986410726,5,4,0,1,True,False,True,熊市
2021-05-12,2021,0.00998334454964711,0.010257051289330299,0.00027370673968318826,0.9998157925024842,0.0,0.8067314597996564,0.18509195499212178,5,4,0,1,True,False,True,熊市
2021-05-13,2021,-0.019138390260640792,-0.017003093141282233,0.002135297119358559,0.8043668120199388,0.18555054898028503,0.80921046363534,0.18802101045954528,4,4,1,1,False,False,True,熊市
2021-05-14,2021,0.013263600205918546,0.01335029416021638,8.6693954297834e-05,0.8069078166059498,0.18314152593657604,0.8117039113487767,0.1855640364466998,4,4,1,1,False,False,True,熊市
2021-05-17,2021,0.017462999294213466,0.01760825194220139,0.0001452526479879257,0.8100000299225715,0.18022009851022988,0.8147373210532082,0.18257790098895896,4,4,1,1,False,False,True,熊市
2021-05-18,2021,-0.0005478976868755758,-0.0005494516825005347,-1.5539956249588371e-06,0.8099423729283198,0.18027239419802452,0.8146825812555307,0.1826311648198978,4,4,1,1,False,False,True,熊市
2021-05-19,2021,0.0028896759487950785,0.002956557814666416,6.688186587133771e-05,0.8101863687691224,0.18005659303582572,0.8149212888439892,0.18240037588451663,4,4,1,1,False,False,True,熊市
2021-05-20,2021,-0.0035112607248590777,-0.005666544198857482,-0.002155283473998404,0.9999410777581387,0.0,0.8136075091281079,0.18369889220449487,5,4,0,1,True,False,True,熊市
2021-05-21,2021,-0.005438566026180758,-0.003309540963720159,0.002129025062460599,0.9999407555533036,0.0,0.8128020660638476,0.18449539109250795,5,4,0,1,True,False,True,熊市
2021-05-24,2021,-0.0004710387179492903,-0.0017279860658488966,-0.0012569473478996063,0.9999407276337242,0.0,0.8124382115014633,0.18485456761492822,5,4,0,1,True,False,True,熊市
2021-05-25,2021,0.02313571893953381,0.016903755943312948,-0.006231962996220863,0.9999420679337271,0.0,0.8158722782873706,0.1814655023356372,5,4,0,1,True,False,True,熊市
2021-05-26,2021,0.0006176993148749865,0.001379585451469545,0.0007618861365945584,0.9999421036962343,0.0,0.8160387176807915,0.18130273064143304,5,4,0,1,True,False,True,熊市
2021-05-27,2021,0.003619477085142764,0.0026772105833614557,-0.0009422665017813081,0.9999873352219677,0.0,0.816312549756138,0.18068214472982708,5,4,0,1,True,False,True,熊市
2021-05-28,2021,0.003354790837156507,0.00537721524746293,0.0020224244103064226,0.9999873775675884,0.0,0.8172979777751742,0.17971279045345018,5,4,0,1,True,False,True,熊市
2021-05-31,2021,0.019040064651163036,0.018208493849788177,-0.0008315708013748591,0.9999876134090803,0.0,0.8209022240882741,0.17616200019444272,5,4,0,1,True,False,True,熊市
2021-06-01,2021,0.0030387212034554967,0.002351271443686631,-0.0006874497597688656,0.9999876509344476,0.0,0.8210752961848984,0.17599581471113038,5,4,0,1,True,False,True,弱牛
2021-06-02,2021,-0.015124927800612586,-0.013243700026507321,0.0018812277741052652,0.9999874612873236,0.0,0.8188012710910516,0.17823052986724988,5,4,0,1,True,False,True,弱牛
2021-06-03,2021,-0.006606531888612155,-0.007327738771675918,-0.000721206883063763,0.9999873778990109,0.0,0.8174920478483889,0.17951784236650864,5,4,0,1,True,False,True,弱牛
2021-06-04,2021,0.0052770334685092735,0.003723112934396644,-0.0015539205341126294,0.9999874441566167,0.0,0.8180961699540088,0.17892481148343084,5,4,0,1,True,False,True,弱牛
2021-06-07,2021,0.0008051975088672059,0.0014794041259278412,0.0006742066170606353,0.9999874542584166,0.0,0.8185712471280633,0.17845413497137166,5,4,0,1,True,False,True,弱牛
2021-06-08,2021,-0.015809752354162043,-0.010381409724641744,0.0054283426295203,0.9999872527271902,0.0,0.8166379981916443,0.18035617923206637,5,4,0,1,True,False,True,弱牛
2021-06-09,2021,0.004327153464392053,0.00356915615000708,-0.0007579973143849728,0.9999873076489412,0.0,0.8173439340521558,0.17966093346706896,5,4,0,1,True,False,True,弱牛
2021-06-10,2021,0.0230566121338609,0.023258562901531388,0.00020195076767048903,0.9999377271720844,0.0,0.8191471732660277,0.0,5,4,0,0,True,False,False,弱牛
2021-06-11,2021,-0.011685496566535725,-0.00493065024342676,0.006754846323108965,0.9999369908792198,0.0,0.8182510326760493,0.0,5,4,0,0,True,False,False,弱牛
2021-06-15,2021,-0.002392434455047221,-0.003086495185982252,-0.0006940607309350311,0.9999368397725155,0.0,0.8176883285798626,0.0,5,4,0,0,True,False,False,弱牛
2021-06-16,2021,-0.027184171936740054,-0.02497352791597418,0.002210644020765873,0.9999350748356857,0.0,0.8130187470392843,0.0,5,4,0,0,True,False,False,弱牛
2021-06-17,2021,0.028699633697186755,0.027842431993142958,-0.0008572017040437974,0.6123699058281279,0.0,0.6133608836255461,0.0,3,3,0,0,False,False,False,弱牛
2021-06-18,2021,0.0027024579574368435,0.0027487128018730544,4.6254844436210973e-05,0.6134146365198933,0.0,0.6144207303003066,0.0,3,3,0,0,False,False,False,弱牛
2021-06-21,2021,0.00459447242145683,0.004570718447998834,-2.3753973457996125e-05,0.6151826691338564,0.0,0.6161750859159122,0.0,3,3,0,0,False,False,False,弱牛
2021-06-22,2021,-0.0038329744245313435,-0.0038231810639405284,9.793360590815148e-06,0.613701998774913,0.0,0.6147020219823809,0.0,3,3,0,0,False,False,False,弱牛
2021-06-23,2021,0.012558816798991845,0.012685009016315751,0.00012619221732390606,0.6184932718809432,0.0,0.6195283088155089,0.0,3,3,0,0,False,False,False,弱牛
2021-06-24,2021,-0.011778922081253307,-0.0115022983151013,0.00027662376615200657,0.9999184080522662,0.0,0.8174112465899744,0.0,5,4,0,0,True,False,False,弱牛
2021-06-25,2021,0.00533529388505305,0.0026783316902561083,-0.0026569621947969413,0.9999188410590675,0.0,0.8178989735399705,0.0,5,4,0,0,True,False,False,弱牛
2021-06-28,2021,0.014113817302673803,0.011146732806909032,-0.0029670844957647713,0.9999199705796846,0.0,0.8199064284621449,0.0,5,4,0,0,True,False,False,弱牛
2021-06-29,2021,-0.007160391457480597,-0.010104671258342579,-0.002944279800861982,0.9999193934049097,0.0,0.8180680660784734,0.0,5,4,0,0,True,False,False,弱牛
2021-06-30,2021,0.024008335631807043,0.02029007189496368,-0.0037182637368433635,0.9999212832627573,0.0,0.8216860685671202,0.0,5,4,0,0,True,False,False,震荡
2021-07-01,2021,-0.015195051038314533,-0.015574649176295918,-0.0003795981379813851,0.811907750293766,0.1719666097503561,0.822969845204934,0.16609455047442878,4,4,1,1,False,False,True,震荡
2021-07-02,2021,-0.014273531780337412,-0.014455287900401625,-0.0001817561200642137,0.8092101272362682,0.17443073006463952,0.8203983997095886,0.1685056000923684,4,4,1,1,False,False,True,震荡
2021-07-05,2021,0.022165306846965827,0.022562338397710935,0.0003970315507451083,0.8133261493572894,0.17066945038620523,0.8243407577092163,0.1648080699158753,4,4,1,1,False,False,True,震荡
2021-07-06,2021,-0.00651308972372977,-0.00666471541282887,-0.00015162568909909968,0.8120511624844631,0.1718395158013184,0.8231127419256368,0.16596328049773046,4,4,1,1,False,False,True,震荡
2021-07-07,2021,0.018752470538880628,0.019017414037567848,0.0002649434986872201,0.8153195605004158,0.16886764671617424,0.826229257554702,0.16305063361678498,4,4,1,1,False,False,True,震荡
2021-07-08,2021,0.012644002452282255,0.012879034430339109,0.00023503197805685438,0.8223100269936782,0.1670100150369289,0.8323695254954225,0.16121957346405902,4,4,1,1,False,False,True,震荡
2021-07-09,2021,0.01164764147452213,0.01158414025483867,-6.350121968345945e-05,0.8242877397057562,0.1651552664047248,0.8342233740478664,0.1594391392464766,4,4,1,1,False,False,True,震荡
2021-07-12,2021,0.022381369496886183,0.02260646433318958,0.00022509483630339666,0.8281010109079816,0.16157310268163302,0.837855992151482,0.15594662212224117,4,4,1,1,False,False,True,震荡
2021-07-13,2021,-0.010786111801587395,-0.01108675154456329,-0.00030063974297589446,0.8258224982349749,0.16373902477478464,0.8356479701617665,0.15808516493784266,4,4,1,1,False,False,True,震荡
2021-07-14,2021,-0.01852738121702535,-0.018677716964556,-0.00015033574753064993,0.8224425582677032,0.16692191630807843,0.8324310153814668,0.1611828411377126,4,4,1,1,False,False,True,震荡
2021-07-15,2021,0.012812164404592874,0.012941407773777724,0.00012924336918485047,0.999954969783878,0.0,0.9999545452485851,0.0,5,5,0,0,True,True,False,震荡
2021-07-16,2021,-0.012024216803053211,-0.012096102011510457,-7.188520845724522e-05,0.9999544217410105,0.0,0.999953988691099,0.0,5,5,0,0,True,True,False,震荡
2021-07-19,2021,-0.003377366631069356,-0.0033356347678793474,4.173186319000877e-05,0.9999542672848644,0.0,0.9999538347005209,0.0,5,5,0,0,True,True,False,震荡
2021-07-20,2021,0.005994663008713319,0.0062428758229844394,0.0002482128142711204,0.9999545398034232,0.0,0.9999541211166924,0.0,5,5,0,0,True,True,False,震荡
2021-07-21,2021,0.03232232272676594,0.03246199364290203,0.00013967091613609206,0.9999559631758648,0.0,0.9999555636104862,0.0,5,5,0,0,True,True,False,震荡
2021-07-22,2021,0.006336327763982297,0.006364509231530091,2.818146754779427e-05,0.8156698674500487,0.16914366200449035,0.8199454016860626,0.1632454608933991,4,4,1,1,False,False,True,震荡
2021-07-23,2021,0.0017934655141393918,0.0017600189944511069,-3.344651968828494e-05,0.8159374165044165,0.1689033006012126,0.8202014712266259,0.16301892377634988,4,4,1,1,False,False,True,震荡
2021-07-26,2021,-0.0007468536507254653,-0.0008244123796773417,-7.755872895187643e-05,0.8153623773297486,0.16946700954808666,0.8196308602520191,0.16357569002310599,4,4,1,1,False,False,True,震荡
2021-07-27,2021,-0.024187752126940687,-0.02429031551075822,-0.00010256338381753327,0.8105651108514053,0.1738882374692051,0.8149276146231601,0.16786086232665534,4,4,1,1,False,False,True,震荡
2021-07-28,2021,-0.017969947076990844,-0.01798874963598751,-1.880255899666672e-05,0.8072943340689911,0.1768745295690257,0.8117262798333708,0.17074691174788192,4,4,1,1,False,False,True,震荡
2021-07-29,2021,0.0408677067014922,0.04097405932000098,0.00010635261850877598,0.6241157011032973,0.1698254582990085,0.62412306146949,0.16392529819500595,3,3,1,1,False,False,True,震荡
2021-07-30,2021,0.005606695185831123,0.005597724443053842,-8.97074277728116e-06,0.6259621932930927,0.16912783386746089,0.6259748347940832,0.16325336731537102,3,3,1,1,False,False,True,震荡
2021-08-02,2021,0.005432229848296277,0.005416855754378558,-1.5374093917719378e-05,0.6275093487015778,0.1686877824861064,0.6275326808384638,0.16283109048263592,3,3,1,1,False,False,True,熊市
2021-08-03,2021,-0.029658413843305254,-0.02965462064405977,3.7931992454831587e-06,0.6162079343113944,0.1737599783083942,0.6162305726676464,0.1677265284440788,3,3,1,1,False,False,True,熊市
2021-08-04,2021,0.02362291370855618,0.023625548720207945,2.635011651763719e-06,0.6251717482991784,0.16964323232755335,0.625191122146867,0.16375230627929577,3,3,1,1,False,False,True,熊市
2021-08-05,2021,0.010791107996510174,0.004739226345337633,-0.0060518816511725415,0.9999314869098734,0.0,0.8094352622343925,0.16291330799495032,5,4,0,1,True,False,True,熊市
2021-08-06,2021,0.0050492170867735275,0.004241262374163224,-0.0008079547126103037,0.9999318311094009,0.0,0.8101936609896982,0.16227169090663238,5,4,0,1,True,False,True,熊市
2021-08-09,2021,-0.014398684892523272,-0.012293651064484545,0.002105033828038727,0.9999308352276379,0.0,0.8082179530566456,0.16390468427038568,5,4,0,1,True,False,True,熊市
2021-08-10,2021,0.005251028032021932,0.005750306037371367,0.000499278005349435,0.9999311965166576,0.0,0.8094693362550505,0.16281268791573525,5,4,0,1,True,False,True,熊市
2021-08-11,2021,-0.0016653959077048697,-0.0009074346609049266,0.000757961246799943,0.9999310817404701,0.0,0.8094593271792039,0.16279752189482882,5,4,0,1,True,False,True,熊市
2021-08-12,2021,0.007522907936427847,-0.0007653889345314857,-0.008288296870959333,0.9999071714721552,0.0,0.8220437216332557,0.0,5,4,0,0,True,False,False,熊市
2021-08-13,2021,-0.008156991408914571,-0.0033055374165935625,0.004851453992321009,0.999906408043369,0.0,0.8214535295947303,0.0,5,4,0,0,True,False,False,熊市
2021-08-16,2021,-0.021424367499578656,-0.018400402186885767,0.003023965312692889,0.9999043589953371,0.0,0.8181066182147488,0.0,5,4,0,0,True,False,False,熊市
2021-08-17,2021,-0.01809332257758256,-0.012583058325836949,0.005510264251745611,0.9999025966450152,0.0,0.8157886763854271,0.0,5,4,0,0,True,False,False,熊市
2021-08-18,2021,0.004784352287563021,0.005683848500948052,0.0008994962133850315,0.9999030604380302,0.0,0.8168297881196416,0.0,5,4,0,0,True,False,False,熊市
2021-08-19,2021,-0.00213824818954933,-0.002081398112406707,5.68500771426228e-05,0.42571832123128883,0.1939043148309817,0.4251365842323453,0.19552932889973287,2,2,1,1,False,False,True,熊市
2021-08-20,2021,-0.0003776780771409527,-0.000374931102431475,2.746974709477712e-06,0.42537774464083766,0.19410117695222845,0.4247963326786026,0.19572730296183963,2,2,1,1,False,False,True,熊市
2021-08-23,2021,0.010481187377264778,0.01045487021954905,-2.631715771572729e-05,0.43145404386796815,0.19197182178858296,0.4308648121265725,0.19358515041642937,2,2,1,1,False,False,True,熊市
2021-08-24,2021,0.0024970101079873075,0.0024997167597231584,2.70665173585094e-06,0.4329515156617874,0.19141231730078165,0.4323659677385815,0.19302042272260497,2,2,1,1,False,False,True,熊市
2021-08-25,2021,-0.005135104675108471,-0.005128649244914074,6.455430194396428e-06,0.4299538762675152,0.1924710692676674,0.4293684142186068,0.19408681016343027,2,2,1,1,False,False,True,熊市
2021-08-26,2021,-0.009729627333458613,-0.004382183288251129,0.005347444045207483,0.9999217827737636,0.0,0.8286617686871168,0.1679345881534756,5,4,0,1,True,False,True,熊市
2021-08-27,2021,0.008306342347418783,0.002245124825023037,-0.006061217522395745,0.9999224271206564,0.0,0.8289934355434746,0.16761054578294798,5,4,0,1,True,False,True,熊市
2021-08-30,2021,0.007956017952785555,0.006084204764756684,-0.0018718131880288702,0.9999230394204093,0.0,0.8299662027788863,0.16665831566848216,5,4,0,1,True,False,True,熊市
2021-08-31,2021,0.011112289021979027,0.012325470188800258,0.0012131811668212311,0.9999238852297353,0.0,0.831803334697885,0.16486228159644592,5,4,0,1,True,False,True,熊市
2021-09-01,2021,-0.012967868103059499,-0.011063675449010546,0.0019041926540489529,0.9999228852153795,0.0,0.8298303580514733,0.16679795499266184,5,4,0,1,True,False,True,熊市
2021-09-02,2021,0.008444271993850672,0.0120144489721985,0.0035701769783478277,0.6005307284162057,0.1962311721732858,0.6088538612996929,0.19619905758293157,3,3,1,1,False,False,True,熊市
2021-09-03,2021,-0.016138704794014247,-0.01646483836851842,-0.0003261335745041727,0.5939780601897146,0.1994500374488275,0.6023058920928902,0.1994835215219737,3,3,1,1,False,False,True,熊市
2021-09-06,2021,0.0120863842878427,0.012168994598720229,8.26103108775289e-05,0.5977043548589007,0.19819063437483664,0.6059647096032995,0.19820772855390983,3,3,1,1,False,False,True,熊市
2021-09-07,2021,0.013937550765763973,0.014108962213096987,0.00017141144733301417,0.603866874050575,0.19483373565451487,0.6120793168236351,0.1948176053616943,3,3,1,1,False,False,True,熊市
2021-09-08,2021,-0.006651187257071256,-0.006644620295720438,6.5669613508179125e-06,0.603496388762796,0.1938563762351677,0.6117661974352545,0.19383904540124466,3,3,1,1,False,False,True,熊市
2021-09-09,2021,0.0015900327532607506,0.0014242017387995354,-0.00016583101446121518,0.9999568765336412,0.0,0.8122513459965798,0.0,5,4,0,0,True,False,False,熊市
2021-09-10,2021,0.01199015307787299,0.008348435321883008,-0.0036417177559899816,0.9999573874644653,0.0,0.8138057764293675,0.0,5,4,0,0,True,False,False,熊市
2021-09-13,2021,0.0055427763815261155,0.005675144971382773,0.00013236858985665734,0.9999576223542791,0.0,0.8148564926739531,0.0,5,4,0,0,True,False,False,熊市
2021-09-14,2021,-0.020004054339685107,-0.014825525616324997,0.00517852872336011,0.999956757325468,0.0,0.812070336635678,0.0,5,4,0,0,True,False,False,熊市
2021-09-15,2021,0.005499455516320584,0.007090356953734611,0.0015909014374140273,0.999956993835954,0.0,0.8133934437295427,0.0,5,4,0,0,True,False,False,熊市
2021-09-16,2021,-0.028307952409409975,-0.02682704963483218,0.001480902774577797,0.9999557409529567,0.0,0.8082493392357071,0.0,5,4,0,0,True,False,False,熊市
2021-09-17,2021,-0.00486559582038526,-0.00567684432674509,-0.0008112485063598296,0.9999555245534096,0.0,0.8071545858403963,0.0,5,4,0,0,True,False,False,熊市
2021-09-22,2021,-0.006522966146835674,-0.0023706739629452134,0.00415229218389046,0.9999552325367624,0.0,0.8066963258531548,0.0,5,4,0,0,True,False,False,熊市
2021-09-23,2021,0.008010057056636155,0.007232377667762524,-0.0007776793888736311,0.20929239376735417,0.0,0.20691917814744837,0.0,1,1,0,0,False,False,False,熊市
2021-09-24,2021,-0.002718083035939678,-0.0026872620538629377,3.082098207674022e-05,0.20713732718655017,0.0,0.20478221958157278,0.0,1,1,0,0,False,False,False,熊市
2021-09-27,2021,-0.005996080523821279,-0.0059279063563086876,6.817416751259131e-05,0.20235458102491852,0.0,0.20004013239762078,0.0,1,1,0,0,False,False,False,熊市
2021-09-28,2021,0.003290318390649194,0.003252685079636164,-3.7633311013030024e-05,0.20497048127149975,0.0,0.20263371381968437,0.0,1,1,0,0,False,False,False,熊市
2021-09-29,2021,-0.002550743766934316,-0.002521663994200618,2.9079772733697773e-05,0.20293737875851178,0.0,0.20061794086355014,0.0,1,1,0,0,False,False,False,熊市
2021-09-30,2021,0.00046675232707404923,0.0004627658439362303,-3.986483137818908e-06,0.0,0.19671343935981844,0.0,0.19609876335523602,0,0,1,1,False,False,True,熊市
2021-10-08,2021,-0.0003223154346215784,-0.00032130828653753607,1.007148084042342e-06,0.0,0.19645444422477057,0.0,0.19584038020569736,0,0,1,1,False,False,True,熊市
2021-10-11,2021,-0.0002534440703795271,-0.0002526518720400439,7.921983394831855e-07,0.0,0.19625073874043247,0.0,0.19563715642746923,0,0,1,1,False,False,True,熊市
2021-10-12,2021,-0.0002952248796395107,-0.0002943018524670382,9.230271724725014e-07,0.0,0.19601338188786843,0.0,0.19540036126329471,0,0,1,1,False,False,True,熊市
2021-10-13,2021,-7.382801577704434e-05,-7.359712288634856e-05,2.3089289069577745e-07,0.0,0.19595402076862833,0.0,0.1953411406863442,0,0,1,1,False,False,True,熊市
2021-10-14,2021,-0.0002617231150144894,-0.00026158841578860503,1.3469922588438266e-07,0.19988404425903183,0.0,0.19985262823924832,0.0,1,1,0,0,False,False,False,熊市
2021-10-15,2021,-0.0015323308333315966,-0.0015320899950197475,2.4083831184906757e-07,0.19865612032410293,0.0,0.19862484938873934,0.0,1,1,0,0,False,False,False,熊市
2021-10-18,2021,-0.007673412373033983,-0.007672204482826794,1.207890207188811e-06,0.19245952928438806,0.0,0.1924289995388,0.0,1,1,0,0,False,False,False,熊市
2021-10-19,2021,0.006358038021001988,0.006357029449049589,-1.0085719523988956e-06,0.1975614640057567,0.0,0.1975303229080429,0.0,1,1,0,0,False,False,False,熊市
2021-10-20,2021,-0.0010245192601854303,-0.001024357767889561,1.6149229586925884e-07,0.19673850713535157,0.0,0.19670746395886143,0.0,1,1,0,0,False,False,False,熊市
2021-10-21,2021,-0.003521742396776717,-0.0035220361650577514,-2.937682810344455e-07,0.39454629228676785,0.0,0.39453169796508364,0.0,2,2,0,0,False,False,False,震荡
2021-10-22,2021,0.004859135338832976,0.0048588801083602196,-2.552304727565513e-07,0.39747404743543846,0.0,0.39745937064354253,0.0,2,2,0,0,False,False,False,震荡
2021-10-25,2021,0.006353951791451484,0.006354402948827609,4.5115737612455575e-07,0.40127829627738754,0.0,0.40126398057097157,0.0,2,2,0,0,False,False,False,震荡
2021-10-26,2021,-0.0015874081873488155,-0.0015870497889609592,3.5839838785634015e-07,0.40032636944650973,0.0,0.40031224624793676,0.0,2,2,0,0,False,False,False,震荡
2021-10-27,2021,-0.0029566434844700007,-0.0029563566180068612,2.8686646313946795e-07,0.3985480905772931,0.0,0.39853409854967864,0.0,2,2,0,0,False,False,False,震荡
2021-10-28,2021,-0.004426657203244533,-0.004428865959124173,-2.2087558796402007e-06,0.7958322046851445,0.19384048238779447,0.7959247488776389,0.19373990884427977,4,4,1,1,False,False,True,震荡
2021-10-29,2021,0.007549449569755673,0.007551253154689963,1.8035849342901145e-06,0.7984222913630317,0.19132777705150522,0.7985139526833105,0.19122816490552594,4,4,1,1,False,False,True,震荡
2021-11-01,2021,-0.005889448898926841,-0.005889465846305675,-1.694737883362052e-08,0.7980279986253611,0.19166134570952165,0.7981197830685177,0.19156156316135967,4,4,1,1,False,False,True,震荡
2021-11-02,2021,-0.0027476550061413807,-0.0027493713502952932,-1.7163441539125301e-06,0.7962415935322744,0.19341934262207403,0.7963339206613312,0.19331897754331145,4,4,1,1,False,False,True,震荡
2021-11-03,2021,-0.009585460103080923,-0.009587054474130663,-1.5943710497401398e-06,0.795781366035827,0.19377950627656082,0.7958734736570315,0.1936792660945037,4,4,1,1,False,False,True,震荡
2021-11-04,2021,0.02412159733137731,0.02264294367677122,-0.001478653654606088,0.999011399643053,0.0,0.8032857668665614,0.0,5,4,0,0,True,False,False,熊市
2021-11-05,2021,-0.00838313861033424,-0.008547917034112174,-0.00016477842377793372,0.9990030420060005,0.0,0.8015897727049238,0.0,5,4,0,0,True,False,False,熊市
2021-11-08,2021,0.0009609560817214202,0.004765829154084411,0.003804873072362991,0.9990039991191045,0.0,0.8025308768092577,0.0,5,4,0,0,True,False,False,熊市
2021-11-09,2021,0.012052038611492177,0.007489305067300833,-0.004562733544191344,0.9990158600122361,0.0,0.8039987896670018,0.0,5,4,0,0,True,False,False,熊市
2021-11-10,2021,-0.010283597105788633,-0.011660532636038279,-0.0013769355302496455,0.9990056343565834,0.0,0.801686346842183,0.0,5,4,0,0,True,False,False,熊市
2021-11-11,2021,0.010935411484193525,0.006875711288081732,-0.004059700196111793,0.9999520140557846,0.0,0.8066147021677582,0.1773495545482271,5,4,0,1,True,False,True,熊市
2021-11-12,2021,0.007905009830176946,0.007768809186515346,-0.00013620064366159923,0.9999523904100611,0.0,0.8083037160001131,0.17578415897891203,5,4,0,1,True,False,True,熊市
2021-11-15,2021,-0.010064598692064664,-0.01712756707020291,-0.007062968378138246,0.9999519063669448,0.0,0.8048258366227327,0.17898475314674206,5,4,0,1,True,False,True,熊市
2021-11-16,2021,-0.0167378183788206,-0.01853364374721822,-0.0017958253683976189,0.9999510876814403,0.0,0.80106876777194,0.18243610722720302,5,4,0,1,True,False,True,熊市
2021-11-17,2021,0.013020613294696393,0.012429060884632026,-0.0005915524100643665,0.9999517163639932,0.0,0.8035080007557216,0.18019937624662954,5,4,0,1,True,False,True,熊市
2021-11-18,2021,-0.009389169536645148,-0.004897971693614611,0.004491197843030537,0.9999818922129121,0.0,0.8083790341774175,0.18120752619314973,5,4,0,1,True,False,True,熊市
2021-11-19,2021,0.004998316068485886,0.0029844076282821153,-0.002013908440203771,0.9999819822712153,0.0,0.8090567789966966,0.18056076684924832,5,4,0,1,True,False,True,熊市
2021-11-22,2021,0.016720622595573165,0.013724855175754502,-0.0029957674198186623,0.9999822785843189,0.0,0.8115721915148394,0.17818592272982414,5,4,0,1,True,False,True,熊市
2021-11-23,2021,-0.0026590557226249256,-0.0031144015291943994,-0.00045534580656947377,0.9999822313364524,0.0,0.8109806019532112,0.17874551529530028,5,4,0,1,True,False,True,震荡
2021-11-24,2021,-0.0025332268134380387,-0.004228258396026918,-0.0016950315825888795,0.999982186210082,0.0,0.8100447284219447,0.17963776373741347,5,4,0,1,True,False,True,震荡
2021-11-25,2021,-0.007760136846073906,-0.007612429574206714,0.00014770727186719235,0.9999933485022161,0.0,0.9999749308890024,0.0,5,5,0,0,True,True,False,震荡
2021-11-26,2021,-0.012273847388963088,-0.012257919723948185,1.592766501490317e-05,0.9999932658482654,0.0,0.9999746197803068,0.0,5,5,0,0,True,True,False,震荡
2021-11-29,2021,0.0031315596580905325,0.0034405656218796654,0.0003090059637891329,0.9999932868708299,0.0,0.9999747068032101,0.0,5,5,0,0,True,True,False,震荡
2021-11-30,2021,0.005273006893286469,0.0053177183583470455,4.4711465060576217e-05,0.9999933220835295,0.0,0.9999748405938461,0.0,5,5,0,0,True,True,False,震荡
2021-12-01,2021,0.0020505120419263,0.0018050234653426145,-0.0002454885765836856,0.9999933357486571,0.0,0.9999748859253402,0.0,5,5,0,0,True,True,False,震荡
2021-12-02,2021,-0.006016921061851699,-0.006020044266855984,-3.12320500428509e-06,0.9999143199702297,0.0,0.8197473242238182,0.16426843710103092,5,4,0,1,True,False,True,熊市
2021-12-03,2021,0.013907500597988953,0.013932547036306753,2.5046438317799513e-05,0.9999154952205012,0.0,0.8224538885325469,0.16178151379093875,5,4,0,1,True,False,True,熊市
2021-12-06,2021,-0.014913443187783648,-0.010741313462324653,0.004172129725458995,0.9999142158839602,0.0,0.8201911645076383,0.1638730667282892,5,4,0,1,True,False,True,熊市
2021-12-07,2021,-0.020137795185202312,-0.01689901001000005,0.0032387851752022634,0.9999124528779473,0.0,0.8171777105715216,0.16661259283948965,5,4,0,1,True,False,True,熊市
2021-12-08,2021,0.020836523960618747,0.017765798633303076,-0.003070725327315671,0.999914239821952,0.0,0.8203276552677312,0.16374559949210066,5,4,0,1,True,False,True,熊市
2021-12-09,2021,0.006711205988597868,0.006959897852171659,0.00024869186357379114,0.7966358611580622,0.18698470979992865,0.8029388578392452,0.1625542239400012,4,4,1,1,False,False,True,熊市
2021-12-10,2021,-0.0016843733736530142,-0.0016380202827743773,4.635309087863693e-05,0.796172182857123,0.18742075247800657,0.8025107353975234,0.16292573061200238,4,4,1,1,False,False,True,熊市
2021-12-13,2021,-3.004686691621128e-05,-2.500325494692035e-05,5.043611969290929e-06,0.7961721627335103,0.18742027960591803,0.8025111039976036,0.1629244977894613,4,4,1,1,False,False,True,熊市
2021-12-14,2021,-0.008087931864835585,-0.008315742358690259,-0.00022781049385467433,0.7942070795652084,0.1892515775197702,0.8005915245411008,0.16455423839039393,4,4,1,1,False,False,True,熊市
2021-12-15,2021,-0.006169570940378288,-0.006288424612326593,-0.00011885367194830465,0.792912514520417,0.19044345604422638,0.7993148153718843,0.16561038230943703,4,4,1,1,False,False,True,熊市
2021-12-16,2021,0.00518668537927125,0.0012624263492733157,-0.003924259029997934,0.9999861516942834,0.0,0.8060693014733112,0.16534913784852337,5,4,0,1,True,False,True,熊市
2021-12-17,2021,-0.01170314992194399,-0.010584448507371058,0.0011187014145729313,0.9999859877063096,0.0,0.8037555224396232,0.16735716056293587,5,4,0,1,True,False,True,熊市
2021-12-20,2021,-0.0168390426920052,-0.01057313177420982,0.006265910917795381,0.9999857477114137,0.0,0.8016913936342115,0.1691125961045748,5,4,0,1,True,False,True,熊市
2021-12-21,2021,0.013456838167130503,0.00966345350798603,-0.003793384659144472,0.9999859369555273,0.0,0.8036587737703318,0.1674246499588576,5,4,0,1,True,False,True,熊市
2021-12-22,2021,0.008737430403747748,0.0021897956953449427,-0.006547634708402805,0.9999860587660884,0.0,0.8039873390793387,0.16715926768615175,5,4,0,1,True,False,True,熊市
2021-12-23,2021,-0.0012095173547067573,-0.0011259238438779962,8.35935108287611e-05,0.40453811758983493,0.19122080756233925,0.40095746818951383,0.16738845423947923,2,2,1,1,False,False,True,熊市
2021-12-24,2021,-0.0001153382041506612,-0.0001447185924723371,-2.9380388321675888e-05,0.4044834027552812,0.1912288925790767,0.4008829945599694,0.16740045045683966,2,2,1,1,False,False,True,熊市
2021-12-27,2021,-0.003392700561425821,-0.003316475873478275,7.622468794754589e-05,0.40228319999905915,0.1920527988508466,0.3987380685766203,0.16810883464520152,2,2,1,1,False,False,True,熊市
2021-12-28,2021,0.0013611236808690474,0.0013579352788850585,-3.1884019839889532e-06,0.4030023199582132,0.1918850872351799,0.399471732358372,0.1679625670886664,2,2,1,1,False,False,True,熊市
2021-12-29,2021,-0.005318318160253965,-0.005261043236021279,5.727492423268643e-05,0.3997618364182985,0.19295953344012917,0.3962531806129328,0.16889333585591365,2,2,1,1,False,False,True,熊市
2021-12-30,2021,0.00967067592691273,0.010081880636018559,0.00041120470910582796,0.20662970623252383,0.38878403545242185,0.20150760015068214,0.16764125492589763,1,1,2,1,False,False,True,熊市
2021-12-31,2021,0.005616421020238516,0.003487556827566296,-0.0021288641926722196,0.20888403253681292,0.388789344848388,0.20413819970898156,0.16720313817686316,1,1,2,1,False,False,True,熊市
2022-01-04,2022,0.006689417222127014,0.007769085178569224,0.0010796679564422096,0.21547662077028237,0.3848702034518448,0.21035539990889357,0.1658323881866684,1,1,2,1,False,False,True,熊市
2022-01-05,2022,0.0008454725951674291,5.516935759097841e-05,-0.0007903032375764507,0.21553622763243474,0.38514820695707097,0.21057987146591675,0.16564233005006707,1,1,2,1,False,False,True,熊市
2022-01-06,2022,-0.004380038922770502,-0.00316145415423974,0.0012185847685307616,0.2133293956402554,0.38559832676253025,0.20816899905462638,0.16607490324674723,1,1,2,1,False,False,True,熊市
2022-01-07,2022,-0.0048175951246829385,-0.00353892877330908,0.0012786663513738583,0.21070404906709136,0.38628211584861233,0.20534332244932998,0.16667820877989212,1,1,2,1,False,False,True,熊市
2022-01-10,2022,0.0006034655113107412,0.00019426993609195087,-0.00040919557521879035,0.21057697312633344,0.3866522500621399,0.20530343816351848,0.16684006670688745,1,1,2,1,False,False,True,熊市
2022-01-11,2022,-0.005169695284818143,-0.006658972307458266,-0.001489277022640123,0.20456654271036512,0.39056965800394755,0.1997425463655848,0.16819205250217914,1,1,2,1,False,False,True,熊市
2022-01-12,2022,0.0029645247027001442,0.001978879129635569,-0.0009856455730645752,0.2059160185587414,0.39041686329897185,0.20125798218798402,0.16792492745450582,1,1,2,1,False,False,True,熊市
2022-01-13,2022,0.0007269323711009967,0.00030012998470541064,-0.0004268023863955861,0.2005144078853462,0.3905462283974637,0.20055788676383834,0.16785422144403248,1,1,2,1,False,False,True,熊市
2022-01-14,2022,-0.004175303989278234,-0.004014312902234085,0.00016099108704414888,0.1969222450427342,0.392423786085633,0.19693310760264582,0.16893339030604104,1,1,2,1,False,False,True,熊市
2022-01-17,2022,-0.0010490515359697916,-0.0002208340639702211,0.0008282174719995705,0.19695836907207817,0.3919564124764582,0.19680606423055685,0.16892036446771053,1,1,2,1,False,False,True,熊市
2022-01-18,2022,0.004335580003373529,0.004590981460183441,0.00025540145680991166,0.20018663183247357,0.3905027486531975,0.19998097567876938,0.16864408366646833,1,1,2,1,False,False,True,熊市
2022-01-19,2022,0.0007086161732754448,0.0009373189254830994,0.00022870275220765457,0.20106378109347778,0.3899154381326554,0.2008113302419752,0.16840497459862167,1,1,2,1,False,False,True,熊市
2022-01-20,2022,0.006531778545924682,0.003701524214829055,-0.0028302543310956274,0.2034707377131242,0.19097276558535392,0.20378829454424477,0.167754260745935,1,1,1,1,False,False,True,熊市
2022-01-21,2022,-0.0003678330653545947,-0.00042699065573481576,-5.915759038022106e-05,0.20270172125241603,0.19151895638098768,0.20303009307001954,0.16824400213379387,1,1,1,1,False,False,True,熊市
2022-01-24,2022,0.00035175981443047455,0.0002674418057482253,-8.431800868224926e-05,0.20229300779520176,0.19214068373049614,0.2026377975145374,0.16880440032290334,1,1,1,1,False,False,True,熊市
2022-01-25,2022,-0.0030875704029419415,-0.003086595575748863,9.748271930787311e-07,0.19987320449724458,0.19268496761917106,0.2002136741074818,0.169282413142372,1,1,1,1,False,False,True,熊市
2022-01-26,2022,-0.0008974908211653032,-0.0007884860654012726,0.00010900475576403057,0.20005275000412215,0.19195975891966924,0.20037166437274098,0.1686268870276441,1,1,1,1,False,False,True,熊市
2022-01-27,2022,-0.002040538370438827,-0.0010897133947386228,0.0009508249757002041,0.19944336579053637,0.3915887701232204,0.19957116346314735,0.16873902709056413,1,1,2,1,False,False,True,熊市
2022-01-28,2022,-0.0024715524919785015,-0.0018584295658493621,0.0006131229261291393,0.19772544716089477,0.3922933988099572,0.1977306104927639,0.16940344327525092,1,1,2,1,False,False,True,熊市
2022-02-07,2022,0.006884148275867696,0.005464727385983359,-0.0014194208898843375,0.20195045684329976,0.3908714634032579,0.202240832682603,0.16833286424129007,1,1,2,1,False,False,True,熊市
2022-02-08,2022,0.004598722604961081,0.003419417527656954,-0.001179305077304127,0.20422222325449538,0.3904636243468086,0.2047562302600152,0.16796240356215894,1,1,2,1,False,False,True,熊市
2022-02-09,2022,2.4450680622400967e-05,-0.0009218228815616181,-0.000946273562184019,0.203207919147532,0.3914878384183587,0.203932244890762,0.1682076130860746,1,1,2,1,False,False,True,熊市
2022-02-10,2022,0.0004999860559007363,9.504822290962167e-05,-0.00040493783299111463,0.0,0.3918528658810984,0.0,0.1683478398194459,0,0,2,1,False,False,True,熊市
2022-02-11,2022,-0.0019224217362266982,-0.0007285453387487761,0.001193876397477922,0.0,0.39068149875001035,0.0,0.16774150176992636,0,0,2,1,False,False,True,熊市
2022-02-14,2022,0.0031213331174326786,-0.00014958870970083193,-0.0032709218271335105,0.0,0.39257746681910277,0.0,0.16761698666898528,0,0,2,1,False,False,True,熊市
2022-02-15,2022,0.002026448717430629,2.6956953123047356e-06,-0.002023753022118324,0.0,0.39380588809967715,0.0,0.16761923051392363,0,0,2,1,False,False,True,熊市
2022-02-16,2022,-0.0025809131943018704,0.00013074087020714664,0.002711654064509017,0.0,0.39223730534202994,0.0,0.16772804247389972,0,0,2,1,False,False,True,熊市
2022-02-17,2022,0.0016291231812630702,0.0004897922024791335,-0.0011393309787839367,0.0,0.20354371589099188,0.0,0.20047925259431823,0,0,1,1,False,False,True,熊市
2022-02-18,2022,0.00185735006449117,0.0018293866312955043,-2.7963433195665743e-05,0.0,0.20502027154091443,0.0,0.20193921432659026,0,0,1,1,False,False,True,熊市
2022-02-21,2022,-0.0003271600077779935,-0.00032224342711684173,4.916580661151748e-06,0.0,0.2047601008493229,0.0,0.20168196158596244,0,0,1,1,False,False,True,熊市
2022-02-22,2022,0.0025635920990725314,0.0025250538610921414,-3.853823798039002e-05,0.0,0.2067935586153899,0.0,0.20369268045778857,0,0,1,1,False,False,True,熊市
2022-02-23,2022,-0.0015777461720196673,-0.0015540878014405068,2.3658370579160426e-05,0.0,0.20554010255337044,0.0,0.20245322274017075,0,0,1,1,False,False,True,熊市
2022-02-24,2022,0.00320044833068045,0.0031346125677549352,-6.583576292551463e-05,0.19844529829529117,0.20928407178078565,0.19838439817725842,0.20615449264617589,1,1,1,1,False,False,True,熊市
2022-02-25,2022,8.795261974503532e-05,0.00012452210542535092,3.6569485680315594e-05,0.20101416120123616,0.20676729604713728,0.2009451249210898,0.20366790474143384,1,1,1,1,False,False,True,熊市
2022-02-28,2022,0.0035116456650923222,0.0035263491566177585,1.4703491525436263e-05,0.20489254479310598,0.204961296654718,0.20481917550285214,0.20188601879737658,1,1,1,1,False,False,True,熊市
2022-03-01,2022,-0.0049222890214073445,-0.004919733734030207,2.555287377137283e-06,0.20101382626055142,0.20592077589046384,0.20094132988496463,0.2028305809719304,1,1,1,1,False,False,True,熊市
2022-03-02,2022,0.005507796326460035,0.005465183302845844,-4.261302361419084e-05,0.20263167541194776,0.20755151758197996,0.2025671802702782,0.20444551490375126,1,1,1,1,False,False,True,熊市
2022-03-03,2022,-0.00483290672971981,-0.004826539191831403,6.367537888407604e-06,0.4003384020393283,0.20801591777237213,0.40037250200401997,0.20490165430297747,2,2,1,1,False,False,True,熊市
2022-03-04,2022,-0.006639001627563479,-0.0066509169429469495,-1.191531538347057e-05,0.3955645867881216,0.2101722190357551,0.3956031337412676,0.20702815627993496,2,2,1,1,False,False,True,熊市
2022-03-07,2022,-0.0025270800303897056,-0.002599900724665871,-7.282069427616555e-05,0.3893704385853156,0.21536750839761082,0.38943426202457043,0.21216121579069394,2,2,1,1,False,False,True,熊市
2022-03-08,2022,-0.009987384765790641,-0.010059457691232288,-7.207292544164634e-05,0.3782788212944468,0.2224716671995149,0.3783714519608415,0.21917556712015765,2,2,1,1,False,False,True,熊市
2022-03-09,2022,-0.001953440682537999,-0.001989686253012435,-3.624557047443577e-05,0.18594394109764123,0.22546095773224653,0.18591965580823636,0.2221286358011387,1,1,1,1,False,False,True,熊市
2022-03-10,2022,-0.0055112256608530474,-0.0054047748095213954,0.000106450851331652,0.0,0.21945299718234565,0.0,0.21618633239430662,0,0,1,1,False,False,True,熊市
2022-03-11,2022,0.00033495751287060394,0.00032997150708879985,-4.9860057818040815e-06,0.0,0.2197143597197425,0.0,0.21644488325706535,0,0,1,1,False,False,True,熊市
2022-03-14,2022,-0.0011161511796786705,-0.0010995422060302573,1.6608973648413183e-05,0.0,0.2188424698209183,0.0,0.21558238297999813,0,0,1,1,False,False,True,熊市
2022-03-15,2022,-0.004748943052024002,-0.004678198252055066,7.07447999689359e-05,0.0,0.2151150961099511,0.0,0.21189547376291912,0,0,1,1,False,False,True,熊市
2022-03-16,2022,-0.0020209142640810196,-0.0019906672900483757,3.024697403264387e-05,0.0,0.21352569897667995,0.0,0.21032349056586908,0,0,1,1,False,False,True,熊市
2022-03-17,2022,0.001847874799020932,0.001820162536506853,-2.77122625140791e-05,0.0,0.0,0.0,0.0,0,0,0,0,False,False,False,熊市
2022-03-18,2022,0.0,0.0,0.0,0.0,0.0,0.0,0.0,0,0,0,0,False,False,False,熊市
2022-03-21,2022,0.0,0.0,0.0,0.0,0.0,0.0,0.0,0,0,0,0,False,False,False,熊市
2022-03-22,2022,0.0,0.0,0.0,0.0,0.0,0.0,0.0,0,0,0,0,False,False,False,熊市
2022-03-23,2022,0.0,0.0,0.0,0.0,0.0,0.0,0.0,0,0,0,0,False,False,False,熊市
2022-03-24,2022,0.0,0.0,0.0,0.0,0.0,0.0,0.0,0,0,0,0,False,False,False,熊市
2022-03-25,2022,0.0,0.0,0.0,0.0,0.0,0.0,0.0,0,0,0,0,False,False,False,熊市
2022-03-28,2022,0.0,0.0,0.0,0.0,0.0,0.0,0.0,0,0,0,0,False,False,False,熊市
2022-03-29,2022,0.0,0.0,0.0,0.0,0.0,0.0,0.0,0,0,0,0,False,False,False,熊市
2022-03-30,2022,0.0,0.0,0.0,0.0,0.0,0.0,0.0,0,0,0,0,False,False,False,熊市
2022-03-31,2022,-0.00019653823466259102,-0.00019278836695479917,3.749867707791843e-06,0.0,0.19498249936174417,0.0,0.19126159708922744,0,0,1,1,False,False,True,熊市
2022-04-01,2022,0.0002478458157615382,0.00024311610893068547,-4.72970683085272e-06,0.0,0.19518197014289368,0.0,0.19145816663366322,0,0,1,1,False,False,True,熊市
2022-04-06,2022,0.00018191766328068404,0.0001784469245007525,-3.470738779931537e-06,0.0,0.19532835412841879,0.0,0.19160242269510708,0,0,1,1,False,False,True,熊市
2022-04-07,2022,0.0002273557190795028,0.00022301885859632442,-4.336860483178384e-06,0.0,0.19551125924456467,0.0,0.191782670401452,0,0,1,1,False,False,True,熊市
2022-04-08,2022,0.0002680620060362404,0.0002629498042692191,-5.112201767021318e-06,0.0,0.19572685431739734,0.0,0.19199513512252006,0,0,1,1,False,False,True,熊市
2022-04-11,2022,-0.00040120165509849315,-0.0003935523628102455,7.649292288247622e-06,0.0,0.19540404909020676,0.0,0.19167701770292328,0,0,1,1,False,False,True,熊市
2022-04-12,2022,7.368767998494619e-05,7.22822009406876e-05,-1.405479044258584e-06,0.0,0.19546333353062167,0.0,0.19173544084420138,0,0,1,1,False,False,True,熊市
2022-04-13,2022,5.800517593401722e-05,5.689889647375601e-05,-1.1062794602612058e-06,0.0,0.19550999811471823,0.0,0.1917814275890811,0,0,1,1,False,False,True,熊市
2022-04-14,2022,-0.0019333137372541387,-0.0019395984506902497,-6.2847134361110335e-06,0.1981816164944007,0.1962044137251717,0.19820715821949472,0.19246381192466266,1,1,1,1,False,False,True,熊市
2022-04-15,2022,0.0030287257585979166,0.0030324925261717706,3.7667675738539685e-06,0.2007781534343449,0.1954365767844757,0.2008032757068267,0.19170989371081962,1,1,1,1,False,False,True,熊市
2022-04-18,2022,-0.0057808996803895285,-0.005777174798524798,3.7248818647306337e-06,0.19636417005810985,0.19633984298380297,0.19638800425742725,0.19259521440962657,1,1,1,1,False,False,True,熊市
2022-04-19,2022,-0.00043022520231539296,-0.00043175869916489695,-1.5334968495039902e-06,0.19594106788746185,0.19650155866053928,0.19596515137296558,0.1927541415311681,1,1,1,1,False,False,True,熊市
2022-04-20,2022,-0.0016353395311330399,-0.00163662928914321,-1.2897580101700612e-06,0.1945671868099836,0.1968802496741278,0.19459135281603673,0.1931258601455916,1,1,1,1,False,False,True,熊市
2022-04-21,2022,-0.0021493100051555025,-0.002900888567533122,-0.0007515785623776194,0.19829231036421155,0.39795268949082524,0.19846975340787804,0.1935169316699307,1,1,2,1,False,False,True,熊市
2022-04-22,2022,0.0002758439125531975,-0.00043770097275031006,-0.0007135448853035076,0.19785006637684685,0.39850627612395195,0.19816847678475746,0.19355196373816405,1,1,2,1,False,False,True,熊市
2022-04-25,2022,-0.009117020898242623,-0.007752827811890239,0.0013641930863523832,0.1918479209914342,0.4007945342608428,0.19189248483489477,0.19507522187502035,1,1,2,1,False,False,True,熊市
2022-04-26,2022,-0.0006570650725117311,0.0010907611877266632,0.0017478262602383943,0.19295252150377082,0.3994220973478843,0.19266038365057772,0.19497526632509135,1,1,2,1,False,False,True,熊市
2022-04-27,2022,0.004734138737942928,0.0046253867288226225,-0.00010875200912030536,0.1967178450326404,0.3975774362440889,0.19644126905067694,0.19401376213436958,1,1,2,1,False,False,True,熊市
2022-04-28,2022,-0.0016326285769242554,-0.0004951195408028353,0.0011375090361214202,0.0,0.0,0.0,0.0,0,0,0,0,False,False,False,熊市
2022-04-29,2022,0.0,0.0,0.0,0.0,0.0,0.0,0.0,0,0,0,0,False,False,False,熊市
2022-05-05,2022,0.0,0.0,0.0,0.0,0.0,0.0,0.0,0,0,0,0,False,False,False,熊市
2022-05-06,2022,0.0,0.0,0.0,0.0,0.0,0.0,0.0,0,0,0,0,False,False,False,熊市
2022-05-09,2022,0.0,0.0,0.0,0.0,0.0,0.0,0.0,0,0,0,0,False,False,False,熊市
2022-05-10,2022,0.0,0.0,0.0,0.0,0.0,0.0,0.0,0,0,0,0,False,False,False,熊市
2022-05-11,2022,0.0,0.0,0.0,0.0,0.0,0.0,0.0,0,0,0,0,False,False,False,熊市
2022-05-12,2022,9.79860806586963e-05,9.585965786418349e-05,-2.1264227945128056e-06,0.0,0.1988483624290369,0.0,0.19453351323122303,0,0,1,1,False,False,True,熊市
2022-05-13,2022,0.00017190950611833955,0.0001681792083905176,-3.730297727821963e-06,0.0,0.1989860643391103,0.0,0.19466895316917132,0,0,1,1,False,False,True,熊市
2022-05-16,2022,-2.3872216433296067e-05,-2.3354295680566572e-05,5.179207527294949e-07,0.0,0.19896694190457723,0.0,0.19465014479052642,0,0,1,1,False,False,True,熊市
2022-05-17,2022,0.0002371363442075225,0.00023199142175700516,-5.144922450517342e-06,0.0,0.19915685092123336,0.0,0.19483693571455618,0,0,1,1,False,False,True,熊市
2022-05-18,2022,0.00031504607067733836,0.0003082124001045905,-6.833670572747863e-06,0.0,0.1994090739467064,0.0,0.19508502049227036,0,0,1,1,False,False,True,熊市
2022-05-19,2022,0.017180359017785696,0.017175580791078948,-4.778226706747546e-06,0.4103668349044108,0.19587838631874063,0.41019068683284543,0.19163179367728625,2,2,1,1,False,False,True,熊市
2022-05-20,2022,0.002578159389803325,0.00257809990127722,-5.948852610515587e-08,0.411990716995022,0.19526705628771285,0.4118126537549817,0.19103372845795866,2,2,1,1,False,False,True,熊市
2022-05-23,2022,0.00449211851291742,0.00449120623681365,-9.122761037705374e-07,0.41453490914520547,0.1944792190107291,0.41435896183743576,0.1902631440394884,2,2,1,1,False,False,True,熊市
2022-05-24,2022,-0.009105553617529294,-0.009100856121174394,4.697496354899577e-06,0.40905778085503636,0.19636348952197952,0.4088851252481908,0.19210565512993258,2,2,1,1,False,False,True,熊市
2022-05-25,2022,0.008330189657429488,0.008326694431293635,-3.495226135852292e-06,0.413784363614967,0.1948966679853678,0.41361447158601927,0.1906713002521231,2,2,1,1,False,False,True,熊市
2022-05-26,2022,0.0025799653094438213,-0.004288004430036296,-0.006867969739480118,0.9999670608671801,0.0,0.8118823923990798,0.18225434053626335,5,4,0,1,True,False,True,熊市
2022-05-27,2022,-0.004417507605398829,-0.004238969003456439,0.00017853860194239068,0.9999669147126717,0.0,0.811396238143108,0.18271553478017152,5,4,0,1,True,False,True,熊市
2022-05-30,2022,0.012906789174188749,0.010360947587476632,-0.0025458415867121165,0.9999673362962103,0.0,0.8135465895865199,0.18062556533417423,5,4,0,1,True,False,True,熊市
2022-05-31,2022,0.010134194840730748,0.009224689361307714,-0.000909505479423034,0.9999676639955793,0.0,0.8154208543042134,0.17880456929001715,5,4,0,1,True,False,True,熊市
2022-06-01,2022,0.005287794000659041,0.004109049904326589,-0.0011787440963324514,0.9999678340823259,0.0,0.8162274169593242,0.17802163755689643,5,4,0,1,True,False,True,熊市
2022-06-02,2022,0.026201787369369844,0.02220781599725874,-0.003993971372111105,0.9999686553677162,0.0,0.8202491695181401,0.17412482626453837,5,4,0,1,True,False,True,熊市
2022-06-06,2022,0.03066703568147,0.028597671000414993,-0.002069364681055008,0.9999695880132005,0.0,0.8251912251478041,0.16933918807795245,5,4,0,1,True,False,True,熊市
2022-06-07,2022,-0.009506699743249247,-0.009236404190149705,0.0002702955530995421,0.9999692961206385,0.0,0.8235697634238421,0.170909659520869,5,4,0,1,True,False,True,熊市
2022-06-08,2022,0.00716894970003934,0.00947815586336409,0.0023092061633247507,0.999969514668447,0.0,0.8252668858355653,0.16926437071196507,5,4,0,1,True,False,True,熊市
2022-06-09,2022,-0.02360352054176318,-0.01958327064553933,0.004020249896223849,0.9999687777125436,0.0,0.8218491783026586,0.0,5,4,0,0,True,False,False,熊市
2022-06-10,2022,0.02875887815853906,0.02269882215901342,-0.0060600559995256376,0.9999696505292743,0.0,0.8258032395879285,0.0,5,4,0,0,True,False,False,熊市
2022-06-13,2022,0.006289362929230657,0.006242969238216656,-4.63936910140017e-05,0.9999698402151074,0.0,0.8268839974663889,0.0,5,4,0,0,True,False,False,熊市
2022-06-14,2022,-0.002668527446001989,0.0006881201981625562,0.0033566476441645454,0.9999697595175501,0.0,0.8270030401686694,0.0,5,4,0,0,True,False,False,熊市
2022-06-15,2022,-0.003231613845596115,-0.004302114404023061,-0.0010705005584269456,0.9999696614751531,0.0,0.8262555717613251,0.0,5,4,0,0,True,False,False,熊市
2022-06-16,2022,-0.003941711823967076,-0.004716027926271793,-0.0007743161023047174,0.9999856860058367,0.0,0.8349214219389557,0.0,5,4,0,0,True,False,False,熊市
2022-06-17,2022,0.015248070222230625,0.014843732898827122,-0.00040433732340350304,0.9999859009885531,0.0,0.8373359634497527,0.0,5,4,0,0,True,False,False,熊市
2022-06-20,2022,0.0035065313339568416,0.0011618584994934622,-0.0023446728344633794,0.9999859502544263,0.0,0.8375247367153573,0.0,5,4,0,0,True,False,False,熊市
2022-06-21,2022,-0.016803073909760102,-0.013472908108581816,0.0033301658011782864,0.9999857101408671,0.0,0.8353058272600127,0.0,5,4,0,0,True,False,False,熊市
2022-06-22,2022,-0.007487417480856795,-0.004090349389735626,0.0033970680911211693,0.9999856023395727,0.0,0.8346294037425306,0.0,5,4,0,0,True,False,False,熊市
2022-06-23,2022,0.030110062190052078,0.03020656313013026,9.650094007818133e-05,0.9999844377530615,0.0,0.8394782151697664,0.0,5,4,0,0,True,False,False,熊市
2022-06-24,2022,0.005628256790060293,0.003414994778271341,-0.0022132620117889523,0.999984524851173,0.0,0.8400245305625468,0.0,5,4,0,0,True,False,False,熊市
2022-06-27,2022,0.017109916706267603,0.011994538990998338,-0.005115377715269265,0.9999847851755519,0.0,0.8419206198514119,0.0,5,4,0,0,True,False,False,弱牛
2022-06-28,2022,0.016343238355030598,0.015984663791136056,-0.00035857456389454256,0.9999850298365022,0.0,0.8444077102909047,0.0,5,4,0,0,True,False,False,弱牛
2022-06-29,2022,-0.03960550615074354,-0.037282778158594265,0.002322727992149276,0.9999844124850843,0.0,0.8383821477593479,0.0,5,4,0,0,True,False,False,弱牛
2022-06-30,2022,0.014879711530894513,0.009056936558555329,-0.005822774972339184,0.9999846410222427,0.0,0.8398327721804693,0.0,5,4,0,0,True,False,False,弱牛
2022-07-01,2022,-0.0007481611214806838,0.0005708588139026194,0.0013190199353833032,0.9999846295226492,0.0,0.8399241528886855,0.0,5,4,0,0,True,False,False,弱牛
2022-07-04,2022,0.010291693433321702,0.008009366091372927,-0.0022823273419487755,0.9999847860994496,0.0,0.8411960716872903,0.0,5,4,0,0,True,False,False,弱牛
2022-07-05,2022,-0.002139595180115861,-0.001948407071333369,0.00019118810878249182,0.9999847534780647,0.0,0.8408860529477057,0.0,5,4,0,0,True,False,False,弱牛
2022-07-06,2022,-0.011296956444209805,-0.0065016188199022995,0.004795337624307505,0.9999845792707581,0.0,0.8398447847863674,0.0,5,4,0,0,True,False,False,弱牛
2022-07-07,2022,0.008294135385355839,0.0049332258309449095,-0.003360909554410929,0.9999741317690287,0.0,0.8419063565152967,0.0,5,4,0,0,True,False,False,弱牛
2022-07-08,2022,-0.009757919024129702,-0.007523650218928868,0.002234268805200834,0.9999738768615591,0.0,0.840707898460677,0.0,5,4,0,0,True,False,False,弱牛
2022-07-11,2022,-0.02117966484552547,-0.020248496553220474,0.0009311682923049958,0.9999733116104124,0.0,0.8374158131128848,0.0,5,4,0,0,True,False,False,弱牛
2022-07-12,2022,-0.017320825488788993,-0.01444937359582521,0.0028714518929637833,0.9999728411975344,0.0,0.83503213073862,0.0,5,4,0,0,True,False,False,弱牛
2022-07-13,2022,0.007342648673736907,0.00852459431619601,0.0011819456424591035,0.9999730391614995,0.0,0.8364265282263819,0.0,5,4,0,0,True,False,False,弱牛
2022-07-14,2022,-0.0026869996526317497,-0.0025397800833815154,0.00014721956925023427,0.0,0.0,0.0,0.0,0,0,0,0,False,False,False,弱牛
2022-07-15,2022,0.0,0.0,0.0,0.0,0.0,0.0,0.0,0,0,0,0,False,False,False,弱牛
2022-07-18,2022,0.0,0.0,0.0,0.0,0.0,0.0,0.0,0,0,0,0,False,False,False,弱牛
2022-07-19,2022,0.0,0.0,0.0,0.0,0.0,0.0,0.0,0,0,0,0,False,False,False,弱牛
2022-07-20,2022,0.0,0.0,0.0,0.0,0.0,0.0,0.0,0,0,0,0,False,False,False,弱牛
2022-07-21,2022,-0.0025583956269646935,-0.0025587349918081426,-3.39364843449097e-07,0.39849844137535195,0.19869051781173785,0.3984824597328451,0.19703672146889945,2,2,1,1,False,False,True,弱牛
2022-07-22,2022,0.0014448233522272869,0.0014437101855580003,-1.1131666692865139e-06,0.3992190378129531,0.19855107251170345,0.3992036367323934,0.19689865570368453,2,2,1,1,False,False,True,弱牛
2022-07-25,2022,-0.009851283340001071,-0.00985129674268459,-1.3402683518570768e-08,0.3932081173516944,0.20056008846676276,0.3931928342298483,0.19889095456348113,2,2,1,1,False,False,True,弱牛
2022-07-26,2022,0.003948207860306585,0.003946405189724667,-1.8026705819185196e-06,0.39539060895740064,0.19997517684609617,0.3953759966115966,0.19831126687376546,2,2,1,1,False,False,True,震荡
2022-07-27,2022,0.0028480850112471146,0.0028479543530668394,-1.3065818027513387e-07,0.3970934065898155,0.19942153894955275,0.39707887609876513,0.1977622613329319,2,2,1,1,False,False,True,震荡
2022-07-28,2022,0.002433272319732449,0.002433575723940651,3.0340420820174074e-07,0.0,0.19889628530824355,0.0,0.19724131834147163,0,0,1,1,False,False,True,震荡
2022-07-29,2022,0.00041026200101001997,0.00040684831201964755,-3.413688990372421e-06,0.0,0.19922481293884653,0.0,0.19756778653303086,0,0,1,1,False,False,True,震荡
2022-08-01,2022,0.0003087578465230667,0.00030618979339180896,-2.5680531312577415e-06,0.0,0.19947198224568974,0.0,0.19781340787993382,0,0,1,1,False,False,True,震荡
2022-08-02,2022,0.00028966792641504924,0.0002872593886746877,-2.4085377403615382e-06,0.0,0.19970380238577046,0.0,0.19804377733420084,0,0,1,1,False,False,True,震荡
2022-08-03,2022,-6.962676448662997e-05,-6.904799647156068e-05,5.787680150692864e-07,0.0,0.19964807647088445,0.0,0.19798840004007665,0,0,1,1,False,False,True,震荡
2022-08-04,2022,-0.0003039040805350446,-0.0003059472325307455,-2.0431519957009314e-06,0.19950160932300467,0.1999493874768209,0.19951795461820407,0.1982876114995337,1,1,1,1,False,False,True,震荡
2022-08-05,2022,-0.0007853926641336884,-0.0007829326469117603,2.4600172219280125e-06,0.1991734193715675,0.19980553991188926,0.19918924738382207,0.1981444716273367,1,1,1,1,False,False,True,震荡
2022-08-08,2022,0.000201273286648318,0.00020095686799392887,-3.1641865438913896e-07,0.19929497335377097,0.19980493106687036,0.19931087407872555,0.19814393052772425,1,1,1,1,False,False,True,震荡
2022-08-09,2022,-0.002560732173063185,-0.0025597932079354235,9.389651277613709e-07,0.19737588708017229,0.20018132270513636,0.19739144887154336,0.1985170063014871,1,1,1,1,False,False,True,熊市
2022-08-10,2022,-0.0036429663602201012,-0.0036439599674837897,-9.936072636884674e-07,0.19435679146072996,0.20099771513223827,0.19437230905213126,0.19932680998241095,1,1,1,1,False,False,True,熊市
2022-08-11,2022,0.008117738794065854,0.008524104074651984,0.00040636528058612953,0.6038333236330525,0.38633627961687145,0.6035442728508036,0.1975872359947711,3,3,2,1,False,False,True,熊市
2022-08-12,2022,-0.013845773945014184,-0.014730133483719765,-0.0008843595387055814,0.5973625104171855,0.3926690723815808,0.59761234739361,0.20054600707064957,3,3,2,1,False,False,True,熊市
2022-08-15,2022,0.0003955160095225896,0.00018867241668329982,-0.00020684359283928977,0.5965997964177695,0.3934357274908172,0.5969726005945649,0.20122382863708688,3,3,2,1,False,False,True,熊市
2022-08-16,2022,-0.0018858520400766299,-0.0017389805197108865,0.00014687152036574336,0.5957010592411219,0.3943156376349019,0.5959853565660942,0.20185952885935263,3,3,2,1,False,False,True,熊市
2022-08-17,2022,0.001391036597307549,0.002246809302490549,0.000855772705183,0.5970682066759275,0.3929623580494177,0.596843379371589,0.20145469182382608,3,3,2,1,False,False,True,熊市
2022-08-18,2022,0.005777477139937037,0.006677827251601931,0.0009003501116648938,0.600144324320837,0.3899435077282518,0.5993819374381469,0.20025412948977514,3,3,2,1,False,False,True,熊市
2022-08-19,2022,-0.014907025979190136,-0.014889454100295185,1.757187889495082e-05,0.5939494402577933,0.39598839483765647,0.593184141057407,0.20342352505067932,3,3,2,1,False,False,True,熊市
2022-08-22,2022,0.003047841412953778,0.0034484041409001964,0.00040056272794641856,0.5955777922083605,0.39439061758316446,0.5945726014291095,0.2027340333190444,3,3,2,1,False,False,True,熊市
2022-08-23,2022,-0.003817735083200713,-0.004314570399480466,-0.0004968353162797534,0.5936664504302374,0.39626351463563053,0.5929601608655536,0.20346814949631548,3,3,2,1,False,False,True,熊市
2022-08-24,2022,-0.022876397928628278,-0.024064698540684937,-0.0011883006120566586,0.5829573100048668,0.4067368956076218,0.5829726515876528,0.2084359701378547,3,3,2,1,False,False,True,熊市
2022-08-25,2022,-7.1838751501962506e-06,-0.00036225510884024814,-0.0003550712336900519,0.0,0.21002377957155421,0.0,0.2083733727565773,0,0,1,1,False,False,True,熊市
2022-08-26,2022,-9.778955131378719e-05,-9.702110241593953e-05,7.684488978476622e-07,0.0,0.2099465205962895,0.0,0.20829656081612122,0,0,1,1,False,False,True,熊市
2022-08-29,2022,1.326089695541377e-05,1.3156680193082693e-05,-1.0421676233107746e-07,0.0,0.20995699727513883,0.0,0.2083069768680376,0,0,1,1,False,False,True,熊市
2022-08-30,2022,0.0001922804560405833,0.00019076935290751607,-1.5111031330672375e-06,0.0,0.21010887790031854,0.0,0.20845797882721592,0,0,1,1,False,False,True,熊市
2022-08-31,2022,8.617811682287702e-05,8.550098516324489e-05,-6.771316596321242e-07,0.0,0.21017694336396278,0.0,0.2085256506638157,0,0,1,1,False,False,True,熊市
2022-09-01,2022,0.001104218273175528,0.0011040398400357088,-1.784331398191341e-07,0.20088731184585676,0.2099666370392856,0.20088564446155616,0.20831703377800925,1,1,1,1,False,False,True,熊市
2022-09-02,2022,0.0020811646212832713,0.002079146712625324,-2.017908657947487e-06,0.20229255602461715,0.20978495634184488,0.20229128433420865,0.20813719958487395,1,1,1,1,False,False,True,熊市
2022-09-05,2022,-0.0010498340572372422,-0.0010505275233182454,-6.934660810031801e-07,0.2013649211144352,0.21009472154082773,0.20136379504121749,0.2084446764331196,1,1,1,1,False,False,True,熊市
2022-09-06,2022,0.0008394270144127525,0.0008399933439884322,5.663295756797027e-07,0.2021074520324968,0.20984581293788715,0.202106207444173,0.20819760490276795,1,1,1,1,False,False,True,熊市
2022-09-07,2022,-0.003180057785111212,-0.0031801160036796228,-5.821856841059514e-08,0.19955206808212633,0.2105252085391633,0.19955085088461863,0.2088716764741595,1,1,1,1,False,False,True,熊市
2022-09-08,2022,-0.004422616796035506,-0.004421965421714247,6.513743212588352e-07,0.19607618028030166,0.21138050432193123,0.1960748559990046,0.2097201172781967,1,1,1,1,False,False,True,熊市
2022-09-09,2022,-0.0008735901103480437,-0.0008721338766992659,1.4562336487777827e-06,0.19555822580997664,0.211380366211417,0.19555662000177315,0.20971967458466076,1,1,1,1,False,False,True,熊市
2022-09-13,2022,0.005798123926562537,0.005799462527929178,1.338601366640546e-06,0.20037120066211123,0.20998621215216418,0.20036928866418482,0.20833619630513958,1,1,1,1,False,False,True,熊市
2022-09-14,2022,-0.003614308136437372,-0.0036128044140329996,1.503722404372354e-06,0.19765849788560444,0.21056003435475457,0.197656313474676,0.20890519429044507,1,1,1,1,False,False,True,熊市
2022-09-15,2022,-0.0005792701751254903,-0.0005787810647319702,4.891103935200647e-07,0.0,0.0,0.0,0.0,0,0,0,0,False,False,False,熊市
2022-09-16,2022,0.0,0.0,0.0,0.0,0.0,0.0,0.0,0,0,0,0,False,False,False,熊市
2022-09-19,2022,0.0,0.0,0.0,0.0,0.0,0.0,0.0,0,0,0,0,False,False,False,熊市
2022-09-20,2022,0.0,0.0,0.0,0.0,0.0,0.0,0.0,0,0,0,0,False,False,False,熊市
2022-09-21,2022,0.0,0.0,0.0,0.0,0.0,0.0,0.0,0,0,0,0,False,False,False,熊市
2022-09-22,2022,0.0,0.0,0.0,0.0,0.0,0.0,0.0,0,0,0,0,False,False,False,熊市
2022-09-23,2022,0.0,0.0,0.0,0.0,0.0,0.0,0.0,0,0,0,0,False,False,False,熊市
2022-09-26,2022,0.0,0.0,0.0,0.0,0.0,0.0,0.0,0,0,0,0,False,False,False,熊市
2022-09-27,2022,0.0,0.0,0.0,0.0,0.0,0.0,0.0,0,0,0,0,False,False,False,熊市
2022-09-28,2022,0.0,0.0,0.0,0.0,0.0,0.0,0.0,0,0,0,0,False,False,False,熊市
2022-09-29,2022,0.0,0.0,0.0,0.0,0.0,0.0,0.0,0,0,0,0,False,False,False,熊市
2022-09-30,2022,0.0,0.0,0.0,0.0,0.0,0.0,0.0,0,0,0,0,False,False,False,熊市
2022-10-10,2022,0.0,0.0,0.0,0.0,0.0,0.0,0.0,0,0,0,0,False,False,False,熊市
2022-10-11,2022,0.0,0.0,0.0,0.0,0.0,0.0,0.0,0,0,0,0,False,False,False,熊市
2022-10-12,2022,0.0,0.0,0.0,0.0,0.0,0.0,0.0,0,0,0,0,False,False,False,熊市
2022-10-13,2022,9.72542748625127e-05,9.718605898356714e-05,-6.821587894556558e-08,0.0,0.20001264574358332,0.0,0.19987236694801114,0,0,1,1,False,False,True,熊市
2022-10-14,2022,-0.00020960193423480433,-0.0002094549299952453,1.470042395590454e-07,0.0,0.19984493169357848,0.0,0.19970474116059533,0,0,1,1,False,False,True,熊市
2022-10-17,2022,-0.0011006408511843313,-0.001099868755408684,7.720957756474078e-07,0.0,0.19896327795399602,0.0,0.1988235522181109,0,0,1,1,False,False,True,熊市
2022-10-18,2022,0.0005246921886972178,0.0005243237136554058,-3.6847504181203306e-07,0.0,0.19938335525363543,0.0,0.19924340788822095,0,0,1,1,False,False,True,熊市
2022-10-19,2022,-0.0004719753280594263,-0.00047164404813082594,3.312799286003809e-07,0.0,0.19900530551993417,0.0,0.1988655575967087,0,0,1,1,False,False,True,熊市
2022-10-20,2022,-0.0009443963879143258,-0.0009437332024100353,6.631855042904533e-07,0.0,0.19824813395363647,0.0,0.19810878623355654,0,0,1,1,False,False,True,熊市
2022-10-21,2022,-0.00021006424789782319,-0.00020991659468450052,1.4765321332266268e-07,0.0,0.19807967916456612,0.0,0.1979404206179185,0,0,1,1,False,False,True,熊市
2022-10-24,2022,0.0025738277059303982,0.0025720181941866205,-1.8095117437777475e-06,0.0,0.20013838514977791,0.0,0.19999804021387346,0,0,1,1,False,False,True,熊市
2022-10-25,2022,0.00036674573194983573,0.000366488555365585,-2.57176584250729e-07,0.0,0.20043162343928364,0.0,0.2002911243644183,0,0,1,1,False,False,True,熊市
2022-10-26,2022,-0.00015711911949767288,-0.00015700898173320876,1.1013776446411327e-07,0.0,0.20030597621839946,0.0,0.20016554317079635,0,0,1,1,False,False,True,熊市
2022-10-27,2022,0.0028553910517157277,0.0028545768390888515,-8.142126268761984e-07,0.4018958410772666,0.1993700279351321,0.4019043859127202,0.19923041282803752,2,2,1,1,False,False,True,熊市
2022-10-28,2022,-0.008657343115164418,-0.008657432033720713,-8.89185562957806e-08,0.39651456421431314,0.20126918067106192,0.39652324023229746,0.2011282536629896,2,2,1,1,False,False,True,熊市
2022-10-31,2022,0.01374905274259941,0.013748797813740499,-2.549288589115406e-07,0.4053750416028693,0.19786379346536784,0.405382977332519,0.19772530060337487,2,2,1,1,False,False,True,熊市
2022-11-01,2022,0.0007974547212974414,0.0007963223255069707,-1.1323957904707527e-06,0.4056930534482569,0.19786192857130333,0.40570041945693625,0.19772366073765715,2,2,1,1,False,False,True,熊市
2022-11-02,2022,0.0009751725263500433,0.0009744249778624869,-7.475484875563154e-07,0.40590886894439265,0.19803233872826484,0.4059160378909345,0.19789409960166196,2,2,1,1,False,False,True,熊市
2022-11-03,2022,-0.002801979165718116,-0.0029121058967211955,-0.00011012673100307957,0.6044477547887219,0.3789238083632873,0.6045346640951361,0.19784810879263898,3,3,2,1,False,False,True,熊市
2022-11-04,2022,0.007267570813329627,0.007444951334093952,0.0001773805207643253,0.6075289715492992,0.37596256800799627,0.6075087393049151,0.196334411776905,3,3,2,1,False,False,True,熊市
2022-11-07,2022,-0.004080817665219172,-0.004080999640123206,-1.8197490403437655e-07,0.6044700442188747,0.37895385127834547,0.604449343820407,0.19859001093906817,3,3,2,1,False,False,True,熊市
2022-11-08,2022,0.0030803917704993466,0.003038220707172412,-4.2171063326934544e-05,0.6052816488775782,0.3781931507109949,0.6052858038554215,0.19835014822060035,3,3,2,1,False,False,True,熊市
2022-11-09,2022,-0.0023401501953539405,-0.002441593652477425,-0.00010144345712348457,0.5987642128181812,0.3846718246101441,0.5988295919554111,0.20432574544187607,3,3,2,1,False,False,True,熊市
2022-11-10,2022,-0.008760686924479177,-0.008784817054965588,-2.413013048641055e-05,0.9975200072243086,0.0,0.7972397619096612,0.20274094569605133,5,4,0,1,True,False,True,熊市
2022-11-11,2022,0.012907419942294496,0.013009056320151702,0.00010163637785720603,0.9975516096270353,0.0,0.7984668666997286,0.20151408865879733,5,4,0,1,True,False,True,熊市
2022-11-14,2022,-0.0001486728021509176,-0.00725595532355805,-0.007107282521407132,0.9975512455638513,0.0,0.798997023960607,0.20098379220084356,5,4,0,1,True,False,True,熊市
2022-11-15,2022,0.018651868560142004,0.018524496485984976,-0.00012737207415702834,0.9975960831057917,0.0,0.8016442033118395,0.19833696175722312,5,4,0,1,True,False,True,熊市
2022-11-16,2022,-0.006449421802522282,-0.005437209878589644,0.0010122119239326377,0.9975804785916691,0.0,0.7994950081659626,0.20048605393376145,5,4,0,1,True,False,True,熊市
2022-11-17,2022,0.0045407609689678274,0.005179721781821245,0.0006389608128534174,0.9999954230487852,0.0,0.8108460548298531,0.18894859403622843,5,4,0,1,True,False,True,熊市
2022-11-18,2022,-0.01255648034266732,-0.012288305618370354,0.00026817472429696565,0.999995364847585,0.0,0.808782749223166,0.1910093448311147,5,4,0,1,True,False,True,熊市
2022-11-21,2022,-0.012305971855759101,-0.008555807575252539,0.0037501642805065627,0.9999953070968509,0.0,0.8079126036075521,0.19187769629302953,5,4,0,1,True,False,True,熊市
2022-11-22,2022,-0.008016799761118576,-0.006216591391162263,0.0018002083699563132,0.9999952691707402,0.0,0.806907222367259,0.192881765758723,5,4,0,1,True,False,True,熊市
2022-11-23,2022,-0.0038347940059718644,-0.0021546077947953712,0.0016801862111764931,0.9999952509591468,0.0,0.8064902848265777,0.19329824766987283,5,4,0,1,True,False,True,熊市
2022-11-24,2022,-0.007628038776170576,-0.004386038945560555,0.0032419998306100206,0.9931744891209079,0.0,0.8000022873263685,0.19489044907151248,5,4,0,1,True,False,True,熊市
2022-11-25,2022,0.0051679564427458136,0.0057767564959188,0.0006088000531729865,0.9932095817068748,0.0,0.8005618705688381,0.19436019979207125,5,4,0,1,True,False,True,熊市
2022-11-28,2022,-0.008478800696738564,-0.008546497281283427,-6.769658454486294e-05,0.9931515147654969,0.0,0.7986941307370151,0.1961841670095094,5,4,0,1,True,False,True,熊市
2022-11-29,2022,0.03174638959135678,0.025085515140993886,-0.006660874450362897,0.9933622396903026,0.0,0.8041517655165789,0.19085186864093714,5,4,0,1,True,False,True,熊市
2022-11-30,2022,-0.002871554379415664,-0.0036593402970283018,-0.0007877859176126378,0.993343124109185,0.0,0.8037718327749641,0.19121345082876504,5,4,0,1,True,False,True,熊市
2022-12-01,2022,0.01306798511908247,0.0074452209818236526,-0.005622764137258818,0.7957914984642402,0.19403267546419847,0.8099705130072901,0.1897947443808474,4,4,1,1,False,False,True,熊市
2022-12-02,2022,-0.00029749788514898956,-0.00028816614101823124,9.331744130758324e-06,0.7946022961313517,0.19521884960947172,0.8088119612717933,0.1909532284519731,4,4,1,1,False,False,True,熊市
2022-12-05,2022,0.018971056764233385,0.01938330112365727,0.0004122443594238856,0.8003041664133561,0.1897064877739179,0.8142833823771578,0.1854862722012772,4,4,1,1,False,False,True,熊市
2022-12-06,2022,-0.006262532793061104,-0.006345764642106566,-8.323184904546199e-05,0.8010806795459673,0.1888670217912856,0.8150872343173872,0.18468094920826167,4,4,1,1,False,False,True,熊市
2022-12-07,2022,-0.0007475851885742069,-0.000729789645686596,1.779554288761087e-05,0.8009318591523525,0.18900832161304076,0.8149521883404807,0.18481582588435108,4,4,1,1,False,False,True,熊市
2022-12-08,2022,-0.00028087852389235834,0.001319965727207384,0.0016008442510997423,0.9999831171910664,0.0,0.8148254682498678,0.0,5,4,0,0,True,False,False,熊市
2022-12-09,2022,0.011413201705947396,0.007106756015394344,-0.004306445690553051,0.9999833077036119,0.0,0.8161321720422441,0.0,5,4,0,0,True,False,False,熊市
2022-12-12,2022,-0.017105510511674638,-0.014492599564905562,0.002612910946769076,0.9999830172042202,0.0,0.813428262561418,0.0,5,4,0,0,True,False,False,熊市
2022-12-13,2022,0.004040463531457039,0.0013605633563149588,-0.0026799001751420803,0.9999830855464529,0.0,0.8136817603309249,0.0,5,4,0,0,True,False,False,弱牛
2022-12-14,2022,0.00797261272078198,0.00416084449452403,-0.00381176822625795,0.9999832193322183,0.0,0.8144537892603607,0.0,5,4,0,0,True,False,False,弱牛
2022-12-15,2022,-0.008489514003268028,-0.009532630019887911,-0.0010431160166198827,0.8029862894778133,0.0,0.8122328304561829,0.0,4,4,0,0,False,False,False,弱牛
2022-12-16,2022,0.000575519968137872,0.0005154148939987557,-6.0105074139116255e-05,0.8030996095842317,0.0,0.8123295585968454,0.0,4,4,0,0,False,False,False,弱牛
2022-12-19,2022,-0.011572281559956266,-0.011769061378423817,-0.00019677981846755177,0.8007943456639193,0.0,0.8100945496961219,0.0,4,4,0,0,False,False,False,弱牛
2022-12-20,2022,-0.01652384751302305,-0.01659890254578067,-7.505503275762049e-05,0.7974473973442701,0.0,0.806889121035663,0.0,4,4,0,0,False,False,False,弱牛
2022-12-21,2022,0.004099633100933753,0.004129085142286604,2.9452041352850955e-05,0.798274398298312,0.0,0.8076832134217354,0.0,4,4,0,0,False,False,False,弱牛
2022-12-22,2022,0.005542123883198302,0.0054616738408155285,-8.045004238277365e-05,0.204959713015207,0.19917389667032878,0.19938096244899986,0.19933096682800588,1,1,1,1,False,False,True,弱牛
2022-12-23,2022,-0.001055790686071978,-0.0010732942983701088,-1.750361229813091e-05,0.20577220172907626,0.19773163286074166,0.20017484370832653,0.19789103310626985,1,1,1,1,False,False,True,弱牛
2022-12-26,2022,-0.0017357981623179475,-0.0016815677353165803,5.4230427001367154e-05,0.20414032997529427,0.19832630730158515,0.19857657405716653,0.19847540481903522,1,1,1,1,False,False,True,弱牛
2022-12-27,2022,0.0044810545352238496,0.0043729764297759655,-0.0001080781054478841,0.20719123840103446,0.19794103360622517,0.201566018990259,0.19811115744365362,1,1,1,1,False,False,True,弱牛
2022-12-28,2022,-0.0008405560771410636,-0.0008135380988855134,2.701797825555019e-05,0.20637430969210566,0.19825752198313237,0.20076584095584926,0.19842255234576162,1,1,1,1,False,False,True,弱牛
2022-12-29,2022,-0.0028253429398297225,-0.00280734768344415,1.799525638557231e-05,0.20437453705398678,0.3962552088670772,0.19881682663454392,0.19868013114722766,1,1,2,1,False,False,True,弱牛
2022-12-30,2022,0.004808615167053443,0.0043988908248016045,-0.0004097243422518382,0.206562185641924,0.3959787877826131,0.2010269563181275,0.19910873904941767,1,1,2,1,False,False,True,弱牛
2023-01-03,2023,-0.0037670689653271916,-0.0036085845445239517,0.00015848442080323988,0.2035697735245638,0.3974682827433937,0.19808321980229035,0.19987997485425785,1,1,2,1,False,False,True,弱牛
2023-01-04,2023,0.0008984531879785429,0.0005587419640740166,-0.00033971122390452635,0.2031886134099875,0.39820756972797017,0.19777946019648834,0.2005199298406551,1,1,2,1,False,False,True,弱牛
2023-01-05,2023,0.005426351688610387,0.005351439889032417,-7.491179957797023e-05,0.403485058160034,0.395904457990277,0.4035064386276432,0.3976697069396671,2,2,2,2,False,False,True,震荡
2023-01-06,2023,-0.0036351257102101853,-0.0036404348321865676,-5.309121976382336e-06,0.40316923759933354,0.39548837365710054,0.40319273657991667,0.39725695910880543,2,2,2,2,False,False,True,震荡
2023-01-09,2023,0.003992530819759477,0.003995886793861203,3.355974101726389e-06,0.4033988154468849,0.3960594648062859,0.40342100747607446,0.3978228950776327,2,2,2,2,False,False,True,震荡
2023-01-10,2023,0.0005093610815145588,0.0005084797911161232,-8.812903984356524e-07,0.4039185273784419,0.39564184901818594,0.4039412015508753,0.3974037130991347,2,2,2,2,False,False,True,震荡
2023-01-11,2023,0.0005916339845797314,0.000590908363930831,-7.256206489003603e-07,0.4038843080785384,0.39579458509271787,0.40390722120659667,0.39755501107091684,2,2,2,2,False,False,True,震荡
2023-01-12,2023,-0.0022225802618907053,-0.00015016927461974916,0.002072410987270956,0.9999816529405988,0.0,0.8042567442547084,0.19554969759807944,5,4,0,1,True,False,True,强牛
2023-01-13,2023,0.016413030317093957,0.011448163938102107,-0.00496486637899185,0.9999819492087824,0.0,0.8060874366144714,0.19372119604302607,5,4,0,1,True,False,True,强牛
2023-01-16,2023,0.018212794976044,0.015408795570298617,-0.002803999405745383,0.9999822720836873,0.0,0.8079404150118955,0.19187112163882333,5,4,0,1,True,False,True,强牛
2023-01-17,2023,-0.007163321684230173,-0.004321289042723109,0.002842032641507064,0.9999821441766811,0.0,0.8063455688711465,0.19346514984041482,5,4,0,1,True,False,True,强牛
2023-01-18,2023,0.003697026965317818,0.005089757167977993,0.0013927302026601751,0.9999822099469868,0.0,0.8077996340384678,0.1920120431902682,5,4,0,1,True,False,True,强牛
2023-01-19,2023,0.012935414484804841,0.014308597824604918,0.001373183339800077,0.9999824371299899,0.0,0.809950887389713,0.1898634464612789,5,4,0,1,True,False,True,强牛
2023-01-20,2023,0.0011879255298248292,0.0030982032131456894,0.0019102776833208601,0.9999824579686167,0.0,0.8090024464239979,0.1908124608817739,5,4,0,1,True,False,True,强牛
2023-01-30,2023,0.00520956326757438,0.0030642714106621227,-0.002145291856912257,0.9999825488813235,0.0,0.8098178575072831,0.1899976152400735,5,4,0,1,True,False,True,强牛
2023-01-31,2023,-0.014088851354171816,-0.01203515041783998,0.002053700936331837,0.9999822995016333,0.0,0.8087687867779669,0.1910444381027347,5,4,0,1,True,False,True,强牛
2023-02-01,2023,0.010507450660460993,0.009978454412313154,-0.0005289962481478394,0.9999824835548168,0.0,0.8096354047843739,0.19017966540996287,5,4,0,1,True,False,True,强牛
2023-02-02,2023,0.0017792371863307732,0.002490079817938584,0.0007108426316078109,0.9999825146653744,0.0,0.8085316071586256,0.19128392238187963,5,4,0,1,True,False,True,强牛
2023-02-03,2023,0.0021201941079089792,0.00160162215171189,-0.0005185719561970892,0.9999825516592437,0.0,0.8113378530707904,0.18847797144924308,5,4,0,1,True,False,True,强牛
2023-02-06,2023,-0.007971631487169728,-0.007066273582421401,0.0009053579047483273,0.9999824114498029,0.0,0.8124664683829038,0.18734804544106412,5,4,0,1,True,False,True,强牛
2023-02-07,2023,0.0033636390531814886,0.0028205383870785194,-0.0005431006661029691,0.9999824704130065,0.0,0.8133658945537309,0.1864491409696437,5,4,0,1,True,False,True,强牛
2023-02-08,2023,-0.0075121071431278885,-0.005959377637890451,0.001552729505237438,0.999982337732158,0.0,0.8122470035452112,0.18756692309675443,5,4,0,1,True,False,True,强牛
2023-02-09,2023,0.019175610575555613,0.010068376942998336,-0.009107233632557277,0.9999350852236346,0.0,0.8258614247454799,0.0,5,4,0,0,True,False,False,强牛
2023-02-10,2023,-0.007685617574072379,-0.005924003196053906,0.0017616143780184723,0.9999345824493577,0.0,0.824823679663936,0.0,5,4,0,0,True,False,False,强牛
2023-02-13,2023,0.003911999423243939,0.0028444896363915007,-0.0010675097868524386,0.9999348373655461,0.0,0.8253205535390846,0.0,5,4,0,0,True,False,False,强牛
2023-02-14,2023,-0.0029610802718701423,-0.0021129315921307734,0.0008481486797393689,0.9999346438407122,0.0,0.8249506863140168,0.0,5,4,0,0,True,False,False,强牛
2023-02-15,2023,0.00754396818847014,0.005092247109437675,-0.002451721079032465,0.9999351331938344,0.0,0.8258375644729022,0.0,5,4,0,0,True,False,False,强牛
2023-02-16,2023,-0.014463834615971116,-0.011138356706403618,0.003325477909567498,0.9999377514696425,0.0,0.8349363020522527,0.1541365681045447,5,4,0,1,True,False,True,强牛
2023-02-17,2023,-0.025045511609542936,-0.023476238726973353,0.0015692728825695834,0.9999361523731632,0.0,0.8309493384329246,0.15786083672455678,5,4,0,1,True,False,True,强牛
2023-02-20,2023,0.02639741412181129,0.02635979134328248,-3.7622778528811907e-05,0.9999377944391147,0.0,0.8354053903644213,0.15369217080574732,5,4,0,1,True,False,True,强牛
2023-02-21,2023,-0.0028307379165689595,-0.004333363452602268,-0.0015026255360333085,0.9999376178516018,0.0,0.8347391344855585,0.15431097683720618,5,4,0,1,True,False,True,强牛
2023-02-22,2023,-0.0012526198496483065,-0.001943633184997906,-0.0006910133353495995,0.9999375396124807,0.0,0.8343866962635819,0.15464209104611823,5,4,0,1,True,False,True,强牛
2023-02-23,2023,-0.0075060854069304295,-0.007483657671804034,2.242773512639573e-05,0.8215062825714033,0.0,0.8410743025765745,0.0,4,4,0,0,False,False,False,强牛
2023-02-24,2023,0.00012803564710295312,-1.5359841701645394e-05,-0.00014339548880459851,0.8215291332043223,0.0,0.8410718614655246,0.0,4,4,0,0,False,False,False,强牛
2023-02-27,2023,-0.007662166388447522,-0.007823983060434525,-0.0001618166719870029,0.8201511010155242,0.0,0.8398186049440097,0.0,4,4,0,0,False,False,False,强牛
2023-02-28,2023,0.008045408996847137,0.008135611815860644,9.020281901350735e-05,0.8215865105090338,0.0,0.8411112620379808,0.0,4,4,0,0,False,False,False,强牛
2023-03-01,2023,0.02382698380169823,0.024182744999167838,0.0003557611974696062,0.8257386332713393,0.0,0.8448629028971306,0.0,4,4,0,0,False,False,False,强牛
2023-03-02,2023,-0.0009140245270709002,-0.0010364620360880927,-0.00012243750901719253,0.3953808124630098,0.0,0.4096029303151727,0.0,2,2,0,0,False,False,False,强牛
2023-03-03,2023,-0.0005923929056271815,-0.0006048905506603752,-1.2497645033193727e-05,0.39502242804131793,0.0,0.409245588553928,0.0,2,2,0,0,False,False,False,强牛
2023-03-06,2023,0.000315333258273931,0.0002278039746905769,-8.75292835833541e-05,0.3952131374532462,0.0,0.40938013410690965,0.0,2,2,0,0,False,False,False,强牛
2023-03-07,2023,-0.011033419571138903,-0.01133457744271893,-0.0003011578715800267,0.3884658243107764,0.0,0.40260895909013034,0.0,2,2,0,0,False,False,False,强牛
2023-03-08,2023,0.002975860135097097,0.002926485455713168,-4.937467938392892e-05,0.3902802649638523,0.0,0.40435211396533705,0.0,2,2,0,0,False,False,False,强牛
2023-03-09,2023,0.0005657338437370374,0.0005961686352859985,3.0434791548961115e-05,0.40444994643462484,0.39631735587682376,0.4045977849870439,0.19951499954249877,2,2,2,1,False,False,True,强牛
2023-03-10,2023,-0.005054872528586829,-0.0051334693463506165,-7.859681776378746e-05,0.3999554181701245,0.39979967164584546,0.40013320992409274,0.20193681326751003,2,2,2,1,False,False,True,强牛
2023-03-13,2023,0.0084051658701223,0.00841635837048682,1.1192500364520797e-05,0.40358397603402885,0.3978401767158782,0.40375906258792893,0.20163212974514913,2,2,2,1,False,False,True,强牛
2023-03-14,2023,0.00015931548459424683,9.170778747491504e-05,-6.760769711933179e-05,0.4009994402485255,0.40045634366938015,0.40120050128432144,0.20422687643094467,2,2,2,1,False,False,True,强牛
2023-03-15,2023,-0.0018184921466283255,-0.0017713452412226882,4.714690540563726e-05,0.4001044682101746,0.4009896068453015,0.40028611998856584,0.20444109315672024,2,2,2,1,False,False,True,强牛
2023-03-16,2023,-0.0019823824104611143,-0.0020757132450358595,-9.333083457474523e-05,0.40271375886396377,0.4036099516577985,0.4028904748784645,0.20659871716067518,2,2,2,1,False,False,True,强牛
2023-03-17,2023,0.02004904519372186,0.019948317028373408,-0.00010072816534845153,0.41318230336067857,0.3969481110632123,0.4134041568497665,0.203722709834404,2,2,2,1,False,False,True,强牛
2023-03-20,2023,0.0035023692678581853,0.00337429812790635,-0.00012807113995183528,0.4088645753724911,0.401928511529102,0.4091377237685556,0.2092767263223092,2,2,2,1,False,False,True,强牛
2023-03-21,2023,0.001459172901771666,0.0015547707839196345,9.55978821479686e-05,0.41179926018885843,0.39926951004350997,0.4120348527952027,0.2069719543807375,2,2,2,1,False,False,True,强牛
2023-03-22,2023,0.008219761790084545,0.00823577061038594,1.6008820301394167e-05,0.41962031615717277,0.39298876280772876,0.41985507820231144,0.20226387062906495,2,2,2,1,False,False,True,强牛
2023-03-23,2023,0.027223269572353548,0.027076163010122833,-0.0001471065622307144,0.8226019185472808,0.17724797175575466,0.8230368213101451,0.17683532900462878,4,4,1,1,False,False,True,强牛
2023-03-24,2023,0.014450750867180728,0.015447408059460876,0.0009966571922801482,0.8252033743697172,0.17464865423114262,0.8248280369216744,0.17504605829565414,4,4,1,1,False,False,True,强牛
2023-03-27,2023,0.0046266191015591485,0.0034232610846265388,-0.0012033580169326097,0.8259946461132186,0.17385806394211276,0.826609046370823,0.17326547838103964,4,4,1,1,False,False,True,强牛
2023-03-28,2023,-0.017986960204013913,-0.01889053931877116,-0.000903579114757247,0.8227739572939828,0.1770760549373219,0.8241439730170963,0.1757281358013732,4,4,1,1,False,False,True,强牛
2023-03-29,2023,0.0051006722850304165,0.005693506807425752,0.0005928345223953357,0.8236344170773925,0.17621635630995963,0.8245191873458475,0.17535364549968144,4,4,1,1,False,False,True,强牛
2023-03-30,2023,-0.007205696762571545,-0.006932697266197496,0.00027299949637404897,0.8223053474004035,0.17754434290083912,0.8229609734354683,0.17691097164406364,4,4,1,1,False,False,True,强牛
2023-03-31,2023,0.031030451927805958,0.0324145707104484,0.0013841187826424406,0.8276397609307373,0.1722144531727584,0.8271882826708868,0.17268768293043169,4,4,1,1,False,False,True,强牛
2023-04-03,2023,0.04085402480761413,0.038424143040680425,-0.002429881766933706,0.8344180319156037,0.16544190435496858,0.8359134573371102,0.1639670978295692,4,4,1,1,False,False,True,强牛
2023-04-04,2023,0.0010624870203672643,0.0028712344338803764,0.001808747413513112,0.8345364232389099,0.16532366168960996,0.8345239909964401,0.16535690614247525,4,4,1,1,False,False,True,强牛
2023-04-06,2023,0.005749069040909438,0.008061747941392028,0.00231267890048259,0.8354304082339794,0.16443047647793615,0.8335034493567727,0.16637840028058556,4,4,1,1,False,False,True,强牛
2023-04-07,2023,0.017931146957170574,0.01777002292755836,-0.00016112402961221406,0.8382873346878384,0.1615760005794827,0.8364859469736551,0.16339796554097985,4,4,1,1,False,False,True,强牛
2023-04-10,2023,-0.04235743129478908,-0.043953485607272635,-0.0015960543124835525,0.8309883912215732,0.16886889923611434,0.8305875819394652,0.16929099354444926,4,4,1,1,False,False,True,强牛
2023-04-11,2023,0.012461887627632784,0.013341935850694098,0.0008800482230613138,0.8330095815073949,0.1668494654907622,0.8318828449966444,0.16799732919551164,4,4,1,1,False,False,True,熊市
2023-04-12,2023,0.026111684816536807,0.027201563792046413,0.001089878975509606,0.8372167932295166,0.16264584063000542,0.8351966695914185,0.16468667773585635,4,4,1,1,False,False,True,熊市
2023-04-13,2023,-0.030065102681244182,-0.027525356816530788,0.002539745864713394,0.9999836863431746,0.0,0.8303369460028098,0.16954309953509397,5,4,0,1,True,False,True,熊市
2023-04-14,2023,0.008107702064704903,0.008846921900293347,0.000739219835588445,0.9999838175456928,0.0,0.8310513951622119,0.16882970229718258,5,4,0,1,True,False,True,熊市
2023-04-17,2023,-0.01231310915303252,-0.018015658407179114,-0.005702549254146594,0.9999836158053153,0.0,0.8296057364764691,0.1702731795758859,5,4,0,1,True,False,True,熊市
2023-04-18,2023,0.0069598244162509815,0.004554536080026317,-0.0024052883362246646,0.9999837290482823,0.0,0.8311230863699843,0.1687563786632258,5,4,0,1,True,False,True,熊市
2023-04-19,2023,-0.004460224292412773,-0.0032834175789981934,0.0011768067134145799,0.9999836561510501,0.0,0.8308814000897751,0.1689976678730584,5,4,0,1,True,False,True,熊市
2023-04-20,2023,0.030335963336855398,0.03010024700610292,-0.0002357163307524779,0.9964072415194202,0.0,0.8321230430301404,0.15731890556926562,5,4,0,1,True,False,True,熊市
2023-04-21,2023,-0.04476321537162098,-0.03791274006696066,0.0068504753046603195,0.9962388817742425,0.0,0.8254316604833005,0.16359422953697808,5,4,0,1,True,False,True,熊市
2023-04-24,2023,0.0017719429414726484,0.00479307943971774,0.0030211364982450917,0.9962455344729321,0.0,0.8262221413224258,0.1628560975664799,5,4,0,1,True,False,True,熊市
2023-04-25,2023,-0.006805243244350834,-0.00767389290429632,-0.0008686496599454863,0.9962198093560903,0.0,0.8248653746162515,0.16412840370621987,5,4,0,1,True,False,True,熊市
2023-04-26,2023,-0.0170388321631868,-0.016619971781122067,0.0004188603820647341,0.9961542828266261,0.0,0.8219041362513414,0.16690362741916626,5,4,0,1,True,False,True,熊市
2023-04-27,2023,-0.014761081112522056,-0.014553548712307851,0.00020753240021420538,0.4196559019285133,0.39607398754395867,0.4178336599854879,0.1696121713399513,2,2,2,1,False,False,True,熊市
2023-04-28,2023,0.020375728337576504,0.021820830082077913,0.0014451017445014092,0.4327552993531109,0.3866542520405254,0.4301914701496438,0.166064393374471,2,2,2,1,False,False,True,熊市
2023-05-04,2023,0.014371827270799109,0.009263741975201079,-0.0051080852955980305,0.20246028513132425,0.1881452956702991,0.20325103983554074,0.16468471972101079,1,1,1,1,False,False,True,熊市
2023-05-05,2023,0.0021386134036462945,0.0021029645713572798,-3.564883228901472e-05,0.20382084442571155,0.1880852142295478,0.20462419215022765,0.16463798669802118,1,1,1,1,False,False,True,熊市
2023-05-08,2023,0.008510386339487752,0.0085560424402511,4.565610076334714e-05,0.2106328513917358,0.18640465106583204,0.21145347556214586,0.16315954085918277,1,1,1,1,False,False,True,熊市
2023-05-09,2023,-0.0024184448141265635,-0.002436874678986456,-1.8429864859892398e-05,0.20864896802289262,0.1869267677072195,0.20946573278106614,0.16361957109138475,1,1,1,1,False,False,True,熊市
2023-05-10,2023,-0.005453089212473561,-0.005506415468116921,-5.332625564336002e-05,0.20405996005163074,0.18820172442610003,0.20486974579168685,0.1647443916161041,1,1,1,1,False,False,True,熊市
2023-05-11,2023,0.0026714776537957174,0.003103027384929735,0.00043154973113401773,0.40594153939971356,0.3869331611477229,0.4065617467911491,0.16446323236022903,2,2,2,1,False,False,True,熊市
2023-05-12,2023,-0.013883832111192485,-0.012560343191033607,0.0013234889201588773,0.3990149088221799,0.3909436110791808,0.39910543441169744,0.16646293435839235,2,2,2,1,False,False,True,熊市
2023-05-15,2023,0.000217122100043321,-0.0005653011421528076,-0.0007824232421961286,0.39826078831505457,0.3917433263339339,0.39867451550574134,0.16664812965919215,2,2,2,1,False,False,True,熊市
2023-05-16,2023,-0.009114419753799008,-0.008498768867733264,0.0006156508860657439,0.3934332226872212,0.39463929593916275,0.39361200447561284,0.1679847528590433,2,2,2,1,False,False,True,熊市
2023-05-17,2023,-0.00507913872750021,-0.004334279177277689,0.0007448595502225208,0.20635773806904154,0.3958907493930296,0.2066885973584848,0.1687002059486586,1,1,2,1,False,False,True,熊市
2023-05-18,2023,0.0007931848467872538,0.0011769087037065695,0.00038372385691931576,0.4073567475538473,0.395144431809188,0.40758683350034475,0.16844925914340206,2,2,2,1,False,False,True,熊市
2023-05-19,2023,-0.006738166739660656,-0.006060333996005807,0.0006778327436548492,0.40390853084311423,0.39725284068700567,0.4038608649974873,0.16959019862617797,2,2,2,1,False,False,True,熊市
2023-05-22,2023,0.001151579307407502,0.00032463687772943395,-0.0008269424296780681,0.40355463871957453,0.3978354478770666,0.4038412506333734,0.16974824156617535,2,2,2,1,False,False,True,熊市
2023-05-23,2023,-0.006876658319058038,-0.00614878487885917,0.0007278734401988673,0.3997296265520532,0.4002852305479768,0.3997201277806851,0.17123123665621798,2,2,2,1,False,False,True,熊市
2023-05-24,2023,-0.00584896760175746,-0.006871246783059726,-0.0010222791813022658,0.3952735366589987,0.40356473199165555,0.39567016681760503,0.17231270129156653,2,2,2,1,False,False,True,熊市
2023-05-25,2023,-0.0028492965827870975,-0.0015724640539769297,0.0012768325288101678,0.0,0.19761402681611465,0.0,0.17236517559610479,0,0,1,1,False,False,True,熊市
2023-05-26,2023,-9.238329496508157e-06,-8.057961833674021e-06,1.1803676628341364e-06,0.0,0.19760661404162932,0.0,0.17235850649253817,0,0,1,1,False,False,True,熊市
2023-05-29,2023,4.6192074220074986e-05,4.0290133824560925e-05,-5.90194039551406e-06,0.0,0.1976436765444733,0.0,0.17239185093561826,0,0,1,1,False,False,True,熊市
2023-05-30,2023,0.00016320445682516116,0.0001423527374360134,-2.085171938914776e-05,0.0,0.1977746033045922,0.0,0.17250964645264755,0,0,1,1,False,False,True,熊市
2023-05-31,2023,0.0001046801144566345,9.130762612508114e-05,-1.3372488331553356e-05,0.0,0.19785857156113168,0.0,0.17258519573424574,0,0,1,1,False,False,True,熊市
2023-06-01,2023,0.00016623925042869026,0.00014500475439382932,-2.123449603486094e-05,0.0,0.1979918967870475,0.0,0.1727051574197054,0,0,1,1,False,False,True,熊市
2023-06-02,2023,-0.00027394137293501597,-0.00023895466786405528,3.498670507096069e-05,0.0,0.19777213338385993,0.0,0.17250742420609666,0,0,1,1,False,False,True,熊市
2023-06-05,2023,0.00020166378256192274,0.00017590192859917586,-2.5761853962746883e-05,0.0,0.1979338810712678,0.0,0.1726529561467313,0,0,1,1,False,False,True,熊市
2023-06-06,2023,7.541628245433252e-05,6.578380637467518e-05,-9.632476079657337e-06,0.0,0.1979943653547403,0.0,0.17270737860435226,0,0,1,1,False,False,True,熊市
2023-06-07,2023,0.0001923739675195879,0.0001678047937501148,-2.4569173769473096e-05,0.0,0.19814862068594005,0.0,0.17284617898068808,0,0,1,1,False,False,True,熊市
2023-06-08,2023,-0.0019574359958614007,-0.00174765921516018,0.00020977678070122074,0.19877589353355,0.39850178085381815,0.19873822873746497,0.1730681102712417,1,1,2,1,False,False,True,熊市
2023-06-09,2023,0.010055198683896593,0.008332116876049067,-0.0017230818078475263,0.2049452730999893,0.39634154158362445,0.20525659234871527,0.17174067821574596,1,1,2,1,False,False,True,熊市
2023-06-12,2023,0.00219841152368061,0.0020501210457599672,-0.00014829047792064287,0.2064399189457582,0.39572150864001565,0.20678410546469692,0.17148778298599215,1,1,2,1,False,False,True,熊市
2023-06-13,2023,0.005273350557406964,0.004797356593033264,-0.0004759939643736999,0.20992830256900333,0.3943200621234144,0.21037791841159853,0.17086238096836343,1,1,2,1,False,False,True,熊市
2023-06-14,2023,0.003406433831467215,0.004530713020030053,0.0011242791885628378,0.21359618502020886,0.3919957048021231,0.21381408593776124,0.17021699185796535,1,1,2,1,False,False,True,熊市
2023-06-15,2023,0.004439279978366795,0.006520005781688765,0.00208072580332197,0.9999540549675823,0.0,0.8153916218296341,0.1686585348810689,5,4,0,1,True,False,True,熊市
2023-06-16,2023,0.021023631301273715,0.01701544644490438,-0.0040081848563693345,0.999955001009762,0.0,0.8188395971470139,0.16547741264369148,5,4,0,1,True,False,True,熊市
2023-06-19,2023,0.01660087206204275,0.015420776195475883,-0.001180095866566866,0.9999557358335265,0.0,0.8215426068567303,0.16301257403285627,5,4,0,1,True,False,True,熊市
2023-06-20,2023,0.015956658131,0.014917926468592135,-0.0010387316624078657,0.9999564310483925,0.0,0.8241331969369379,0.16064900199006923,5,4,0,1,True,False,True,熊市
2023-06-21,2023,-0.03554849075865962,-0.021132070962601723,0.0144164197960579,0.9999548251506788,0.0,0.8201603486238097,0.16429332421440676,5,4,0,1,True,False,True,熊市
2023-06-26,2023,-0.03468502139088603,-0.024762184137976817,0.009922837252909211,0.9999532019596482,0.0,0.8154906328891499,0.16856830441934448,5,4,0,1,True,False,True,熊市
2023-06-27,2023,0.00985256743347973,0.009747516805217682,-0.00010505062826204892,0.8234696696654988,0.0,0.8173703131816834,0.1668425098991377,4,4,0,1,False,False,True,熊市
2023-06-28,2023,-0.013527310651104463,-0.013345712123074227,0.00018159852803023568,0.8210489431278457,0.0,0.814871113387011,0.16912816871903483,4,4,0,1,False,False,True,熊市
2023-06-29,2023,0.009703159052131927,0.009587089742437493,-0.00011606930969443319,0.8353989185874838,0.15328911799268283,0.8297772170874191,0.16747786618602467,4,4,1,1,False,False,True,熊市
2023-06-30,2023,0.01056833458022477,0.010489591239810192,-7.874334041457764e-05,0.8369104540256911,0.1518958809516143,0.8313149768559035,0.16596860057987367,4,4,1,1,False,False,True,熊市
2023-07-03,2023,0.003626072250995316,0.0036685779730805113,4.250572208519543e-05,0.8374292175825564,0.1514175597858426,0.8318545487901354,0.16543895762837882,4,4,1,1,False,False,True,熊市
2023-07-04,2023,0.008154760878510192,0.008101279556797847,-5.348132171234532e-05,0.8387698514673438,0.15016714207332843,0.833233801819252,0.16408145445869313,4,4,1,1,False,False,True,熊市
2023-07-05,2023,-0.013743635964151846,-0.013596364654578585,0.0001472713095732603,0.8362998173664306,0.15248301145704396,0.8306912161456051,0.1665870342319753,4,4,1,1,False,False,True,熊市
2023-07-06,2023,-0.0013132258978366673,-0.000624564459297039,0.0006886614385396284,0.999848177814042,0.0,0.8305298765334178,0.16674667287371542,5,4,0,1,True,False,True,熊市
2023-07-07,2023,-0.008998195908156204,-0.006306584167259377,0.0026916117408968265,0.9998467992839861,0.0,0.8294374213542168,0.16782184337525255,5,4,0,1,True,False,True,熊市
2023-07-10,2023,-0.0005966140000821518,-0.005281991231784189,-0.004685377231702037,0.99984670782773,0.0,0.8285421792437884,0.16870253207502608,5,4,0,1,True,False,True,熊市
2023-07-11,2023,0.013063786782899323,0.01356885306891975,0.000505066286020428,0.9998486845801123,0.0,0.8308168963159182,0.16646470061472665,5,4,0,1,True,False,True,熊市
2023-07-12,2023,-0.015966065561291543,-0.016136414449210768,-0.00017034888791922498,0.9998462294697449,0.0,0.8280460429543535,0.1691909692602682,5,4,0,1,True,False,True,熊市
2023-07-13,2023,0.004153208947082154,0.004047584453419351,-0.00010562449366280369,0.6173011581444313,0.3614620274184365,0.6168392232951035,0.16848542799503086,3,3,2,1,False,False,True,熊市
2023-07-14,2023,-0.007256939493227255,-0.006421562205513154,0.0008353772877141008,0.6153917019427483,0.36321624276925896,0.6144166746075268,0.16952051591122588,3,3,2,1,False,False,True,熊市
2023-07-17,2023,-0.0013186891071339524,-0.002069941031751732,-0.0007512519246177796,0.6140061791845876,0.3645735188084917,0.6134958121790757,0.16999321338987766,3,3,2,1,False,False,True,熊市
2023-07-18,2023,0.004714490831476681,0.0040364406467976455,-0.0006780501846790354,0.6150405998313976,0.36363961011641166,0.6149421631375379,0.16941728272921674,3,3,2,1,False,False,True,熊市
2023-07-19,2023,0.002959598352554549,0.0008481402144007166,-0.002111458138153832,0.6140245941182009,0.3647185276513994,0.6152239430053025,0.16931824129945058,3,3,2,1,False,False,True,熊市
2023-07-20,2023,-0.007735165731656002,-0.007616549483482782,0.00011861624817322003,0.613444124831745,0.36743270083360935,0.6140472343241049,0.17061380095566497,3,3,2,1,False,False,True,熊市
2023-07-21,2023,0.0002920543864024516,0.000992509994808044,0.0007004556084055924,0.6140770906171567,0.3668053184244945,0.6142545768445612,0.17061997259502754,3,3,2,1,False,False,True,熊市
2023-07-24,2023,-0.0051655405860657755,-0.004715449837566887,0.0004500907484988881,0.6124821564218976,0.3683009871680308,0.6123793105735776,0.17147601951739772,3,3,2,1,False,False,True,熊市
2023-07-25,2023,0.009832625150625995,0.010772883966251312,0.0009402588156253167,0.6176283355602358,0.36334192036984453,0.6169443635232678,0.1692146506947654,3,3,2,1,False,False,True,熊市
2023-07-26,2023,-0.0033899887367374593,-0.004169855239327891,-0.0007798665025904317,0.6155050503685895,0.36540047550928284,0.6153088056114299,0.16995478888102325,3,3,2,1,False,False,True,熊市
2023-07-27,2023,0.004888855076278009,0.004352248994141661,-0.0005366060821363483,0.9999653744654118,0.0,0.802627840713412,0.16936505738835336,5,4,0,1,True,False,True,熊市
2023-07-28,2023,0.02888436188599597,0.024962122586752233,-0.003922239299243735,0.9999663465245748,0.0,0.8075510093456496,0.16512397904557827,5,4,0,1,True,False,True,熊市
2023-07-31,2023,0.01041750333239877,0.008928036734110245,-0.0014894665982885247,0.9999666934951994,0.0,0.8094047737253368,0.1635120145748251,5,4,0,1,True,False,True,熊市
2023-08-01,2023,-0.00751967857218816,-0.00487160426872002,0.0026480743034681398,0.9999664411433844,0.0,0.8083520394997039,0.1644321642110787,5,4,0,1,True,False,True,熊市
2023-08-02,2023,-0.007831344281046038,-0.006868734972355628,0.0009626093086904097,0.9999661762580162,0.0,0.8070201458425827,0.16557582686757066,5,4,0,1,True,False,True,熊市
2023-08-03,2023,0.013203254090318195,0.011799387193799582,-0.001403866896518613,0.9999666170219574,0.0,0.8095331913476795,0.18088294198736873,5,4,0,1,True,False,True,熊市
2023-08-04,2023,0.0036944534706591092,0.003718781461341747,2.432799068263769e-05,0.9999667398998501,0.0,0.8104433798780598,0.18000826171521764,5,4,0,1,True,False,True,熊市
2023-08-07,2023,-0.005134521469398079,-0.003212621887149658,0.0019218995822484208,0.9999665682437798,0.0,0.8094631419429247,0.18095772551950276,5,4,0,1,True,False,True,弱牛
2023-08-08,2023,-0.002943604435840963,-0.0027920177051962147,0.00015158673064474826,0.999966469543379,0.0,0.8087650766597058,0.18162897081319063,5,4,0,1,True,False,True,弱牛
2023-08-09,2023,-0.00480994951898106,-0.004552268536617721,0.0002576809823633397,0.9999663074840783,0.0,0.8080145525021809,0.18233556611933413,5,4,0,1,True,False,True,弱牛
2023-08-10,2023,0.0030461042659557513,0.0030876395357153363,4.153526975958499e-05,0.999990167706188,0.0,0.8137917167194056,0.17268918367416755,5,4,0,1,True,False,True,弱牛
2023-08-11,2023,-0.025212297923235538,-0.0218270670063625,0.003385230916873039,0.9999899133998192,0.0,0.8095847620465475,0.1765944715527174,5,4,0,1,True,False,True,弱牛
2023-08-14,2023,-0.01307838017414964,-0.008547562338693915,0.004530817835455725,0.9999897797353121,0.0,0.8078522582736695,0.17820782300129712,5,4,0,1,True,False,True,弱牛
2023-08-15,2023,0.0023456879025063326,0.004151154340362506,0.0018054664378561736,0.9999898036527605,0.0,0.8082722130890176,0.1778454957192834,5,4,0,1,True,False,True,弱牛
2023-08-16,2023,-0.00547365031352931,-0.0026538110589841013,0.002819839254545209,0.9999897475343487,0.0,0.8076644238810101,0.17841634592025724,5,4,0,1,True,False,True,弱牛
2023-08-17,2023,-0.0025619618618740736,-0.0021129379530178127,0.00044902390885626087,0.22254106075894842,0.39191486608706194,0.22070416340961835,0.1787362539372859,1,1,2,1,False,False,True,弱牛
2023-08-18,2023,-0.004287158084451903,-0.0039003171102947043,0.00038684097415719876,0.21945603503790262,0.3933398867137125,0.21756007857456647,0.17952879418678175,1,1,2,1,False,False,True,弱牛
2023-08-21,2023,-0.0064628238065405075,-0.007181116196357751,-0.0007182923898172433,0.2134228115460289,0.39685440049360454,0.21173205300159814,0.18099592883451873,1,1,2,1,False,False,True,弱牛
2023-08-22,2023,0.002961424651787725,0.003261280257413013,0.0002998556056252877,0.2161738811873167,0.39525405773299405,0.2143972299836153,0.18030479817791048,1,1,2,1,False,False,True,弱牛
2023-08-23,2023,-0.0037991361890677977,-0.004712884220790192,-0.0009137480317223945,0.21224649992163216,0.3976995710010329,0.21069538307625288,0.18114043772146068,1,1,2,1,False,False,True,熊市
2023-08-24,2023,0.001115693386365857,0.0005671984711577149,-0.000548494915208142,0.0,0.3977565408845431,0.0,0.18099452132077518,0,0,2,1,False,False,True,熊市
2023-08-25,2023,-0.0008232032138949519,-8.785871018923697e-05,0.0007353445037057149,0.0,0.3972603636787816,0.0,0.18092255823319642,0,0,2,1,False,False,True,熊市
2023-08-28,2023,-0.00015618992975330315,-0.00023012636433950018,-7.393643458619703e-05,0.0,0.3971662071110173,0.0,0.18073402353260495,0,0,2,1,False,False,True,熊市
2023-08-29,2023,0.00030424989704358474,-0.00022599425586078414,-0.0005302441529043689,0.0,0.39734956344429256,0.0,0.18054883227574098,0,0,2,1,False,False,True,熊市
2023-08-30,2023,0.0010629836311961682,0.00035302142731330477,-0.0007099622038828635,0.0,0.39798949076142137,0.0,0.1808380140092361,0,0,2,1,False,False,True,熊市
2023-08-31,2023,0.0007188376224986914,0.00015563350745106952,-0.0005632041150476219,0.0,0.2044842430132716,0.0,0.19996235720618707,0,0,1,1,False,False,True,熊市
2023-09-01,2023,-0.000227508058537218,-0.0002224770329396497,5.031025597568295e-06,0.0,0.20430321558266448,0.0,0.1997843275976792,0,0,1,1,False,False,True,熊市
2023-09-04,2023,0.0007737034227901507,0.0007565902359458754,-1.711318684427532e-05,0.0,0.20491837295890383,0.0,0.20038930524189097,0,0,1,1,False,False,True,熊市
2023-09-05,2023,9.095356101163077e-05,8.894332234432589e-05,-2.0102386673048755e-06,0.0,0.2049906818874235,0.0,0.20046041894857553,0,0,1,1,False,False,True,熊市
2023-09-06,2023,-0.00013641793382035416,-0.00013340311819998174,3.014815620372424e-06,0.0,0.20488221356185377,0.0,0.20035374364452072,0,0,1,1,False,False,True,熊市
2023-09-07,2023,-4.5478848737290356e-05,-4.447363898874013e-05,1.0052097485502287e-06,0.0,0.2048460508756786,0.0,0.20031817888390246,0,0,1,1,False,False,True,熊市
2023-09-08,2023,0.0014553893490278913,0.0014232197434025373,-3.216960562535398e-05,0.0,0.20600162764994237,0.0,0.20145468434314692,0,0,1,1,False,False,True,熊市
2023-09-11,2023,0.00040873338819436,0.0003997116752840757,-9.021712910284307e-06,0.0,0.20632602870135291,0.0,0.2017737446969098,0,0,1,1,False,False,True,熊市
2023-09-12,2023,4.539626594080026e-05,4.439466329975161e-05,-1.001602641048649e-06,0.0,0.20636205690047868,0.0,0.20180918010960772,0,0,1,1,False,False,True,熊市
2023-09-13,2023,0.0004993362573484372,0.0004883196175111681,-1.1016639837269082e-05,0.0,0.20675815131637237,0.0,0.20219876210494656,0,0,1,1,False,False,True,熊市
2023-09-14,2023,0.002728396769128283,0.0026933675910045807,-3.502917812370221e-05,0.20072163069097082,0.2077792513127794,0.20072673703878563,0.20320444372592958,1,1,1,1,False,False,True,熊市
2023-09-15,2023,-0.002789014106268528,-0.002745199145504418,4.381496076411029e-05,0.20048268178337422,0.20636388693334545,0.2004789735068254,0.20181137523399345,1,1,1,1,False,False,True,熊市
2023-09-18,2023,-0.001689239038024426,-0.0016652041269601403,2.403491106428568e-05,0.20022065477939677,0.2056222405614129,0.20021213112621905,0.20108124888014792,1,1,1,1,False,False,True,熊市
2023-09-19,2023,0.003995852737771699,0.0039606188951273325,-3.5233842644366575e-05,0.2018192676166188,0.20638834296364622,0.2018177584228758,0.2018375157725224,1,1,1,1,False,False,True,熊市
2023-09-20,2023,0.00018710465387861142,0.0001521778469435464,-3.4926806935065e-05,0.2003844108900384,0.20793390608673495,0.2003899100964826,0.20335610074721686,1,1,1,1,False,False,True,熊市
2023-09-21,2023,-0.0027754701662729975,-0.002761617414441253,1.3852751831744392e-05,0.39893641370816696,0.20787719419000153,0.39895007168811053,0.20329781332889754,2,2,1,1,False,False,True,熊市
2023-09-22,2023,0.0032675751480246706,0.0032867167223773475,1.9141574352676827e-05,0.4017536014122405,0.20634058817240775,0.4017596933162212,0.2017912075843683,2,2,1,1,False,False,True,熊市
2023-09-25,2023,-0.00029213407783501566,-0.0003120765107952339,-1.9942432960218248e-05,0.40067371362250814,0.2073059534636917,0.40068780694923817,0.20273933287687226,2,2,1,1,False,False,True,熊市
2023-09-26,2023,-0.0012649592205588034,-0.0012620069000564005,2.9523205024029053e-06,0.40005056233332886,0.2074325869433238,0.40006345258744713,0.20286257714835698,2,2,1,1,False,False,True,熊市
2023-09-27,2023,-0.0029221943505221004,-0.0028553466629344104,6.684768758769e-05,0.40133697247777417,0.20499580466425704,0.4013229588956354,0.20046604038812985,2,2,1,1,False,False,True,熊市
2023-09-28,2023,-0.0015726001924025734,-0.0015231153370940387,4.948485530853475e-05,0.4026396977805105,0.0,0.40260564849190605,0.0,2,2,0,0,False,False,False,熊市
2023-10-09,2023,-0.0026500338312247518,-0.0026498068000578856,2.270311668661762e-07,0.4010524665537493,0.0,0.4010184631424318,0.0,2,2,0,0,False,False,False,熊市
2023-10-10,2023,-0.002616057759178947,-0.002615782131449973,2.756277289739373e-07,0.3994814754079597,0.0,0.3994475487715098,0.0,2,2,0,0,False,False,False,熊市
2023-10-11,2023,-0.003136415410583848,-0.003136113717476019,3.016931078292373e-07,0.39759207390509776,0.0,0.3975582228502097,0.0,2,2,0,0,False,False,False,熊市
2023-10-12,2023,0.0009903849948063037,0.000990410016680654,2.502187435027281e-08,0.1993049955587044,0.0,0.19927957385352638,0.0,1,1,0,0,False,False,False,熊市
2023-10-13,2023,-0.0009121510094219909,-0.0009120346629452047,1.163464767861555e-07,0.19857397400011156,0.0,0.19854862241650506,0.0,1,1,0,0,False,False,False,熊市
2023-10-16,2023,-0.003195443259771946,-0.0031950353032541567,4.0795651778946507e-07,0.19600485312714738,0.0,0.1959797493310867,0.0,1,1,0,0,False,False,False,熊市
2023-10-17,2023,-0.00045795526431569034,-0.0004578966105865945,5.8653729095858864e-08,0.19563649062360494,0.0,0.19561142252786756,0.0,1,1,0,0,False,False,False,熊市
2023-10-18,2023,-0.0032071555839935373,-0.003206744631604419,4.109523891182576e-07,0.19304847152303795,0.0,0.1930236554672053,0.0,1,1,0,0,False,False,False,熊市
2023-10-19,2023,-0.0009769171937501486,-0.0009767916126904863,1.2558105966231636e-07,0.0,0.0,0.0,0.0,0,0,0,0,False,False,False,熊市
2023-10-20,2023,0.0,0.0,0.0,0.0,0.0,0.0,0.0,0,0,0,0,False,False,False,熊市
2023-10-23,2023,0.0,0.0,0.0,0.0,0.0,0.0,0.0,0,0,0,0,False,False,False,熊市
2023-10-24,2023,0.0,0.0,0.0,0.0,0.0,0.0,0.0,0,0,0,0,False,False,False,熊市
2023-10-25,2023,0.0,0.0,0.0,0.0,0.0,0.0,0.0,0,0,0,0,False,False,False,熊市
2023-10-26,2023,0.00020146159287648402,0.0002017014467303735,2.398538538894712e-07,0.0,0.19990539170043742,0.0,0.20014334479466156,0,0,1,1,False,False,True,熊市
2023-10-27,2023,0.00039197135627544455,0.00039243793096988,4.6657469443545097e-07,0.0,0.20021888298959542,0.0,0.20045711574987843,0,0,1,1,False,False,True,熊市
2023-10-30,2023,0.00043535308325637345,0.0004358710931722243,5.180099158508256e-07,0.0,0.20056691864641982,0.0,0.20080546154701115,0,0,1,1,False,False,True,熊市
2023-10-31,2023,0.00047867999676953765,0.0004792493115681751,5.693147986374214e-07,0.0,0.20094940818113036,0.0,0.20118829150837825,0,0,1,1,False,False,True,熊市
2023-11-01,2023,-0.000739424229237895,-0.000740303237152018,-8.790079141229867e-07,0.0,0.20035813361040886,0.0,0.20059649050250652,0,0,1,1,False,False,True,熊市
2023-11-02,2023,0.0005206626573039941,0.00043579511297520135,-8.486754432879273e-05,0.0,0.39745133350746203,0.0,0.20094471489075422,0,0,2,1,False,False,True,熊市
2023-11-03,2023,-0.00014418825481687936,-0.00013068158349716086,1.35066713197185e-05,0.0,0.3973644405378526,0.0,0.20084027943300337,0,0,2,1,False,False,True,熊市
2023-11-06,2023,-0.0010569804940756544,-0.0010020230861083057,5.4957407967348715e-05,0.0,0.396726792524953,0.0,0.20003869974215185,0,0,2,1,False,False,True,熊市
2023-11-07,2023,-0.0007307962103648702,-0.0007849785470588344,-5.418233669396422e-05,0.0,0.3962856003295311,0.0,0.19941025396652032,0,0,2,1,False,False,True,熊市
2023-11-08,2023,-0.0007648182743925647,-0.0007855952224550267,-2.0776948062461997e-05,0.0,0.39582351511293123,0.0,0.19878082000657807,0,0,2,1,False,False,True,熊市
2023-11-09,2023,-0.007377460214812448,-0.007502469905947162,-0.00012500969113471427,0.5975794981824215,0.19877413657998227,0.5975605033538428,0.19412372595174707,3,3,1,1,False,False,True,熊市
2023-11-10,2023,-0.004697496964912173,-0.004697754819107169,-2.5785419499602114e-07,0.5956724977125781,0.19971999390017825,0.5956534888467298,0.19504750504427731,3,3,1,1,False,False,True,熊市
2023-11-13,2023,0.0011964396936980926,0.001190625388293176,-5.814305404916453e-06,0.5959123449635098,0.19972465465482644,0.5958967047511323,0.19505318950320102,3,3,1,1,False,False,True,熊市
2023-11-14,2023,0.002811013942071394,0.002811101168471497,8.722640010283556e-08,0.5970619500059756,0.1991479065468473,0.5970459935637822,0.19448991434341753,3,3,1,1,False,False,True,熊市
2023-11-15,2023,-0.00019427041378639043,-0.00019402142690649882,2.489868798916106e-07,0.5969882639527418,0.19918199451185092,0.596972296996551,0.19452315656103145,3,3,1,1,False,False,True,熊市
2023-11-16,2023,-0.009110081487115118,-0.00736088280951841,0.0017491986775967083,0.9962817966432463,0.0,0.7949764703006509,0.1960804900736654,5,4,0,1,True,False,True,熊市
2023-11-17,2023,0.005375725946820564,0.00452894812678406,-0.0008467778200365039,0.9963016778098038,0.0,0.7958827718869921,0.19521450844289748,5,4,0,1,True,False,True,熊市
2023-11-20,2023,0.007134355490187483,0.007874317840879552,0.0007399623506920694,0.9963278760474851,0.0,0.7975819847867978,0.1935848506881032,5,4,0,1,True,False,True,熊市
2023-11-21,2023,-0.0016772187300886365,-0.001764937330392402,-8.771860030376555e-05,0.9963217067451433,0.0,0.7973153114065341,0.19383590652256152,5,4,0,1,True,False,True,熊市
2023-11-22,2023,-0.006723561633656394,-0.004822414635950456,0.001901146997705938,0.9962968081062041,0.0,0.79656003001287,0.19454830863839948,5,4,0,1,True,False,True,熊市
2023-11-23,2023,-0.0002534567014129685,-0.00021809942465200738,3.535727676096112e-05,0.8084067916556933,0.0,0.8069900991437411,0.0,4,4,0,0,False,False,False,熊市
2023-11-24,2023,-0.01063888030140503,-0.010634684879075595,4.195422329433818e-06,0.8063465356282903,0.0,0.8049154362838479,0.0,4,4,0,0,False,False,False,熊市
2023-11-27,2023,-0.003807730186088043,-0.003793430624570604,1.4299561517439052e-05,0.805606337009738,0.0,0.8041725785461742,0.0,4,4,0,0,False,False,False,熊市
2023-11-28,2023,0.00040111622975880223,0.00040296666122530134,1.8504314664991028e-06,0.8056842801986475,0.0,0.8042514586823087,0.0,4,4,0,0,False,False,False,熊市
2023-11-29,2023,-0.005730273464001012,-0.005720805493411696,9.467970589316366e-06,0.8045643806551955,0.0,0.8031251761082745,0.0,4,4,0,0,False,False,False,熊市
2023-11-30,2023,-0.0016652114936858142,-0.0016633395351894897,1.8719584963244884e-06,0.2090572995702883,0.0,0.20831524134346002,0.0,1,1,0,0,False,False,False,熊市
2023-12-01,2023,-0.0028040472371572145,-0.0027940941461864766,9.953090970737932e-06,0.20683322245911973,0.0,0.20609700162305508,0.0,1,1,0,0,False,False,False,熊市
2023-12-04,2023,0.0028119320273898296,0.0028019229827906944,-1.0009044599135208e-05,0.2090572995702883,0.0,0.20831524134346002,0.0,1,1,0,0,False,False,False,熊市
2023-12-05,2023,-0.0028040472371572145,-0.0027940941461864766,9.953090970737932e-06,0.20683322245911973,0.0,0.20609700162305508,0.0,1,1,0,0,False,False,False,熊市
2023-12-06,2023,0.006561174730576269,0.006537820293178287,-2.3354437397982153e-05,0.21200340580076,0.0,0.2112536832985556,0.0,1,1,0,0,False,False,False,熊市
2023-12-07,2023,-0.0007877575362752465,-0.0007852023255493501,2.555210725896373e-06,0.0,0.19996271056679057,0.0,0.1997003806581477,0,0,1,1,False,False,True,熊市
2023-12-08,2023,0.00030535317931223993,0.0003049525882652393,-4.005910470006313e-07,0.0,0.20020692992353037,0.0,0.19994435969641436,0,0,1,1,False,False,True,熊市
2023-12-11,2023,-0.001482691269309555,-0.001480746728311555,1.9445409980001216e-06,0.0,0.19901932286665913,0.0,0.19875792311247767,0,0,1,1,False,False,True,熊市
2023-12-12,2023,-0.0007861197743251891,-0.0007850872539005849,1.0325204246042219e-06,0.0,0.1983891607345992,0.0,0.19812838392743445,0,0,1,1,False,False,True,熊市
2023-12-13,2023,-0.00043707680267590643,-0.00043650227787495055,5.745248009558779e-07,0.0,0.1980386420283873,0.0,0.19777821228973808,0,0,1,1,False,False,True,熊市
2023-12-14,2023,0.0008147964660039086,0.0008063067483166098,-8.489717687298892e-06,0.19885136768722714,0.19518252511504336,0.1988661371731494,0.19899034800186394,1,1,1,1,False,False,True,熊市
2023-12-15,2023,0.0006681887502859585,0.0006716585552715149,3.4698049855563795e-06,0.1992104638520034,0.19522805831736012,0.19922456920062043,0.19903607935783227,1,1,1,1,False,False,True,熊市
2023-12-18,2023,-0.004757943188186897,-0.00475515432659912,2.788861587776914e-06,0.19522053518233373,0.19632298562655429,0.1952338109359435,0.2001518029082563,1,1,1,1,False,False,True,熊市
2023-12-19,2023,0.002945741258061796,0.0029455600009500316,-1.8125711176431025e-07,0.19760382067298615,0.19572679118256198,0.19761729421358837,0.199544017158858,1,1,1,1,False,False,True,熊市
2023-12-20,2023,-0.007282309363540018,-0.007285469112969678,-3.1597494296597972e-06,0.1918556979071862,0.19702455086172754,0.19186939022079613,0.20086772616965987,1,1,1,1,False,False,True,熊市
2023-12-21,2023,-0.0015939197930803228,-0.001966898058252009,-0.0003729782651716862,0.0,0.397648056946402,0.0,0.20133951919543552,0,0,2,1,False,False,True,熊市
2023-12-22,2023,0.0012255262093112673,0.0002742707443592618,-0.0009512554649520055,0.0,0.39838535146608595,0.0,0.20155850833768116,0,0,2,1,False,False,True,熊市
2023-12-25,2023,0.0004678888489579869,0.00016730575355250465,-0.0003005830954054822,0.0,0.3986667086076356,0.0,0.20169206984750226,0,0,2,1,False,False,True,熊市
2023-12-26,2023,0.0007190201022766463,0.00015798455774063136,-0.0005610355445360149,0.0,0.3990987686724428,0.0,0.20181817025087195,0,0,2,1,False,False,True,熊市
2023-12-27,2023,0.0007594267862218729,0.00019977243853541715,-0.0005596543476864557,0.0,0.39955476286917935,0.0,0.20197759313309757,0,0,2,1,False,False,True,熊市
2023-12-28,2023,0.0002669174758944681,0.0001842493950390267,-8.266808085544142e-05,0.0,0.3997149894290184,0.0,0.2021246011926443,0,0,2,1,False,False,True,熊市
2023-12-29,2023,-0.00042799225609424507,0.00018266742443251438,0.0006106596805267595,0.0,0.39945796208733264,0.0,0.20227032041860687,0,0,2,1,False,False,True,熊市
2024-01-02,2024,0.0006121842266637589,-0.00017179983905413199,-0.0007839840657178909,0.0,0.3998253795232323,0.0,0.2021332470388615,0,0,2,1,False,False,True,熊市
2024-01-03,2024,-0.00018295899424347617,-5.418042861138339e-05,0.00012877856563209278,0.0,0.3997155520843817,0.0,0.2020900159339315,0,0,2,1,False,False,True,熊市
2024-01-04,2024,-0.001906640521530445,-0.0013846987285560663,0.0005219417929743786,0.19863433040569986,0.4001143881698394,0.1987300358751838,0.20252991274722992,1,1,2,1,False,False,True,熊市
2024-01-05,2024,-0.0002888481904269602,-0.0008492088163678524,-0.0005603606259408922,0.19763033474544917,0.4010024496361622,0.197836448259263,0.2029146128810719,1,1,2,1,False,False,True,熊市
2024-01-08,2024,-0.003206915940322741,-0.002602739495303097,0.0006041764450196441,0.19571063252141746,0.40163085987364905,0.19579606797467713,0.20339123422782066,1,1,2,1,False,False,True,熊市
2024-01-09,2024,0.002330965956635289,0.0023762551136004006,4.528915696511149e-05,0.19759261555956206,0.4006852773910642,0.19766994108706065,0.20294166086134005,1,1,2,1,False,False,True,熊市
2024-01-10,2024,-0.0018705415797550806,-0.0010891242829655923,0.0007814172967894883,0.19689859668154647,0.40062645013433895,0.19682156261156586,0.20313651911284356,1,1,2,1,False,False,True,熊市
2024-01-11,2024,-0.001989737863463681,-0.0019884650375346924,1.2728259289884747e-06,0.19897366284808207,0.40147549527749,0.19898158246400516,0.20359262517549942,1,1,2,1,False,False,True,熊市
2024-01-12,2024,0.0020882233459840194,0.0014323845255699297,-0.0006558388204140897,0.2000551663161491,0.40122660452402387,0.200194150471791,0.20323457662741642,1,1,2,1,False,False,True,熊市
2024-01-15,2024,0.002604875921543126,0.0014287812524496069,-0.0011760946690935192,0.20102765328686803,0.40129003064285984,0.20140356730639772,0.2028763135307765,1,1,2,1,False,False,True,熊市
2024-01-16,2024,-0.0006039103828453518,-0.000781988521285415,-0.00017807813844006315,0.20050920633562996,0.40156816798888334,0.20091995195085646,0.20289371801968747,1,1,2,1,False,False,True,熊市
2024-01-17,2024,-0.005051342461377728,-0.003055481953505357,0.0019958605078723712,0.19831132978161062,0.4017457961208483,0.19831974490641752,0.20366670545525473,1,1,2,1,False,False,True,熊市
2024-01-18,2024,-0.00047008467615283767,-0.00010468489739134945,0.0003653997787614882,0.0,0.1995246056870519,0.0,0.2036428348106018,0,0,1,1,False,False,True,熊市
2024-01-19,2024,0.0003435498743407095,0.0003506408147939677,7.090940453258199e-06,0.0,0.19979951446330535,0.0,0.20392197225888853,0,0,1,1,False,False,True,熊市
2024-01-22,2024,9.463456479230636e-05,9.658715712146382e-05,1.9525923291574543e-06,0.0,0.1998752339223225,0.0,0.20399885574647747,0,0,1,1,False,False,True,熊市
2024-01-23,2024,-0.00011904512218097185,-0.00012150113963860232,-2.456017457630466e-06,0.0,0.1997799716312737,0.0,0.20390212894788068,0,0,1,1,False,False,True,熊市
2024-01-24,2024,-7.1740857610747e-05,-7.32211216167844e-05,-1.4802640060374017e-06,0.0,0.19972255904133276,0.0,0.2038438335003876,0,0,1,1,False,False,True,熊市
2024-01-25,2024,0.0029695029400551576,0.002974725456262872,5.222516207714634e-06,0.20216325023652132,0.1993899767447931,0.2021523202190978,0.2035033287162789,1,1,1,1,False,False,True,熊市
2024-01-26,2024,0.0036398163588529098,0.0036425472559225014,2.73089706959162e-06,0.20491566602210723,0.19880789768641946,0.20490402965202778,0.20290868943841822,1,1,1,1,False,False,True,熊市
2024-01-29,2024,0.0019042757377172315,0.0019056104477894742,1.3347100722427285e-06,0.20635722301755122,0.19849965729426702,0.20634522989941678,0.2025938211107047,1,1,1,1,False,False,True,熊市
2024-01-30,2024,-0.0016735356445820582,-0.0016626063080397158,1.0929336542342405e-05,0.20450222727212514,0.19935699019092845,0.2044881032972875,0.20346660948365844,1,1,1,1,False,False,True,熊市
2024-01-31,2024,5.003217464527587e-05,5.106355653983208e-05,1.0313818945562048e-06,0.20449199609286306,0.19939704609773973,0.2044776619406359,0.20350728123463652,1,1,1,1,False,False,True,熊市
2024-02-01,2024,-0.000658034918675332,-0.001289099007530825,-0.000631064088855493,0.20352551763016216,0.39998815346851885,0.20363984563784984,0.2035809464488166,1,1,2,1,False,False,True,熊市
2024-02-02,2024,0.0006381306513187912,0.00016503316381633049,-0.0004730974875024607,0.20357912920486296,0.4001873906225949,0.203789838304176,0.20352876586837904,1,1,2,1,False,False,True,熊市
2024-02-05,2024,0.0016276117106128751,0.0031822599840958254,0.0015546482734829503,0.20617802537078228,0.39823236074483065,0.2060715761562766,0.2031271113914465,1,1,2,1,False,False,True,熊市
2024-02-06,2024,0.0009148637550542293,0.0013367385384159824,0.0004218747833617531,0.20763602604652062,0.3971359398724543,0.20744138976890555,0.2025459903859165,1,1,2,1,False,False,True,熊市
2024-02-07,2024,-0.0013545918316274497,-0.001740517907429684,-0.00038592607580223426,0.20626898325638413,0.3979668838008555,0.20615529705653465,0.20280336506567995,1,1,2,1,False,False,True,熊市
2024-02-08,2024,-0.00023936459951157119,-0.0007293216387860291,-0.0004899570392744579,0.20521898117092044,0.19921258823703303,0.2052064400969328,0.2033208481778691,1,1,1,1,False,False,True,熊市
2024-02-19,2024,0.0045201949022013466,0.004518665534728905,-1.5293674724414785e-06,0.20885569355930667,0.19825584723950204,0.20884324820413344,0.2023446848639463,1,1,1,1,False,False,True,熊市
2024-02-20,2024,0.0009753625609472127,0.0009766143138691952,1.2517529219824297e-06,0.20956332693239674,0.19812593158809794,0.20955057736060187,0.20221183695361442,1,1,1,1,False,False,True,熊市
2024-02-21,2024,0.0061385844870354145,0.006140797056421121,2.2125693857066864e-06,0.21426162021245573,0.19704140442854215,0.21424811365570579,0.201104501597806,1,1,1,1,False,False,True,熊市
2024-02-22,2024,0.005008357229345561,0.005010839759561625,2.4825302160635943e-06,0.8147550189889841,0.17746531262707413,0.8148078636615547,0.18199091651581603,4,4,1,1,False,False,True,熊市
2024-02-23,2024,0.002014667962118244,0.002020393485271832,5.725523153587986e-06,0.8149041850859532,0.1773317884654478,0.8149522866611661,0.1818529481988803,4,4,1,1,False,False,True,熊市
2024-02-26,2024,-0.0050841663112458635,-0.005082639201638428,1.5271096074354062e-06,0.8139420942565181,0.1782542039772601,0.813990313508431,0.18279860056038183,4,4,1,1,False,False,True,熊市
2024-02-27,2024,0.007251925306501095,0.007253878798050728,1.9534915496333127e-06,0.8152306518363576,0.17702183081454712,0.815277581835732,0.18153445731469675,4,4,1,1,False,False,True,熊市
2024-02-28,2024,-0.010118472075643314,-0.010119265044264303,-7.929686209884323e-07,0.8133270418153781,0.17884624647161437,0.8133739217940607,0.1834055277527436,4,4,1,1,False,False,True,熊市
2024-02-29,2024,0.02125066106367779,0.012623569740762175,-0.008627091322915614,0.9999632031125929,0.0,0.815630406045347,0.18118919153322774,5,4,0,1,True,False,True,熊市
2024-03-01,2024,0.007482880348191223,0.004278154031534642,-0.003204726316656581,0.9999634764142152,0.0,0.8165265642867389,0.1803065815816067,5,4,0,1,True,False,True,弱牛
2024-03-04,2024,-0.0006516160136238458,-0.0032723935130380966,-0.0026207774994142508,0.9999634525993437,0.0,0.8159173365341778,0.18090541211746597,5,4,0,1,True,False,True,弱牛
2024-03-05,2024,0.0018011774029764727,0.004462527140980166,0.0026613497380036932,0.9999635183093406,0.0,0.8167283320415625,0.18010853218930162,5,4,0,1,True,False,True,弱牛
2024-03-06,2024,-0.007268308425171233,-0.004490152711267514,0.0027781557139037183,0.9999632512077845,0.0,0.8156547565401493,0.1811678406669495,5,4,0,1,True,False,True,弱牛
2024-03-07,2024,-0.007165380318078118,-0.0015487723851762558,0.0056166079329018626,0.9999629859883137,0.0,0.8152094149865896,0.18160825351336143,5,4,0,1,True,False,True,弱牛
2024-03-08,2024,0.0031205418926072426,-0.0006286922017766372,-0.0037492340943838798,0.9999631011327746,0.0,0.8151660359908638,0.18164963054346944,5,4,0,1,True,False,True,弱牛
2024-03-11,2024,0.010058608262160762,0.0068504813691989686,-0.0032081268929617934,0.9999634685879378,0.0,0.8165396951568432,0.1802976371734385,5,4,0,1,True,False,True,弱牛
2024-03-12,2024,0.0050249477564396905,0.0038561917324055894,-0.001168756024034101,0.999963651238565,0.0,0.8174171955961842,0.17943228573812883,5,4,0,1,True,False,True,弱牛
2024-03-13,2024,-0.00048481835464952994,-0.0067973282574789184,-0.0063125099028293885,0.9999636336074704,0.0,0.8162183027089334,0.18060961695407,5,4,0,1,True,False,True,弱牛
2024-03-14,2024,-0.006731892504457049,-0.006421671763138681,0.00031022074131836774,0.9992512441903292,0.0,0.8113109132358077,0.1816762999456947,5,4,0,1,True,False,True,弱牛
2024-03-15,2024,0.0015231917162479292,0.0014604957683710396,-6.269594787688959e-05,0.99925238295442,0.0,0.8114718442665071,0.18152559612367325,5,4,0,1,True,False,True,弱牛
2024-03-18,2024,0.011839026339032,0.011617236223814498,-0.0002217901152175017,0.9992611304504779,0.0,0.8134695077280722,0.17960834883756016,5,4,0,1,True,False,True,弱牛
2024-03-19,2024,-0.005869121007583189,-0.005229624838749336,0.000639496168833853,0.9992567683338929,0.0,0.8123439069083542,0.1806975591352587,5,4,0,1,True,False,True,弱牛
2024-03-20,2024,0.009810894397755732,0.006920855894938072,-0.00289003850281766,0.9992639892575625,0.0,0.813666322927246,0.17942297111642289,5,4,0,1,True,False,True,弱牛
2024-03-21,2024,-0.000519708935069918,0.0016356040430569596,0.0021553129781268776,0.9999653624604689,0.0,0.815165864185608,0.17916253401016274,5,4,0,1,True,False,True,弱牛
2024-03-22,2024,-0.00754591865947285,-0.0025536428305421577,0.004992275828930692,0.9999650991011247,0.0,0.8146477864790741,0.1796660913916875,5,4,0,1,True,False,True,弱牛
2024-03-25,2024,-0.006810975382659512,-0.008224679658944245,-0.001413704276284733,0.9999648597618276,0.0,0.8131984218790433,0.18106830162917736,5,4,0,1,True,False,True,弱牛
2024-03-26,2024,-0.005823553270854265,-0.005509740231628535,0.0003138130392257299,0.9999646539220598,0.0,0.8121841695452789,0.1820507900880969,5,4,0,1,True,False,True,弱牛
2024-03-27,2024,-0.01635276736283675,-0.013717394211232858,0.0026353731516038925,0.9999640663067334,0.0,0.8094965172513137,0.1846582611734626,5,4,0,1,True,False,True,弱牛
2024-03-28,2024,0.0016697886248004945,0.001385141078320995,-0.0002846475464794995,0.5951196400561528,0.37981528458584846,0.601250160888002,0.18438050482586024,3,3,2,1,False,False,True,弱牛
2024-03-29,2024,0.015136890641532785,0.011614409100143774,-0.003522481541389011,0.5972890619976378,0.3780196125377165,0.6056240300167717,0.1824678236008289,3,3,2,1,False,False,True,强牛
2024-04-01,2024,0.01060237587414381,0.00965949483547024,-0.0009428810386735709,0.6004929617365506,0.3750747530698899,0.609458551876583,0.18066064428179004,3,3,2,1,False,False,True,强牛
2024-04-02,2024,0.0005533295868433985,0.00046420774423761024,-8.912184260578826e-05,0.6004983439457269,0.3750828824906009,0.6095741961578476,0.18064238308905167,3,3,2,1,False,False,True,强牛
2024-04-03,2024,0.012408639827720558,0.009964527845010673,-0.0024441119827098845,0.6025533864496749,0.37332712997121664,0.6132409371253673,0.1790454105934765,3,3,2,1,False,False,True,强牛
2024-04-08,2024,0.0025125180820815274,-0.002058112511016952,-0.004570630593098479,0.5987986162204423,0.37714234896046983,0.6122169786378796,0.17964098936083395,3,3,2,1,False,False,True,强牛
2024-04-09,2024,1.6529238664686474e-05,-0.0005232238545948009,-0.0005397530932594874,0.5980836195381306,0.3778577433137367,0.6118444828204803,0.17990452329048726,3,3,2,1,False,False,True,强牛
2024-04-10,2024,-0.002197685654361292,-0.0028972286451020013,-0.0006995429907407091,0.5964789860561881,0.3794093870190835,0.6106976016256243,0.18044630061621417,3,3,2,1,False,False,True,强牛
2024-04-11,2024,0.0021144636853756005,0.002799816242244235,0.0006853525568686347,0.8017351907297161,0.1804643577085818,0.8128863046244895,0.1799763967291575,4,4,1,1,False,False,True,强牛
2024-04-12,2024,-0.0004792508970514753,-0.0004111119050810297,6.81389919704456e-05,0.8014020548423271,0.18078895862319863,0.8125719364903751,0.18028782942803592,4,4,1,1,False,False,True,强牛
2024-04-15,2024,0.009102290194694662,0.009144426823136653,4.2136628441991064e-05,0.8032190598532543,0.17913259398053266,0.8142958704551527,0.17862859715146434,4,4,1,1,False,False,True,强牛
2024-04-16,2024,-0.01642307411474364,-0.016796154592989443,-0.00037308047824580193,0.8000334078213198,0.18202356636976458,0.8112232848028764,0.18158031088439033,4,4,1,1,False,False,True,强牛
2024-04-17,2024,0.0142435787059636,0.014470035438085338,0.0002264567321217381,0.8027943493109247,0.17951460863011692,0.8138687546233386,0.17903748798477787,4,4,1,1,False,False,True,强牛
2024-04-18,2024,5.564848173733594e-05,-0.0006619991116925128,-0.0007176475934298487,0.4079794360905143,0.379784510853445,0.4169200241438245,0.17929905149706313,2,2,2,1,False,False,True,强牛
2024-04-19,2024,0.006819350555806292,0.005812484944031748,-0.0010068656117745434,0.4109219918225299,0.3782794642888592,0.42017158237482644,0.17838090091277103,2,2,2,1,False,False,True,强牛
2024-04-22,2024,-0.015615842155731419,-0.011921948343497801,0.0036938938122336173,0.4054348994943411,0.38042254019643496,0.4130655668892588,0.1806431325000453,2,2,2,1,False,False,True,强牛
2024-04-23,2024,-0.018350694864059713,-0.013810618473508729,0.0045400763905509844,0.3990432484487053,0.38281106633678824,0.40458466646176294,0.18343432033587387,2,2,2,1,False,False,True,强牛
2024-04-24,2024,0.004640573730413378,0.002626053145844187,-0.0020145205845691905,0.4002472068294403,0.38261475304095205,0.4066368862398363,0.18246115094987192,2,2,2,1,False,False,True,强牛
2024-04-25,2024,0.0010934035338014958,0.0015590609317641668,0.000465657397962671,0.4025630510646321,0.1837276145071722,0.40250984498119646,0.18230730900054054,2,2,1,1,False,False,True,强牛
2024-04-26,2024,-0.0014085953260941642,-0.0014061816531718563,2.4136729223078746e-06,0.402030103385691,0.18367699113582217,0.4019758729199171,0.18225663644450296,2,2,1,1,False,False,True,震荡
2024-04-29,2024,0.005872197128709233,0.005877227916596395,5.030787887161381e-06,0.4062909457048357,0.18183475588916614,0.4062340476052456,0.1804277446129456,2,2,1,1,False,False,True,震荡
2024-04-30,2024,0.005963906361751148,0.00595899829976676,-4.908061984387757e-06,0.4092873138442473,0.1812802047304348,0.409231921229457,0.17987836211169592,2,2,1,1,False,False,True,震荡
2024-05-06,2024,0.006760021920869885,0.0067567378831712155,-3.284037698669806e-06,0.4129645685566477,0.1803521379965861,0.41290986890403586,0.17895805589099184,2,2,1,1,False,False,True,震荡
2024-05-07,2024,-0.0024778411751037455,-0.0024791636072667433,-1.3224321629978775e-06,0.4112804580137407,0.1810260488152922,0.41122658822734837,0.1796269956628162,2,2,1,1,False,False,True,震荡
2024-05-08,2024,-0.0016610329104166377,-0.0016610247315360649,8.17888057280669e-09,0.4102682314669756,0.18135995634232205,0.4102145297362756,0.17995832112351218,2,2,1,1,False,False,True,震荡
2024-05-09,2024,0.008588889778482711,0.008589702220432205,8.12441949493703e-07,0.9999463895433296,0.0,0.9999716252364387,0.0,5,5,0,0,True,True,False,震荡
2024-05-10,2024,0.0005051491317500378,0.0005038368894343392,-1.3122423156985974e-06,0.999946416610932,0.0,0.999971639525492,0.0,5,5,0,0,True,True,False,震荡
2024-05-13,2024,0.0034244406852135256,0.003422076688678999,-2.363996534526791e-06,0.9999465994778527,0.0,0.9999717362462249,0.0,5,5,0,0,True,True,False,弱牛
2024-05-14,2024,-0.0035896011304598074,-0.003588925471507687,6.75658952120628e-07,0.9999464071007208,0.0,0.9999716344443598,0.0,5,5,0,0,True,True,False,弱牛
2024-05-15,2024,-0.00702435885540964,-0.007024924683700751,-5.65828291110293e-07,0.9999460279818976,0.0,0.9999714337687367,0.0,5,5,0,0,True,True,False,弱牛
2024-05-16,2024,0.0022237954921537906,0.002219964450558054,-3.831041595736551e-06,0.9999461477383144,0.0,0.9999998558657343,0.0,5,6,0,0,True,True,False,弱牛
2024-05-17,2024,0.009846817985300405,0.0098477514188684,9.334335679955785e-07,0.9999466728411412,0.0,0.9999998572712911,0.0,5,6,0,0,True,True,False,弱牛
2024-05-20,2024,0.0045343096460728205,0.004534507201400029,1.975553272082209e-07,0.9999469135515366,0.0,0.999999857915574,0.0,5,6,0,0,True,True,False,弱牛
2024-05-21,2024,-0.0010195381401711945,-0.0010206555232327164,-1.1173830615218705e-06,0.9999468593726403,0.0,0.9999998577704066,0.0,5,6,0,0,True,True,False,弱牛
2024-05-22,2024,-0.0014045903962343065,-0.0014047741693462568,-1.8377311195028057e-07,0.9999467846268382,0.0,0.9999998575703251,0.0,5,6,0,0,True,True,False,弱牛
2024-05-23,2024,-0.013007066407382029,-0.009553126224965847,0.003453940182416182,0.9999872283549605,0.0,0.8111933392673362,0.17903010153587015,5,4,0,1,True,False,True,弱牛
2024-05-24,2024,-0.006703380089766231,-0.004405826268938706,0.002297553820827525,0.9999871421639986,0.0,0.8103537585139323,0.17982641785235215,5,4,0,1,True,False,True,弱牛
2024-05-27,2024,0.008713022318789898,0.007247881922742838,-0.00146514039604706,0.999987253226917,0.0,0.8117639733362124,0.1784868638112727,5,4,0,1,True,False,True,弱牛
2024-05-28,2024,-0.011961490819853093,-0.010222354789608201,0.0017391360302448922,0.9999870989106552,0.0,0.8097169657665204,0.18043318270400546,5,4,0,1,True,False,True,弱牛
2024-05-29,2024,-0.001995986917861736,-0.0021148755227164973,-0.00011888860485476105,0.9999870731087493,0.0,0.8092159791404999,0.18091329397133876,5,4,0,1,True,False,True,弱牛
2024-05-30,2024,-0.004859924179962172,-0.0042660297992050955,0.0005938943807570762,0.4107299007203413,0.19360475537991684,0.40797819163745236,0.18176061471230368,2,2,1,1,False,False,True,震荡
2024-05-31,2024,-0.001671913995442309,-0.0016587740329134792,1.3139962528829763e-05,0.4097764866583879,0.1938955431617413,0.4070259279057723,0.18203121710711978,2,2,1,1,False,False,True,震荡
2024-06-03,2024,-0.001368178637682682,-0.001370366172313342,-2.187534630659904e-06,0.4087610808675435,0.19436795858244446,0.4060181045633723,0.18247512549231015,2,2,1,1,False,False,True,震荡
2024-06-04,2024,0.002003116991552867,0.001987161709048113,-1.5955282504753754e-05,0.40989653149511274,0.19402589766699377,0.407152443927381,0.18215689488447823,2,2,1,1,False,False,True,震荡
2024-06-05,2024,-0.00615582684342908,-0.0061176567451246555,3.8170098304424194e-05,0.4061844307434239,0.19528471146636267,0.40344974624690455,0.1833316630664296,2,2,1,1,False,False,True,震荡
2024-06-06,2024,7.872311644119279e-06,9.89627084235778e-06,2.023959198238501e-06,0.0,0.19524515712068896,0.0,0.1832941587986811,0,0,1,1,False,False,True,震荡
2024-06-07,2024,7.164745260523908e-05,6.72618965253946e-05,-4.385556079844477e-06,0.0,0.1953028116243546,0.0,0.18334908828780203,0,0,1,1,False,False,True,震荡
2024-06-11,2024,0.0,0.0,0.0,0.0,0.1953028116243546,0.0,0.18334908828780203,0,0,1,1,False,False,True,震荡
2024-06-12,2024,-2.6317586797497405e-05,-2.470678995925013e-05,1.6107968382472748e-06,0.0,0.1952816333788935,0.0,0.18332891096673948,0,0,1,1,False,False,True,震荡
2024-06-13,2024,0.0005039015724763729,0.0005027822835930174,-1.1192888833555514e-06,0.20041700579022717,0.1952022782901679,0.2004354673098985,0.18325461802503198,1,1,1,1,False,False,True,震荡
2024-06-14,2024,-0.0007862279481641865,-0.0007881815790270474,-1.9536308628609333e-06,0.1997571432959652,0.19538658587968558,0.19977593462757867,0.18342800341329923,1,1,1,1,False,False,True,震荡
2024-06-17,2024,0.004171164445475606,0.0041664466694437685,-4.717776031837317e-06,0.20299820406285402,0.19465800013778786,0.20301825410005728,0.182744869130287,1,1,1,1,False,False,True,震荡
2024-06-18,2024,5.3889204009616165e-05,5.059116772665462e-05,-3.2980362829615473e-06,0.2029872652407061,0.19470139703849154,0.20300798368910464,0.18278621293005712,1,1,1,1,False,False,True,震荡
2024-06-19,2024,0.00031069578447495694,0.00030831705924039277,-2.378725234564172e-06,0.2031955066026327,0.19468023314595512,0.2032167295523733,0.18276677882581038,1,1,1,1,False,False,True,震荡
2024-06-20,2024,0.00043872148665435873,0.0004285037965965355,-1.0217690057823248e-05,0.20337756955385056,0.1947622192013726,0.2034008888951817,0.18284561518617745,1,1,1,1,False,False,True,震荡
2024-06-21,2024,0.0004419247844091867,0.0004481309256598731,6.206141250686414e-06,0.20382983228463894,0.19457581592480105,0.20385193890748868,0.18266948389654183,1,1,1,1,False,False,True,震荡
2024-06-24,2024,-0.005842370611458647,-0.005850405342459952,-8.03473100130514e-06,0.19902952976458677,0.1958407262122529,0.19905272449845765,0.1838584787120635,1,1,1,1,False,False,True,震荡
2024-06-25,2024,-0.007572554902651407,-0.007577204570811902,-4.649668160494613e-06,0.19285593254122374,0.1973969801401639,0.1928793114771386,0.18532038362094758,1,1,1,1,False,False,True,熊市
2024-06-26,2024,0.004817736971040265,0.004809283068363923,-8.45390267634194e-06,0.19657916618524177,0.19659726284888673,0.19660465057720866,0.18457114528811625,1,1,1,1,False,False,True,熊市
2024-06-27,2024,-0.0012187065096779248,-0.0012315469927305367,-1.2840483052611873e-05,0.0,0.19704429089326692,0.0,0.18499320632960398,0,0,1,1,False,False,True,熊市
2024-06-28,2024,0.00014103239411733526,0.000132406956150799,-8.625437966536253e-06,0.0,0.197157517690646,0.0,0.18510110461191298,0,0,1,1,False,False,True,熊市
2024-07-01,2024,-0.00033343582333711375,-0.00031304583228586313,2.038999105125061e-05,0.0,0.19688973195719064,0.0,0.18484592402575842,0,0,1,1,False,False,True,熊市
2024-07-02,2024,0.00018073253702155512,0.00016967706987647269,-1.1055467145082432e-05,0.0,0.19703485388518782,0.0,0.18498421351631203,0,0,1,1,False,False,True,熊市
2024-07-03,2024,0.00031145019738909596,0.00029240192117052644,-1.9048276218569526e-05,0.0,0.19728485967408974,0.0,0.18522245603549378,0,0,1,1,False,False,True,熊市
2024-07-04,2024,-0.0007613323016157914,-0.00010065613514820271,0.0006606761664675886,0.0,0.39671322384010876,0.0,0.18514043542103473,0,0,2,1,False,False,True,熊市
2024-07-05,2024,0.0004388302163085278,-0.00014617293684271448,-0.0005850031531512423,0.0,0.39697784818143017,0.0,0.18502130759210123,0,0,2,1,False,False,True,熊市
2024-07-08,2024,-0.0002808120962489724,-0.0003682441493759736,-8.74320531270012e-05,0.0,0.3968084647019636,0.0,0.18472108590187497,0,0,2,1,False,False,True,熊市
2024-07-09,2024,-0.0005705991531205212,0.0002317895390187008,0.000802388692139222,0.0,0.3964640876214825,0.0,0.18491001523370268,0,0,2,1,False,False,True,熊市
2024-07-10,2024,0.0014277324126337199,0.00011862667236162139,-0.0013091057402720985,0.0,0.3973245469001718,0.0,0.18500669517745083,0,0,2,1,False,False,True,熊市
2024-07-11,2024,-0.0012098733149267238,-0.0019516780389905453,-0.0007418047240638215,0.1983342541748749,0.39853897925647225,0.1984713992684618,0.1853588013653137,1,1,2,1,False,False,True,熊市
2024-07-12,2024,0.005319627126898485,0.004234960324208448,-0.0010846668026900375,0.20134605864581168,0.3976603113772742,0.20170290913349057,0.18472574181956986,1,1,2,1,False,False,True,熊市
2024-07-15,2024,0.002271189100428561,0.0024187586563453323,0.00014756955591677112,0.20322754002954346,0.39668749859705904,0.20355775425425432,0.18435139673831252,1,1,2,1,False,False,True,熊市
2024-07-16,2024,0.0015434226522867966,-0.0007818856266963436,-0.0023253082789831403,0.20213631156485842,0.3983952756588959,0.20293591406720077,0.18449427739672367,1,1,2,1,False,False,True,熊市
2024-07-17,2024,0.004373535077220714,0.001762434806912072,-0.0026111002703086417,0.20296035818679853,0.39931071046941324,0.20429433057174903,0.18421357584206335,1,1,2,1,False,False,True,熊市
2024-07-18,2024,0.0016914074689859948,0.0018032191394103947,0.00011181167042439988,0.40385318168756035,0.3984672537008625,0.4052761233284716,0.18382586919654217,2,2,2,1,False,False,True,熊市
2024-07-19,2024,-0.007369584296646137,-0.00196315633071642,0.0054064279659297165,0.4047517807870996,0.3961010225480611,0.40398009932733925,0.18431364946421927,2,2,2,1,False,False,True,熊市
2024-07-22,2024,-0.0018879037436980717,-0.001774352636436216,0.00011355110726185558,0.40334842066886023,0.39712770078904347,0.40252081137318246,0.18504112685610657,2,2,2,1,False,False,True,熊市
2024-07-23,2024,-0.005938899533549091,-0.004917344487061048,0.001021555046488043,0.40057432434938356,0.3987097654832513,0.39936805489611904,0.18615576115501095,2,2,2,1,False,False,True,熊市
2024-07-24,2024,-0.0020369269063574835,-0.004647591775906457,-0.002610664869548973,0.39670315060402084,0.4021712611062697,0.39656075386850337,0.18702775154499343,2,2,2,1,False,False,True,熊市
2024-07-25,2024,-0.008361643848753153,-0.0032229757659753,0.005138668082777853,0.20360332579483023,0.40040829790533106,0.20305790793585302,0.18766032267175037,1,1,2,1,False,False,True,熊市
2024-07-26,2024,-0.0019048534566460384,-0.002766708195932388,-0.0008618547392863496,0.20112997201600855,0.4021259122839575,0.2007645399369546,0.1882633090128519,1,1,2,1,False,False,True,熊市
2024-07-29,2024,0.00422021842248288,0.002824628223722314,-0.0013955901987605657,0.20313462797235815,0.40178856673958036,0.2030477342076617,0.18770102299787983,1,1,2,1,False,False,True,熊市
2024-07-30,2024,-0.0006579805038029463,-0.0009217259459727289,-0.0002637454421697827,0.20231778204524573,0.40234528867479324,0.20228462447335013,0.18790205196966905,1,1,2,1,False,False,True,熊市
2024-07-31,2024,0.0015605286233120186,-2.328292100695073e-05,-0.0015838115443189693,0.20184436604214345,0.40343467802784533,0.20213092454446913,0.18804155333252467,1,1,2,1,False,False,True,熊市
2024-08-01,2024,0.0010989435107797707,-0.001291455222884208,-0.0023903987336639787,0.5996446397103187,0.2000047622838148,0.5995978406446549,0.18859995219627027,3,3,1,1,False,False,True,熊市
2024-08-02,2024,-0.008763426872816615,-0.008779480860245492,-1.605398742887676e-05,0.5958051878639138,0.20207293383029076,0.595768532037239,0.19055327721778906,3,3,1,1,False,False,True,熊市
2024-08-05,2024,-0.00943813169664054,-0.009442458632532569,-4.326935892029482e-06,0.5918771643946251,0.20407512816435314,0.5918427563797696,0.1924421722373114,3,3,1,1,False,False,True,熊市
2024-08-06,2024,0.008620693579469707,0.008637582567629032,1.6888988159324825e-05,0.5956626266671774,0.2020336641784114,0.5956183407952964,0.19051388835108735,3,3,1,1,False,False,True,熊市
2024-08-07,2024,0.0009690880059491924,0.0009529570498554296,-1.6130956093762805e-05,0.5957690796679904,0.2021230714698388,0.5957345725880295,0.19060126932410557,3,3,1,1,False,False,True,熊市
2024-08-08,2024,-0.004626496347993392,-0.004616793790273355,9.702557720037142e-06,0.5957180402239531,0.20288264584087742,0.5956918376395054,0.1913156801189084,3,3,1,1,False,False,True,熊市
2024-08-09,2024,-0.008454469756195682,-0.008438295894438008,1.6173861757673436e-05,0.5925506078225815,0.20433283545646927,0.5925148820128874,0.19268004699688507,3,3,1,1,False,False,True,熊市
2024-08-12,2024,-0.00021634521450475397,-0.00016295471233263026,5.339050217212371e-05,0.5934030422476082,0.20343644822743048,0.5933353842730138,0.1918245355332933,3,3,1,1,False,False,True,熊市
2024-08-13,2024,0.00273060817877524,0.0026955006122051373,-3.510756657010283e-05,0.5938994929599024,0.20349323857947416,0.593852661979134,0.19188480262251206,3,3,1,1,False,False,True,熊市
2024-08-14,2024,-0.006194795883919912,-0.00620529396428926,-1.049808036934774e-05,0.5911753784416814,0.20495441880482387,0.5911349305472537,0.19326467019819962,3,3,1,1,False,False,True,熊市
2024-08-15,2024,0.001159630571084147,0.0011711193439036816,1.1488772819534532e-05,0.20125505260088222,0.20451088086040722,0.2012238014525359,0.19284421683838224,1,1,1,1,False,False,True,熊市
2024-08-16,2024,-0.001318376586733061,-0.0013161885074638446,2.188079269216381e-06,0.20023552406156014,0.2047459509076563,0.20020399258644253,0.193065453922844,1,1,1,1,False,False,True,熊市
2024-08-19,2024,-0.00016749451934183757,-0.00017256259854825373,-5.068079206416165e-06,0.20001198322151065,0.20486981271016375,0.19998150063967418,0.19318322879843353,1,1,1,1,False,False,True,熊市
2024-08-20,2024,-0.0015759049548700332,-0.001573764825892332,2.1401289777012167e-06,0.19878273705374402,0.20515972885657086,0.19875201578734195,0.19345619230719877,1,1,1,1,False,False,True,熊市
2024-08-21,2024,-0.0012534611612434743,-0.0012405522773676347,1.290888387583955e-05,0.19800096120034344,0.20519343206111218,0.19796780200435596,0.1934854720634451,1,1,1,1,False,False,True,熊市
2024-08-22,2024,0.002960007064711556,0.002945744415785212,-1.4262648926344212e-05,0.20196315718672497,0.19919353477836915,0.20195214096529404,0.1991982919228222,1,1,1,1,False,False,True,熊市
2024-08-23,2024,0.00038413894713174024,0.00038406425082126994,-7.469631047030134e-08,0.2029545908688844,0.19843205180103346,0.2029435357223234,0.19843680557653856,1,1,1,1,False,False,True,熊市
2024-08-26,2024,0.0012257793897594293,0.0012258087553784769,2.936561904753887e-08,0.2027061178873999,0.19941339436194197,0.2026950703304403,0.19941816579829988,1,1,1,1,False,False,True,熊市
2024-08-27,2024,0.0006185936905842571,0.000618548680839881,-4.5009744376045546e-08,0.20334295769487867,0.19914617100950222,0.2033318845761769,0.199150945010102,1,1,1,1,False,False,True,熊市
2024-08-28,2024,-0.0015877946422142575,-0.0015877251120197666,6.953019449085218e-08,0.20229227726395071,0.19924661810492317,0.20228124727343272,0.19925138063745582,1,1,1,1,False,False,True,熊市
2024-08-29,2024,-0.00647816079095731,-0.006312290779901808,0.00016587001105550225,0.19700354095612468,0.39731406084323906,0.1969599165706937,0.20077101384523943,1,1,2,1,False,False,True,熊市
2024-08-30,2024,-0.004528077465978386,-0.0044660557916695875,6.202167430879868e-05,0.1938860805220479,0.3985862042130631,0.19383107005539058,0.20119802655366167,1,1,2,1,False,False,True,熊市
2024-09-02,2024,-0.0008152386533090139,-0.0012838313120906442,-0.00046859265878163026,0.1938897790659194,0.3982500022537764,0.19392571385869953,0.20032570375302813,1,1,2,1,False,False,True,熊市
2024-09-03,2024,-0.002612124571325758,-0.002880146564885222,-0.0002680219935594641,0.19114470203369183,0.3999269073890644,0.19123151654977827,0.20127021701670728,1,1,2,1,False,False,True,熊市
2024-09-04,2024,-0.0019388429775537563,-0.002010216693546951,-7.137371599319486e-05,0.19089522405053252,0.3993819972399791,0.19099558380449752,0.20028248677774432,1,1,2,1,False,False,True,熊市
2024-09-05,2024,0.0007415454229171559,0.0005782116584016617,-0.0001633337645154942,0.0,0.19919902645745036,0.0,0.19737422272839727,0,0,1,1,False,False,True,熊市
2024-09-06,2024,6.60342857712326e-05,6.542936508924235e-05,-6.049206819902508e-07,0.0,0.1992519032860995,0.0,0.19742673458759086,0,0,1,1,False,False,True,熊市
2024-09-09,2024,0.00010711521253004008,0.00010613402575176956,-9.811867782705264e-07,0.0,0.1993376664021277,0.0,0.19751190587963777,0,0,1,1,False,False,True,熊市
2024-09-10,2024,0.00017312659357049398,0.0001715409037927884,-1.5856897777055678e-06,0.0,0.19947625835059174,0.0,0.19764954180239547,0,0,1,1,False,False,True,熊市
2024-09-11,2024,0.0003036525556765479,0.00030087183804661244,-2.7807176299354808e-06,0.0,0.19971926564083864,0.0,0.19789087384949436,0,0,1,1,False,False,True,熊市
2024-09-12,2024,-0.005287278295596276,-0.00533281063792479,-4.5532342328513664e-05,0.1960222007243957,0.40146461905258185,0.19602812050891455,0.19863776569842487,1,1,2,1,False,False,True,熊市
2024-09-13,2024,0.0020424538469099307,-0.0008674469959311093,-0.00290990084284104,0.1944741809170164,0.40383307774478294,0.19504646295471434,0.19909387210631796,1,1,2,1,False,False,True,熊市
2024-09-18,2024,0.003997133146484089,0.0040811838613075135,8.405071482342485e-05,0.19770357689981766,0.4022029088096459,0.1982687638428884,0.19833414568573546,1,1,2,1,False,False,True,熊市
2024-09-19,2024,0.0011211101727046646,0.001452816583707106,0.00033170641100244147,0.1991961020175024,0.4011584302912651,0.1996993883442068,0.19777887475582942,1,1,2,1,False,False,True,熊市
2024-09-20,2024,0.0022276333093924627,-4.696592133912603e-05,-0.0022745992307315888,0.19856333966404877,0.4026794774277245,0.19951784168619535,0.19793212209623703,1,1,2,1,False,False,True,熊市
2024-09-23,2024,0.0012018562990525616,-0.0005291548452871497,-0.0017310111443397114,0.1977556275217524,0.4039658631052881,0.19905039167252617,0.19808056103245628,1,1,2,1,False,False,True,熊市
2024-09-24,2024,0.00250118983440184,0.003026319703584246,0.0005251298691824058,0.20048052707797243,0.40223464831374023,0.201687484069391,0.19726243832828036,1,1,2,1,False,False,True,熊市
2024-09-25,2024,0.004854936564154588,0.003328176304775665,-0.0015267602593789231,0.20233785713938465,0.4022967919506606,0.2038657461541301,0.1970779412682881,1,1,2,1,False,False,True,熊市
2024-09-26,2024,0.051267166878909975,0.042223813332670224,-0.009043353546239752,0.9999694205676786,0.0,0.8119410617519196,0.17949799975518987,5,4,0,1,True,False,True,熊市
2024-09-27,2024,0.07242696397139992,0.06354386185657757,-0.00888310211482235,0.9999714857670043,0.0,0.8238957118329159,0.16805484253543324,5,4,0,1,True,False,True,熊市
2024-09-30,2024,0.09026942181712005,0.07327627691105332,-0.016993144906066737,0.9999738466177028,0.0,0.8364569280876432,0.15604318972468995,5,4,0,1,True,False,True,熊市
2024-10-08,2024,0.059806774388843964,0.057397970226074735,-0.002408804162769229,0.999975322499413,0.0,0.8453933742847977,0.1475138542149284,5,4,0,1,True,False,True,熊市
2024-10-09,2024,-0.046556392315796225,-0.02881563172869661,0.017740760587099613,0.9999741175037641,0.0,0.840491334814405,0.15220544683489298,5,4,0,1,True,False,True,熊市
2024-10-10,2024,-0.026285626623302027,-0.02907662818727197,-0.0027910015639699415,0.9999734188002729,0.0,0.8350655847554606,0.15668694314350234,5,4,0,1,True,False,True,熊市
2024-10-11,2024,-0.026167741422489676,-0.02090948398165049,0.005258257440839187,0.9999727045397264,0.0,0.8297669743420355,0.16180942031596107,5,4,0,1,True,False,True,弱牛
2024-10-14,2024,0.030353484396065333,0.0268750946040901,-0.003478389791975234,0.9999735086446672,0.0,0.8325748584726912,0.15922199648438498,5,4,0,1,True,False,True,弱牛
2024-10-15,2024,-0.031964005527987616,-0.026201123321581976,0.0057628822064056395,0.9999726339149742,0.0,0.8280701020128632,0.16350603835925925,5,4,0,1,True,False,True,弱牛
2024-10-16,2024,-0.0015894322961204077,-0.0008745602195192603,0.0007148720766011474,0.9999725903491898,0.0,0.8255208871279996,0.16604787962292172,5,4,0,1,True,False,True,弱牛
2024-10-17,2024,-0.0018635239509979806,0.001633036016568612,0.0034965599675665926,0.9999725391752853,0.0,0.8252136944648862,0.16636881834578424,5,4,0,1,True,False,True,弱牛
2024-10-18,2024,0.0497382038855676,0.04679565181879375,-0.0029425520667738514,0.9999738403112195,0.0,0.831950701779231,0.16000810395835088,5,4,0,1,True,False,True,弱牛
2024-10-21,2024,0.0030838442507412633,0.0007620494493749685,-0.002321794801366295,0.999973920735609,0.0,0.8300615980645548,0.1619033307945657,5,4,0,1,True,False,True,弱牛
2024-10-22,2024,0.0067207034491498785,0.00556603924078769,-0.0011546642083621883,0.9999740948365305,0.0,0.8310557369442209,0.16095366788119866,5,4,0,1,True,False,True,弱牛
2024-10-23,2024,-0.0038532627306175904,-0.0032380206552073965,0.0006152420754101939,0.9999739946310113,0.0,0.8294872890069068,0.1624961580545139,5,4,0,1,True,False,True,弱牛
2024-10-24,2024,-0.007477913799518121,-0.006625080114020299,0.0008528336854978225,0.9999737986999482,0.0,0.8299977784438632,0.16193220410542505,5,4,0,1,True,False,True,弱牛
2024-10-25,2024,0.005923068936626752,0.005392403484977049,-0.0005306654516497034,0.9999739529782535,0.0,0.8308289831943654,0.16114428274365183,5,4,0,1,True,False,True,弱牛
2024-10-28,2024,0.010094842150994099,0.009010423431944137,-0.0010844187190499621,0.9999742132910104,0.0,0.8318337717358294,0.16021117262194873,5,4,0,1,True,False,True,弱牛
2024-10-29,2024,-0.008601803044379075,-0.004445554233173832,0.004156248811205243,0.9999739895542792,0.0,0.8297188301106854,0.1622905916983907,5,4,0,1,True,False,True,弱牛
2024-10-30,2024,0.002203718778366115,0.006241341805458767,0.004037623027092652,0.9999740467479481,0.0,0.8288613022985672,0.16319768210314015,5,4,0,1,True,False,True,弱牛
2024-10-31,2024,0.0047519787960697,0.0032567132418457323,-0.001495265554223968,0.9999538295561353,0.0,0.8303970891451512,0.16168767291676164,5,4,0,1,True,False,True,弱牛
2024-11-01,2024,-0.02897873906123194,-0.023726104001463466,0.0052526350597684734,0.9999524516653528,0.0,0.8276864024247425,0.16420599788368587,5,4,0,1,True,False,True,弱牛
2024-11-04,2024,0.032886652390913484,0.0215473784789475,-0.011339273911965986,0.9999539655832158,0.0,0.8325164000233947,0.15954701292995885,5,4,0,1,True,False,True,弱牛
2024-11-05,2024,0.041264203534385535,0.03594355146849115,-0.005320652065894382,0.999955789878661,0.0,0.8383274844085947,0.15401129984717277,5,4,0,1,True,False,True,弱牛
2024-11-06,2024,0.00022413910333862752,-0.005334403952338418,-0.005558543055677045,0.9999557997856574,0.0,0.8377697978619304,0.15452789919859478,5,4,0,1,True,False,True,弱牛
2024-11-07,2024,0.037626743724930245,0.035928305116063486,-0.0016984386088667591,0.9999698265542891,0.0,0.8716013863020267,0.1281276758018884,5,4,0,1,True,False,True,弱牛
2024-11-08,2024,-0.002199992843834875,-0.0017481394908381853,0.0004518533529966895,0.999969760026564,0.0,0.8705442174747631,0.12918437016248244,5,4,0,1,True,False,True,弱牛
2024-11-11,2024,0.03683775589088856,0.030512202183947235,-0.006325553706941323,0.9999708344210421,0.0,0.8742284624910907,0.1255081613332762,5,4,0,1,True,False,True,弱牛
2024-11-12,2024,-0.02744879572664083,-0.026510467639171087,0.0009383280874697419,0.9999700112664199,0.0,0.8729430704964674,0.1267863809594774,5,4,0,1,True,False,True,弱牛
2024-11-13,2024,0.006954528601889276,0.004505738352563071,-0.002448790249326205,0.9999702183835235,0.0,0.8737520776746144,0.12597858733432926,5,4,0,1,True,False,True,弱牛
2024-11-14,2024,-0.032160459330720426,-0.02970051777045868,0.002459941560261747,0.9999692287665206,0.0,0.8715701789162494,0.11520711311703573,5,4,0,1,True,False,True,强牛
2024-11-15,2024,-0.034632954012612016,-0.03240093997589677,0.0022320140367152463,0.9999681248354113,0.0,0.8671840818874994,0.11915043566940534,5,4,0,1,True,False,True,强牛
2024-11-18,2024,-0.0318273735536625,-0.02558885444222392,0.0062385191114385785,0.9999670769822261,0.0,0.8637633818841955,0.12221226863520325,5,4,0,1,True,False,True,强牛
2024-11-19,2024,0.026288458690406413,0.01950640952325644,-0.006782049167149973,0.9999679203078871,0.0,0.8663972502551224,0.11984673080316312,5,4,0,1,True,False,True,强牛
2024-11-20,2024,0.012922969933824469,0.007142280676198265,-0.005780689257626204,0.9999683295837244,0.0,0.8672618647312457,0.1190796689272573,5,4,0,1,True,False,True,强牛
2024-11-21,2024,-0.0026439562706224162,-0.0028835155958298886,-0.00023955932520747236,0.38903418856920524,0.19295487086929577,0.40002158148892697,0.11950011963813201,2,2,1,1,False,False,True,强牛
2024-11-22,2024,-0.012677418160633502,-0.013060716897418168,-0.0003832987367846652,0.3811520776849528,0.19546963820576324,0.3920586927466486,0.1211045716007891,2,2,1,1,False,False,True,强牛
2024-11-25,2024,0.00030019660083424604,0.00016394103472205934,-0.0001362555661121867,0.3811762197607693,0.19557255470914986,0.39205822239437627,0.1211848413888429,2,2,1,1,False,False,True,强牛
2024-11-26,2024,-0.008942052956200097,-0.009203292910013428,-0.0002612399538133303,0.3756316924746514,0.1972981984640313,0.3864353296211386,0.12228635593390597,2,2,1,1,False,False,True,强牛
2024-11-27,2024,0.005071316984980756,0.00535317472333241,0.00028185773835165406,0.37886678095732756,0.1962179898005876,0.38975483949093137,0.12158274137446709,2,2,1,1,False,False,True,强牛
2024-11-28,2024,-0.003924373146322768,-0.003981821241961114,-5.7448095638346075e-05,0.19761404647984637,0.19713229116650188,0.19763735628407764,0.12215631610358943,1,1,1,1,False,False,True,强牛
2024-11-29,2024,0.004294580272051762,0.004252868046061176,-4.171222599058666e-05,0.20093472611946636,0.19639980675265617,0.20096677454346407,0.12170747488558056,1,1,1,1,False,False,True,强牛
2024-12-02,2024,0.004603398055559094,0.004437610173487538,-0.00016578788207155526,0.20416061348009537,0.1959355157044613,0.2042268796150759,0.12143979822470852,1,1,1,1,False,False,True,强牛
2024-12-03,2024,-0.001014245695576288,-0.0009998987235725343,1.4346972003753677e-05,0.20339122419207709,0.19609583732949007,0.20345431868292105,0.12153741925722891,1,1,1,1,False,False,True,强牛
2024-12-04,2024,-0.003245323836318148,-0.0033121674096876497,-6.684357336950164e-05,0.2006239740548262,0.19690788324260597,0.20069966927262223,0.12204889854569129,1,1,1,1,False,False,True,强牛
2024-12-05,2024,0.009841520903072665,0.009828856672087438,-1.266423098522651e-05,0.2083717636782985,0.1950315127449193,0.2084529962985927,0.12088738875082745,1,1,1,1,False,False,True,强牛
2024-12-06,2024,0.006003286228331017,0.006028872409003627,2.558618067260987e-05,0.21315649453513272,0.19380695007396023,0.21323416916680912,0.12012530654620847,1,1,1,1,False,False,True,强牛
2024-12-09,2024,-0.0019120730566789534,-0.0019192181523690621,-7.145095690108683e-06,0.2116321325836818,0.19419521049710042,0.2117107673265794,0.12036681956682975,1,1,1,1,False,False,True,强牛
2024-12-10,2024,-0.0010742767955550514,-0.0013094158936420852,-0.00023513909808703382,0.21016678553745116,0.19502156519079272,0.21029437741976884,0.12090747454896988,1,1,1,1,False,False,True,强牛
2024-12-11,2024,0.00025459579045805647,0.00024989845281053746,-4.6973376475190065e-06,0.2103550790250514,0.19498466969991982,0.21048377368170715,0.12088516815396778,1,1,1,1,False,False,True,震荡
2024-12-12,2024,0.004699717433023443,0.0046348871624355414,-6.483027058790114e-05,0.6119827990150712,0.3782180467782891,0.6121508440538431,0.3200283893424249,3,3,2,2,False,False,True,震荡
2024-12-13,2024,-0.008902633389583192,-0.009297739508598801,-0.0003951061190156091,0.6093613360296106,0.3807514878595768,0.6097742574659545,0.3217684781183047,3,3,2,2,False,False,True,震荡
2024-12-16,2024,-0.0077388064156728165,-0.007944558335311824,-0.00020575191963900785,0.6078283529603132,0.3822073592344798,0.6083647965773034,0.32262972092580294,3,3,2,2,False,False,True,震荡
2024-12-17,2024,-0.012504320534777347,-0.012425928299636957,7.839223514038984e-05,0.6033716800805133,0.38653785774085386,0.6038549708754846,0.3262713006880417,3,3,2,2,False,False,True,震荡
2024-12-18,2024,0.007592795603096114,0.0075825805614178066,-1.0215041678307557e-05,0.6066204471284419,0.3833651281727461,0.6071130254737007,0.3235390820711314,3,3,2,2,False,False,True,震荡
2024-12-19,2024,-0.008348822746154116,-0.008556482213393446,-0.0002076594672393295,0.20575276193472522,0.20090342668028643,0.2059355597937318,0.12465566911681233,1,1,1,1,False,False,True,震荡
2024-12-20,2024,0.000203356500556362,-3.791239808015323e-05,-0.00024126889863651524,0.20527966947020704,0.20149715493384274,0.20551162049877578,0.12505422855774925,1,1,1,1,False,False,True,震荡
2024-12-23,2024,0.0034834708849655893,0.0035293997737515515,4.592888878596213e-05,0.20814842224997623,0.2006877042954959,0.20837407759220156,0.12454616261760143,1,1,1,1,False,False,True,震荡
2024-12-24,2024,0.0024222922787948686,0.0024843824412652538,6.209016247038512e-05,0.2102177897837549,0.20004684817572024,0.2104326543186118,0.12414076001656786,1,1,1,1,False,False,True,震荡
2024-12-25,2024,0.002056994023390768,0.002200797660811382,0.0001438036374206142,0.21221071102689845,0.19926451886730193,0.21239713175405395,0.12363753593134354,1,1,1,1,False,False,True,震荡
2024-12-26,2024,0.016929834415652323,0.016929657075390736,-1.7734026158677807e-07,0.8151969066821023,0.18027399913593192,0.8153614255500292,0.12158099902680944,4,4,1,1,False,False,True,震荡
2024-12-27,2024,-0.008298526154051578,-0.008422262238861333,-0.00012373608480975573,0.81326804587241,0.1821649606306444,0.813535187650056,0.12287163854035692,4,4,1,1,False,False,True,震荡
2024-12-30,2024,-0.000637360713186208,-0.000513095174328293,0.00012426553885791503,0.8135237424323946,0.18190635139200054,0.8136922302904066,0.12268194979884726,4,4,1,1,False,False,True,震荡
2024-12-31,2024,-0.0204790312919223,-0.02057150679672526,-9.247550480295796e-05,0.8093390868535604,0.18599546307278553,0.8095862226865798,0.12545158726863767,4,4,1,1,False,False,True,震荡
2025-01-02,2025,-0.018347450749975458,-0.018436842869454906,-8.939211947944781e-05,0.6090052767583064,0.18973847567037003,0.6092416216133951,0.1279878568663151,3,3,1,1,False,False,True,震荡
2025-01-03,2025,-0.004835711820745603,-0.005004574129771067,-0.00016886230902546373,0.606588622943943,0.19117718320295907,0.6069275885303669,0.12898022100506976,3,3,1,1,False,False,True,震荡
2025-01-06,2025,0.002051354580049347,0.002052858694709725,1.5041146603778088e-06,0.607391254136989,0.19078855677913664,0.6077310069936187,0.12871783582633586,3,3,1,1,False,False,True,震荡
2025-01-07,2025,0.005048124370985008,0.005153606593421678,0.00010548222243667027,0.6096784541707311,0.18951505289622206,0.6099548846875407,0.12784523317379812,3,3,1,1,False,False,True,震荡
2025-01-08,2025,0.0018125611337433956,0.0017944113342474033,-1.814979949599227e-05,0.6103233609784771,0.18923346160139176,0.610612182690165,0.12765758686320236,3,3,1,1,False,False,True,震荡
2025-01-09,2025,-0.0007663039950012163,-0.00146353941329469,-0.0006972354182934737,0.0,0.3895399337445069,0.0,0.12756402268047495,0,0,2,1,False,False,True,熊市
2025-01-10,2025,0.001201529366385623,-8.190040555300371e-05,-0.0012834297719386267,0.0,0.3902725391941569,0.0,0.12749256396761588,0,0,2,1,False,False,True,熊市
2025-01-13,2025,0.0002640156819619932,-0.00015645179036394286,-0.00042046747232593606,0.0,0.3904334743161364,0.0,0.12735603725729447,0,0,2,1,False,False,True,熊市
2025-01-14,2025,-0.0016191844064437078,6.627230316280652e-05,0.0016854567096065143,0.0,0.38944487297518365,0.0,0.12741386555013245,0,0,2,1,False,False,True,熊市
2025-01-15,2025,0.001337282273320639,0.00014358047477758262,-0.0011937017985430565,0.0,0.39026026711131495,0.0,0.12753913389551252,0,0,2,1,False,False,True,熊市
2025-01-16,2025,0.0005523120507020529,-0.0006870278811931252,-0.001239339931895178,0.0,0.20211164202475246,0.0,0.19957378649982566,0,0,1,1,False,False,True,熊市
2025-01-17,2025,0.0005612378167954013,0.0005541905211527975,-7.047295642603757e-06,0.0,0.202559195960635,0.0,0.20001712942378358,0,0,1,1,False,False,True,熊市
2025-01-20,2025,-0.00039594565100631307,-0.00039097663350462497,4.9690175016881e-06,0.0,0.20224332767566694,0.0,0.19970423247879004,0,0,1,1,False,False,True,熊市
2025-01-21,2025,0.0,0.0,0.0,0.0,0.20224332767566694,0.0,0.19970423247879004,0,0,1,1,False,False,True,熊市
2025-01-22,2025,0.001782461187283646,0.0017600830020980673,-2.237818518557866e-05,0.0,0.20366276788390264,0.0,0.20111034458184346,0,0,1,1,False,False,True,熊市
2025-01-23,2025,-0.004846754149399279,-0.00484941300109043,-2.6588516911507654e-06,0.5979889166914547,0.20485334051456003,0.5979517410700186,0.20228653671548055,3,3,1,1,False,False,True,熊市
2025-01-24,2025,0.011368339616742995,0.011355160961538102,-1.317865520489292e-05,0.6014928623013355,0.203565556999492,0.601463627839335,0.20101750843669017,3,3,1,1,False,False,True,熊市
2025-01-27,2025,-0.007305937146681929,-0.007298773253952562,7.163892729367127e-06,0.5990876314672533,0.2045360749757486,0.5990544704900213,0.20197442077929095,3,3,1,1,False,False,True,熊市
2025-02-05,2025,0.01319569849816049,0.013098100021016412,-9.759847714407854e-05,0.596594809619363,0.2095864702182018,0.5966198387954073,0.20698150175931293,3,3,1,1,False,False,True,熊市
2025-02-06,2025,0.010471544253181309,0.010375770627843117,-9.577362533819134e-05,0.4107553766890237,0.39868967571699354,0.4108256723929053,0.2036788129944876,2,2,2,1,False,False,True,熊市
2025-02-07,2025,0.002304525482197395,0.0024129282796576668,0.00010840279746027193,0.41164642661401274,0.3982367548449266,0.41167259651957094,0.203759822858544,2,2,2,1,False,False,True,熊市
2025-02-10,2025,0.004810006383884957,0.005088779555881606,0.0002787731719966491,0.41164480486243493,0.3991484621898568,0.41155670230651076,0.20582278849646707,2,2,2,1,False,False,True,熊市
2025-02-11,2025,0.0019065633846919727,0.0019251630952141774,1.859971052220466e-05,0.4107027695256165,0.4004505457011844,0.41060725794617986,0.20750742437699357,2,2,2,1,False,False,True,熊市
2025-02-12,2025,-0.0002196726786826142,-0.0002042782813359567,1.5394397346657485e-05,0.4120393433866418,0.39907247826805037,0.4119369079097807,0.20609974759784638,2,2,2,1,False,False,True,熊市
2025-02-13,2025,-0.013383163001789766,-0.013718355185018405,-0.00033519218322863864,0.9999456765067559,0.0,0.8084742865695389,0.19140258683186645,5,4,0,1,True,False,True,熊市
2025-02-14,2025,0.0026705560060071853,0.0027463053442027263,7.574933819554097e-05,0.9999458211942909,0.0,0.807981978205094,0.191895232413446,5,4,0,1,True,False,True,熊市
2025-02-17,2025,0.0021721458740604493,-0.0006053061529273096,-0.002777452026987759,0.9999459386234868,0.0,0.8110925171568534,0.18878461909150174,5,4,0,1,True,False,True,熊市
2025-02-18,2025,-0.01174624848678596,-0.012303843356056832,-0.0005575948692708721,0.9999452960573837,0.0,0.8069438769191974,0.1929317288014299,5,4,0,1,True,False,True,熊市
2025-02-19,2025,0.02502086063187181,0.027681511873795417,0.002660651241923606,0.9999466313860358,0.0,0.8109124963032349,0.18896646008749968,5,4,0,1,True,False,True,震荡
2025-02-20,2025,0.0040293812166958265,0.004750103365414926,0.0007207221487190996,0.9999377157335763,0.0,0.9999477764708895,0.0,5,5,0,0,True,True,False,震荡
2025-02-21,2025,0.018843637476775976,0.019105948520957927,0.00026231104418195095,0.9999388676886888,0.0,0.9999487555448123,0.0,5,5,0,0,True,True,False,震荡
2025-02-24,2025,-0.0026641874081262396,-0.0026147640292735197,4.942337885271986e-05,0.999938704385685,0.0,0.9999486212013778,0.0,5,5,0,0,True,True,False,震荡
2025-02-25,2025,-0.005604752744813535,-0.005591365190509068,1.3387554304467031e-05,0.999938358902575,0.0,0.9999483323084458,0.0,5,5,0,0,True,True,False,震荡
2025-02-26,2025,0.01281722478634828,0.012863622538457742,4.639775210946162e-05,0.9999391389720509,0.0,0.9999489885011126,0.0,5,5,0,0,True,True,False,震荡
2025-02-27,2025,-0.003126218803897851,-0.0031489854746545864,-2.276667075673533e-05,0.9999292404701304,0.0,0.9999301139021646,0.0,5,5,0,0,True,True,False,震荡
2025-02-28,2025,-0.04361891800200446,-0.04373244968737444,-0.00011353168536998304,0.9999260132480645,0.0,0.9999269178402921,0.0,5,5,0,0,True,True,False,震荡
2025-03-03,2025,-0.0009218040506047132,-0.0010779921225553268,-0.00015618807195061368,0.9999259449838507,0.0,0.9999268389732816,0.0,5,5,0,0,True,True,False,震荡
2025-03-04,2025,0.010022108074747793,0.010188271322525866,0.0001661632477780728,0.9999266798067515,0.0,0.9999275768400848,0.0,5,5,0,0,True,True,False,震荡
2025-03-05,2025,0.005228815507460904,0.0052962062998413995,6.739079238049506e-05,0.9999270611903306,0.0,0.9999279583873277,0.0,5,5,0,0,True,True,False,熊市
2025-03-06,2025,0.016370301971130097,0.016417241687174178,4.693971604408098e-05,0.8216727324158541,0.0,0.821480532341711,0.0,4,4,0,0,False,False,False,熊市
2025-03-07,2025,-0.0039732868050329495,-0.003991821052835687,-1.853424780273727e-05,0.820961360552145,0.0,0.8207650585289431,0.0,4,4,0,0,False,False,False,熊市
2025-03-10,2025,0.0022764803847177273,0.0022679285024673757,-8.551882250351639e-06,0.8213680127671636,0.0,0.8211706307525377,0.0,4,4,0,0,False,False,False,熊市
2025-03-11,2025,0.0008138624613631684,0.0007763687816124687,-3.7493679750699727e-05,0.8215132764113441,0.0,0.8213093605865445,0.0,4,4,0,0,False,False,False,熊市
2025-03-12,2025,-0.003401031915679642,-0.003404538168162663,-3.506252483020944e-06,0.8209041657631393,0.0,0.8206989232270784,0.0,4,4,0,0,False,False,False,熊市
2025-03-13,2025,-0.016456059908377063,-0.01632341243253299,0.0001326474758440721,0.9999764869328568,0.0,0.817723549549639,0.0,5,4,0,0,True,False,False,熊市
2025-03-14,2025,0.021154280477941434,0.02081987471755209,-0.00033440576038934466,0.9999769740306704,0.0,0.8214411229985167,0.0,5,4,0,0,True,False,False,熊市
2025-03-17,2025,-0.0010205024494109871,-0.0003962027005327551,0.000624299748878232,0.9999769505086079,0.0,0.8213703494485731,0.0,5,4,0,0,True,False,False,熊市
2025-03-18,2025,0.0019047303713031205,0.0024121839987192306,0.0005074536274161101,0.9999769943282097,0.0,0.8218002001543359,0.0,5,4,0,0,True,False,False,熊市
2025-03-19,2025,-0.00679840463004211,-0.004885086244163284,0.001913318385878826,0.9999768368557828,0.0,0.8209254053151618,0.0,5,4,0,0,True,False,False,熊市
2025-03-20,2025,-0.007898254581540365,-0.009272261266573878,-0.001374006685033513,0.9772421796111789,0.0,0.7943263917685237,0.19523442687750386,5,4,0,1,True,False,True,熊市
2025-03-21,2025,-0.012425180881030728,-0.012484564942176313,-5.9384061145584255e-05,0.9769558519028222,0.0,0.7926846365141185,0.19674420582761057,5,4,0,1,True,False,True,熊市
2025-03-24,2025,0.001164761486280419,0.004373230613901269,0.00320846912762085,0.9769826616120931,0.0,0.7934138213821506,0.1960610497752481,5,4,0,1,True,False,True,熊市
2025-03-25,2025,0.0033091768860522564,0.003926930439362097,0.000617753553309841,0.9770585788327529,0.0,0.7943947243513719,0.19512131658400256,5,4,0,1,True,False,True,熊市
2025-03-26,2025,0.0030171361029298627,0.00392577453258891,0.0009086384296590477,0.9771275880127208,0.0,0.7945961999942536,0.19496083765675545,5,4,0,1,True,False,True,熊市
2025-03-27,2025,-0.00130464900555749,0.0006257781575587096,0.0019304271631161996,0.9999468325946037,0.0,0.8080920507376508,0.19169426555058225,5,4,0,1,True,False,True,熊市
2025-03-28,2025,-0.007227323667003738,-0.0006009064146390575,0.00662641725236468,0.9999464455391815,0.0,0.8044288059347421,0.19535738187237273,5,4,0,1,True,False,True,震荡
2025-03-31,2025,-0.005762299766358336,-0.003967172794201113,0.0017951269721572238,0.9999461351537909,0.0,0.8015578898948342,0.1982274463038882,5,4,0,1,True,False,True,震荡
2025-04-01,2025,0.005050706118804094,0.003884841014568652,-0.0011658651042354418,0.9999464058421319,0.0,0.8010867674344119,0.1986993994718833,5,4,0,1,True,False,True,震荡
2025-04-02,2025,-0.0026495521686529244,-0.001795240800408826,0.0008543113682440984,0.9999462634643774,0.0,0.8014907248190614,0.19829505751493967,5,4,0,1,True,False,True,震荡
2025-04-03,2025,-0.005902415348768786,-0.0017163849607028103,0.0041860303880659755,0.1935724674145169,0.19888087215984665,0.2006012478989824,0.2004728605492383,1,1,1,1,False,False,True,震荡
2025-04-07,2025,-0.02018708423408333,-0.026151991497274873,-0.005964907263191543,0.0,0.19676946103666737,0.1854309556854821,0.1995594264660226,0,1,1,1,False,False,True,震荡
2025-04-08,2025,0.0013734090635102447,0.0013372531431865564,-3.6155920323688306e-05,0.0,0.19787111212138328,0.0,0.20068394366146647,0,0,1,1,False,False,True,震荡
2025-04-09,2025,0.0024858897840520644,0.0025212278842667857,3.533810021472128e-05,0.0,0.19986017154674834,0.0,0.20269413344451567,0,0,1,1,False,False,True,震荡
2025-04-10,2025,0.004584415558394728,0.004640834198205157,5.641863981042938e-05,0.0,0.4003524879835007,0.0,0.3992914670174021,0,0,2,2,False,False,True,震荡
2025-04-11,2025,0.0031594193069459653,0.0032017626167148983,4.234330976893297e-05,0.0,0.4022410591222095,0.0,0.40120865476179834,0,0,2,2,False,False,True,震荡
2025-04-14,2025,0.001354403263352344,0.0013793634078387296,2.4960144486385616e-05,0.0,0.4030495707316702,0.0,0.4020334679152681,0,0,2,2,False,False,True,熊市
2025-04-15,2025,-5.2244232451870154e-05,-5.312315016658964e-05,-8.789177147194849e-07,0.0,0.4030183818852439,0.0,0.4020017003617971,0,0,2,2,False,False,True,熊市
2025-04-16,2025,0.0051948576469613705,0.005262184851593021,6.732720463165087e-05,0.0,0.4061035891964098,0.0,0.40513200571004715,0,0,2,2,False,False,True,熊市
2025-04-17,2025,0.0029174497971284907,0.002944220347597115,2.677055046862442e-05,0.20161942394401186,0.40653586640808753,0.20160056168682008,0.4055830624123127,1,1,2,2,False,False,True,熊市
2025-04-18,2025,-0.0016116287459381207,-0.001602732465017187,8.896280920933641e-06,0.1999084651247884,0.4076142976296397,0.19988798180408487,0.4066650520691741,1,1,2,2,False,False,True,熊市
2025-04-21,2025,0.004469892247380702,0.004528366457292821,5.847420991211827e-05,0.1996946578549902,0.4095746290845602,0.19966257328476483,0.40866410093915495,1,1,2,2,False,False,True,熊市
2025-04-22,2025,0.009644906504795214,0.009743227523806963,9.832101901174894e-05,0.2001296755996244,0.41287217233413354,0.20007803718033743,0.41202797640830463,1,1,2,2,False,False,True,熊市
2025-04-23,2025,-0.01753279538958319,-0.017712115736264633,-0.00017932034668144414,0.19961347774964502,0.40648212498378095,0.1995984033106427,0.40551330311939204,1,1,2,2,False,False,True,熊市
2025-04-24,2025,0.004308189599929291,0.004344017078962814,3.5827479033523346e-05,0.2026257478186371,0.4068723228813636,0.20263166602198596,0.4059286539040586,1,1,2,2,False,False,True,熊市
2025-04-25,2025,-0.0019349243416455497,-0.001958839433882198,-2.3915092236648228e-05,0.20236367477424735,0.40637733939017257,0.20237443450915826,0.4054176130132911,1,1,2,2,False,False,True,熊市
2025-04-28,2025,-0.00017723061226782022,-0.00020157506578244444,-2.434445351462422e-05,0.20410258442229876,0.40456907438061307,0.20411840664744077,0.4035945655915821,1,1,2,2,False,False,True,熊市
2025-04-29,2025,0.0011979295239981091,0.0012131071424428264,1.5177618444717211e-05,0.20333499166250638,0.40580489001589626,0.2033476717425454,0.40484061009027883,1,1,2,2,False,False,True,熊市
2025-04-30,2025,-0.0055895368313629845,-0.005610884667586302,-2.1347836223317707e-05,0.2000041515023985,0.4069387228956223,0.20002091788479712,0.4059565489580521,1,1,2,2,False,False,True,熊市
2025-05-06,2025,0.003742576030072664,0.003800409586877773,5.7833556805109154e-05,0.199127320686445,0.4092811149140759,0.1991325399617327,0.408336704527504,1,1,2,2,False,False,True,熊市
2025-05-07,2025,0.004620827295081398,0.004645113754397467,2.4286459316069653e-05,0.20121264618710288,0.4089969435803814,0.2012130558446075,0.4080711081485256,1,1,2,2,False,False,True,熊市
2025-05-08,2025,-0.0036887291594833727,-0.0037348456363549554,-4.611647687158271e-05,0.0,0.2123340146646585,0.0,0.21529864329560003,0,0,1,1,False,False,True,熊市
2025-05-09,2025,-0.0007305391532727024,-0.0007407390135881764,-1.019986031547404e-05,0.0,0.21175817314789588,0.0,0.21471695350635284,0,0,1,1,False,False,True,熊市
2025-05-12,2025,-0.004358321184162017,-0.004419217606358328,-6.089642219631042e-05,0.0,0.2083077239297616,0.0,0.211231212593701,0,0,1,1,False,False,True,熊市
2025-05-13,2025,-0.001242616574418265,-0.0012600560404179006,-1.743946599963575e-05,0.0,0.20732273001591467,0.0,0.21023606577788018,0,0,1,1,False,False,True,熊市
2025-05-14,2025,-0.0015552032393446602,-0.0015770572310124242,-2.1853991667764028e-05,0.0,0.20608803555705849,0.0,0.20898859552263582,0,0,1,1,False,False,True,熊市
2025-05-15,2025,-0.013124591846932931,-0.011212650581611472,0.0019119412653214596,0.9999677487793163,0.0,0.7985643282243193,0.0,5,4,0,0,True,False,False,熊市
2025-05-16,2025,-0.004673098962246991,-0.004516733055182187,0.0001563659070648038,0.9999675973585661,0.0,0.7976503689570839,0.0,5,4,0,0,True,False,False,熊市
2025-05-19,2025,-0.00010770456403141893,-0.0008500640880289012,-0.0007423595239974823,0.9999675938682778,0.0,0.7974782124584514,0.0,5,4,0,0,True,False,False,熊市
2025-05-20,2025,0.004461582028899569,0.0008905626015955903,-0.0035710194273039786,0.9999677378086909,0.0,0.7976584103109758,0.0,5,4,0,0,True,False,False,熊市
2025-05-21,2025,-0.0007222031400935247,0.00016670527429840654,0.0008889084143919312,0.9999677144919956,0.0,0.7976921360989202,0.0,5,4,0,0,True,False,False,熊市
2025-05-22,2025,-0.003297533993001589,-0.002411690393248511,0.0008858435997530778,0.99996760767721,0.0,0.7972030526492142,0.0,5,4,0,0,True,False,False,熊市
2025-05-23,2025,-0.008246694441250146,-0.007359089870769275,0.000887604570480871,0.9999673383263676,0.0,0.7956995875533843,0.0,5,4,0,0,True,False,False,熊市
2025-05-26,2025,-0.002258431436468089,-0.00045927811466661694,0.0017991533218014721,0.9999672643952489,0.0,0.795605713730938,0.0,5,4,0,0,True,False,False,熊市
2025-05-27,2025,-0.00404935170370091,-0.0028415437373614516,0.001207807966339458,0.9999671312983156,0.0,0.7950232633686585,0.0,5,4,0,0,True,False,False,熊市
2025-05-28,2025,-0.0003760740490931225,-0.0003749661561687212,1.107892924401277e-06,0.9999671189325995,0.0,0.7949463751991583,0.0,5,4,0,0,True,False,False,熊市
2025-05-29,2025,0.003287023068884176,0.0031944758125774797,-9.254725630669647e-05,0.61082459520832,0.0,0.6094989269039893,0.0,3,3,0,0,False,False,False,熊市
2025-05-30,2025,0.0015176793545168543,0.0015146319091501326,-3.047445366721746e-06,0.6114143436364445,0.0,0.6100894977923457,0.0,3,3,0,0,False,False,False,熊市
2025-06-03,2025,0.004631128853680666,0.004619964613928662,-1.116423975200398e-05,0.613205638165975,0.0,0.6118825865087248,0.0,3,3,0,0,False,False,False,熊市
2025-06-04,2025,0.003040480755749808,0.0030374183838974833,-3.06237185232483e-06,0.614378114089083,0.0,0.6130578915823368,0.0,3,3,0,0,False,False,False,熊市
2025-06-05,2025,-0.006774512543294642,-0.006772928381599486,1.5841616951561832e-06,0.8134920764967271,0.17679537478525068,0.8121813563975717,0.17833284070888802,4,4,1,1,False,False,True,熊市
2025-06-06,2025,0.00042836176967764317,0.0004214335264545177,-6.928243223125463e-06,0.8136191674590195,0.17667244252608574,0.8123081195100217,0.17821007354777493,4,4,1,1,False,False,True,熊市
2025-06-09,2025,0.005541227309644903,0.005517798594940171,-2.3428714704731846e-05,0.816548621660596,0.1737964882650606,0.8152570509003849,0.17531317375853928,4,4,1,1,False,False,True,熊市
2025-06-10,2025,0.000796916797127345,0.0007954115768324943,-1.5052202948506732e-06,0.8165773641804155,0.17377543376260568,0.8152855200889806,0.17529219916113223,4,4,1,1,False,False,True,熊市
2025-06-11,2025,0.0061539269150920894,0.006152104972792394,-1.821942299695678e-06,0.817162782911757,0.1732490200948093,0.8158738244217326,0.17476150725096518,4,4,1,1,False,False,True,熊市
2025-06-12,2025,0.00619680537569911,0.00412229799440178,-0.0020745073812973303,0.9999916804144591,0.0,0.8150130055233641,0.17566077161911453,5,4,0,1,True,False,True,熊市
2025-06-13,2025,-0.002209574991373975,7.215481434763582e-05,0.0022817298057216107,0.9999916619910029,0.0,0.8128943025231529,0.17778014750265286,5,4,0,1,True,False,True,熊市
2025-06-16,2025,-0.0006635331974597092,-0.0005929136515898659,7.061954586984331e-05,0.9999916564547836,0.0,0.813369374627956,0.1772995428716512,5,4,0,1,True,False,True,熊市
2025-06-17,2025,-0.002698592792507837,-0.004202303050318323,-0.0015037102578104866,0.9999916338780273,0.0,0.8140884711761456,0.1765410688107657,5,4,0,1,True,False,True,熊市
2025-06-18,2025,-0.0020664867202344617,-0.0016446354462911206,0.0004218512739433411,0.9999916165537468,0.0,0.8136878878800751,0.17692621572893638,5,4,0,1,True,False,True,熊市
2025-06-19,2025,-0.006032830076595941,-0.0050738159314761555,0.0009590141451197853,0.9999716988138209,0.0,0.8237525375542447,0.17600874162642569,5,4,0,1,True,False,True,熊市
2025-06-20,2025,-0.0044881497023163686,-0.0019162676344787188,0.0025718820678376497,0.9999715712212056,0.0,0.8240992225925979,0.17566159825680724,5,4,0,1,True,False,True,熊市
2025-06-23,2025,0.009502908678456157,0.00913577552471323,-0.00036713315374292677,0.9999718388341927,0.0,0.8250362048961504,0.1747267812585419,5,4,0,1,True,False,True,熊市
2025-06-24,2025,0.0028284401736713427,-0.0026378782506507603,-0.005466318424322103,0.9999719182617093,0.0,0.8267327998337578,0.17302955945366721,5,4,0,1,True,False,True,熊市
2025-06-25,2025,0.016656454506569496,0.015205041371341821,-0.001451413135227675,0.9999723783406222,0.0,0.8288654835803839,0.1709004349258382,5,4,0,1,True,False,True,熊市
2025-06-26,2025,-0.0011116294047425201,-0.0005868135057301993,0.0005248158990123208,0.9999740471582792,0.0,0.8244419849705117,0.15937195719822803,5,4,0,1,True,False,True,熊市
2025-06-27,2025,0.004075010454278161,0.0030594813993252146,-0.001015529054952946,0.9999741524871641,0.0,0.8248687735942477,0.1589945384710748,5,4,0,1,True,False,True,熊市
2025-06-30,2025,0.012688630092653863,0.003936704844832883,-0.00875192524782098,0.9999744763473513,0.0,0.8256284453867141,0.15829814295615216,5,4,0,1,True,False,True,熊市
2025-07-01,2025,0.003354788297196709,0.004363146846768418,0.0010083585495717085,0.9999745616875043,0.0,0.8263292157994739,0.15766719853771405,5,4,0,1,True,False,True,熊市
2025-07-02,2025,-0.007447734236478931,-0.003206244807458236,0.004241489429020695,0.9999743708080941,0.0,0.8256795285948345,0.15826540928279012,5,4,0,1,True,False,True,熊市
2025-07-03,2025,0.007899257375084678,0.0073284549573979785,-0.0005708024176866999,0.9999745716729939,0.0,0.8269273937521417,0.15713434694091324,5,4,0,1,True,False,True,熊市
2025-07-04,2025,-0.003245083484897049,-0.0020387595216164733,0.0012063239632805756,0.9999744888873033,0.0,0.8265364522347626,0.15749272779701412,5,4,0,1,True,False,True,熊市
2025-07-07,2025,-0.001682455766647939,-0.002201488889380432,-0.0005190331227324929,0.9999744458936499,0.0,0.8261775632245453,0.15781637965030765,5,4,0,1,True,False,True,弱牛
2025-07-08,2025,0.013996954879585743,0.012948439362599817,-0.0010485155169859262,0.9999747986360046,0.0,0.8285227581776925,0.15567578885277736,5,4,0,1,True,False,True,弱牛
2025-07-09,2025,-0.004770337738203456,-0.0035315085187827,0.0012388292194207562,0.9999746778407528,0.0,0.8279172872765775,0.15622525902105622,5,4,0,1,True,False,True,弱牛
2025-07-10,2025,0.007345473611347408,0.008111616933043075,0.000766143321695667,0.999974862487686,0.0,0.8294045282594289,0.15486561262972284,5,4,0,1,True,False,True,弱牛
2025-07-11,2025,0.005422449964362697,0.00318222437863791,-0.0022402255857247866,0.9999749980594577,0.0,0.8299879245719862,0.1543321134743505,5,4,0,1,True,False,True,弱牛
2025-07-14,2025,-0.00011705653062676902,0.0006973119311908249,0.0008143684618175939,0.9999749951324747,0.0,0.8301863813747079,0.15414458287720625,5,4,0,1,True,False,True,弱牛
2025-07-15,2025,0.006469525851560354,0.007187334778291143,0.0007178089267307897,0.9999751558622658,0.0,0.8312437568383767,0.1531990223676039,5,4,0,1,True,False,True,弱牛
2025-07-16,2025,-0.0031629554380775415,-0.0030627646907446238,0.00010019074733291777,0.9999750770320288,0.0,0.830715350645893,0.15367963407027774,5,4,0,1,True,False,True,弱牛
2025-07-17,2025,0.01430532298161169,0.009678015228689052,-0.004627307752922638,0.9999754285347751,0.0,0.8324099394447002,0.0,5,4,0,0,True,False,False,弱牛
2025-07-18,2025,0.007462963068461281,0.006205752543200216,-0.0012572105252610655,0.9999756105523224,0.0,0.8334435475729359,0.0,5,4,0,0,True,False,False,弱牛
2025-07-21,2025,0.01020915398098765,0.008607976031487885,-0.0016011779494997658,0.9999758570316042,0.0,0.8348650254756023,0.0,5,4,0,0,True,False,False,弱牛
2025-07-22,2025,0.0007387030694170349,0.001141799566659829,0.00040309649724279417,0.9999758748529244,0.0,0.835053361475991,0.0,5,4,0,0,True,False,False,弱牛
2025-07-23,2025,-0.0009702461235393534,0.0015695518845511014,0.0025397980080904548,0.9999758514228612,0.0,0.8353118480752078,0.0,5,4,0,0,True,False,False,弱牛
2025-07-24,2025,0.019663665727753576,0.016170782908363268,-0.0034928828193903083,0.9999824567572617,0.0,0.837544453763927,0.15403019614608818,5,4,0,1,True,False,True,弱牛
2025-07-25,2025,0.003572927527796921,0.0032635221421910554,-0.0003094053856058654,0.9999825192148402,0.0,0.8383831080969784,0.15321894868667238,5,4,0,1,True,False,True,弱牛
2025-07-28,2025,0.007893507110645848,0.0045306798161182105,-0.003362827294527637,0.999982656118889,0.0,0.8395443635592047,0.15209557000869126,5,4,0,1,True,False,True,弱牛
2025-07-29,2025,0.014224521413050528,0.011763810453132795,-0.0024607109599177335,0.9999828993672064,0.0,0.8419186733093381,0.14981846302057292,5,4,0,1,True,False,True,弱牛
2025-07-30,2025,-0.007787267738993409,-0.005016663782216768,0.0027706039567766405,0.9999827651548528,0.0,0.8408353330304053,0.15086014229132386,5,4,0,1,True,False,True,弱牛
2025-07-31,2025,-0.011777639546422636,-0.013309575713828847,-0.0015319361674062115,0.9999825597498733,0.0,0.8397287575593149,0.0,5,4,0,0,True,False,False,弱牛
2025-08-01,2025,-0.010423754753761894,-0.007521899765984386,0.002901854987777508,0.9999823760420579,0.0,0.8385140766301091,0.0,5,4,0,0,True,False,False,强牛
2025-08-04,2025,0.01360854158163205,0.00868536929222885,-0.004923172289403199,0.9999826126584188,0.0,0.8399045646084846,0.0,5,4,0,0,True,False,False,强牛
2025-08-05,2025,0.007471774106885265,0.006728540325957155,-0.0007432337809281098,0.9999827416092162,0.0,0.8409745736028503,0.0,5,4,0,0,True,False,False,强牛
2025-08-06,2025,0.01182664073619577,0.005254476662141627,-0.006572164074054143,0.9999829433322972,0.0,0.8418058013278593,0.0,5,4,0,0,True,False,False,强牛
2025-08-07,2025,0.0013530442667266662,0.0033097781219870726,0.0019567338552604063,0.9999829663795398,0.0,0.8421124215556587,0.14972606949744885,5,4,0,1,True,False,True,强牛
2025-08-08,2025,-0.003521767670050191,-0.0022872580577937285,0.0012345096122564625,0.9999829061790738,0.0,0.8412692155523456,0.1505505652284383,5,4,0,1,True,False,True,强牛
2025-08-11,2025,0.011126515177779517,0.008837198508178545,-0.0022893166696009715,0.9999830942808149,0.0,0.844229896449261,0.14766154130569822,5,4,0,1,True,False,True,强牛
2025-08-12,2025,0.011800851455435746,0.012611408929205092,0.0008105574737693466,0.9999832914558624,0.0,0.846758775253221,0.1452336493101017,5,4,0,1,True,False,True,强牛
2025-08-13,2025,0.026697996319515305,0.025584143766030465,-0.0011138525534848398,0.9999837259406392,0.0,0.8502752925519917,0.14191688837694416,5,4,0,1,True,False,True,强牛
2025-08-14,2025,-0.009510061945658177,-0.006300522034637712,0.0032095399110204648,0.9999835696873481,0.0,0.8490607367357628,0.0,5,4,0,0,True,False,False,强牛
2025-08-15,2025,0.02139291241356145,0.020238926151938896,-0.0011539862616225527,0.9999839138176385,0.0,0.8520549849695124,0.0,5,4,0,0,True,False,False,强牛
2025-08-18,2025,0.02155074297160464,0.018006875838274095,-0.003543867133330547,0.9999842531734501,0.0,0.8546718901985186,0.0,5,4,0,0,True,False,False,强牛
2025-08-19,2025,-0.0012159037594634547,0.001970166196370471,0.0031860699558339256,0.9999842340035157,0.0,0.8549576477379874,0.0,5,4,0,0,True,False,False,强牛
2025-08-20,2025,0.01306592667291473,0.0121647596553347,-0.000901167017580029,0.9999844373440373,0.0,0.8567008474871197,0.0,5,4,0,0,True,False,False,强牛
2025-08-21,2025,-0.0070669059656118804,-0.006143606422438497,0.0009232995431733837,0.9999843265814624,0.0,0.8558150317904082,0.0,5,4,0,0,True,False,False,强牛
2025-08-22,2025,0.041086186795145085,0.03784630690713198,-0.0032398798880131086,0.9999849451287163,0.0,0.8610729091099482,0.0,5,4,0,0,True,False,False,强牛
2025-08-25,2025,0.035226047881079525,0.03353240743885766,-0.0016936404422218665,0.9999854574068006,0.0,0.8655803244386697,0.0,5,4,0,0,True,False,False,强牛
2025-08-26,2025,-0.01349942203553467,-0.01290278884733076,0.00059663318820391,0.9999852584037716,0.0,0.8638232647781837,0.0,5,4,0,0,True,False,False,强牛
2025-08-27,2025,-0.0015825369680081414,0.0014454283075986396,0.003027965275606781,0.9999852350376729,0.0,0.8640198143877401,0.0,5,4,0,0,True,False,False,强牛
2025-08-28,2025,0.04920977251096148,0.04704657011454816,-0.002163202396413322,0.9999859275402174,0.0,0.8700676003794802,0.12342072611041571,5,4,0,1,True,False,True,强牛
2025-08-29,2025,0.0014283502446132967,0.0006207772052779781,-0.0008075730393353187,0.9999859476119494,0.0,0.8698509149784095,0.12364145130215985,5,4,0,1,True,False,True,强牛
2025-09-01,2025,0.022789533292475683,0.027138291105275547,0.004348757812799864,0.9999862607236453,0.0,0.8707007423353852,0.12296356384832442,5,4,0,1,True,False,True,强牛
2025-09-02,2025,-0.03205112973084423,-0.02836767203977908,0.0036834576910651506,0.9999858057829533,0.0,0.8665450980342896,0.12693423192008627,5,4,0,1,True,False,True,强牛
2025-09-03,2025,-0.014283895155117854,-0.0032675986387051825,0.011016296516412671,0.9999856000962377,0.0,0.8644804290020639,0.12897752416899924,5,4,0,1,True,False,True,强牛
2025-09-04,2025,-0.05625068181794568,-0.04998285285773674,0.006267828960208943,0.9998994408549011,0.0,0.8874375571241906,0.11237782875968565,5,4,0,1,True,False,True,强牛
2025-09-05,2025,0.05635693085745608,0.05413329851637805,-0.00222363234107803,0.9999048057127649,0.0,0.8928741249709359,0.10695074147016449,5,4,0,1,True,False,True,强牛
2025-09-08,2025,-0.004614489833308699,-0.011614301318897846,-0.006999811485589147,0.999904364403276,0.0,0.8906132624294584,0.10920954605600099,5,4,0,1,True,False,True,强牛
2025-09-09,2025,-0.01415022519502629,-0.009841480865677377,0.0043087443293489125,0.9999029917141861,0.0,0.8878534077116081,0.11196763961453564,5,4,0,1,True,False,True,强牛
2025-09-10,2025,0.009190920681929171,0.008436871772205201,-0.00075404890972397,0.9999038751896931,0.0,0.8890564820873789,0.11076606240810186,5,4,0,1,True,False,True,强牛
2025-09-11,2025,0.04126712505741481,0.03753479721427122,-0.0037323278431435902,0.9999664957303687,0.0,0.8972965790425311,0.10255965119861213,5,4,0,1,True,False,True,强牛
2025-09-12,2025,-0.008165979906564202,-0.006176614423052729,0.001989365483511474,0.9999662198826088,0.0,0.8962545021262314,0.1036008345855596,5,4,0,1,True,False,True,强牛
2025-09-15,2025,-0.0012214595453945432,-0.0027249649210765448,-0.0015035053756820016,0.9999661785711016,0.0,0.896271420340774,0.10358352109150837,5,4,0,1,True,False,True,强牛
2025-09-16,2025,0.005916995256409541,-0.0005788113272967577,-0.006495806583706298,0.9999663775151848,0.0,0.8948914629707008,0.10496339445141352,5,4,0,1,True,False,True,强牛
2025-09-17,2025,0.007794665442541593,0.002444516596173285,-0.005350148846368308,0.9999666375642101,0.0,0.8960342433039528,0.10382096805639418,5,4,0,1,True,False,True,强牛
2025-09-18,2025,-0.008504858843977448,-0.009448564484408672,-0.000943705640431225,0.9999663513875106,0.0,0.8963849306367236,0.10346889962946755,5,4,0,1,True,False,True,强牛
2025-09-19,2025,-0.00030498097473952157,0.006383962919267239,0.00668894389400676,0.9999663411221932,0.0,0.8965714319781072,0.10328332551088867,5,4,0,1,True,False,True,强牛
2025-09-22,2025,0.0034939774859914507,0.0036123743751450554,0.00011839688915360469,0.9999664583160817,0.0,0.8949891979072528,0.10486608236358423,5,4,0,1,True,False,True,强牛
2025-09-23,2025,-0.001741310104881988,0.0018191230723989538,0.0035604331772809417,0.9999663998077274,0.0,0.8939442687523533,0.1059112743034438,5,4,0,1,True,False,True,强牛
2025-09-24,2025,0.011939198877387813,0.009835204527537833,-0.0021039943498499802,0.999966796234092,0.0,0.8943718415760028,0.10548510840597929,5,4,0,1,True,False,True,强牛
2025-09-25,2025,0.012611309911596313,0.011697898648312277,-0.0009134112632840363,0.9999619142094132,0.0,0.9079396957591894,0.09194487496816224,5,4,0,1,True,False,True,强牛
2025-09-26,2025,-0.020704034488754575,-0.01931972026592066,0.0013843142228339156,0.999961109008994,0.0,0.9059649451317678,0.09391735160139435,5,4,0,1,True,False,True,强牛
2025-09-29,2025,0.01784909328838169,0.01911323151534039,0.0012641382269586998,0.9999617910049119,0.0,0.9066104821506005,0.09327402207994212,5,4,0,1,True,False,True,强牛
2025-09-30,2025,0.005582727273556909,0.0034820834591455796,-0.0021006438144113293,0.9999620031310684,0.0,0.9060341892056405,0.09385071579529464,5,4,0,1,True,False,True,强牛
2025-10-09,2025,0.0148563073395247,0.01568867314142386,0.0008323658018991598,0.9999625593607127,0.0,0.9031641858190889,0.09672249697839791,5,4,0,1,True,False,True,强牛
2025-10-10,2025,-0.0358081118938669,-0.029760740625281223,0.006047371268585677,0.9999611688920543,0.0,0.901644282131505,0.09823892481830829,5,4,0,1,True,False,True,强牛
2025-10-13,2025,-0.00881502463705075,-0.015391095255555487,-0.006576070618504737,0.9999608235506885,0.0,0.7108599482378967,0.10275550665038596,5,3,0,1,True,False,True,强牛
2025-10-14,2025,-0.04045625751067483,-0.02352840745064999,0.01692785006002484,0.9999591717942843,0.0,0.7025032407240562,0.10662121662435561,5,3,0,1,True,False,True,强牛
2025-10-15,2025,0.022448689267053457,0.01887231644718912,-0.0035763728198643374,0.9999600682106161,0.0,0.7055537644448853,0.10710623272024367,5,3,0,1,True,False,True,强牛
2025-10-16,2025,-0.012623392310702752,-0.006639942921501385,0.005983449389201367,0.9792265961931012,0.0,0.8365163654354124,0.10849113967131768,5,4,0,1,True,False,True,强牛
2025-10-17,2025,-0.03107912085657316,-0.02317986006513184,0.00789926079144132,0.9785602681766301,0.0,0.8287440887519218,0.11495844905924914,5,4,0,1,True,False,True,强牛
2025-10-20,2025,0.006020843425266875,0.0021058652657028887,-0.0039149781595639865,0.9786885808942362,0.0,0.832700864611291,0.11111997893411406,5,4,0,1,True,False,True,强牛
2025-10-21,2025,0.015594692922953124,0.0166204286424525,0.0010257357194993766,0.97901582269554,0.0,0.8328178043935048,0.11192149567189526,5,4,0,1,True,False,True,弱牛
2025-10-22,2025,-0.006636591312645934,-0.009542962041826142,-0.0029063707291802077,0.9788756288776644,0.0,0.8358389415402279,0.10836792678742849,5,4,0,1,True,False,True,弱牛
2025-10-23,2025,0.0005860467534388736,-0.0005836132009199302,-0.0011696599543588038,0.39687305976696197,0.39495556820153965,0.3961150043508256,0.10715638839663534,2,2,2,1,False,False,True,弱牛
2025-10-24,2025,0.0012229720686840473,0.0016739924287931807,0.0004510203601091334,0.3985965576506173,0.3934863471179543,0.3976475629299917,0.10645396011334474,2,2,2,1,False,False,True,弱牛
2025-10-27,2025,0.0043265299863097795,0.00460880966286914,0.0002822796765593605,0.40191510785638,0.39106348125421275,0.4008371850012869,0.10553935461607993,2,2,2,1,False,False,True,弱牛
2025-10-28,2025,-0.013270868798354596,-0.010397669379711538,0.0028731994186430576,0.4005572456031521,0.38963703939044597,0.39833446009988743,0.10285561887534392,2,2,2,1,False,False,True,弱牛
2025-10-29,2025,0.0076627950125667255,0.006458496637661071,-0.0012042983749056546,0.4028461408203176,0.3889436165818244,0.40106608052938975,0.10332488771105496,2,2,2,1,False,False,True,弱牛
2025-10-30,2025,0.000915094193838506,9.79526004500908e-05,-0.0008171415933884152,0.9999399517605309,0.0,0.8009048758319313,0.1863087568301639,5,4,0,1,True,False,True,弱牛
2025-10-31,2025,-0.009744974586994859,-0.00900696816297486,0.000738006424019999,0.9999393608333933,0.0,0.7990737628965501,0.18802365663403697,5,4,0,1,True,False,True,弱牛
2025-11-03,2025,0.005638102706748249,0.0008606551672871721,-0.004777447539461077,0.9999397008064397,0.0,0.7993300581595335,0.1877784564945306,5,4,0,1,True,False,True,弱牛
2025-11-04,2025,-0.010956416984231665,-0.00921604333869841,0.0017403736455332552,0.9999390328246441,0.0,0.7974729896539013,0.18951561138342557,5,4,0,1,True,False,True,弱牛
2025-11-05,2025,0.008718115876658494,0.007869075818115245,-0.0008490400585432489,0.9999395597497495,0.0,0.7990475023032568,0.18804268701313698,5,4,0,1,True,False,True,弱牛
2025-11-06,2025,0.0038480665494704525,0.003849176691693712,1.1101422232595581e-06,0.6105269493004469,0.19657921218009872,0.6082290882773815,0.18723296399866102,3,3,1,1,False,False,True,弱牛
2025-11-07,2025,0.005020255282887742,0.005021486221787663,1.2309388999209858e-06,0.6124317263573404,0.19563797422281393,0.6101477565922889,0.1863362484483555,3,3,1,1,False,False,True,弱牛
2025-11-10,2025,-0.00039107189911991025,-0.0004018547300255193,-1.0782830905609053e-05,0.6122857174021208,0.1957088952665687,0.6099963800201198,0.18640580827686903,3,3,1,1,False,False,True,弱牛
2025-11-11,2025,-0.001347315844994923,-0.0013464040033073221,9.11841687600834e-07,0.6117387328847383,0.19599683887335184,0.6094477998707502,0.186679893937018,3,3,1,1,False,False,True,弱牛
2025-11-12,2025,-0.001633648723329606,-0.0017349818837218978,-0.00010133316039229179,0.6110217167840813,0.1963992484797721,0.6086912011271222,0.18708216316752352,3,3,1,1,False,False,True,弱牛
2025-11-13,2025,0.00976771660547393,0.009852340367670687,8.462376219675605e-05,0.8125331449395986,0.18187800674365834,0.8102473166833905,0.18518254507139248,4,4,1,1,False,False,True,弱牛
2025-11-14,2025,-0.0012736979859994113,-0.001349068898265804,-7.537091226639259e-05,0.8123162763044691,0.1820877477955543,0.8100135987401927,0.1854100892543949,4,4,1,1,False,False,True,弱牛
2025-11-17,2025,-0.0032166453995108313,-0.0032118879938924927,4.757405618338595e-06,0.8116765351466577,0.18270943059589898,0.8093667147938549,0.18604222723676148,4,4,1,1,False,False,True,弱牛
2025-11-18,2025,-0.010883855050067281,-0.010899991077744975,-1.61360276776934e-05,0.80959369405758,0.18473049700319022,0.8072551195793384,0.18810322848661112,4,4,1,1,False,False,True,弱牛
2025-11-19,2025,0.00736599635912949,0.00729588072201226,-7.011563711722957e-05,0.8110412233964924,0.18332446994659862,0.8087074431465036,0.18668452457332502,4,4,1,1,False,False,True,弱牛
2025-11-20,2025,-0.0031182168192298576,-0.0031009361750937714,1.728064413608621e-05,0.6129922835219295,0.18399423830787506,0.6106331567515689,0.18736332086858684,3,3,1,1,False,False,True,弱牛
2025-11-21,2025,-0.020010704561227666,-0.020009141925495078,1.5626357325881912e-06,0.6051410241075228,0.18770010271386772,0.6027352960334486,0.19113673785802812,3,3,1,1,False,False,True,震荡
2025-11-24,2025,-0.00529246929855387,-0.005269739745088375,2.2729553465494767e-05,0.6030184659007366,0.18872044550317563,0.6006086675467475,0.19217137107829585,3,3,1,1,False,False,True,震荡
2025-11-25,2025,0.006942067207100999,0.006968662404205128,2.6595197104128943e-05,0.6057513055349479,0.18742340095662813,0.603368522846276,0.19084556830507604,3,3,1,1,False,False,True,震荡
2025-11-26,2025,-0.00260796863483459,-0.0025866192514720776,2.1349383362512242e-05,0.604925317001682,0.18770858521093658,0.6025485524295779,0.19113186852666408,3,3,1,1,False,False,True,震荡
2025-11-27,2025,-0.0007689416414433659,-0.0007711071958802496,-2.16555443688371e-06,0.0,0.19991831671437035,0.0,0.20015062956176768,0,0,1,1,False,False,True,震荡
2025-11-28,2025,0.0012647440680042532,0.0012662137497247983,1.4696817205450685e-06,0.0,0.20092893710108573,0.0,0.20116212905775568,0,0,1,1,False,False,True,震荡
2025-12-01,2025,0.002083083719808254,0.002085501282831137,2.4175630228828737e-06,0.0,0.20259000887161774,0.0,0.20282463929514694,0,0,1,1,False,False,True,震荡
2025-12-02,2025,-0.0010836055490348606,-0.0010848605311060133,-1.2549820711527104e-06,0.0,0.20172499364507562,0.0,0.20195887597749546,0,0,1,1,False,False,True,震荡
2025-12-03,2025,-0.0003542142118438951,-0.00035462489197102265,-4.1068012712752733e-07,0.0,0.20144213309963982,0.0,0.20167577033379225,0,0,1,1,False,False,True,震荡
2025-12-04,2025,0.0031491340909604038,0.0031479640167795253,-1.1700741808784443e-06,0.20330830177147777,0.2001033015230799,0.20329019222642564,0.2003356196211495,1,1,1,1,False,False,True,震荡
2025-12-05,2025,0.003726507823525793,0.003728162894891973,1.6550713661800387e-06,0.2046825353889905,0.2009440052519648,0.204663965959175,0.20117696767329524,1,1,1,1,False,False,True,震荡
2025-12-08,2025,0.010660714749095579,0.01065903271089641,-1.6820381991689004e-06,0.21363758420567805,0.19825856384376642,0.21361855787069164,0.19848874326942334,1,1,1,1,False,False,True,震荡
2025-12-09,2025,0.00521752809875653,0.005215322321314053,-2.2057774424766308e-06,0.21910474253087697,0.1958439272730802,0.2190857100426229,0.1960717335364486,1,1,1,1,False,False,True,震荡
2025-12-10,2025,0.0030119699370296793,0.0030130344240499873,1.0644870203080359e-06,0.22039205889793198,0.19631347629844964,0.22037268070778684,0.1965416201549565,1,1,1,1,False,False,True,震荡
2025-12-11,2025,-0.011751284675120655,-0.011750794844990309,4.898301303457586e-07,0.4132631975573202,0.1989754651717474,0.41328167461767407,0.19920660389584643,2,2,1,1,False,False,True,震荡
2025-12-12,2025,0.0074122143353172465,0.007415350415797661,3.1360804804148046e-06,0.41504357218075016,0.20004811347369253,0.41506078753219183,0.20027987476113257,2,2,1,1,False,False,True,震荡
2025-12-15,2025,-0.0034245425764090065,-0.0034211179519649804,3.4246244440261364e-06,0.41033583137077334,0.2034331898525203,0.4103520068403076,0.2036681729610389,2,2,1,1,False,False,True,震荡
2025-12-16,2025,-0.013399294112808602,-0.013402511211358936,-3.217098550334363e-06,0.4047750683838192,0.20374844424696498,0.4047923499126905,0.20398445665250234,2,2,1,1,False,False,True,震荡
2025-12-17,2025,0.019983365372771678,0.019985365558115253,2.000185343575822e-06,0.4149233206189268,0.20126994227203893,0.41493965792969917,0.20150268855363687,2,2,1,1,False,False,True,震荡
2025-12-18,2025,-0.0008826441803072571,-0.000881496902832235,1.1472774750220793e-06,0.41396640378936184,0.20162085121003168,0.41398100283021083,0.20185377149188038,2,2,1,1,False,False,True,震荡
2025-12-19,2025,0.003882738485112558,0.003882930496583281,1.920114707232301e-07,0.41634078878016867,0.20073326751778464,0.4163555674896332,0.20096512398992356,2,2,1,1,False,False,True,熊市
2025-12-22,2025,0.01540926095922468,0.015413434872873166,4.173913648486405e-06,0.4209951157370125,0.20189000219040465,0.4210071955627453,0.20212236390742885,2,2,1,1,False,False,True,熊市
2025-12-23,2025,-0.000900403138386463,-0.0008977275467502155,2.675591636247532e-06,0.41775380336439505,0.20479145312736827,0.41776432333976343,0.20502660515603727,2,2,1,1,False,False,True,熊市
2025-12-24,2025,0.010014317890171265,0.010014871794721936,5.539045506708362e-07,0.42346368292690806,0.2028240470364594,0.42347434230834397,0.2030568286298359,2,2,1,1,False,False,True,熊市
2025-12-25,2025,0.006588600153087043,0.005340378455479966,-0.001248221697607077,0.9999890889391025,0.0,0.8253945616717719,0.1743231411439209,5,4,0,1,True,False,True,熊市
2025-12-26,2025,0.012968463528055363,0.010454704825530126,-0.0025137587025252373,0.999989228627257,0.0,0.8256862119851685,0.174034411628182,5,4,0,1,True,False,True,熊市
2025-12-29,2025,-0.0001547716474195049,0.0013067850906336442,0.0014615567380531491,0.9999892269598959,0.0,0.8274806725728582,0.1722403156489241,5,4,0,1,True,False,True,熊市
2025-12-30,2025,0.002524430912717479,-0.001389680865700127,-0.003914111778417606,0.9999892540872103,0.0,0.8308478285157664,0.1688727714291056,5,4,0,1,True,False,True,震荡
2025-12-31,2025,0.002163053640661161,0.003041100209450809,0.0008780465687896477,0.9999892772810266,0.0,0.8324755304948493,0.16724591655745036,5,4,0,1,True,False,True,震荡
2026-01-05,2026,0.018248802243950202,0.01820004495142724,-4.875729252296068e-05,0.999989469450934,0.0,0.8320439278691669,0.16768249824023906,5,4,0,1,True,False,True,震荡
2026-01-06,2026,0.02049285359672548,0.01933391568084053,-0.00115893791588495,0.9999896809183633,0.0,0.8338089252025079,0.16592268983905445,5,4,0,1,True,False,True,震荡
2026-01-07,2026,-0.0009539650277132772,-0.0032096855092734744,-0.0022557204815601972,0.9999896710649204,0.0,0.8342992601149224,0.16543149072150135,5,4,0,1,True,False,True,震荡
2026-01-08,2026,0.004568516390093924,0.006718816897212321,0.0021503005071183967,0.9999897180382313,0.0,0.9999818788822482,0.0,5,5,0,0,True,True,False,震荡
2026-01-09,2026,0.021114222762913748,0.021728864818891802,0.0006146420559780541,0.9999899306448393,0.0,0.9999822642597506,0.0,5,5,0,0,True,True,False,震荡
2026-01-12,2026,0.02744896077759562,0.029225676636469577,0.0017767158588739562,0.9999901996541481,0.0,0.9999827678801141,0.0,5,5,0,0,True,True,False,震荡
2026-01-13,2026,-0.02249493153551907,-0.026918404447225708,-0.0044234729117066385,0.9999899741227253,0.0,0.9999822911871269,0.0,5,5,0,0,True,True,False,震荡
2026-01-14,2026,0.007120119234174993,0.010018412215030637,0.0028982929808556435,0.9999900450034874,0.0,0.9999824668415359,0.0,5,5,0,0,True,True,False,震荡
2026-01-15,2026,-0.0016683679309625887,0.0003099415754099777,0.0019783095063725664,0.9999900283671349,0.0,0.9999824722741069,0.0,5,5,0,0,True,True,False,弱牛
2026-01-16,2026,-0.0049394315159021485,-0.00042685816791687703,0.004512573347985271,0.9999899788684419,0.0,0.9999824647890588,0.0,5,5,0,0,True,True,False,弱牛
2026-01-19,2026,0.00558019475705529,0.0034282580868960633,-0.002151936670159227,0.9999900344779955,0.0,0.9999825246989011,0.0,5,5,0,0,True,True,False,弱牛
2026-01-20,2026,-0.015678879355114916,-0.012659006238157966,0.0030198731169569504,0.9999898757409594,0.0,0.9999823006426257,0.0,5,5,0,0,True,True,False,弱牛
2026-01-21,2026,0.012854717739102739,0.01801004135326023,0.005155323614157492,0.9999900042337136,0.0,0.9999826137693586,0.0,5,5,0,0,True,True,False,弱牛
2026-01-22,2026,0.009766687322633638,0.010458194555284628,0.0006915072326509897,0.9999866767755736,0.0,0.8051958088403303,0.1796590019735232,5,4,0,1,True,False,True,弱牛
2026-01-23,2026,0.022487913001885795,0.010703780569393695,-0.0117841324324921,0.9999869697976309,0.0,0.8071990774035357,0.17781612737029595,5,4,0,1,True,False,True,弱牛
2026-01-26,2026,-0.0017432747924573944,0.005460191177747875,0.0072034659702052695,0.9999869470427395,0.0,0.8082802514588402,0.176816328835785,5,4,0,1,True,False,True,弱牛
2026-01-27,2026,-0.0017914130417648888,0.0029314055526021843,0.004722818594367073,0.9999869236175374,0.0,0.8088242172968847,0.17631592327218684,5,4,0,1,True,False,True,弱牛
2026-01-28,2026,0.013266702260186225,0.021030269589515038,0.007763567329328813,0.9999870948266302,0.0,0.8127347033966769,0.17271150728530194,5,4,0,1,True,False,True,弱牛
2026-01-29,2026,-0.008425694393783045,-0.0035196737291988134,0.004906020664584232,0.9999567891388037,0.0,0.811966630653906,0.17342817450748946,5,4,0,1,True,False,True,弱牛
2026-01-30,2026,-0.03181240530246099,-0.029006251826933505,0.002806153475527484,0.9999553693298355,0.0,0.8063674343819449,0.17859107347036174,5,4,0,1,True,False,True,弱牛
2026-02-02,2026,-0.04837492369922891,-0.04525794889543722,0.0031169748037916944,0.999953100573665,0.0,0.7971845942774066,0.18706089681592944,5,4,0,1,True,False,True,弱牛
2026-02-03,2026,0.03598047953933681,0.029260489968456982,-0.006719989570879825,0.9999547294304659,0.0,0.8028866899272881,0.18180668064292926,5,4,0,1,True,False,True,弱牛
2026-02-04,2026,0.0060143118226072545,0.0019612829367301465,-0.004053028885877108,0.8267825132759022,0.0,0.8032919818245193,0.1814313506131179,4,4,0,1,False,False,True,弱牛
2026-02-05,2026,-0.015411190856019497,-0.015171275961233022,0.00023991489478647487,0.20372012265883774,0.39467915434530476,0.20892127461119986,0.18433691737216878,1,1,2,1,False,False,True,弱牛
2026-02-06,2026,-0.000777498782834507,0.0024215134261238447,0.0031990122089583517,0.2061954407569027,0.3918913492156384,0.2107849613904769,0.18393891485308025,1,1,2,1,False,False,True,震荡
2026-02-09,2026,0.008678002312804134,0.0018497838681237333,-0.006828218444680401,0.20610584243004376,0.39543874453833494,0.21212937282398672,0.18371206617949054,1,1,2,1,False,False,True,震荡
2026-02-10,2026,0.00012851391563750703,0.0010992649694083756,0.0009707510537708686,0.20715109351228184,0.3944446939414577,0.21299842992997542,0.18350641016199634,1,1,2,1,False,False,True,震荡
2026-02-11,2026,0.003597479102128931,0.0019729512934267834,-0.0016245278087021475,0.2082392175318479,0.3947846831432576,0.2144644233981938,0.18322873874856033,1,1,2,1,False,False,True,震荡
2026-02-12,2026,0.0034879268199194957,0.004258065447434234,0.0007701386275147382,0.21162011953094229,0.3927835920484062,0.21777925849229426,0.3813782771954285,1,1,2,2,False,False,True,震荡
2026-02-13,2026,-0.010383194246842087,-0.010598369938214836,-0.00021517569137274872,0.20600579436492467,0.394247267102055,0.21204763633329712,0.38281611552119904,1,1,2,2,False,False,True,震荡
2026-02-24,2026,0.020300499282303264,0.020650515038887596,0.00035001575658433204,0.21485552801244337,0.3933511338345231,0.22108107721280973,0.38197967455679316,1,1,2,2,False,False,True,震荡
2026-02-25,2026,0.00091160028032089,0.0009453538528423344,3.37535725214444e-05,0.2155624082039879,0.39300108727023214,0.2218009598644795,0.3816346855456347,1,1,2,2,False,False,True,震荡
2026-02-26,2026,-0.001032576956464415,-0.0010180281886713605,1.4548767793054473e-05,0.2157852230528578,0.39237366631993303,0.22202698959853667,0.3810045307092368,1,1,2,2,False,False,True,震荡
2026-02-27,2026,0.00485623678514302,0.004974068345490412,0.00011783156034739228,0.21908818159602167,0.39096438484787666,0.2253990581883273,0.37959723754120933,1,1,2,2,False,False,True,震荡
2026-03-02,2026,0.03094025670533851,0.03151148144204741,0.0005712247367088974,0.23373520159376457,0.38802034532581214,0.24033482333720657,0.37672837821024463,1,1,2,2,False,False,True,震荡
2026-03-03,2026,0.020425427485248004,0.02110032838912068,0.0006749009038726772,0.2518483258659381,0.37747838151279256,0.25878821968841637,0.3661881045708592,1,1,2,2,False,False,True,震荡
2026-03-04,2026,-0.019676455946075033,-0.020063815969076915,-0.00038736002300188144,0.24164600733175332,0.3802407719162215,0.24840292028756192,0.36889493864231104,1,1,2,2,False,False,True,震荡
2026-03-05,2026,-0.005303213075617763,-0.005435279281877703,-0.0001320662062599398,0.23796755243324716,0.3819033210606172,0.24465409112295275,0.3705523071154663,1,1,2,2,False,False,True,震荡
2026-03-06,2026,-0.006403856353494053,-0.0065315973432344965,-0.00012774098974044357,0.23464950869829587,0.38277138314307274,0.24127383443360442,0.3714027230366147,1,1,2,2,False,False,True,震荡
2026-03-09,2026,0.0014493043161603048,0.0015118980445874008,6.25937284270961e-05,0.23607165105578556,0.38190291190037373,0.24272095407845662,0.37054031292594464,1,1,2,2,False,False,True,震荡
2026-03-10,2026,-0.007947234287297933,-0.008226510502054585,-0.0002792762147566519,0.2283436542365673,0.38657054161329835,0.23484139795235487,0.3752119689798737,1,1,2,2,False,False,True,震荡
2026-03-11,2026,0.0009053264655016768,0.0009209438652455493,1.561739974387244e-05,0.22872852750381095,0.3865339813790337,0.2352335527542096,0.3751786027134152,1,1,2,2,False,False,True,震荡
2026-03-12,2026,0.0029478451385036575,0.0029955003036867822,4.765516518312474e-05,0.43146586110680313,0.19780339414246734,0.4379891722623351,0.19660902579312203,2,2,1,1,False,False,True,震荡
2026-03-13,2026,-0.00826029423014274,-0.008358546713719717,-9.825248357697713e-05,0.4292104025754408,0.196971001079319,0.43571716890733947,0.19580105702643055,2,2,1,1,False,False,True,震荡
2026-03-16,2026,7.123786688167932e-05,9.92180294618894e-05,2.7980162580210077e-05,0.43176726794627396,0.19444076385095818,0.4382743413861482,0.1932804409560828,2,2,1,1,False,False,True,震荡
2026-03-17,2026,-0.008019364829418785,-0.008135309751370556,-0.00011594492195177164,0.42766984488836834,0.19551637977166192,0.43416042462794685,0.19437235682895596,2,2,1,1,False,False,True,震荡
2026-03-18,2026,-0.002076908768762986,-0.0021079133564562147,-3.100458769322856e-05,0.42704968359894224,0.19535230443897653,0.433532831073732,0.19421527564535787,2,2,1,1,False,False,True,震荡
2026-03-19,2026,-0.006716279850447537,-0.006568543904475144,0.0001477359459723937,0.39983962324799377,0.0,0.39985286535235914,0.0,2,2,0,0,False,False,False,震荡
2026-03-20,2026,-0.003302647923173918,-0.0033029669126782846,-3.1898950436648477e-07,0.3978509368952899,0.0,0.3978640301670675,0.0,2,2,0,0,False,False,False,震荡
2026-03-23,2026,-0.018103175121696014,-0.01810424024905588,-1.0651273598671906e-06,0.38674914935248894,0.0,0.3867618188048158,0.0,2,2,0,0,False,False,False,震荡
2026-03-24,2026,0.005639407997915402,0.0056393712016271635,-3.679628823860526e-08,0.20087616302410086,0.0,0.20086495699068144,0.0,1,1,0,0,False,False,False,震荡
2026-03-25,2026,0.0017867003064404585,0.0017866006339704033,-9.967247005526758e-08,0.20230141133691237,0.0,0.20229014592170222,0.0,1,1,0,0,False,False,False,熊市
2026-03-26,2026,-0.0010795353650306927,-0.0010794752497106375,6.011532005523179e-08,0.0,0.0,0.0,0.0,0,0,0,0,False,False,False,熊市
2026-03-27,2026,0.0,0.0,0.0,0.0,0.0,0.0,0.0,0,0,0,0,False,False,False,熊市
2026-03-30,2026,0.0,0.0,0.0,0.0,0.0,0.0,0.0,0,0,0,0,False,False,False,熊市
2026-03-31,2026,0.0,0.0,0.0,0.0,0.0,0.0,0.0,0,0,0,0,False,False,False,熊市
2026-04-01,2026,0.0,0.0,0.0,0.0,0.0,0.0,0.0,0,0,0,0,False,False,False,熊市
2026-04-02,2026,0.0009038109147063711,0.000903639733365047,-1.7118134132410034e-07,0.20080429158102395,0.1948048075428932,0.2008045124465638,0.1957657567519191,1,1,1,1,False,False,True,熊市
2026-04-03,2026,-0.0019040022119991562,-0.0019035527108476336,4.495011515226466e-07,0.1991879753270874,0.19526816695226712,0.19918810470875073,0.1962313134843077,1,1,1,1,False,False,True,熊市
2026-04-07,2026,-0.002272930385787353,-0.0022730484040228705,-1.1801823551760293e-07,0.19738732337624407,0.19568932437393793,0.1973874749366927,0.19665457149710713,1,1,1,1,False,False,True,熊市
2026-04-08,2026,0.0014026378167126818,0.0014021441801264078,-4.936365862739933e-07,0.19861169226859013,0.19531505674312602,0.1986119426739457,0.19627855452754223,1,1,1,1,False,False,True,熊市
2026-04-09,2026,-0.00028599768688664096,-0.0002858814036452717,1.1628324136925272e-07,0.0,0.1953945905930221,0.0,0.19635845788169565,0,0,1,1,False,False,True,熊市
2026-04-10,2026,2.783319429600084e-06,2.797049341474178e-06,1.3729911874094114e-08,0.0,0.19539683006065806,0.0,0.19636070570045472,0,0,1,1,False,False,True,熊市
2026-04-13,2026,5.0099610288567575e-05,5.034674732717903e-05,2.4713703861145575e-07,0.0,0.1954371383464796,0.0,0.19640116428798873,0,0,1,1,False,False,True,熊市
2026-04-14,2026,3.6181239209120974e-05,3.635970914328546e-05,1.7846993416448242e-07,0.0,0.19546624737463514,0.0,0.19643038184558106,0,0,1,1,False,False,True,熊市
2026-04-15,2026,0.0001850742581999132,0.00018598713433259917,9.128761326859802e-07,0.0,0.19561511830992118,0.0,0.19657980766481864,0,0,1,1,False,False,True,熊市
2026-04-16,2026,0.010840740348161626,0.010840814509246899,7.416108527280585e-08,0.6042972314226225,0.19363561482010802,0.6042788243098618,0.19459052784167713,3,3,1,1,False,False,True,熊市
2026-04-17,2026,0.005398074316208756,0.005398008328117543,-6.598809121349802e-08,0.6063300749780103,0.19268768831470404,0.6063112885345963,0.19363793935086318,3,3,1,1,False,False,True,熊市
2026-04-20,2026,0.005128797455035805,0.005128558706676278,-2.3874835952675255e-07,0.6083592555478685,0.19168404515531665,0.6083405726842468,0.1926293924195695,3,3,1,1,False,False,True,熊市
2026-04-21,2026,-0.002858640886441499,-0.002858649576729766,-8.690288266777202e-09,0.6072433151422589,0.19222674246865715,0.6072246089762156,0.19317476789076662,3,3,1,1,False,False,True,熊市
2026-04-22,2026,0.01637469538078329,0.016374628947740222,-6.643304306663822e-08,0.6134325529694785,0.1892682193928681,0.6134134402481509,0.190201666378757,3,3,1,1,False,False,True,熊市
2026-04-23,2026,-0.016448403725596306,-0.016870457662666705,-0.00042205393707039907,0.9999250056609602,0.0,0.8250085259852101,0.17070486901143042,5,4,0,1,True,False,True,熊市
2026-04-24,2026,-0.009624408847300425,-0.005741594641373471,0.0038828142059269544,0.9999242768706037,0.0,0.8239224112558576,0.17176622966459462,5,4,0,1,True,False,True,熊市
2026-04-27,2026,0.014023126400284802,0.014248652360504543,0.00022552596021974125,0.999925324060739,0.0,0.8266340193873299,0.16911518957684896,5,4,0,1,True,False,True,弱牛
2026-04-28,2026,-0.01921775458857411,-0.016489835773652595,0.002727918814921515,0.9999238608369897,0.0,0.8235818818608882,0.17209605702532058,5,4,0,1,True,False,True,弱牛
2026-04-29,2026,0.012167986627592997,0.011935798090319194,-0.00023218853727380306,0.9999247761596729,0.0,0.8255673291371135,0.17016158852550142,5,4,0,1,True,False,True,弱牛
2026-04-30,2026,0.017871671188815608,0.01504366540523594,-0.002828005783579668,0.9999893929026241,0.0,0.8303110367608098,0.16760873893176245,5,4,0,1,True,False,True,弱牛
2026-05-06,2026,0.026221024800051618,0.02218899541163899,-0.004032029388412628,0.9999896639251004,0.0,0.834066696803019,0.16389823500825512,5,4,0,1,True,False,True,弱牛
2026-05-07,2026,0.02315640732477231,0.02145859348711543,-0.0016978138376568808,0.9999898978544965,0.0,0.8375423341814136,0.16046534992668296,5,4,0,1,True,False,True,弱牛
2026-05-08,2026,0.007967769302345662,0.004875455882341395,-0.003092313420004267,0.9999899777097928,0.0,0.8382398282171255,0.15977752221148647,5,4,0,1,True,False,True,弱牛
2026-05-11,2026,0.023705863322024623,0.022769185198025843,-0.0009366781239987798,0.9999902097950532,0.0,0.8418287841637789,0.1562327045864867,5,4,0,1,True,False,True,弱牛
2026-05-12,2026,-0.0021578984834529358,-0.000579682677112725,0.0015782158063402107,0.9999901886230979,0.0,0.8416793543014014,0.15638101007569363,5,4,0,1,True,False,True,弱牛
2026-05-13,2026,0.020936689413870058,0.018882730824391736,-0.002053958589478322,0.9999903898282784,0.0,0.8445742788113264,0.15352203240857662,5,4,0,1,True,False,True,弱牛
2026-05-14,2026,-0.023613149682745416,-0.015752198115330684,0.007860951567414731,0.9999901574138176,0.0,0.8420735238741854,0.15599232013740214,5,4,0,1,True,False,True,弱牛
2026-05-15,2026,0.0001986586911968402,0.0051096590140247145,0.004911000322827874,0.9999901593687445,0.0,0.8428070330754042,0.15526864357234615,5,4,0,1,True,False,True,弱牛
2026-05-18,2026,0.006970814990836294,0.008366387638662154,0.00139557264782586,0.999990227491096,0.0,0.8440545014090632,0.15403714129557322,5,4,0,1,True,False,True,弱牛
2026-05-19,2026,0.009199625019109092,0.009089718690054704,-0.0001099063290543878,0.9999903165749752,0.0,0.8453283532855239,0.1527804795962134,5,4,0,1,True,False,True,弱牛
2026-05-20,2026,0.006933461077172298,0.007443947556982744,0.0005104864798104458,0.9999903832523209,0.0,0.8464379299861471,0.1516848766247332,5,4,0,1,True,False,True,弱牛
2026-05-21,2026,-0.019104286734491827,-0.019751093520495755,-0.0006468067860039284,0.8289676099353631,0.16021249919065952,0.843439089428646,0.154645893500984,4,4,1,1,False,False,True,弱牛
2026-05-22,2026,0.01902108453737905,0.019037918512868846,1.683397548979393e-05,0.8321456307009646,0.15723644290069266,0.8463500262641873,0.1517707334881439,4,4,1,1,False,False,True,弱牛
2026-05-25,2026,0.026725379048703646,0.026579691117292192,-0.00014568793141145342,0.8365452013014217,0.15311325400219541,0.8503575711285191,0.1478118449782583,4,4,1,1,False,False,True,弱牛
2026-05-26,2026,-0.0064908917203845284,-0.006531734819635537,-4.084309925100893e-05,0.835418353640866,0.15417253726270042,0.8493168102722758,0.14884057033324327,4,4,1,1,False,False,True,弱牛
2026-05-27,2026,-0.019204968219227347,-0.019697689441432353,-0.0004927212222050059,0.8321155397245853,0.157271530194056,0.8462116552989081,0.15190870066206996,4,4,1,1,False,False,True,弱牛
2026-05-28,2026,0.011456067904170197,0.011199000253468983,-0.00025706765070121484,0.6666283015930564,0.15561677085676973,0.6714344761095208,0.1503485792508993,3,3,1,1,False,False,True,弱牛
2026-05-29,2026,-0.027806915299466883,-0.02808044138787058,-0.0002735260884036972,0.6570003044387205,0.16016057610289725,0.6618519506952589,0.15478210810064777,3,3,1,1,False,False,True,强牛
2026-06-01,2026,-0.024442907547482906,-0.024446776143434046,-3.868595951139753e-06,0.6484005317174351,0.164179253850285,0.6533725578405206,0.15866646092340778,3,3,1,1,False,False,True,强牛
2026-06-02,2026,0.021543309709811664,0.021515647825508077,-2.766188430358696e-05,0.655842665631376,0.16068962169228124,0.6606997337415875,0.15529820849631878,3,3,1,1,False,False,True,强牛
2026-06-03,2026,0.020592319256916403,0.020504566472519636,-8.775278439676626e-05,0.6628044759346882,0.15742960851352344,0.6675343602553764,0.15216065747676777,3,3,1,1,False,False,True,强牛
2026-06-04,2026,-0.007721515213448216,-0.00778099008322386,-5.94748697756442e-05,0.24834252099706777,0.1586995236948618,0.24681236559455333,0.15339726463125594,1,1,1,1,False,False,True,强牛
2026-06-05,2026,-0.0065474681893803455,-0.006507003907657127,4.046428172321814e-05,0.24339314777908602,0.15974093631512504,0.24188363564509402,0.15439759418408783,1,1,1,1,False,False,True,强牛
2026-06-08,2026,-0.009176919231842051,-0.009117205215297353,5.9714016544698545e-05,0.23648920177127614,0.16111676089659469,0.23500834429793935,0.15571801269568158,1,1,1,1,False,False,True,强牛
2026-06-09,2026,0.013812142946247219,0.013727640318981882,-8.450262726533708e-05,0.24696317355570338,0.1588497854590632,0.24543718727487818,0.1535397974952484,1,1,1,1,False,False,True,强牛
2026-06-10,2026,-0.009545861751855456,-0.009484826076831543,6.103567502391272e-05,0.23978153072096162,0.16030473472067136,0.23828523576305244,0.15493656330401245,1,1,1,1,False,False,True,强牛
2026-06-11,2026,-0.0055617637702262135,-0.005535463400871188,2.6300369355025666e-05,0.43632506160236106,0.0,0.4348461382683548,0.0,2,2,0,0,False,False,False,强牛
2026-06-12,2026,0.00016986504107774358,0.0001875833957618589,1.771835468411531e-05,0.4364207940073376,0.0,0.43495213186622733,0.0,2,2,0,0,False,False,False,震荡
2026-06-15,2026,0.012549808950625962,0.012452165043129293,-9.764390749666951e-05,0.44340594308467884,0.0,0.44190166445078194,0.0,2,2,0,0,False,False,False,震荡
2026-06-16,2026,0.0033902418396791756,0.003353805094179041,-3.643674550013465e-05,0.4452865558121967,0.0,0.4437671609798375,0.0,2,2,0,0,False,False,False,震荡
2026-06-17,2026,0.0025107270196051967,0.002484496829506133,-2.6230190099063577e-05,0.4466758018271507,0.0,0.4451456947420885,0.0,2,2,0,0,False,False,False,震荡
2026-06-18,2026,-0.002311522967142876,-0.002297724016833813,1.3798950309062974e-05,0.0,0.0,0.0,0.0,0,0,0,0,False,False,False,震荡
