日期,开盘,收盘,最高,最低,成交量,成交额,振幅,涨跌幅,涨跌额,换手率
2019-01-02,1.564,1.516,1.567,1.506,169175,43083614.0,3.91,-2.82,-0.044,0.29
2019-01-03,1.512,1.509,1.534,1.506,84279,21395968.0,1.85,-0.46,-0.007,0.14
2019-01-04,1.497,1.543,1.544,1.489,96931,24688398.0,3.64,2.25,0.034,0.16
2019-01-07,1.552,1.568,1.571,1.549,77403,19981101.0,1.43,1.62,0.025,0.13
2019-01-08,1.567,1.573,1.574,1.556,73663,19077133.0,1.15,0.32,0.005,0.12
2019-01-09,1.573,1.585,1.616,1.573,111849,29370683.0,2.73,0.76,0.012,0.19
2019-01-10,1.587,1.577,1.594,1.577,81669,21295085.0,1.07,-0.5,-0.008,0.14
2019-01-11,1.579,1.588,1.593,1.576,51891,13532694.0,1.08,0.7,0.011,0.09
2019-01-14,1.589,1.59,1.597,1.587,60620,15844453.0,0.63,0.13,0.002,0.1
2019-01-15,1.591,1.608,1.612,1.582,94638,24819125.0,1.89,1.13,0.018,0.16
2019-01-16,1.613,1.61,1.614,1.606,72050,18262197.0,0.5,0.12,0.002,0.12
2019-01-17,1.611,1.603,1.622,1.603,68747,17432913.0,1.18,-0.43,-0.007,0.12
2019-01-18,1.605,1.635,1.637,1.605,71313,18169653.0,2.0,2.0,0.032,0.12
2019-01-21,1.64,1.646,1.653,1.637,104958,26989073.0,0.98,0.67,0.011,0.18
2019-01-22,1.645,1.621,1.652,1.614,118727,30319993.0,2.31,-1.52,-0.025,0.2
2019-01-23,1.618,1.624,1.63,1.613,36888,9399613.0,1.05,0.19,0.003,0.06
2019-01-24,1.62,1.633,1.635,1.613,80900,20602347.0,1.35,0.55,0.009,0.14
2019-01-25,1.633,1.641,1.651,1.633,83921,21544536.0,1.1,0.49,0.008,0.14
2019-01-28,1.649,1.642,1.67,1.639,101075,26050847.0,1.89,0.06,0.001,0.17
2019-01-29,1.634,1.653,1.658,1.617,115705,29667602.0,2.5,0.67,0.011,0.2
2019-01-30,1.649,1.644,1.659,1.635,59427,15284542.0,1.45,-0.54,-0.009,0.1
2019-01-31,1.646,1.66,1.669,1.646,73311,18928787.0,1.4,0.97,0.016,0.12
2019-02-01,1.663,1.682,1.683,1.655,117301,30414010.0,1.69,1.33,0.022,0.2
2019-02-11,1.682,1.697,1.705,1.675,168776,44193557.0,1.78,0.89,0.015,0.28
2019-02-12,1.707,1.716,1.725,1.697,137561,36255722.0,1.65,1.12,0.019,0.23
2019-02-13,1.718,1.747,1.764,1.715,188726,50291447.0,2.86,1.81,0.031,0.32
2019-02-14,1.748,1.752,1.76,1.74,87705,23445887.0,1.14,0.29,0.005,0.15
2019-02-15,1.749,1.713,1.749,1.709,121392,32211539.0,2.28,-2.23,-0.039,0.2
2019-02-18,1.722,1.773,1.773,1.722,103539,27728101.0,2.98,3.5,0.06,0.17
2019-02-19,1.775,1.769,1.791,1.757,118842,32076613.0,1.92,-0.23,-0.004,0.2
2019-02-20,1.771,1.772,1.777,1.757,87531,23579118.0,1.13,0.17,0.003,0.15
2019-02-21,1.772,1.754,1.786,1.75,113984,30726652.0,2.03,-1.02,-0.018,0.19
2019-02-22,1.755,1.782,1.783,1.742,112491,30194175.0,2.34,1.6,0.028,0.19
2019-02-25,1.788,1.9,1.902,1.788,322010,88856620.0,6.4,6.62,0.118,0.54
2019-02-26,1.893,1.883,1.929,1.875,227761,64268276.0,2.84,-0.89,-0.017,0.38
2019-02-27,1.875,1.881,1.923,1.867,147095,41486327.0,2.97,-0.11,-0.002,0.25
2019-02-28,1.88,1.882,1.902,1.875,100277,28204196.0,1.44,0.05,0.001,0.17
2019-03-01,1.891,1.91,1.911,1.874,117992,33227362.0,1.97,1.49,0.028,0.2
2019-03-04,1.915,1.944,1.985,1.915,184693,53018963.0,3.66,1.78,0.034,0.31
2019-03-05,1.941,1.959,1.96,1.927,127329,36509479.0,1.7,0.77,0.015,0.21
2019-03-06,1.959,1.994,2.002,1.942,189307,54919772.0,3.06,1.79,0.035,0.32
2019-03-07,1.991,1.985,2.001,1.96,201913,58707876.0,2.06,-0.45,-0.009,0.34
2019-03-08,1.962,1.868,1.962,1.865,265318,75256681.0,4.89,-5.89,-0.117,0.45
2019-03-11,1.864,1.905,1.911,1.86,129956,36526821.0,2.73,1.98,0.037,0.22
2019-03-12,1.925,1.933,1.963,1.909,126462,36204004.0,2.83,1.47,0.028,0.21
2019-03-13,1.933,1.912,1.939,1.908,110961,31583424.0,1.6,-1.09,-0.021,0.19
2019-03-14,1.911,1.88,1.933,1.866,123913,34899603.0,3.5,-1.67,-0.032,0.21
2019-03-15,1.879,1.907,1.927,1.879,98086,27740597.0,2.55,1.44,0.027,0.17
2019-03-18,1.909,1.982,1.985,1.905,158839,45659415.0,4.2,3.93,0.075,0.27
2019-03-19,1.984,1.979,2.002,1.966,110002,31970288.0,1.82,-0.15,-0.003,0.19
2019-03-20,1.968,1.977,1.989,1.941,95723,27653319.0,2.43,-0.1,-0.002,0.16
2019-03-21,1.98,1.992,2.007,1.98,128373,37495253.0,1.37,0.76,0.015,0.22
2019-03-22,1.991,1.994,2.001,1.955,95664,27760824.0,2.31,0.1,0.002,0.16
2019-03-25,1.946,1.951,1.988,1.946,110106,31841229.0,2.11,-2.16,-0.043,0.19
2019-03-26,1.953,1.905,1.967,1.9,150899,43039273.0,3.43,-2.36,-0.046,0.25
2019-03-27,1.92,1.95,1.953,1.916,97944,28033924.0,1.94,2.36,0.045,0.17
2019-03-28,1.95,1.937,1.964,1.928,115547,33199949.0,1.85,-0.67,-0.013,0.19
2019-03-29,1.937,1.994,2.001,1.92,184763,53332956.0,4.18,2.94,0.057,0.31
2019-04-01,1.997,2.071,2.075,1.997,199814,59497545.0,3.91,3.86,0.077,0.34
2019-04-02,2.082,2.069,2.089,2.063,119091,35741667.0,1.26,-0.1,-0.002,0.2
2019-04-03,2.065,2.101,2.105,2.037,108995,32703705.0,3.29,1.55,0.032,0.18
2019-04-04,2.118,2.136,2.143,2.105,115132,35141505.0,1.81,1.67,0.035,0.19
2019-04-08,2.145,2.151,2.168,2.106,175679,53863859.0,2.9,0.7,0.015,0.3
2019-04-09,2.145,2.144,2.155,2.13,71487,21938531.0,1.16,-0.33,-0.007,0.12
2019-04-10,2.135,2.137,2.157,2.112,74838,22860270.0,2.1,-0.33,-0.007,0.13
2019-04-11,2.137,2.11,2.152,2.096,94708,28870634.0,2.62,-1.26,-0.027,0.16
2019-04-12,2.105,2.086,2.106,2.068,99704,30010571.0,1.8,-1.14,-0.024,0.17
2019-04-15,2.135,2.08,2.14,2.076,122206,37174207.0,3.07,-0.29,-0.006,0.21
2019-04-16,2.074,2.12,2.12,2.04,167143,50138597.0,3.85,1.92,0.04,0.28
2019-04-17,2.119,2.124,2.134,2.097,122418,37252116.0,1.75,0.19,0.004,0.21
2019-04-18,2.125,2.1,2.125,2.097,68745,20861899.0,1.32,-1.13,-0.024,0.12
2019-04-19,2.1,2.107,2.115,2.077,72924,22040679.0,1.81,0.33,0.007,0.12
2019-04-22,2.11,2.047,2.113,2.045,153266,45867857.0,3.23,-2.85,-0.06,0.26
2019-04-23,2.045,2.02,2.049,2.016,143169,42322795.0,1.61,-1.32,-0.027,0.24
2019-04-24,2.02,2.041,2.044,2.008,103777,30686316.0,1.78,1.04,0.021,0.17
2019-04-25,2.04,1.974,2.04,1.971,173061,50502739.0,3.38,-3.28,-0.067,0.29
2019-04-26,1.973,1.94,1.973,1.936,171830,49438124.0,1.87,-1.72,-0.034,0.29
2019-04-29,1.94,1.922,1.958,1.921,147584,42265402.0,1.91,-0.93,-0.018,0.25
2019-04-30,1.924,1.949,1.952,1.92,99537,28485509.0,1.66,1.4,0.027,0.17
2019-05-06,1.906,1.816,1.91,1.785,374693,103606677.0,6.41,-6.82,-0.133,0.63
2019-05-07,1.821,1.846,1.854,1.821,159092,43976252.0,1.82,1.65,0.03,0.27
2019-05-08,1.816,1.816,1.848,1.795,152311,41804381.0,2.87,-1.63,-0.03,0.26
2019-05-09,1.802,1.775,1.811,1.773,181540,49248658.0,2.09,-2.26,-0.041,0.31
2019-05-10,1.79,1.835,1.838,1.752,208186,56921456.0,4.85,3.38,0.06,0.35
2019-05-13,1.795,1.797,1.814,1.79,117919,32139558.0,1.31,-2.07,-0.038,0.2
2019-05-14,1.787,1.781,1.797,1.774,113408,30751233.0,1.28,-0.89,-0.016,0.19
2019-05-15,1.794,1.822,1.828,1.793,112772,30849940.0,1.97,2.3,0.041,0.19
2019-05-16,1.822,1.835,1.838,1.796,80482,22156407.0,2.31,0.71,0.013,0.14
2019-05-17,1.835,1.779,1.842,1.776,137608,37483837.0,3.6,-3.05,-0.056,0.23
2019-05-20,1.779,1.766,1.79,1.747,114116,30662879.0,2.42,-0.73,-0.013,0.19
2019-05-21,1.771,1.793,1.808,1.764,90760,24648934.0,2.49,1.53,0.027,0.15
2019-05-22,1.792,1.79,1.8,1.778,52556,14267884.0,1.23,-0.17,-0.003,0.09
2019-05-23,1.784,1.762,1.784,1.76,127714,34408987.0,1.34,-1.56,-0.028,0.22
2019-05-24,1.764,1.762,1.775,1.755,95061,25543600.0,1.14,0.0,0.0,0.16
2019-05-27,1.762,1.789,1.79,1.746,108998,29347967.0,2.5,1.53,0.027,0.18
2019-05-28,1.789,1.79,1.812,1.781,99536,27103626.0,1.73,0.06,0.001,0.17
2019-05-29,1.79,1.793,1.802,1.786,63686,17308899.0,0.89,0.17,0.003,0.11
2019-05-30,1.789,1.793,1.793,1.774,65550,17737385.0,1.06,0.0,0.0,0.11
2019-05-31,1.792,1.788,1.805,1.785,51862,14103418.0,1.12,-0.28,-0.005,0.09
2019-06-03,1.796,1.776,1.804,1.77,83751,22695758.0,1.9,-0.67,-0.012,0.14
2019-06-04,1.775,1.766,1.776,1.763,69038,18585086.0,0.73,-0.56,-0.01,0.12
2019-06-05,1.786,1.777,1.793,1.773,89168,24119471.0,1.13,0.62,0.011,0.15
2019-06-06,1.775,1.75,1.775,1.75,112916,30304556.0,1.41,-1.52,-0.027,0.19
2019-06-10,1.76,1.774,1.787,1.756,58030,15662269.0,1.77,1.37,0.024,0.1
2019-06-11,1.778,1.834,1.835,1.776,161386,44160779.0,3.33,3.38,0.06,0.27
2019-06-12,1.831,1.816,1.831,1.811,63569,17443779.0,1.09,-0.98,-0.018,0.11
2019-06-13,1.815,1.807,1.816,1.79,86349,23567496.0,1.43,-0.5,-0.009,0.15
2019-06-14,1.801,1.783,1.815,1.782,76942,20937719.0,1.83,-1.33,-0.024,0.13
2019-06-17,1.783,1.791,1.801,1.777,50109,13610065.0,1.35,0.45,0.008,0.08
2019-06-18,1.792,1.794,1.799,1.787,61676,16757763.0,0.67,0.17,0.003,0.1
2019-06-19,1.832,1.813,1.843,1.813,127441,35039584.0,1.67,1.06,0.019,0.21
2019-06-20,1.813,1.861,1.871,1.81,197523,54629865.0,3.36,2.65,0.048,0.33
2019-06-21,1.861,1.867,1.878,1.856,102027,28488506.0,1.18,0.32,0.006,0.17
2019-06-24,1.867,1.869,1.872,1.858,97405,27183325.0,0.75,0.11,0.002,0.16
2019-06-25,1.868,1.844,1.87,1.826,94261,26088819.0,2.35,-1.34,-0.025,0.16
2019-06-26,1.839,1.85,1.856,1.835,52623,14591724.0,1.14,0.33,0.006,0.09
2019-06-27,1.852,1.872,1.88,1.852,81257,22725421.0,1.51,1.19,0.022,0.14
2019-06-28,1.872,1.861,1.874,1.849,136690,37996781.0,1.34,-0.59,-0.011,0.23
2019-07-01,1.905,1.901,1.905,1.888,114007,32176883.0,0.91,2.15,0.04,0.19
2019-07-02,1.9,1.914,1.916,1.894,101015,28588185.0,1.16,0.68,0.013,0.17
2019-07-03,1.913,1.916,1.92,1.903,78318,22217373.0,0.89,0.1,0.002,0.13
2019-07-04,1.913,1.913,1.931,1.905,83742,23820866.0,1.36,-0.16,-0.003,0.14
2019-07-05,1.914,1.918,1.922,1.902,35233,9995864.0,1.05,0.26,0.005,0.06
2019-07-08,1.912,1.857,1.918,1.846,128434,35863775.0,3.75,-3.18,-0.061,0.22
2019-07-09,1.856,1.854,1.867,1.85,52347,14558709.0,0.92,-0.16,-0.003,0.09
2019-07-10,1.854,1.838,1.863,1.833,63890,17695529.0,1.62,-0.86,-0.016,0.11
2019-07-11,1.843,1.839,1.859,1.833,71098,19687326.0,1.41,0.05,0.001,0.12
2019-07-12,1.842,1.852,1.855,1.835,37547,10414967.0,1.09,0.71,0.013,0.06
2019-07-15,1.851,1.853,1.862,1.811,66031,18220808.0,2.75,0.05,0.001,0.11
2019-07-16,1.852,1.855,1.86,1.846,40291,11195543.0,0.76,0.11,0.002,0.07
2019-07-17,1.852,1.852,1.859,1.843,32903,9140199.0,0.86,-0.16,-0.003,0.06
2019-07-18,1.846,1.826,1.846,1.826,69343,19122846.0,1.08,-1.4,-0.026,0.12
2019-07-19,1.825,1.843,1.854,1.825,41487,11478627.0,1.59,0.93,0.017,0.07
2019-07-22,1.843,1.822,1.851,1.817,62710,17267514.0,1.84,-1.14,-0.021,0.11
2019-07-23,1.825,1.833,1.834,1.823,34542,9511079.0,0.6,0.6,0.011,0.06
2019-07-24,1.835,1.854,1.863,1.835,57012,15853472.0,1.53,1.15,0.021,0.1
2019-07-25,1.856,1.869,1.87,1.855,52548,14649366.0,0.81,0.81,0.015,0.09
2019-07-26,1.868,1.88,1.883,1.862,57049,15958721.0,1.12,0.59,0.011,0.1
2019-07-29,1.88,1.885,1.887,1.875,58552,16437983.0,0.64,0.27,0.005,0.1
2019-07-30,1.883,1.901,1.909,1.883,45854,12957256.0,1.38,0.85,0.016,0.08
2019-07-31,1.897,1.883,1.897,1.878,44392,12470634.0,1.0,-0.95,-0.018,0.07
2019-08-01,1.88,1.862,1.88,1.856,57620,16078977.0,1.27,-1.12,-0.021,0.1
2019-08-02,1.824,1.826,1.828,1.816,154673,42477397.0,0.64,-1.93,-0.036,0.26
2019-08-05,1.822,1.781,1.822,1.778,158457,43107292.0,2.41,-2.46,-0.045,0.27
2019-08-06,1.755,1.735,1.757,1.705,203162,53981178.0,2.92,-2.58,-0.046,0.34
2019-08-07,1.742,1.727,1.745,1.727,75811,20166129.0,1.04,-0.46,-0.008,0.13
2019-08-08,1.736,1.748,1.752,1.736,53372,14252062.0,0.93,1.22,0.021,0.09
2019-08-09,1.758,1.75,1.76,1.741,85032,22741169.0,1.09,0.11,0.002,0.14
2019-08-12,1.749,1.779,1.779,1.745,57312,15395697.0,1.94,1.66,0.029,0.1
2019-08-13,1.769,1.763,1.769,1.76,55683,14969555.0,0.51,-0.9,-0.016,0.09
2019-08-14,1.778,1.769,1.794,1.767,65312,17674501.0,1.53,0.34,0.006,0.11
2019-08-15,1.747,1.783,1.786,1.732,62928,16908254.0,3.05,0.79,0.014,0.11
2019-08-16,1.787,1.784,1.794,1.777,51458,13946322.0,0.95,0.06,0.001,0.09
2019-08-19,1.786,1.828,1.829,1.786,103298,28256522.0,2.41,2.47,0.044,0.17
2019-08-20,1.829,1.834,1.835,1.819,75222,20702403.0,0.88,0.33,0.006,0.13
2019-08-21,1.832,1.833,1.838,1.826,44965,12398310.0,0.65,-0.05,-0.001,0.08
2019-08-22,1.833,1.825,1.835,1.816,61212,16819855.0,1.04,-0.44,-0.008,0.1
2019-08-23,1.825,1.832,1.835,1.816,88994,24481652.0,1.04,0.38,0.007,0.15
2019-08-26,1.805,1.819,1.823,1.796,68159,18642233.0,1.47,-0.71,-0.013,0.11
2019-08-27,1.819,1.855,1.864,1.817,120870,33521612.0,2.58,1.98,0.036,0.2
2019-08-28,1.849,1.842,1.856,1.836,58601,16229891.0,1.08,-0.7,-0.013,0.1
2019-08-29,1.845,1.829,1.847,1.822,64332,17719684.0,1.36,-0.71,-0.013,0.11
2019-08-30,1.837,1.814,1.848,1.811,93729,25820809.0,2.02,-0.82,-0.015,0.16
2019-09-02,1.816,1.845,1.855,1.816,71495,19779892.0,2.15,1.71,0.031,0.12
2019-09-03,1.846,1.854,1.854,1.842,44075,12214883.0,0.65,0.49,0.009,0.07
2019-09-04,1.854,1.89,1.893,1.851,86580,24209026.0,2.27,1.94,0.036,0.15
2019-09-05,1.9,1.913,1.941,1.899,124179,35393477.0,2.22,1.22,0.023,0.21
2019-09-06,1.915,1.925,1.927,1.911,76289,21704300.0,0.84,0.63,0.012,0.13
2019-09-09,1.945,1.939,1.952,1.93,62339,17839173.0,1.14,0.73,0.014,0.11
2019-09-10,1.939,1.93,1.94,1.922,49723,14181160.0,0.93,-0.46,-0.009,0.08
2019-09-11,1.934,1.924,1.938,1.922,68220,19462514.0,0.83,-0.31,-0.006,0.12
2019-09-12,1.925,1.941,1.947,1.925,58730,16807249.0,1.14,0.88,0.017,0.1
2019-09-16,1.944,1.95,1.956,1.942,66516,19121274.0,0.72,0.46,0.009,0.11
2019-09-17,1.948,1.915,1.948,1.905,78586,22380682.0,2.21,-1.79,-0.035,0.13
2019-09-18,1.917,1.918,1.923,1.913,38420,10917302.0,0.52,0.16,0.003,0.06
2019-09-19,1.917,1.921,1.921,1.909,29349,8337154.0,0.63,0.16,0.003,0.05
2019-09-20,1.922,1.922,1.928,1.919,32128,9150487.0,0.47,0.05,0.001,0.05
2019-09-23,1.92,1.894,1.921,1.881,74013,20841669.0,2.08,-1.46,-0.028,0.12
2019-09-24,1.897,1.897,1.913,1.891,47325,13370587.0,1.16,0.16,0.003,0.08
2019-09-25,1.897,1.87,1.897,1.868,64895,18174404.0,1.53,-1.42,-0.027,0.11
2019-09-26,1.874,1.87,1.884,1.865,60837,17019123.0,1.02,0.0,0.0,0.1
2019-09-27,1.87,1.856,1.872,1.851,76131,21180059.0,1.12,-0.75,-0.014,0.13
2019-09-30,1.854,1.838,1.857,1.831,90066,24952577.0,1.4,-0.97,-0.018,0.15
2019-10-08,1.841,1.848,1.855,1.833,59393,16456234.0,1.2,0.54,0.01,0.1
2019-10-09,1.843,1.87,1.873,1.836,55269,15394187.0,2.0,1.19,0.022,0.09
2019-10-10,1.871,1.882,1.883,1.87,56827,15915777.0,0.7,0.64,0.012,0.1
2019-10-11,1.886,1.911,1.917,1.886,96322,27220660.0,1.65,1.54,0.029,0.16
2019-10-14,1.916,1.937,1.952,1.916,111542,31933959.0,1.88,1.36,0.026,0.19
2019-10-15,1.936,1.924,1.939,1.919,52615,15001217.0,1.03,-0.67,-0.013,0.09
2019-10-16,1.92,1.917,1.943,1.914,55080,15690843.0,1.51,-0.36,-0.007,0.09
2019-10-17,1.906,1.902,1.917,1.896,46901,13275149.0,1.1,-0.78,-0.015,0.08
2019-10-18,1.905,1.873,1.913,1.864,89462,25126581.0,2.58,-1.52,-0.029,0.15
2019-10-21,1.872,1.878,1.883,1.857,58692,16409816.0,1.39,0.27,0.005,0.1
2019-10-22,1.879,1.882,1.884,1.867,60549,16957233.0,0.91,0.21,0.004,0.1
2019-10-23,1.882,1.877,1.885,1.871,38952,10921840.0,0.74,-0.27,-0.005,0.07
2019-10-24,1.873,1.882,1.888,1.869,37125,10410815.0,1.01,0.27,0.005,0.06
2019-10-25,1.88,1.885,1.885,1.862,53714,15035453.0,1.22,0.16,0.003,0.09
2019-10-28,1.884,1.895,1.897,1.884,92734,26110860.0,0.69,0.53,0.01,0.16
2019-10-29,1.895,1.883,1.895,1.883,54801,15408423.0,0.63,-0.63,-0.012,0.09
2019-10-30,1.88,1.852,1.88,1.847,112339,31241138.0,1.75,-1.65,-0.031,0.19
2019-10-31,1.852,1.84,1.853,1.836,89965,24917226.0,0.92,-0.65,-0.012,0.15
2019-11-01,1.837,1.864,1.866,1.831,76178,21140051.0,1.9,1.3,0.024,0.13
2019-11-04,1.865,1.872,1.88,1.86,76684,21466841.0,1.07,0.43,0.008,0.13
2019-11-05,1.876,1.886,1.903,1.869,92695,26049067.0,1.82,0.75,0.014,0.16
2019-11-06,1.886,1.869,1.886,1.865,65792,18430862.0,1.11,-0.9,-0.017,0.11
2019-11-07,1.869,1.876,1.882,1.868,49317,13803365.0,0.75,0.37,0.007,0.08
2019-11-08,1.895,1.866,1.896,1.862,69678,19519797.0,1.81,-0.53,-0.01,0.12
2019-11-11,1.86,1.815,1.86,1.814,220509,60754919.0,2.47,-2.73,-0.051,0.37
2019-11-12,1.815,1.82,1.822,1.805,100194,27453927.0,0.94,0.28,0.005,0.17
2019-11-13,1.817,1.807,1.817,1.803,95632,26134995.0,0.77,-0.71,-0.013,0.16
2019-11-14,1.807,1.805,1.809,1.798,62152,16961019.0,0.61,-0.11,-0.002,0.1
2019-11-15,1.805,1.79,1.808,1.79,101741,27705193.0,1.0,-0.83,-0.015,0.17
2019-11-18,1.792,1.804,1.805,1.778,84034,22819153.0,1.51,0.78,0.014,0.14
2019-11-19,1.809,1.825,1.826,1.803,70397,19317838.0,1.27,1.16,0.021,0.12
2019-11-20,1.826,1.813,1.829,1.811,153295,42057178.0,0.99,-0.66,-0.012,0.26
2019-11-21,1.81,1.811,1.816,1.8,44733,12231808.0,0.88,-0.11,-0.002,0.08
2019-11-22,1.815,1.813,1.831,1.804,69528,19048943.0,1.49,0.11,0.002,0.12
2019-11-25,1.813,1.844,1.849,1.812,125771,34674320.0,2.04,1.71,0.031,0.21
2019-11-26,1.853,1.838,1.854,1.835,56168,15538104.0,1.03,-0.33,-0.006,0.09
2019-11-27,1.838,1.832,1.842,1.827,45522,12560721.0,0.82,-0.33,-0.006,0.08
2019-11-28,1.83,1.825,1.836,1.822,60774,16718403.0,0.76,-0.38,-0.007,0.1
2019-11-29,1.822,1.819,1.83,1.813,61256,16811716.0,0.93,-0.33,-0.006,0.1
2019-12-02,1.818,1.827,1.838,1.818,74376,20488274.0,1.1,0.44,0.008,0.13
2019-12-03,1.825,1.83,1.831,1.814,52048,14296265.0,0.93,0.16,0.003,0.09
2019-12-04,1.82,1.816,1.829,1.809,75209,20616694.0,1.09,-0.77,-0.014,0.13
2019-12-05,1.822,1.829,1.832,1.819,142682,39255705.0,0.72,0.72,0.013,0.24
2019-12-06,1.828,1.824,1.831,1.816,84938,23331690.0,0.82,-0.27,-0.005,0.14
2019-12-09,1.823,1.84,1.842,1.823,100900,27829928.0,1.04,0.88,0.016,0.17
2019-12-10,1.84,1.847,1.847,1.837,84163,23279552.0,0.54,0.38,0.007,0.14
2019-12-11,1.847,1.862,1.866,1.847,209779,58434315.0,1.03,0.81,0.015,0.35
2019-12-12,1.862,1.861,1.865,1.856,79178,22050409.0,0.48,-0.05,-0.001,0.13
2019-12-13,1.873,1.892,1.896,1.873,124379,34946634.0,1.24,1.67,0.031,0.21
2019-12-16,1.901,1.916,1.917,1.9,139492,39520761.0,0.9,1.27,0.024,0.24
2019-12-17,1.916,1.935,1.953,1.907,193265,55181057.0,2.4,0.99,0.019,0.33
2019-12-18,1.935,1.93,1.946,1.927,126228,36127960.0,0.98,-0.26,-0.005,0.21
2019-12-19,1.933,1.938,1.94,1.929,138926,39725148.0,0.57,0.41,0.008,0.23
2019-12-20,1.94,1.923,1.942,1.921,114310,32658865.0,1.08,-0.77,-0.015,0.19
2019-12-23,1.923,1.892,1.926,1.889,146173,41409669.0,1.92,-1.61,-0.031,0.25
2019-12-24,1.893,1.9,1.901,1.881,141493,39826822.0,1.06,0.42,0.008,0.24
2019-12-25,1.9,1.9,1.902,1.89,80474,22709711.0,0.63,0.0,0.0,0.14
2019-12-26,1.902,1.928,1.929,1.901,77539,22034426.0,1.47,1.47,0.028,0.13
2019-12-27,1.93,1.93,1.948,1.93,129304,37016129.0,0.93,0.1,0.002,0.22
2019-12-30,1.928,1.954,1.955,1.921,143705,41197181.0,1.76,1.24,0.024,0.24
2019-12-31,1.954,1.972,1.975,1.95,134749,38845525.0,1.28,0.92,0.018,0.23
2020-01-02,1.985,2.009,2.018,1.985,214656,62973571.0,1.67,1.88,0.037,0.36
2020-01-03,2.009,2.002,2.014,1.993,183588,53770238.0,1.05,-0.35,-0.007,0.31
2020-01-06,1.998,1.996,2.02,1.991,154834,45362862.0,1.45,-0.3,-0.006,0.26
2020-01-07,1.994,2.016,2.017,1.994,110679,32464817.0,1.15,1.0,0.02,0.19
2020-01-08,2.014,1.996,2.014,1.989,336325,98451932.0,1.24,-0.99,-0.02,0.57
2020-01-09,2.005,2.019,2.021,2.005,308416,90678072.0,0.8,1.15,0.023,0.52
2020-01-10,2.021,2.01,2.026,1.998,271178,79515320.0,1.39,-0.45,-0.009,0.46
2020-01-13,2.011,2.021,2.023,1.998,153772,45113383.0,1.24,0.55,0.011,0.26
2020-01-14,2.029,2.036,2.041,2.026,336831,99691694.0,0.74,0.74,0.015,0.57
2020-01-15,2.034,2.026,2.037,2.01,278962,82198875.0,1.33,-0.49,-0.01,0.47
2020-01-16,2.026,2.022,2.029,2.014,134183,39505598.0,0.74,-0.2,-0.004,0.23
2020-01-17,2.019,2.003,2.035,1.999,500458,139739876.0,1.78,-0.94,-0.019,0.84
2020-01-20,2.003,2.003,2.008,1.989,178994,49786068.0,0.95,0.0,0.0,0.3
2020-01-21,2.003,1.952,2.019,1.95,377722,103736489.0,3.44,-2.55,-0.051,0.64
2020-01-22,1.951,1.948,1.961,1.913,280971,76434952.0,2.46,-0.2,-0.004,0.47
2020-01-23,1.939,1.886,1.949,1.868,522070,140102816.0,4.16,-3.18,-0.062,0.88
2020-02-03,1.675,1.637,1.675,1.629,1120352,273345280.0,2.44,-13.2,-0.249,1.89
2020-02-04,1.637,1.701,1.702,1.632,481792,118270914.0,4.28,3.91,0.064,0.81
2020-02-05,1.702,1.733,1.752,1.695,487158,122103113.0,3.35,1.88,0.032,0.82
2020-02-06,1.735,1.739,1.749,1.709,400172,100369276.0,2.31,0.35,0.006,0.67
2020-02-07,1.732,1.733,1.734,1.709,285103,71327681.0,1.44,-0.35,-0.006,0.48
2020-02-10,1.732,1.776,1.777,1.715,489618,123865009.0,3.58,2.48,0.043,0.83
2020-02-11,1.782,1.79,1.804,1.772,232761,59931699.0,1.8,0.79,0.014,0.39
2020-02-12,1.79,1.797,1.797,1.776,158418,40669799.0,1.17,0.39,0.007,0.27
2020-02-13,1.795,1.781,1.8,1.779,162421,41735460.0,1.17,-0.89,-0.016,0.27
2020-02-14,1.778,1.796,1.797,1.777,137725,35369095.0,1.12,0.84,0.015,0.23
2020-02-17,1.796,1.841,1.842,1.796,204545,53193444.0,2.56,2.51,0.045,0.34
2020-02-18,1.842,1.843,1.854,1.831,192768,50549235.0,1.25,0.11,0.002,0.33
2020-02-19,1.842,1.841,1.853,1.834,167299,43943939.0,1.03,-0.11,-0.002,0.28
2020-02-20,1.841,1.877,1.878,1.838,276213,72937111.0,2.17,1.96,0.036,0.47
2020-02-21,1.877,1.893,1.911,1.874,348616,93242672.0,1.97,0.85,0.016,0.59
2020-02-24,1.891,1.875,1.891,1.857,295508,78397388.0,1.8,-0.95,-0.018,0.5
2020-02-25,1.844,1.841,1.845,1.799,329864,86201915.0,2.45,-1.81,-0.034,0.56
2020-02-26,1.809,1.848,1.88,1.809,294976,77769726.0,3.86,0.38,0.007,0.5
2020-02-27,1.853,1.85,1.871,1.844,154485,40738834.0,1.46,0.11,0.002,0.26
2020-02-28,1.819,1.777,1.82,1.764,456321,117307850.0,3.03,-3.95,-0.073,0.77
2020-03-02,1.778,1.856,1.863,1.778,255541,66931760.0,4.78,4.45,0.079,0.43
2020-03-03,1.879,1.863,1.899,1.847,279566,74123983.0,2.8,0.38,0.007,0.47
2020-03-04,1.856,1.887,1.888,1.848,194485,51504815.0,2.15,1.29,0.024,0.33
2020-03-05,1.894,1.909,1.915,1.891,265979,71445259.0,1.27,1.17,0.022,0.45
2020-03-06,1.894,1.886,1.894,1.874,156506,41700405.0,1.05,-1.2,-0.023,0.26
2020-03-09,1.84,1.815,1.849,1.812,301882,78723001.0,1.96,-3.76,-0.071,0.51
2020-03-10,1.809,1.852,1.858,1.797,240927,62780319.0,3.36,2.04,0.037,0.41
2020-03-11,1.852,1.836,1.862,1.835,281189,73949018.0,1.46,-0.86,-0.016,0.47
2020-03-12,1.816,1.795,1.817,1.787,476573,123026418.0,1.63,-2.23,-0.041,0.8
2020-03-13,1.719,1.751,1.771,1.69,496347,123932274.0,4.51,-2.45,-0.044,0.84
2020-03-16,1.754,1.693,1.782,1.685,702459,175597107.0,5.54,-3.31,-0.058,1.18
2020-03-17,1.694,1.67,1.719,1.634,683883,167649515.0,5.02,-1.36,-0.023,1.15
2020-03-18,1.68,1.644,1.701,1.637,218632,53621865.0,3.83,-1.56,-0.026,0.37
2020-03-19,1.639,1.601,1.643,1.565,687023,163124920.0,4.74,-2.62,-0.043,1.16
2020-03-20,1.611,1.626,1.627,1.594,450742,107946086.0,2.06,1.56,0.025,0.76
2020-03-23,1.588,1.551,1.588,1.545,493284,115581757.0,2.64,-4.61,-0.075,0.83
2020-03-24,1.587,1.593,1.597,1.56,170012,40135107.0,2.39,2.71,0.042,0.29
2020-03-25,1.631,1.65,1.657,1.627,198265,47980377.0,1.88,3.58,0.057,0.33
2020-03-26,1.647,1.632,1.649,1.63,115162,27863057.0,1.15,-1.09,-0.018,0.19
2020-03-27,1.652,1.645,1.668,1.642,133884,32569254.0,1.59,0.8,0.013,0.23
2020-03-30,1.627,1.623,1.634,1.605,113491,27207591.0,1.76,-1.34,-0.022,0.19
2020-03-31,1.637,1.618,1.643,1.616,116258,27981641.0,1.66,-0.31,-0.005,0.2
2020-04-01,1.618,1.602,1.631,1.602,155149,37211015.0,1.79,-0.99,-0.016,0.26
2020-04-02,1.599,1.628,1.63,1.569,96692,23115621.0,3.81,1.62,0.026,0.16
2020-04-03,1.628,1.621,1.633,1.612,116079,27870440.0,1.29,-0.43,-0.007,0.2
2020-04-07,1.643,1.656,1.658,1.641,292994,71197076.0,1.05,2.16,0.035,0.49
2020-04-08,1.653,1.657,1.658,1.643,175401,42638473.0,0.91,0.06,0.001,0.3
2020-04-09,1.659,1.656,1.667,1.655,102791,25092264.0,0.72,-0.06,-0.001,0.17
2020-04-10,1.656,1.639,1.662,1.634,120596,29270705.0,1.69,-1.03,-0.017,0.2
2020-04-13,1.639,1.629,1.64,1.62,144830,34854720.0,1.22,-0.61,-0.01,0.24
2020-04-14,1.632,1.653,1.654,1.632,81026,19635709.0,1.35,1.47,0.024,0.14
2020-04-15,1.655,1.644,1.658,1.64,105419,25590180.0,1.09,-0.54,-0.009,0.18
2020-04-16,1.64,1.636,1.643,1.629,76197,18407450.0,0.85,-0.49,-0.008,0.13
2020-04-17,1.643,1.643,1.654,1.64,118839,28853016.0,0.86,0.43,0.007,0.2
2020-04-20,1.643,1.646,1.647,1.635,78540,19036158.0,0.73,0.18,0.003,0.13
2020-04-21,1.645,1.63,1.645,1.616,157343,37874121.0,1.76,-0.97,-0.016,0.27
2020-04-22,1.623,1.631,1.632,1.613,101326,24349178.0,1.17,0.06,0.001,0.17
2020-04-23,1.632,1.623,1.636,1.622,79945,19257913.0,0.86,-0.49,-0.008,0.13
2020-04-24,1.622,1.605,1.623,1.601,379802,90883924.0,1.36,-1.11,-0.018,0.64
2020-04-27,1.606,1.616,1.62,1.605,103563,24798664.0,0.93,0.69,0.011,0.17
2020-04-28,1.614,1.598,1.615,1.565,173821,41270508.0,3.09,-1.11,-0.018,0.29
2020-04-29,1.597,1.63,1.635,1.594,486443,117150978.0,2.57,2.0,0.032,0.82
2020-04-30,1.632,1.671,1.671,1.632,190406,46484089.0,2.39,2.52,0.041,0.32
2020-05-06,1.661,1.67,1.67,1.641,130092,31727833.0,1.74,-0.06,-0.001,0.22
2020-05-07,1.67,1.671,1.674,1.659,100758,24666261.0,0.9,0.06,0.001,0.17
2020-05-08,1.672,1.688,1.691,1.672,111285,27419101.0,1.14,1.02,0.017,0.19
2020-05-11,1.688,1.686,1.702,1.676,210412,51939193.0,1.54,-0.12,-0.002,0.35
2020-05-12,1.686,1.675,1.688,1.665,107201,26317435.0,1.36,-0.65,-0.011,0.18
2020-05-13,1.669,1.677,1.68,1.66,96379,23617878.0,1.19,0.12,0.002,0.16
2020-05-14,1.677,1.653,1.678,1.653,778617,190026189.0,1.49,-1.43,-0.024,1.31
2020-05-15,1.655,1.648,1.663,1.646,255053,62064873.0,1.03,-0.3,-0.005,0.43
2020-05-18,1.649,1.648,1.655,1.641,86526,21022955.0,0.85,0.0,0.0,0.15
2020-05-19,1.654,1.656,1.665,1.65,69504,16948798.0,0.91,0.49,0.008,0.12
2020-05-20,1.656,1.64,1.657,1.638,133205,32309727.0,1.15,-0.97,-0.016,0.22
2020-05-21,1.641,1.632,1.646,1.629,96651,23388835.0,1.04,-0.49,-0.008,0.16
2020-05-22,1.633,1.598,1.634,1.59,272802,65090336.0,2.7,-2.08,-0.034,0.46
2020-05-25,1.598,1.597,1.599,1.583,99890,23696059.0,1.0,-0.06,-0.001,0.17
2020-05-26,1.599,1.609,1.61,1.598,79411,18940283.0,0.75,0.75,0.012,0.13
2020-05-27,1.61,1.621,1.627,1.608,260094,62509329.0,1.18,0.75,0.012,0.44
2020-05-28,1.621,1.625,1.633,1.61,262774,63106460.0,1.42,0.25,0.004,0.44
2020-05-29,1.622,1.611,1.622,1.605,99771,23868146.0,1.05,-0.86,-0.014,0.17
2020-06-01,1.611,1.651,1.652,1.611,217460,52608255.0,2.55,2.48,0.04,0.37
2020-06-02,1.651,1.657,1.662,1.649,140631,34259832.0,0.79,0.36,0.006,0.24
2020-06-03,1.664,1.667,1.684,1.664,130508,32075021.0,1.21,0.6,0.01,0.22
2020-06-04,1.686,1.678,1.688,1.669,168854,41494345.0,1.14,0.66,0.011,0.28
2020-06-05,1.678,1.663,1.678,1.655,99750,24373943.0,1.37,-0.89,-0.015,0.17
2020-06-08,1.665,1.673,1.679,1.665,109816,26947076.0,0.84,0.6,0.01,0.19
2020-06-09,1.673,1.679,1.681,1.673,93540,22998635.0,0.48,0.36,0.006,0.16
2020-06-10,1.679,1.669,1.68,1.665,79055,19367438.0,0.89,-0.6,-0.01,0.13
2020-06-11,1.671,1.652,1.672,1.649,167358,40868325.0,1.38,-1.02,-0.017,0.28
2020-06-12,1.639,1.649,1.65,1.62,79783,19284839.0,1.82,-0.18,-0.003,0.13
2020-06-15,1.649,1.633,1.65,1.63,109703,26533394.0,1.21,-0.97,-0.016,0.18
2020-06-16,1.639,1.661,1.663,1.639,109083,26556886.0,1.47,1.71,0.028,0.18
2020-06-17,1.661,1.669,1.675,1.66,89273,21854047.0,0.9,0.48,0.008,0.15
2020-06-18,1.669,1.69,1.696,1.663,171064,42231964.0,1.98,1.26,0.021,0.29
2020-06-19,1.69,1.687,1.692,1.681,118868,29317250.0,0.65,-0.18,-0.003,0.2
2020-06-22,1.687,1.675,1.689,1.672,135251,33299644.0,1.01,-0.71,-0.012,0.23
2020-06-23,1.675,1.666,1.675,1.661,103423,25303913.0,0.84,-0.54,-0.009,0.17
2020-06-24,1.667,1.669,1.674,1.665,108564,26594894.0,0.54,0.18,0.003,0.18
2020-06-29,1.669,1.651,1.669,1.648,194484,47366741.0,1.26,-1.08,-0.018,0.33
2020-06-30,1.655,1.668,1.67,1.655,155705,38082316.0,0.91,1.03,0.017,0.26
2020-07-01,1.67,1.708,1.709,1.67,297376,73582846.0,2.34,2.4,0.04,0.5
2020-07-02,1.709,1.765,1.767,1.699,308116,77790752.0,3.98,3.34,0.057,0.52
2020-07-03,1.769,1.802,1.81,1.769,326708,84128419.0,2.32,2.1,0.037,0.55
2020-07-06,1.816,1.985,1.992,1.816,1247452,335636640.0,9.77,10.16,0.183,2.1
2020-07-07,2.002,1.942,2.072,1.929,984027,271302256.0,7.2,-2.17,-0.043,1.66
2020-07-08,1.943,1.982,1.985,1.914,471651,128657329.0,3.66,2.06,0.04,0.8
2020-07-09,1.979,1.994,2.001,1.945,427655,117747755.0,2.83,0.61,0.012,0.72
2020-07-10,1.994,1.932,1.994,1.919,370087,101117270.0,3.76,-3.11,-0.062,0.62
2020-07-13,1.931,1.985,1.993,1.924,387282,106373636.0,3.57,2.74,0.053,0.65
2020-07-14,1.987,1.969,2.012,1.931,309400,85222858.0,4.08,-0.81,-0.016,0.52
2020-07-15,1.979,1.929,1.985,1.904,346795,94254557.0,4.11,-2.03,-0.04,0.58
2020-07-16,1.929,1.857,1.951,1.855,585991,157999641.0,4.98,-3.73,-0.072,0.99
2020-07-17,1.858,1.859,1.889,1.839,293949,77658678.0,2.69,0.11,0.002,0.5
2020-07-20,1.863,1.96,1.963,1.863,388029,105211891.0,5.38,5.43,0.101,0.65
2020-07-21,1.964,1.953,1.975,1.944,235584,64526973.0,1.58,-0.36,-0.007,0.4
2020-07-22,1.953,1.954,1.986,1.95,281823,77405401.0,1.84,0.05,0.001,0.48
2020-07-23,1.951,1.921,1.951,1.881,239803,64632557.0,3.58,-1.69,-0.033,0.4
2020-07-24,1.921,1.844,1.922,1.827,302622,80259980.0,4.95,-4.01,-0.077,0.51
2020-07-27,1.844,1.831,1.859,1.816,176522,46116246.0,2.33,-0.7,-0.013,0.3
2020-07-28,1.833,1.85,1.862,1.833,137798,36238028.0,1.58,1.04,0.019,0.23
2020-07-29,1.841,1.881,1.886,1.832,188310,49853066.0,2.92,1.68,0.031,0.32
2020-07-30,1.893,1.883,1.904,1.882,143000,38197043.0,1.17,0.11,0.002,0.24
2020-07-31,1.884,1.902,1.919,1.879,168726,45235326.0,2.12,1.01,0.019,0.28
2020-08-03,1.921,1.963,1.965,1.921,389910,106396095.0,2.31,3.21,0.061,0.66
2020-08-04,1.977,1.964,1.984,1.949,340651,93639375.0,1.78,0.05,0.001,0.57
2020-08-05,1.964,1.949,1.964,1.927,119124,32472526.0,1.88,-0.76,-0.015,0.2
2020-08-06,1.95,1.962,1.966,1.933,220957,60406271.0,1.69,0.67,0.013,0.37
2020-08-07,1.962,1.957,1.962,1.929,264911,72247637.0,1.68,-0.25,-0.005,0.45
2020-08-10,1.959,1.989,1.996,1.959,512190,141510518.0,1.89,1.64,0.032,0.86
2020-08-11,1.989,1.976,2.017,1.969,387257,107374357.0,2.41,-0.65,-0.013,0.65
2020-08-12,1.976,1.956,1.976,1.922,287924,78540471.0,2.73,-1.01,-0.02,0.49
2020-08-13,1.961,1.98,1.987,1.959,292723,80813546.0,1.43,1.23,0.024,0.49
2020-08-14,1.982,1.994,1.996,1.949,194375,53639602.0,2.37,0.71,0.014,0.33
2020-08-17,1.999,2.056,2.069,1.999,424250,119849839.0,3.51,3.11,0.062,0.72
2020-08-18,2.057,2.059,2.067,2.051,244448,69438217.0,0.78,0.15,0.003,0.41
2020-08-19,2.062,2.051,2.079,2.044,258369,73408872.0,1.7,-0.39,-0.008,0.44
2020-08-20,2.051,2.036,2.054,2.029,180925,51066795.0,1.22,-0.73,-0.015,0.31
2020-08-21,2.038,2.034,2.049,2.021,219717,61897373.0,1.38,-0.1,-0.002,0.37
2020-08-24,2.042,2.038,2.048,2.032,185449,52289385.0,0.79,0.2,0.004,0.31
2020-08-25,2.049,2.025,2.056,2.018,237208,66759614.0,1.86,-0.64,-0.013,0.4
2020-08-26,2.025,1.985,2.027,1.977,291357,80913934.0,2.47,-1.98,-0.04,0.49
2020-08-27,1.987,1.986,1.993,1.965,146441,40404289.0,1.41,0.05,0.001,0.25
2020-08-28,1.985,2.018,2.021,1.981,163098,45376963.0,2.01,1.61,0.032,0.28
2020-08-31,2.026,2.008,2.036,2.007,232667,65267813.0,1.44,-0.5,-0.01,0.39
2020-09-01,2.008,2.006,2.01,1.985,148814,41358405.0,1.25,-0.1,-0.002,0.25
2020-09-02,2.009,2.006,2.018,1.994,125800,35072501.0,1.2,0.0,0.0,0.21
2020-09-03,2.006,2.001,2.023,1.994,155205,43261289.0,1.45,-0.25,-0.005,0.26
2020-09-04,2.0,1.981,2.0,1.956,235135,64665831.0,2.2,-1.0,-0.02,0.4
2020-09-07,1.984,1.968,2.005,1.964,239040,66094335.0,2.07,-0.66,-0.013,0.4
2020-09-08,1.971,1.98,1.985,1.959,185059,50874352.0,1.32,0.61,0.012,0.31
2020-09-09,1.968,1.958,1.976,1.944,224902,61736833.0,1.62,-1.11,-0.022,0.38
2020-09-10,1.962,1.94,1.975,1.937,222142,60782705.0,1.94,-0.92,-0.018,0.37
2020-09-11,1.941,1.937,1.942,1.916,215803,58411098.0,1.34,-0.15,-0.003,0.36
2020-09-14,1.94,1.939,1.946,1.929,181161,49250503.0,0.88,0.1,0.002,0.31
2020-09-15,1.941,1.947,1.947,1.935,134076,36514086.0,0.62,0.41,0.008,0.23
2020-09-16,1.947,1.955,1.965,1.941,132332,36163205.0,1.23,0.41,0.008,0.22
2020-09-17,1.955,1.958,1.968,1.944,151098,41304773.0,1.23,0.15,0.003,0.25
2020-09-18,1.959,1.992,1.993,1.953,168079,46349784.0,2.04,1.74,0.034,0.28
2020-09-21,1.994,1.98,1.997,1.977,199104,55106746.0,1.0,-0.6,-0.012,0.34
2020-09-22,1.978,1.948,1.978,1.942,228885,62644825.0,1.82,-1.62,-0.032,0.39
2020-09-23,1.949,1.947,1.957,1.94,134611,36709774.0,0.87,-0.05,-0.001,0.23
2020-09-24,1.947,1.908,1.948,1.904,444168,119783094.0,2.26,-2.0,-0.039,0.75
2020-09-25,1.911,1.902,1.919,1.887,289102,77525757.0,1.68,-0.31,-0.006,0.49
2020-09-28,1.903,1.904,1.91,1.896,187493,50310694.0,0.74,0.11,0.002,0.32
2020-09-29,1.906,1.904,1.918,1.899,186802,50226038.0,1.0,0.0,0.0,0.32
2020-09-30,1.904,1.897,1.914,1.885,413099,110765364.0,1.52,-0.37,-0.007,0.7
2020-10-09,1.914,1.934,1.943,1.914,409242,111125926.0,1.53,1.95,0.037,0.69
2020-10-12,1.936,1.979,1.98,1.936,460646,126423400.0,2.28,2.33,0.045,0.78
2020-10-13,1.981,1.974,1.985,1.96,349091,95966368.0,1.26,-0.25,-0.005,0.59
2020-10-14,1.975,1.962,1.977,1.959,269768,74019256.0,0.91,-0.61,-0.012,0.45
2020-10-15,1.962,1.954,1.964,1.951,271335,74282779.0,0.66,-0.41,-0.008,0.46
2020-10-16,1.954,1.957,1.964,1.95,237394,64969079.0,0.72,0.15,0.003,0.4
2020-10-19,1.96,1.946,1.984,1.943,369303,101239060.0,2.1,-0.56,-0.011,0.62
2020-10-20,1.946,1.942,1.946,1.926,326035,88480760.0,1.03,-0.21,-0.004,0.55
2020-10-21,1.942,1.938,1.945,1.926,237696,64472769.0,0.98,-0.21,-0.004,0.4
2020-10-22,1.938,1.926,1.94,1.922,217423,58869977.0,0.93,-0.62,-0.012,0.37
2020-10-23,1.927,1.918,1.935,1.915,314772,85140349.0,1.04,-0.42,-0.008,0.53
2020-10-26,1.917,1.902,1.918,1.896,456633,122566975.0,1.15,-0.83,-0.016,0.77
2020-10-27,1.9,1.894,1.901,1.886,303026,81001808.0,0.79,-0.42,-0.008,0.51
2020-10-28,1.894,1.898,1.901,1.879,265853,71003267.0,1.16,0.21,0.004,0.45
2020-10-29,1.89,1.922,1.928,1.881,255583,68721500.0,2.48,1.26,0.024,0.43
2020-10-30,1.922,1.906,1.939,1.903,458528,123949283.0,1.87,-0.83,-0.016,0.77
2020-11-02,1.907,1.917,1.922,1.907,279234,75251306.0,0.79,0.58,0.011,0.47
2020-11-03,1.919,1.935,1.937,1.919,240903,65332039.0,0.94,0.94,0.018,0.41
2020-11-04,1.938,1.96,1.962,1.938,358064,97888753.0,1.24,1.29,0.025,0.6
2020-11-05,1.975,2.006,2.009,1.975,735437,203925070.0,1.73,2.35,0.046,1.24
2020-11-06,2.006,2.029,2.03,2.001,459671,128530808.0,1.45,1.15,0.023,0.78
2020-11-09,2.044,2.08,2.084,2.044,451950,128957853.0,1.97,2.51,0.051,0.76
2020-11-10,2.089,2.069,2.097,2.063,382482,109412684.0,1.63,-0.53,-0.011,0.64
2020-11-11,2.068,2.084,2.097,2.06,294707,84417847.0,1.79,0.72,0.015,0.5
2020-11-12,2.084,2.097,2.099,2.074,242209,69508821.0,1.2,0.62,0.013,0.41
2020-11-13,2.097,2.077,2.097,2.059,360771,102844184.0,1.81,-0.95,-0.02,0.61
2020-11-16,2.087,2.134,2.136,2.087,383616,111162587.0,2.36,2.74,0.057,0.65
2020-11-17,2.135,2.145,2.159,2.135,456829,133807502.0,1.12,0.52,0.011,0.77
2020-11-18,2.145,2.159,2.162,2.14,359127,105357250.0,1.03,0.65,0.014,0.61
2020-11-19,2.159,2.14,2.161,2.13,431612,125980432.0,1.44,-0.88,-0.019,0.73
2020-11-20,2.14,2.155,2.155,2.127,272965,79757752.0,1.31,0.7,0.015,0.46
2020-11-23,2.158,2.199,2.214,2.157,429593,127699260.0,2.65,2.04,0.044,0.72
2020-11-24,2.205,2.194,2.209,2.18,441328,131167208.0,1.32,-0.23,-0.005,0.74
2020-11-25,2.196,2.162,2.208,2.159,575851,170650783.0,2.23,-1.46,-0.032,0.97
2020-11-26,2.162,2.154,2.163,2.138,310075,90782480.0,1.16,-0.37,-0.008,0.52
2020-11-27,2.154,2.175,2.179,2.141,328940,96718857.0,1.76,0.97,0.021,0.55
2020-11-30,2.177,2.148,2.199,2.143,516823,152637647.0,2.57,-1.24,-0.027,0.87
2020-12-01,2.148,2.154,2.159,2.124,398938,116442245.0,1.63,0.28,0.006,0.67
2020-12-02,2.155,2.156,2.164,2.14,219911,64550266.0,1.11,0.09,0.002,0.37
2020-12-03,2.154,2.131,2.154,2.125,482511,140638710.0,1.35,-1.16,-0.025,0.81
2020-12-04,2.131,2.12,2.132,2.098,520826,150592675.0,1.6,-0.52,-0.011,0.88
2020-12-07,2.121,2.076,2.126,2.076,753722,216417847.0,2.36,-2.08,-0.044,1.27
2020-12-08,2.077,2.069,2.089,2.064,442919,126420293.0,1.2,-0.34,-0.007,0.75
2020-12-09,2.07,2.031,2.072,2.029,661564,187336248.0,2.08,-1.84,-0.038,1.12
2020-12-10,2.031,2.048,2.051,2.03,422672,119307764.0,1.03,0.84,0.017,0.71
2020-12-11,2.049,2.041,2.059,2.019,556886,156835352.0,1.95,-0.34,-0.007,0.94
2020-12-14,2.042,2.003,2.045,1.991,948698,264092476.0,2.65,-1.86,-0.038,1.6
2020-12-15,2.004,1.99,2.006,1.97,1050063,290263520.0,1.8,-0.65,-0.013,1.77
2020-12-16,1.99,1.988,2.0,1.982,848000,235116497.0,0.9,-0.1,-0.002,1.43
2020-12-17,1.988,2.014,2.014,1.966,796289,220160391.0,2.41,1.31,0.026,1.34
2020-12-18,2.014,2.032,2.048,2.014,699453,196894103.0,1.69,0.89,0.018,1.18
2020-12-21,2.032,2.036,2.044,2.015,543806,153022200.0,1.43,0.2,0.004,0.92
2020-12-22,2.034,1.977,2.034,1.97,1394620,387481616.0,3.14,-2.9,-0.059,2.35
2020-12-23,1.979,1.98,1.99,1.969,665696,183850257.0,1.06,0.15,0.003,1.12
2020-12-24,1.981,1.97,1.99,1.96,887115,244001282.0,1.52,-0.51,-0.01,1.5
2020-12-25,1.969,1.98,1.992,1.956,438287,120726443.0,1.83,0.51,0.01,0.74
2020-12-28,1.98,1.967,1.984,1.959,727238,199890477.0,1.26,-0.66,-0.013,1.23
2020-12-29,1.968,1.942,1.975,1.94,1049827,286844704.0,1.78,-1.27,-0.025,1.77
2020-12-30,1.943,1.947,1.958,1.933,495610,135138473.0,1.29,0.26,0.005,0.84
2020-12-31,1.947,1.958,1.961,1.94,765641,209146504.0,1.08,0.56,0.011,1.29
2021-01-04,1.958,1.965,1.965,1.94,892045,244058653.0,1.28,0.36,0.007,1.5
2021-01-05,1.965,1.943,1.965,1.92,1922536,521180256.0,2.29,-1.12,-0.022,3.24
2021-01-06,1.943,1.94,1.949,1.928,815366,221425261.0,1.08,-0.15,-0.003,1.37
2021-01-07,1.94,1.93,1.945,1.919,1076189,291741600.0,1.34,-0.52,-0.01,1.81
2021-01-08,1.931,1.943,1.945,1.918,743487,201713302.0,1.4,0.67,0.013,1.25
2021-01-11,1.944,1.91,1.947,1.906,2324583,628123152.0,2.11,-1.7,-0.033,3.92
2021-01-12,1.911,1.931,1.933,1.91,1676104,452203408.0,1.2,1.1,0.021,2.83
2021-01-13,1.932,1.938,1.946,1.924,1280802,347696896.0,1.14,0.36,0.007,2.16
2021-01-14,1.938,1.936,1.947,1.924,1368541,371970560.0,1.19,-0.1,-0.002,2.31
2021-01-15,1.936,1.954,1.959,1.936,981523,268201390.0,1.19,0.93,0.018,1.66
2021-01-18,1.99,1.968,1.99,1.95,2547963,662468896.0,2.05,0.72,0.014,4.3
2021-01-19,1.969,1.971,1.986,1.951,1050082,273791600.0,1.78,0.15,0.003,1.77
2021-01-20,1.972,1.969,1.98,1.961,887877,231582660.0,0.96,-0.1,-0.002,1.5
2021-01-21,1.97,1.973,1.982,1.963,1263987,330260800.0,0.96,0.2,0.004,2.13
2021-01-22,1.975,1.949,1.976,1.943,1864284,483418016.0,1.67,-1.22,-0.024,3.14
2021-01-25,1.949,1.914,1.949,1.912,1699973,434816368.0,1.9,-1.8,-0.035,2.87
2021-01-26,1.914,1.903,1.922,1.901,885970,225861634.0,1.1,-0.57,-0.011,1.49
2021-01-27,1.903,1.902,1.918,1.9,689798,175708397.0,0.95,-0.05,-0.001,1.16
2021-01-28,1.901,1.87,1.901,1.868,843925,212364201.0,1.74,-1.68,-0.032,1.42
2021-01-29,1.871,1.854,1.882,1.84,889926,222661855.0,2.25,-0.86,-0.016,1.5
2021-02-01,1.855,1.871,1.874,1.839,704108,175456696.0,1.89,0.92,0.017,1.19
2021-02-02,1.871,1.877,1.879,1.87,529995,133239426.0,0.48,0.32,0.006,0.89
2021-02-03,1.877,1.857,1.879,1.852,592348,148138871.0,1.44,-1.07,-0.02,1.0
2021-02-04,1.856,1.84,1.857,1.83,965772,239479290.0,1.45,-0.92,-0.017,1.63
2021-02-05,1.84,1.859,1.865,1.831,544827,135912033.0,1.85,1.03,0.019,0.92
2021-02-08,1.859,1.872,1.881,1.853,609295,152932794.0,1.51,0.7,0.013,1.03
2021-02-09,1.872,1.888,1.888,1.863,533076,134176836.0,1.34,0.85,0.016,0.9
2021-02-10,1.889,1.907,1.909,1.889,886838,225287629.0,1.06,1.01,0.019,1.5
2021-02-18,1.93,1.97,1.974,1.93,1328895,345074496.0,2.31,3.3,0.063,2.24
2021-02-19,1.97,2.022,2.024,1.97,2562653,678413728.0,2.74,2.64,0.052,4.32
2021-02-22,2.024,2.066,2.101,2.024,3590925,974001088.0,3.81,2.18,0.044,6.06
2021-02-23,2.067,2.038,2.068,2.029,1405185,377243392.0,1.89,-1.36,-0.028,2.37
2021-02-24,2.038,2.007,2.043,1.99,1092277,290277024.0,2.6,-1.52,-0.031,1.84
2021-02-25,2.009,2.049,2.059,2.009,1276164,342697824.0,2.49,2.09,0.042,2.15
2021-02-26,2.043,1.997,2.043,1.991,1111385,294372944.0,2.54,-2.54,-0.052,1.87
2021-03-01,1.998,2.032,2.033,1.998,670531,178164590.0,1.75,1.75,0.035,1.13
2021-03-02,2.042,2.017,2.05,2.0,1080838,287602352.0,2.46,-0.74,-0.015,1.82
2021-03-03,2.018,2.082,2.084,2.017,1920248,519298304.0,3.32,3.22,0.065,3.24
2021-03-04,2.082,2.078,2.107,2.066,1916590,521915488.0,1.97,-0.19,-0.004,3.23
2021-03-05,2.06,2.05,2.062,2.028,741365,198911686.0,1.64,-1.35,-0.028,1.25
2021-03-08,2.058,2.039,2.084,2.033,909045,245276984.0,2.49,-0.54,-0.011,1.53
2021-03-09,2.04,2.028,2.068,1.99,1730802,462668976.0,3.83,-0.54,-0.011,2.92
2021-03-10,2.035,2.013,2.043,2.01,813625,216657580.0,1.63,-0.74,-0.015,1.37
2021-03-11,2.013,2.06,2.062,2.013,828497,222134441.0,2.43,2.33,0.047,1.4
2021-03-12,2.068,2.087,2.095,2.054,1180488,320777472.0,1.99,1.31,0.027,1.99
2021-03-15,2.087,2.112,2.122,2.086,1196983,328923968.0,1.72,1.2,0.025,2.02
2021-03-16,2.113,2.115,2.12,2.09,672045,184760888.0,1.42,0.14,0.003,1.13
2021-03-17,2.114,2.101,2.114,2.084,574043,157032518.0,1.42,-0.66,-0.014,0.97
2021-03-18,2.102,2.101,2.115,2.095,484440,132942329.0,0.95,0.0,0.0,0.82
2021-03-19,2.095,2.084,2.105,2.072,620213,169068636.0,1.57,-0.81,-0.017,1.05
2021-03-22,2.085,2.11,2.115,2.085,746335,204915599.0,1.44,1.25,0.026,1.26
2021-03-23,2.11,2.089,2.115,2.076,805479,219659532.0,1.85,-1.0,-0.021,1.36
2021-03-24,2.074,2.041,2.083,2.031,1207575,324573376.0,2.49,-2.3,-0.048,2.04
2021-03-25,2.041,2.043,2.062,2.04,598911,161015722.0,1.08,0.1,0.002,1.01
2021-03-26,2.045,2.075,2.077,2.045,575681,155937201.0,1.57,1.57,0.032,0.97
2021-03-29,2.088,2.111,2.116,2.078,1209328,331974448.0,1.83,1.73,0.036,2.04
2021-03-30,2.111,2.11,2.115,2.088,593144,162653170.0,1.28,-0.05,-0.001,1.0
2021-03-31,2.11,2.103,2.11,2.092,468457,128365046.0,0.85,-0.33,-0.007,0.79
2021-04-01,2.104,2.121,2.129,2.097,831957,228877523.0,1.52,0.86,0.018,1.4
2021-04-02,2.121,2.098,2.126,2.093,1018930,279346448.0,1.56,-1.08,-0.023,1.72
2021-04-06,2.1,2.105,2.112,2.1,548540,150624758.0,0.57,0.33,0.007,0.92
2021-04-07,2.105,2.125,2.127,2.092,862254,237430449.0,1.66,0.95,0.02,1.45
2021-04-08,2.125,2.126,2.139,2.119,714611,197769558.0,0.94,0.05,0.001,1.21
2021-04-09,2.127,2.13,2.134,2.114,710502,196649971.0,0.94,0.19,0.004,1.2
2021-04-12,2.131,2.137,2.146,2.124,836788,232461120.0,1.03,0.33,0.007,1.41
2021-04-13,2.135,2.105,2.136,2.104,1211855,333601952.0,1.5,-1.5,-0.032,2.04
2021-04-14,2.105,2.111,2.116,2.098,712055,195551283.0,0.86,0.29,0.006,1.2
2021-04-15,2.112,2.115,2.119,2.106,392059,107935626.0,0.62,0.19,0.004,0.66
2021-04-16,2.115,2.15,2.159,2.115,1428831,398129696.0,2.08,1.65,0.035,2.41
2021-04-19,2.15,2.162,2.169,2.141,674004,188719748.0,1.3,0.56,0.012,1.14
2021-04-20,2.159,2.154,2.162,2.151,615199,172056437.0,0.51,-0.37,-0.008,1.04
2021-04-21,2.15,2.145,2.152,2.132,587338,163354733.0,0.93,-0.42,-0.009,0.99
2021-04-22,2.145,2.153,2.171,2.145,570381,159684490.0,1.21,0.37,0.008,0.96
2021-04-23,2.149,2.148,2.151,2.136,830486,231116294.0,0.7,-0.23,-0.005,1.4
2021-04-26,2.152,2.14,2.164,2.133,948353,264308013.0,1.44,-0.37,-0.008,1.6
2021-04-27,2.137,2.127,2.138,2.11,1079650,297974992.0,1.31,-0.61,-0.013,1.82
2021-04-28,2.123,2.13,2.131,2.11,631820,174639837.0,0.99,0.14,0.003,1.07
2021-04-29,2.13,2.146,2.15,2.12,656543,182321076.0,1.41,0.75,0.016,1.11
2021-04-30,2.14,2.117,2.143,2.106,1714531,472699216.0,1.72,-1.35,-0.029,2.89
2021-05-06,2.118,2.158,2.165,2.118,1690672,472327936.0,2.22,1.94,0.041,2.85
2021-05-07,2.168,2.189,2.208,2.162,1229371,347618736.0,2.13,1.44,0.031,2.07
2021-05-10,2.201,2.23,2.233,2.195,1029249,293451312.0,1.74,1.87,0.041,1.74
2021-05-11,2.227,2.203,2.228,2.161,986274,278998928.0,3.0,-1.21,-0.027,1.66
2021-05-12,2.197,2.214,2.219,2.187,632863,180334809.0,1.45,0.5,0.011,1.07
2021-05-13,2.19,2.171,2.207,2.167,1151710,324950160.0,1.81,-1.94,-0.043,1.94
2021-05-14,2.171,2.177,2.185,2.167,643497,181044420.0,0.83,0.28,0.006,1.09
2021-05-17,2.177,2.172,2.191,2.17,790675,222677237.0,0.96,-0.23,-0.005,1.33
2021-05-18,2.172,2.184,2.188,2.168,457928,129183886.0,0.92,0.55,0.012,0.77
2021-05-19,2.183,2.159,2.183,2.155,1261973,353601424.0,1.28,-1.14,-0.025,2.13
2021-05-20,2.135,2.115,2.135,2.097,2675704,734884208.0,1.76,-2.04,-0.044,4.51
2021-05-21,2.115,2.12,2.134,2.114,657969,181761442.0,0.95,0.24,0.005,1.11
2021-05-24,2.12,2.118,2.13,2.112,737215,203398892.0,0.85,-0.09,-0.002,1.24
2021-05-25,2.118,2.145,2.152,2.108,1112785,308439376.0,2.08,1.27,0.027,1.88
2021-05-26,2.145,2.164,2.173,2.142,672561,188437574.0,1.45,0.89,0.019,1.13
2021-05-27,2.164,2.176,2.179,2.157,804683,226103855.0,1.02,0.55,0.012,1.36
2021-05-28,2.182,2.172,2.194,2.164,605787,170741041.0,1.38,-0.18,-0.004,1.02
2021-05-31,2.183,2.175,2.184,2.156,1057481,297320368.0,1.29,0.14,0.003,1.78
2021-06-01,2.175,2.197,2.198,2.158,973979,274704336.0,1.84,1.01,0.022,1.64
2021-06-02,2.197,2.192,2.198,2.183,698400,197723095.0,0.68,-0.23,-0.005,1.18
2021-06-03,2.192,2.206,2.228,2.192,1110569,316906544.0,1.64,0.64,0.014,1.87
2021-06-04,2.207,2.2,2.21,2.182,625149,177160283.0,1.27,-0.27,-0.006,1.05
2021-06-07,2.2,2.197,2.21,2.19,511458,145152460.0,0.91,-0.14,-0.003,0.86
2021-06-08,2.198,2.186,2.2,2.18,663845,187672805.0,0.91,-0.5,-0.011,1.12
2021-06-09,2.186,2.202,2.217,2.182,1044019,297102288.0,1.6,0.73,0.016,1.76
2021-06-10,2.202,2.213,2.23,2.2,818745,233895589.0,1.36,0.5,0.011,1.38
2021-06-11,2.222,2.217,2.23,2.212,643792,184155299.0,0.81,0.18,0.004,1.09
2021-06-15,2.227,2.201,2.23,2.192,952320,270860928.0,1.71,-0.72,-0.016,1.61
2021-06-16,2.201,2.192,2.217,2.186,742761,210574408.0,1.41,-0.41,-0.009,1.25
2021-06-17,2.192,2.184,2.202,2.178,597758,169073259.0,1.09,-0.36,-0.008,1.01
2021-06-18,2.184,2.184,2.188,2.178,552027,155773135.0,0.46,0.0,0.0,0.93
2021-06-21,2.183,2.172,2.183,2.17,627119,176478472.0,0.6,-0.55,-0.012,1.06
2021-06-22,2.172,2.197,2.201,2.172,555151,157109787.0,1.34,1.15,0.025,0.94
2021-06-23,2.198,2.233,2.238,2.197,1199351,343279360.0,1.87,1.64,0.036,2.02
2021-06-24,2.236,2.245,2.263,2.225,1024793,296189728.0,1.7,0.54,0.012,1.73
2021-06-25,2.246,2.255,2.263,2.238,706785,204518998.0,1.11,0.45,0.01,1.19
2021-06-28,2.255,2.219,2.255,2.216,886581,254155154.0,1.73,-1.6,-0.036,1.5
2021-06-29,2.219,2.198,2.219,2.196,678648,192953482.0,1.04,-0.95,-0.021,1.14
2021-06-30,2.198,2.212,2.219,2.194,461182,131384064.0,1.14,0.64,0.014,0.78
2021-07-01,2.215,2.213,2.231,2.206,476538,136352251.0,1.13,0.05,0.001,0.8
2021-07-02,2.213,2.189,2.216,2.188,993107,281617536.0,1.27,-1.08,-0.024,1.67
2021-07-05,2.19,2.196,2.202,2.18,843616,238757533.0,1.01,0.32,0.007,1.42
2021-07-06,2.196,2.203,2.203,2.19,439562,124675263.0,0.59,0.32,0.007,0.74
2021-07-07,2.2,2.206,2.21,2.188,591883,167871898.0,1.0,0.14,0.003,1.0
2021-07-08,2.206,2.163,2.206,2.16,1864367,524705168.0,2.09,-1.95,-0.043,3.14
2021-07-09,2.163,2.181,2.182,2.137,676439,189839625.0,2.08,0.83,0.018,1.14
2021-07-12,2.181,2.186,2.202,2.175,527063,149107702.0,1.24,0.23,0.005,0.89
2021-07-13,2.187,2.208,2.211,2.182,860568,244483695.0,1.33,1.01,0.022,1.45
2021-07-14,2.208,2.214,2.224,2.206,806611,230467321.0,0.82,0.27,0.006,1.36
2021-07-15,2.214,2.245,2.247,2.195,1281521,368327536.0,2.35,1.4,0.031,2.16
2021-07-16,2.245,2.257,2.273,2.238,1676228,486934208.0,1.56,0.53,0.012,2.83
2021-07-19,2.26,2.249,2.271,2.244,624875,181034519.0,1.2,-0.35,-0.008,1.05
2021-07-20,2.243,2.229,2.243,2.213,417752,119613041.0,1.33,-0.89,-0.02,0.7
2021-07-21,2.233,2.225,2.248,2.218,494007,141551763.0,1.35,-0.18,-0.004,0.83
2021-07-22,2.225,2.25,2.25,2.219,515361,148472882.0,1.39,1.12,0.025,0.87
2021-07-23,2.254,2.241,2.273,2.232,863821,250435465.0,1.82,-0.4,-0.009,1.46
2021-07-26,2.24,2.192,2.24,2.168,1733978,491898560.0,3.21,-2.19,-0.049,2.92
2021-07-27,2.192,2.133,2.212,2.127,1906764,534206848.0,3.88,-2.69,-0.059,3.22
2021-07-28,2.134,2.107,2.151,2.074,1604311,440520816.0,3.61,-1.22,-0.026,2.71
2021-07-29,2.118,2.129,2.138,2.105,1257468,346934768.0,1.57,1.04,0.022,2.12
2021-07-30,2.129,2.16,2.163,2.116,598080,166448020.0,2.21,1.46,0.031,1.01
2021-08-02,2.159,2.137,2.159,2.08,1334437,366210384.0,3.66,-1.06,-0.023,2.25
2021-08-03,2.125,2.098,2.13,2.093,1199598,329226208.0,1.73,-1.82,-0.039,2.02
2021-08-04,2.099,2.122,2.124,2.099,626151,172452781.0,1.19,1.14,0.024,1.06
2021-08-05,2.121,2.11,2.136,2.103,589701,162426206.0,1.56,-0.57,-0.012,0.99
2021-08-06,2.11,2.121,2.123,2.095,641208,176490222.0,1.33,0.52,0.011,1.08
2021-08-09,2.121,2.161,2.172,2.112,1332940,372786384.0,2.83,1.89,0.04,2.25
2021-08-10,2.161,2.16,2.163,2.141,439750,122818529.0,1.02,-0.05,-0.001,0.74
2021-08-11,2.169,2.218,2.221,2.168,1883647,537017712.0,2.45,2.69,0.058,3.18
2021-08-12,2.217,2.249,2.256,2.201,1947294,562271920.0,2.48,1.4,0.031,3.28
2021-08-13,2.247,2.244,2.251,2.229,955497,275390656.0,0.98,-0.22,-0.005,1.61
2021-08-16,2.244,2.252,2.269,2.241,1219674,353359120.0,1.25,0.36,0.008,2.06
2021-08-17,2.25,2.218,2.268,2.212,1027581,295825648.0,2.49,-1.51,-0.034,1.73
2021-08-18,2.218,2.236,2.24,2.217,644901,185024404.0,1.04,0.81,0.018,1.09
2021-08-19,2.229,2.226,2.233,2.209,433726,124168770.0,1.07,-0.45,-0.01,0.73
2021-08-20,2.224,2.241,2.243,2.209,785004,224926439.0,1.53,0.67,0.015,1.32
2021-08-23,2.254,2.254,2.27,2.249,927207,268748288.0,0.94,0.58,0.013,1.56
2021-08-24,2.263,2.278,2.287,2.26,1817253,529770192.0,1.2,1.06,0.024,3.06
2021-08-25,2.278,2.312,2.312,2.274,1147941,337034160.0,1.67,1.49,0.034,1.94
2021-08-26,2.311,2.353,2.368,2.305,1803665,539542480.0,2.72,1.77,0.041,3.04
2021-08-27,2.351,2.382,2.385,2.31,981590,295215744.0,3.19,1.23,0.029,1.66
2021-08-30,2.386,2.407,2.41,2.375,898550,272830544.0,1.47,1.05,0.025,1.52
2021-08-31,2.407,2.48,2.482,2.395,925050,285661632.0,3.61,3.03,0.073,1.56
2021-09-01,2.493,2.475,2.528,2.444,1460459,455905456.0,3.39,-0.2,-0.005,2.46
2021-09-02,2.474,2.554,2.556,2.47,929194,293427056.0,3.47,3.19,0.079,1.57
2021-09-03,2.554,2.531,2.556,2.523,975033,309707760.0,1.29,-0.9,-0.023,1.64
2021-09-06,2.541,2.559,2.576,2.534,825657,263612114.0,1.66,1.11,0.028,1.39
2021-09-07,2.565,2.64,2.651,2.564,1158684,377698272.0,3.4,3.17,0.081,1.95
2021-09-08,2.641,2.676,2.693,2.626,1037359,342295408.0,2.54,1.36,0.036,1.75
2021-09-09,2.678,2.777,2.782,2.66,1418019,478579168.0,4.56,3.77,0.101,2.39
2021-09-10,2.778,2.714,2.783,2.709,1969721,666206544.0,2.66,-2.27,-0.063,3.32
2021-09-13,2.714,2.786,2.808,2.709,1513006,515098240.0,3.65,2.65,0.072,2.55
2021-09-14,2.786,2.716,2.786,2.71,1354290,457733184.0,2.73,-2.51,-0.07,2.28
2021-09-15,2.715,2.693,2.734,2.67,1407104,469213440.0,2.36,-0.85,-0.023,2.37
2021-09-16,2.718,2.68,2.761,2.675,1067771,359155232.0,3.19,-0.48,-0.013,1.8
2021-09-17,2.675,2.591,2.707,2.535,1716143,557034832.0,6.42,-3.32,-0.089,2.89
2021-09-22,2.575,2.649,2.649,2.535,1332371,430435680.0,4.4,2.24,0.058,2.25
2021-09-23,2.691,2.64,2.715,2.617,766798,252965615.0,3.7,-0.34,-0.009,1.29
2021-09-24,2.625,2.526,2.627,2.52,1517003,485141072.0,4.05,-4.32,-0.114,2.56
2021-09-27,2.526,2.441,2.544,2.429,1986238,616851888.0,4.55,-3.37,-0.085,3.35
2021-09-28,2.441,2.519,2.524,2.44,957427,299674448.0,3.44,3.2,0.078,1.61
2021-09-29,2.518,2.435,2.519,2.417,980071,302838464.0,4.05,-3.33,-0.084,1.65
2021-09-30,2.434,2.45,2.453,2.401,875978,268920992.0,2.14,0.62,0.015,1.48
2021-10-08,2.477,2.44,2.493,2.415,779815,239836659.0,3.18,-0.41,-0.01,1.31
2021-10-11,2.442,2.483,2.485,2.431,879869,273105488.0,2.21,1.76,0.043,1.48
2021-10-12,2.483,2.443,2.523,2.404,1065657,328443936.0,4.79,-1.61,-0.04,1.8
2021-10-13,2.443,2.403,2.445,2.363,1043977,316476016.0,3.36,-1.64,-0.04,1.76
2021-10-14,2.389,2.386,2.407,2.361,538462,162938722.0,1.91,-0.71,-0.017,0.91
2021-10-15,2.386,2.408,2.416,2.366,603081,182839100.0,2.1,0.92,0.022,1.02
2021-10-18,2.408,2.457,2.46,2.394,679310,208984179.0,2.74,2.03,0.049,1.15
2021-10-19,2.457,2.469,2.484,2.43,560944,174311863.0,2.2,0.49,0.012,0.95
2021-10-20,2.448,2.395,2.448,2.388,1025622,311805600.0,2.43,-3.0,-0.074,1.73
2021-10-21,2.391,2.433,2.461,2.39,884460,271973360.0,2.96,1.59,0.038,1.49
2021-10-22,2.427,2.371,2.454,2.366,1698146,514080272.0,3.62,-2.55,-0.062,2.86
2021-10-25,2.373,2.37,2.38,2.34,804033,241653957.0,1.69,-0.04,-0.001,1.36
2021-10-26,2.37,2.344,2.373,2.336,1146377,342754384.0,1.56,-1.1,-0.026,1.93
2021-10-27,2.34,2.273,2.34,2.269,1305914,382216352.0,3.03,-3.03,-0.071,2.2
2021-10-28,2.26,2.196,2.261,2.188,1716292,487826816.0,3.21,-3.39,-0.077,2.89
2021-10-29,2.196,2.2,2.207,2.18,1158580,328268928.0,1.23,0.18,0.004,1.95
2021-11-01,2.198,2.209,2.217,2.178,788030,223832581.0,1.77,0.41,0.009,1.33
2021-11-02,2.21,2.158,2.217,2.128,2159141,604623056.0,4.03,-2.31,-0.051,3.64
2021-11-03,2.158,2.199,2.205,2.156,849073,239818596.0,2.27,1.9,0.041,1.43
2021-11-04,2.197,2.192,2.198,2.171,716392,202065461.0,1.23,-0.32,-0.007,1.21
2021-11-05,2.184,2.153,2.184,2.151,1052384,294914816.0,1.51,-1.78,-0.039,1.77
2021-11-08,2.153,2.15,2.167,2.145,797037,222808928.0,1.02,-0.14,-0.003,1.34
2021-11-09,2.15,2.136,2.153,2.126,1002447,278235840.0,1.26,-0.65,-0.014,1.69
2021-11-10,2.13,2.129,2.131,2.086,1240317,340086992.0,2.11,-0.33,-0.007,2.09
2021-11-11,2.13,2.176,2.18,2.13,1085394,304356160.0,2.35,2.21,0.047,1.83
2021-11-12,2.177,2.16,2.179,2.149,756905,211897829.0,1.38,-0.74,-0.016,1.28
2021-11-15,2.16,2.164,2.165,2.146,489632,136936718.0,0.88,0.19,0.004,0.83
2021-11-16,2.164,2.147,2.176,2.145,825319,230849502.0,1.43,-0.79,-0.017,1.39
2021-11-17,2.147,2.15,2.152,2.137,470322,131001754.0,0.7,0.14,0.003,0.79
2021-11-18,2.151,2.15,2.167,2.146,469834,131336721.0,0.98,0.0,0.0,0.79
2021-11-19,2.147,2.186,2.195,2.136,957278,268921616.0,2.74,1.67,0.036,1.61
2021-11-22,2.188,2.185,2.2,2.179,932854,263721796.0,0.96,-0.05,-0.001,1.57
2021-11-23,2.185,2.198,2.21,2.18,704615,200044011.0,1.37,0.59,0.013,1.19
2021-11-24,2.202,2.23,2.231,2.202,692753,197919903.0,1.32,1.46,0.032,1.17
2021-11-25,2.23,2.219,2.24,2.203,578730,165362116.0,1.66,-0.49,-0.011,0.98
2021-11-26,2.21,2.187,2.21,2.182,554985,157140533.0,1.26,-1.44,-0.032,0.94
2021-11-29,2.168,2.152,2.168,2.138,913890,254651748.0,1.37,-1.6,-0.035,1.54
2021-11-30,2.152,2.154,2.178,2.143,562664,157409313.0,1.63,0.09,0.002,0.95
2021-12-01,2.153,2.179,2.181,2.143,555689,156005758.0,1.76,1.16,0.025,0.94
2021-12-02,2.178,2.194,2.201,2.171,604607,171058364.0,1.38,0.69,0.015,1.02
2021-12-03,2.194,2.225,2.24,2.177,933619,266551655.0,2.87,1.41,0.031,1.57
2021-12-06,2.225,2.217,2.257,2.21,1359496,390765856.0,2.11,-0.36,-0.008,2.29
2021-12-07,2.237,2.247,2.248,2.215,672775,193500025.0,1.49,1.35,0.03,1.13
2021-12-08,2.247,2.247,2.248,2.227,581214,167325359.0,0.93,0.0,0.0,0.98
2021-12-09,2.247,2.258,2.266,2.237,717837,207876355.0,1.29,0.49,0.011,1.21
2021-12-10,2.25,2.238,2.25,2.23,858552,247052280.0,0.89,-0.89,-0.02,1.45
2021-12-13,2.238,2.229,2.244,2.225,590914,169731982.0,0.85,-0.4,-0.009,1.0
2021-12-14,2.225,2.191,2.225,2.191,927620,263518251.0,1.53,-1.7,-0.038,1.56
2021-12-15,2.188,2.203,2.212,2.181,498013,141394745.0,1.41,0.55,0.012,0.84
2021-12-16,2.206,2.245,2.246,2.205,938992,269980608.0,1.86,1.91,0.042,1.58
2021-12-17,2.249,2.229,2.258,2.224,695371,200057127.0,1.51,-0.71,-0.016,1.17
2021-12-20,2.228,2.203,2.242,2.199,679482,193779494.0,1.93,-1.17,-0.026,1.15
2021-12-21,2.202,2.242,2.245,2.2,778788,223883408.0,2.04,1.77,0.039,1.31
2021-12-22,2.242,2.237,2.245,2.227,407297,117104222.0,0.8,-0.22,-0.005,0.69
2021-12-23,2.236,2.246,2.25,2.229,547085,157482683.0,0.94,0.4,0.009,0.92
2021-12-24,2.246,2.235,2.247,2.226,446678,128333116.0,0.93,-0.49,-0.011,0.75
2021-12-27,2.234,2.242,2.258,2.23,505623,145875503.0,1.25,0.31,0.007,0.85
2021-12-28,2.242,2.225,2.245,2.214,673951,192874123.0,1.38,-0.76,-0.017,1.14
2021-12-29,2.224,2.215,2.227,2.212,467483,133611469.0,0.67,-0.45,-0.01,0.79
2021-12-30,2.215,2.212,2.218,2.208,394465,112535835.0,0.45,-0.14,-0.003,0.67
2021-12-31,2.212,2.236,2.239,2.211,558591,160338192.0,1.27,1.08,0.024,0.94
2022-01-04,2.252,2.278,2.282,2.251,1242697,361385072.0,1.39,1.88,0.042,2.1
2022-01-05,2.277,2.269,2.277,2.251,701525,203801195.0,1.14,-0.4,-0.009,1.18
2022-01-06,2.265,2.273,2.281,2.255,897727,261710121.0,1.15,0.18,0.004,1.51
2022-01-07,2.272,2.289,2.305,2.268,727560,213333837.0,1.63,0.7,0.016,1.23
2022-01-10,2.289,2.308,2.309,2.281,807304,237005126.0,1.22,0.83,0.019,1.36
2022-01-11,2.307,2.329,2.34,2.3,680464,201931038.0,1.73,0.91,0.021,1.15
2022-01-12,2.329,2.317,2.332,2.298,774546,228812927.0,1.46,-0.52,-0.012,1.31
2022-01-13,2.317,2.316,2.34,2.315,780524,231662358.0,1.08,-0.04,-0.001,1.32
2022-01-14,2.315,2.271,2.315,2.268,1094534,319212064.0,2.03,-1.94,-0.045,1.85
2022-01-17,2.271,2.274,2.295,2.264,822746,232787467.0,1.37,0.13,0.003,1.39
2022-01-18,2.274,2.304,2.312,2.268,527282,149910001.0,1.93,1.32,0.03,0.89
2022-01-19,2.304,2.321,2.339,2.304,1067506,307467200.0,1.52,0.74,0.017,1.8
2022-01-20,2.318,2.307,2.336,2.297,1183632,339574560.0,1.68,-0.6,-0.014,2.0
2022-01-21,2.307,2.304,2.312,2.287,694438,197990946.0,1.08,-0.13,-0.003,1.17
2022-01-24,2.302,2.29,2.303,2.271,592175,168394805.0,1.39,-0.61,-0.014,1.0
2022-01-25,2.287,2.211,2.287,2.21,1597719,446286080.0,3.36,-3.45,-0.079,2.69
2022-01-26,2.211,2.219,2.228,2.195,1240445,343083040.0,1.49,0.36,0.008,2.09
2022-01-27,2.219,2.201,2.232,2.2,919999,254737683.0,1.44,-0.81,-0.018,1.55
2022-01-28,2.202,2.193,2.213,2.171,1455888,399632352.0,1.91,-0.36,-0.008,2.46
2022-02-07,2.199,2.252,2.258,2.199,955122,266826407.0,2.69,2.69,0.059,1.61
2022-02-08,2.263,2.319,2.323,2.261,1225629,349112000.0,2.75,2.98,0.067,2.07
2022-02-09,2.319,2.325,2.344,2.318,1015882,292975232.0,1.12,0.26,0.006,1.71
2022-02-10,2.324,2.366,2.368,2.297,1437874,416937104.0,3.05,1.76,0.041,2.42
2022-02-11,2.365,2.369,2.401,2.355,1615328,474829584.0,1.94,0.13,0.003,2.72
2022-02-14,2.368,2.323,2.368,2.316,1156701,334343408.0,2.2,-1.94,-0.046,1.95
2022-02-15,2.322,2.304,2.323,2.294,861188,246354430.0,1.25,-0.82,-0.019,1.45
2022-02-16,2.304,2.333,2.338,2.304,759919,218883048.0,1.48,1.26,0.029,1.28
2022-02-17,2.332,2.319,2.332,2.307,971021,279415984.0,1.07,-0.6,-0.014,1.64
2022-02-18,2.315,2.372,2.374,2.307,1227240,357450592.0,2.89,2.29,0.053,2.07
2022-02-21,2.368,2.398,2.399,2.354,1155463,338433760.0,1.9,1.1,0.026,1.95
2022-02-22,2.381,2.387,2.39,2.356,935396,273648176.0,1.42,-0.46,-0.011,1.58
2022-02-23,2.384,2.356,2.384,2.337,831033,241717129.0,1.97,-1.3,-0.031,1.4
2022-02-24,2.352,2.331,2.356,2.302,1158642,333982160.0,2.29,-1.06,-0.025,1.95
2022-02-25,2.33,2.311,2.356,2.292,962049,276612480.0,2.75,-0.86,-0.02,1.62
2022-02-28,2.311,2.32,2.323,2.285,654959,187353801.0,1.64,0.39,0.009,1.1
2022-03-01,2.324,2.35,2.357,2.32,663202,191864488.0,1.59,1.29,0.03,1.12
2022-03-02,2.352,2.383,2.387,2.351,1400838,409975840.0,1.53,1.4,0.033,2.36
2022-03-03,2.385,2.418,2.425,2.385,1681635,499386304.0,1.68,1.47,0.035,2.84
2022-03-04,2.414,2.408,2.433,2.38,1115861,330429072.0,2.19,-0.41,-0.01,1.88
2022-03-07,2.421,2.388,2.434,2.375,1255670,370867952.0,2.45,-0.83,-0.02,2.12
2022-03-08,2.382,2.305,2.382,2.297,1341510,386860864.0,3.56,-3.48,-0.083,2.26
2022-03-09,2.306,2.248,2.331,2.191,2626871,740788368.0,6.07,-2.47,-0.057,4.43
2022-03-10,2.265,2.294,2.319,2.249,2074052,590208064.0,3.11,2.05,0.046,3.5
2022-03-11,2.288,2.314,2.318,2.237,839218,238318929.0,3.53,0.87,0.02,1.42
2022-03-14,2.308,2.275,2.343,2.272,1246834,356651088.0,3.07,-1.69,-0.039,2.1
2022-03-15,2.267,2.117,2.267,2.112,3420791,933454128.0,6.81,-6.95,-0.158,5.77
2022-03-16,2.12,2.176,2.184,2.046,2738197,733318784.0,6.52,2.79,0.059,4.62
2022-03-17,2.198,2.206,2.238,2.185,1370513,378095616.0,2.44,1.38,0.03,2.31
2022-03-18,2.206,2.276,2.282,2.198,1268437,355787504.0,3.81,3.17,0.07,2.14
2022-03-21,2.275,2.295,2.306,2.267,913094,259608329.0,1.71,0.83,0.019,1.54
2022-03-22,2.293,2.343,2.355,2.281,1346716,388568960.0,3.22,2.09,0.048,2.27
2022-03-23,2.341,2.339,2.353,2.308,1051964,303894048.0,1.92,-0.17,-0.004,1.77
2022-03-24,2.333,2.346,2.356,2.324,1025762,297424656.0,1.37,0.3,0.007,1.73
2022-03-25,2.345,2.347,2.375,2.335,1292778,375960112.0,1.71,0.04,0.001,2.18
2022-03-28,2.346,2.393,2.397,2.316,2305145,676216240.0,3.45,1.96,0.046,3.89
2022-03-29,2.39,2.411,2.413,2.372,1345784,397132432.0,1.71,0.75,0.018,2.27
2022-03-30,2.398,2.419,2.426,2.386,1076469,319005872.0,1.66,0.33,0.008,1.82
2022-03-31,2.418,2.458,2.484,2.418,2166701,653350576.0,2.73,1.61,0.039,3.65
2022-04-01,2.452,2.491,2.495,2.438,1209413,365883008.0,2.32,1.34,0.033,2.04
2022-04-06,2.489,2.536,2.542,2.477,1443128,442130256.0,2.61,1.81,0.045,2.43
2022-04-07,2.521,2.49,2.536,2.481,2087415,638769616.0,2.17,-1.81,-0.046,3.52
2022-04-08,2.486,2.525,2.526,2.456,1848475,563347904.0,2.81,1.41,0.035,3.12
2022-04-11,2.522,2.466,2.522,2.458,2533756,771250768.0,2.53,-2.34,-0.059,4.27
2022-04-12,2.463,2.456,2.49,2.431,1397579,421213104.0,2.39,-0.41,-0.01,2.36
2022-04-13,2.447,2.479,2.515,2.443,840998,255283569.0,2.93,0.94,0.023,1.42
2022-04-14,2.484,2.535,2.544,2.477,924358,283970896.0,2.7,2.26,0.056,1.56
2022-04-15,2.526,2.502,2.566,2.491,1124177,346550240.0,2.96,-1.3,-0.033,1.9
2022-04-18,2.486,2.438,2.49,2.427,1142622,343546832.0,2.52,-2.56,-0.064,1.93
2022-04-19,2.432,2.482,2.485,2.414,1050532,316634864.0,2.91,1.8,0.044,1.77
2022-04-20,2.466,2.395,2.472,2.378,1452606,431732528.0,3.79,-3.51,-0.087,2.45
2022-04-21,2.385,2.341,2.406,2.326,1654880,481824480.0,3.34,-2.25,-0.054,2.79
2022-04-22,2.332,2.371,2.377,2.304,1402015,408026592.0,3.12,1.28,0.03,2.36
2022-04-25,2.345,2.247,2.345,2.246,2237596,635732960.0,4.18,-5.23,-0.124,3.77
2022-04-26,2.247,2.208,2.274,2.199,2276881,633145232.0,3.34,-1.74,-0.039,3.84
2022-04-27,2.211,2.244,2.245,2.181,2200676,609292800.0,2.9,1.63,0.036,3.71
2022-04-28,2.242,2.29,2.295,2.234,1435094,404972304.0,2.72,2.05,0.046,2.42
2022-04-29,2.29,2.324,2.332,2.258,1483256,423207904.0,3.23,1.48,0.034,2.5
2022-05-05,2.323,2.313,2.332,2.293,926666,265651154.0,1.68,-0.47,-0.011,1.56
2022-05-06,2.275,2.238,2.281,2.229,1306035,365960912.0,2.25,-3.24,-0.075,2.2
2022-05-09,2.234,2.23,2.234,2.207,1202058,333820256.0,1.21,-0.36,-0.008,2.03
2022-05-10,2.23,2.233,2.234,2.172,1546432,426023744.0,2.78,0.13,0.003,2.61
2022-05-11,2.232,2.231,2.254,2.224,1047510,292617344.0,1.34,-0.09,-0.002,1.77
2022-05-12,2.231,2.219,2.241,2.196,1077044,298486464.0,2.02,-0.54,-0.012,1.82
2022-05-13,2.219,2.274,2.275,2.219,1298724,364637152.0,2.52,2.48,0.055,2.19
2022-05-16,2.302,2.318,2.325,2.275,1315313,375899888.0,2.2,1.93,0.044,2.22
2022-05-17,2.317,2.308,2.325,2.282,642637,183657461.0,1.86,-0.43,-0.01,1.08
2022-05-18,2.307,2.28,2.307,2.273,722576,204993412.0,1.47,-1.21,-0.028,1.22
2022-05-19,2.256,2.283,2.283,2.245,679046,191397309.0,1.67,0.13,0.003,1.15
2022-05-20,2.283,2.322,2.326,2.282,1040242,298324704.0,1.93,1.71,0.039,1.75
2022-05-23,2.329,2.326,2.344,2.318,659382,190068279.0,1.12,0.17,0.004,1.11
2022-05-24,2.326,2.282,2.333,2.28,772512,221018002.0,2.28,-1.89,-0.044,1.3
2022-05-25,2.279,2.311,2.313,2.268,743564,212126326.0,1.97,1.27,0.029,1.25
2022-05-26,2.313,2.351,2.356,2.305,1228364,355368976.0,2.21,1.73,0.04,2.07
2022-05-27,2.352,2.35,2.361,2.341,1109063,322004064.0,0.85,-0.04,-0.001,1.87
2022-05-30,2.35,2.336,2.361,2.324,706765,204191834.0,1.57,-0.6,-0.014,1.19
2022-05-31,2.334,2.34,2.343,2.321,643490,185680252.0,0.94,0.17,0.004,1.09
2022-06-01,2.336,2.349,2.351,2.323,699983,202341214.0,1.2,0.38,0.009,1.18
2022-06-02,2.348,2.331,2.348,2.315,689719,198647349.0,1.4,-0.77,-0.018,1.16
2022-06-06,2.329,2.33,2.332,2.305,1529238,439627712.0,1.16,-0.04,-0.001,2.58
2022-06-07,2.33,2.345,2.358,2.318,1060243,306825200.0,1.72,0.64,0.015,1.79
2022-06-08,2.35,2.383,2.384,2.334,1171818,341857248.0,2.13,1.62,0.038,1.98
2022-06-09,2.381,2.39,2.415,2.372,872806,257068255.0,1.8,0.29,0.007,1.47
2022-06-10,2.385,2.41,2.418,2.365,861912,254638465.0,2.22,0.84,0.02,1.45
2022-06-13,2.4,2.366,2.4,2.347,721993,210962351.0,2.2,-1.83,-0.044,1.22
2022-06-14,2.351,2.404,2.406,2.343,1571499,459615664.0,2.66,1.61,0.038,2.65
2022-06-15,2.401,2.407,2.447,2.389,1321361,393702112.0,2.41,0.12,0.003,2.23
2022-06-16,2.406,2.36,2.421,2.35,1069417,312929280.0,2.95,-1.95,-0.047,1.8
2022-06-17,2.346,2.353,2.36,2.331,1074420,311393232.0,1.23,-0.3,-0.007,1.81
2022-06-20,2.348,2.331,2.348,2.321,926790,267177374.0,1.15,-0.93,-0.022,1.56
2022-06-21,2.331,2.337,2.351,2.324,739908,214252619.0,1.16,0.26,0.006,1.25
2022-06-22,2.336,2.301,2.34,2.296,892693,256144762.0,1.88,-1.54,-0.036,1.51
2022-06-23,2.299,2.325,2.329,2.286,896028,256530803.0,1.87,1.04,0.024,1.51
2022-06-24,2.326,2.329,2.338,2.316,652722,187892210.0,0.95,0.17,0.004,1.1
2022-06-27,2.329,2.356,2.361,2.326,920136,267258326.0,1.5,1.16,0.027,1.55
2022-06-28,2.356,2.381,2.381,2.352,730164,213481306.0,1.23,1.06,0.025,1.23
2022-06-29,2.38,2.393,2.416,2.376,1138714,336337184.0,1.68,0.5,0.012,1.92
2022-06-30,2.393,2.41,2.418,2.384,809301,239596096.0,1.42,0.71,0.017,1.36
2022-07-01,2.408,2.415,2.422,2.382,1008546,298337920.0,1.66,0.21,0.005,1.7
2022-07-04,2.412,2.421,2.427,2.403,612567,181800280.0,0.99,0.25,0.006,1.03
2022-07-05,2.426,2.435,2.45,2.418,1224467,366071728.0,1.32,0.58,0.014,2.06
2022-07-06,2.42,2.369,2.421,2.351,1080130,316190704.0,2.87,-2.71,-0.066,1.82
2022-07-07,2.368,2.382,2.39,2.357,485136,142204590.0,1.39,0.55,0.013,0.82
2022-07-08,2.394,2.38,2.401,2.376,555124,163097998.0,1.05,-0.08,-0.002,0.94
2022-07-11,2.377,2.353,2.377,2.342,708148,205670178.0,1.47,-1.13,-0.027,1.19
2022-07-12,2.353,2.376,2.39,2.353,686498,201131104.0,1.57,0.98,0.023,1.16
2022-07-13,2.376,2.374,2.382,2.36,404523,118288747.0,0.93,-0.08,-0.002,0.68
2022-07-14,2.374,2.344,2.374,2.336,894426,259196175.0,1.6,-1.26,-0.03,1.51
2022-07-15,2.344,2.304,2.356,2.303,1011467,291245066.0,2.26,-1.71,-0.04,1.71
2022-07-18,2.305,2.363,2.363,2.305,1167972,339116684.0,2.52,2.56,0.059,1.97
2022-07-19,2.363,2.367,2.373,2.351,493102,143799156.0,0.93,0.17,0.004,0.83
2022-07-20,2.366,2.372,2.381,2.366,399507,116957199.0,0.63,0.21,0.005,0.67
2022-07-21,2.371,2.328,2.371,2.326,881328,254806513.0,1.9,-1.85,-0.044,1.49
2022-07-22,2.326,2.311,2.332,2.296,1243263,356166693.0,1.55,-0.73,-0.017,2.1
2022-07-25,2.313,2.32,2.331,2.311,537071,154249151.0,0.87,0.39,0.009,0.91
2022-07-26,2.32,2.358,2.367,2.308,1136167,329550853.0,2.54,1.64,0.038,1.92
2022-07-27,2.353,2.358,2.368,2.339,670722,195244569.0,1.23,0.0,0.0,1.13
2022-07-28,2.364,2.369,2.375,2.356,839517,245193656.0,0.81,0.47,0.011,1.42
2022-07-29,2.371,2.347,2.377,2.342,592592,172407870.0,1.48,-0.93,-0.022,1.0
2022-08-01,2.347,2.354,2.36,2.32,805697,233412233.0,1.7,0.3,0.007,1.36
2022-08-02,2.346,2.291,2.347,2.273,1774883,506095433.0,3.14,-2.68,-0.063,2.99
2022-08-03,2.289,2.263,2.321,2.258,1258226,357210142.0,2.75,-1.22,-0.028,2.12
2022-08-04,2.266,2.267,2.275,2.242,1307828,367557703.0,1.46,0.18,0.004,2.21
2022-08-05,2.267,2.271,2.275,2.246,1103469,310308328.0,1.28,0.18,0.004,1.86
2022-08-08,2.272,2.302,2.307,2.267,871181,248224904.0,1.76,1.37,0.031,1.47
2022-08-09,2.302,2.323,2.326,2.293,677843,194631564.0,1.43,0.91,0.021,1.14
2022-08-10,2.322,2.307,2.326,2.298,503481,144108965.0,1.21,-0.69,-0.016,0.85
2022-08-11,2.313,2.334,2.335,2.309,731091,210635118.0,1.13,1.17,0.027,1.23
2022-08-12,2.334,2.361,2.364,2.334,1107164,322211704.0,1.29,1.16,0.027,1.87
2022-08-15,2.359,2.375,2.39,2.356,968423,283963414.0,1.44,0.59,0.014,1.63
2022-08-16,2.375,2.385,2.392,2.368,1033862,303620120.0,1.01,0.42,0.01,1.74
2022-08-17,2.383,2.389,2.396,2.371,789885,232402956.0,1.05,0.17,0.004,1.33
2022-08-18,2.387,2.365,2.4,2.362,671697,196591374.0,1.59,-1.0,-0.024,1.13
2022-08-19,2.368,2.39,2.41,2.368,1319032,389189740.0,1.78,1.06,0.025,2.22
2022-08-22,2.391,2.416,2.42,2.388,850620,252134030.0,1.34,1.09,0.026,1.43
2022-08-23,2.415,2.426,2.439,2.394,898388,267437970.0,1.86,0.41,0.01,1.51
2022-08-24,2.427,2.382,2.434,2.38,815757,241347361.0,2.23,-1.81,-0.044,1.38
2022-08-25,2.389,2.447,2.449,2.389,1885118,563178935.0,2.52,2.73,0.065,3.18
2022-08-26,2.446,2.426,2.453,2.421,855335,255627411.0,1.31,-0.86,-0.021,1.44
2022-08-29,2.425,2.448,2.453,2.384,967073,288554415.0,2.84,0.91,0.022,1.63
2022-08-30,2.446,2.421,2.454,2.405,546857,162812945.0,2.0,-1.1,-0.027,0.92
2022-08-31,2.42,2.403,2.426,2.392,619834,183514643.0,1.4,-0.74,-0.018,1.05
2022-09-01,2.401,2.431,2.465,2.396,1504435,450895201.0,2.87,1.17,0.028,2.54
2022-09-02,2.431,2.425,2.437,2.415,488709,145499574.0,0.9,-0.25,-0.006,0.82
2022-09-05,2.436,2.479,2.481,2.425,1640818,495637940.0,2.31,2.23,0.054,2.77
2022-09-06,2.484,2.528,2.532,2.478,1215842,372872185.0,2.18,1.98,0.049,2.05
2022-09-07,2.527,2.52,2.532,2.503,721788,221861140.0,1.15,-0.32,-0.008,1.22
2022-09-08,2.518,2.511,2.53,2.489,573584,175933465.0,1.63,-0.36,-0.009,0.97
2022-09-09,2.513,2.554,2.558,2.513,923632,286265047.0,1.79,1.71,0.043,1.56
2022-09-13,2.553,2.531,2.558,2.523,589927,182567215.0,1.37,-0.9,-0.023,0.99
2022-09-14,2.515,2.505,2.538,2.501,584715,179516068.0,1.46,-1.03,-0.026,0.99
2022-09-15,2.519,2.517,2.552,2.481,1159229,356165435.0,2.83,0.48,0.012,1.95
2022-09-16,2.511,2.427,2.514,2.42,986927,297417656.0,3.73,-3.58,-0.09,1.66
2022-09-19,2.42,2.427,2.444,2.4,841042,250782013.0,1.81,0.0,0.0,1.42
2022-09-20,2.437,2.424,2.448,2.419,473975,141484064.0,1.19,-0.12,-0.003,0.8
2022-09-21,2.419,2.451,2.46,2.406,620241,185551315.0,2.23,1.11,0.027,1.05
2022-09-22,2.442,2.463,2.469,2.436,562687,169303488.0,1.35,0.49,0.012,0.95
2022-09-23,2.46,2.439,2.482,2.431,748479,224904412.0,2.07,-0.97,-0.024,1.26
2022-09-26,2.43,2.391,2.443,2.384,891148,264845105.0,2.42,-1.97,-0.048,1.5
2022-09-27,2.391,2.407,2.409,2.352,568009,166582598.0,2.38,0.67,0.016,0.96
2022-09-28,2.407,2.386,2.411,2.379,590470,173862188.0,1.33,-0.87,-0.021,1.0
2022-09-29,2.395,2.381,2.419,2.367,586342,172937702.0,2.18,-0.21,-0.005,0.99
2022-09-30,2.381,2.406,2.422,2.378,503431,148680974.0,1.85,1.05,0.025,0.85
2022-10-10,2.407,2.411,2.46,2.406,759051,226563525.0,2.24,0.21,0.005,1.28
2022-10-11,2.411,2.401,2.417,2.376,657685,193896407.0,1.7,-0.41,-0.01,1.11
2022-10-12,2.4,2.436,2.437,2.372,541098,159773464.0,2.71,1.46,0.035,0.91
2022-10-13,2.432,2.39,2.432,2.371,880156,259010066.0,2.5,-1.89,-0.046,1.48
2022-10-14,2.394,2.422,2.433,2.394,603770,179562588.0,1.63,1.34,0.032,1.02
2022-10-17,2.422,2.413,2.422,2.371,525176,154784435.0,2.11,-0.37,-0.009,0.89
2022-10-18,2.411,2.408,2.425,2.396,338602,100393704.0,1.2,-0.21,-0.005,0.57
2022-10-19,2.407,2.405,2.426,2.396,422672,125469677.0,1.25,-0.12,-0.003,0.71
2022-10-20,2.401,2.379,2.401,2.371,654097,191859245.0,1.25,-1.08,-0.026,1.1
2022-10-21,2.379,2.392,2.408,2.379,402983,118821049.0,1.22,0.55,0.013,0.68
2022-10-24,2.391,2.34,2.399,2.325,931078,270974434.0,3.09,-2.17,-0.052,1.57
2022-10-25,2.341,2.312,2.346,2.292,817895,234449644.0,2.31,-1.2,-0.028,1.38
2022-10-26,2.311,2.295,2.326,2.286,806502,230598026.0,1.73,-0.74,-0.017,1.36
2022-10-27,2.296,2.309,2.323,2.295,626592,179621077.0,1.22,0.61,0.014,1.06
2022-10-28,2.306,2.26,2.306,2.249,1061274,299876415.0,2.47,-2.12,-0.049,1.79
2022-10-31,2.26,2.193,2.261,2.184,1885467,520446726.0,3.41,-2.96,-0.067,3.18
2022-11-01,2.194,2.213,2.213,2.171,1613488,442238474.0,1.92,0.91,0.02,2.72
2022-11-02,2.213,2.246,2.252,2.197,831732,231424407.0,2.49,1.49,0.033,1.4
2022-11-03,2.235,2.227,2.241,2.217,567083,157847968.0,1.07,-0.85,-0.019,0.96
2022-11-04,2.227,2.275,2.29,2.227,722553,203877597.0,2.83,2.16,0.048,1.22
2022-11-07,2.275,2.3,2.311,2.269,607538,173023737.0,1.85,1.1,0.025,1.02
2022-11-08,2.3,2.3,2.308,2.29,461409,131609691.0,0.78,0.0,0.0,0.78
2022-11-09,2.3,2.298,2.326,2.297,688503,197164153.0,1.26,-0.09,-0.002,1.16
2022-11-10,2.293,2.305,2.316,2.262,716305,204058304.0,2.35,0.3,0.007,1.21
2022-11-11,2.344,2.367,2.384,2.333,1194560,347741401.0,2.21,2.69,0.062,2.01
2022-11-14,2.396,2.356,2.418,2.346,786238,230653245.0,3.04,-0.46,-0.011,1.33
2022-11-15,2.356,2.366,2.369,2.334,492170,143360828.0,1.49,0.42,0.01,0.83
2022-11-16,2.366,2.357,2.369,2.353,361663,105405225.0,0.68,-0.38,-0.009,0.61
2022-11-17,2.356,2.336,2.356,2.318,638277,184171854.0,1.61,-0.89,-0.021,1.08
2022-11-18,2.336,2.323,2.337,2.317,535417,154123180.0,0.86,-0.56,-0.013,0.9
2022-11-21,2.314,2.312,2.317,2.285,460316,131386213.0,1.38,-0.47,-0.011,0.78
2022-11-22,2.312,2.331,2.351,2.311,552430,159345661.0,1.73,0.82,0.019,0.93
2022-11-23,2.33,2.347,2.362,2.326,944300,274258846.0,1.54,0.69,0.016,1.59
2022-11-24,2.359,2.363,2.366,2.343,491450,143185060.0,0.98,0.68,0.016,0.83
2022-11-25,2.362,2.412,2.416,2.359,1328638,392629164.0,2.41,2.07,0.049,2.24
2022-11-28,2.392,2.394,2.402,2.364,625337,183818533.0,1.58,-0.75,-0.018,1.05
2022-11-29,2.431,2.48,2.482,2.416,2016040,607437968.0,2.76,3.59,0.086,3.4
2022-11-30,2.474,2.46,2.509,2.45,882839,267525107.0,2.38,-0.81,-0.02,1.49
2022-12-01,2.484,2.439,2.49,2.436,688166,207140895.0,2.2,-0.85,-0.021,1.16
2022-12-02,2.439,2.418,2.439,2.401,1036667,307550700.0,1.56,-0.86,-0.021,1.75
2022-12-05,2.429,2.471,2.48,2.429,869015,262062372.0,2.11,2.19,0.053,1.47
2022-12-06,2.468,2.459,2.469,2.445,677708,203853657.0,0.97,-0.49,-0.012,1.14
2022-12-07,2.452,2.444,2.464,2.431,466251,139918417.0,1.34,-0.61,-0.015,0.79
2022-12-08,2.443,2.459,2.468,2.435,496940,149492388.0,1.35,0.61,0.015,0.84
2022-12-09,2.457,2.466,2.471,2.446,542183,163344675.0,1.02,0.28,0.007,0.91
2022-12-12,2.454,2.404,2.457,2.403,821763,244570794.0,2.19,-2.51,-0.062,1.39
2022-12-13,2.404,2.418,2.428,2.399,348464,103509561.0,1.21,0.58,0.014,0.59
2022-12-14,2.418,2.412,2.42,2.406,344612,102197956.0,0.58,-0.25,-0.006,0.58
2022-12-15,2.41,2.377,2.411,2.369,739360,216964764.0,1.74,-1.45,-0.035,1.25
2022-12-16,2.372,2.399,2.414,2.366,587142,173326482.0,2.02,0.93,0.022,0.99
2022-12-19,2.399,2.36,2.41,2.344,727546,212598731.0,2.75,-1.63,-0.039,1.23
2022-12-20,2.36,2.326,2.361,2.311,802037,231240543.0,2.12,-1.44,-0.034,1.35
2022-12-21,2.328,2.329,2.345,2.316,748950,215714424.0,1.25,0.13,0.003,1.26
2022-12-22,2.336,2.307,2.352,2.298,774556,222861041.0,2.32,-0.94,-0.022,1.31
2022-12-23,2.306,2.297,2.315,2.289,671519,191529018.0,1.13,-0.43,-0.01,1.13
2022-12-26,2.297,2.29,2.302,2.288,655261,186517983.0,0.61,-0.3,-0.007,1.1
2022-12-27,2.292,2.318,2.323,2.292,666164,191115142.0,1.35,1.22,0.028,1.12
2022-12-28,2.318,2.324,2.329,2.3,445169,127890499.0,1.25,0.26,0.006,0.75
2022-12-29,2.322,2.295,2.322,2.287,744645,212229124.0,1.51,-1.25,-0.029,1.26
2022-12-30,2.296,2.309,2.311,2.292,553765,158246823.0,0.83,0.61,0.014,0.93
2023-01-03,2.31,2.322,2.329,2.3,485832,139524146.0,1.26,0.56,0.013,0.82
2023-01-04,2.322,2.343,2.351,2.315,536863,155397648.0,1.55,0.9,0.021,0.91
2023-01-05,2.346,2.348,2.354,2.338,501861,145528108.0,0.68,0.21,0.005,0.85
2023-01-06,2.348,2.343,2.35,2.338,512677,148478958.0,0.51,-0.21,-0.005,0.86
2023-01-09,2.347,2.345,2.353,2.336,518674,150340272.0,0.73,0.09,0.002,0.87
2023-01-10,2.346,2.329,2.35,2.324,852621,245937423.0,1.11,-0.68,-0.016,1.44
2023-01-11,2.329,2.351,2.357,2.327,649431,188233342.0,1.29,0.94,0.022,1.1
2023-01-12,2.351,2.338,2.352,2.328,905973,261787768.0,1.02,-0.55,-0.013,1.53
2023-01-13,2.339,2.353,2.356,2.339,667608,193887486.0,0.73,0.64,0.015,1.13
2023-01-16,2.404,2.372,2.404,2.354,1863794,519675045.0,2.12,0.81,0.019,3.14
2023-01-17,2.372,2.364,2.376,2.36,1064218,295838452.0,0.67,-0.34,-0.008,1.79
2023-01-18,2.364,2.367,2.375,2.364,752839,209632690.0,0.47,0.13,0.003,1.27
2023-01-19,2.368,2.373,2.374,2.359,909720,252977954.0,0.63,0.25,0.006,1.53
2023-01-20,2.374,2.401,2.402,2.374,887005,249116778.0,1.18,1.18,0.028,1.5
2023-01-30,2.417,2.385,2.433,2.384,1271491,358000624.0,2.04,-0.67,-0.016,2.14
2023-01-31,2.385,2.393,2.394,2.38,605273,169838230.0,0.59,0.34,0.008,1.02
2023-02-01,2.393,2.397,2.399,2.38,780937,219003348.0,0.79,0.17,0.004,1.32
2023-02-02,2.397,2.401,2.407,2.386,685800,193023853.0,0.88,0.17,0.004,1.16
2023-02-03,2.399,2.383,2.4,2.37,1396940,390425628.0,1.25,-0.75,-0.018,2.36
2023-02-06,2.376,2.368,2.376,2.361,862706,240113329.0,0.63,-0.63,-0.015,1.45
2023-02-07,2.368,2.379,2.386,2.368,587569,164218406.0,0.76,0.46,0.011,0.99
2023-02-08,2.381,2.372,2.386,2.37,595259,166306998.0,0.67,-0.29,-0.007,1.0
2023-02-09,2.37,2.381,2.384,2.365,566886,158441046.0,0.8,0.38,0.009,0.96
2023-02-10,2.382,2.384,2.389,2.376,690442,193255409.0,0.55,0.13,0.003,1.16
2023-02-13,2.384,2.389,2.39,2.371,696179,194855539.0,0.8,0.21,0.005,1.17
2023-02-14,2.388,2.406,2.407,2.388,965068,271916690.0,0.8,0.71,0.017,1.63
2023-02-15,2.406,2.393,2.407,2.389,590318,165941895.0,0.75,-0.54,-0.013,1.0
2023-02-16,2.393,2.378,2.411,2.364,1288829,362060765.0,1.96,-0.63,-0.015,2.17
2023-02-17,2.383,2.383,2.398,2.375,1148809,322096574.0,0.97,0.21,0.005,1.94
2023-02-20,2.383,2.427,2.428,2.383,1751809,495237396.0,1.89,1.85,0.044,2.95
2023-02-21,2.432,2.463,2.47,2.432,1300055,373481898.0,1.57,1.48,0.036,2.19
2023-02-22,2.463,2.467,2.473,2.444,801624,230813153.0,1.18,0.16,0.004,1.35
2023-02-23,2.478,2.478,2.494,2.466,962379,278872064.0,1.13,0.45,0.011,1.62
2023-02-24,2.477,2.47,2.48,2.453,739356,213207989.0,1.09,-0.32,-0.008,1.25
2023-02-27,2.464,2.475,2.491,2.464,730676,211572943.0,1.09,0.2,0.005,1.23
2023-02-28,2.475,2.482,2.482,2.461,519584,150034861.0,0.85,0.28,0.007,0.88
2023-03-01,2.483,2.499,2.5,2.482,1127627,328135308.0,0.73,0.68,0.017,1.9
2023-03-02,2.499,2.513,2.526,2.494,862288,252651667.0,1.28,0.56,0.014,1.45
2023-03-03,2.514,2.528,2.532,2.505,872135,256196216.0,1.07,0.6,0.015,1.47
2023-03-06,2.529,2.514,2.534,2.511,913068,268088307.0,0.91,-0.55,-0.014,1.54
2023-03-07,2.513,2.507,2.554,2.504,1116099,329211304.0,1.99,-0.28,-0.007,1.88
2023-03-08,2.504,2.505,2.506,2.485,772186,224811490.0,0.84,-0.08,-0.002,1.3
2023-03-09,2.506,2.501,2.523,2.499,572954,167495220.0,0.96,-0.16,-0.004,0.97
2023-03-10,2.498,2.461,2.498,2.454,973658,281052253.0,1.76,-1.6,-0.04,1.64
2023-03-13,2.457,2.494,2.494,2.454,726238,209998465.0,1.63,1.34,0.033,1.22
2023-03-14,2.494,2.479,2.507,2.467,715216,207670627.0,1.6,-0.6,-0.015,1.21
2023-03-15,2.483,2.503,2.509,2.47,881220,256196945.0,1.57,0.97,0.024,1.49
2023-03-16,2.494,2.482,2.508,2.478,720164,209392783.0,1.2,-0.84,-0.021,1.21
2023-03-17,2.485,2.501,2.514,2.485,776820,226786099.0,1.17,0.77,0.019,1.31
2023-03-20,2.501,2.488,2.525,2.486,953270,278501185.0,1.56,-0.52,-0.013,1.61
2023-03-21,2.49,2.48,2.498,2.471,636578,184341646.0,1.09,-0.32,-0.008,1.07
2023-03-22,2.484,2.494,2.505,2.477,545841,158789472.0,1.13,0.56,0.014,0.92
2023-03-23,2.493,2.496,2.499,2.48,420594,122322128.0,0.76,0.08,0.002,0.71
2023-03-24,2.499,2.478,2.501,2.474,620309,179647395.0,1.08,-0.72,-0.018,1.05
2023-03-27,2.478,2.457,2.478,2.444,972384,278881016.0,1.37,-0.85,-0.021,1.64
2023-03-28,2.459,2.462,2.47,2.45,455337,130962553.0,0.81,0.2,0.005,0.77
2023-03-29,2.464,2.46,2.474,2.455,342303,98502953.0,0.77,-0.08,-0.002,0.58
2023-03-30,2.459,2.471,2.472,2.442,678842,194987414.0,1.22,0.45,0.011,1.14
2023-03-31,2.473,2.478,2.489,2.468,551292,159721785.0,0.85,0.28,0.007,0.93
2023-04-03,2.478,2.499,2.502,2.478,756135,220176079.0,0.97,0.85,0.021,1.28
2023-04-04,2.497,2.512,2.519,2.491,1102917,322909367.0,1.12,0.52,0.013,1.86
2023-04-06,2.512,2.495,2.512,2.493,312259,91008860.0,0.76,-0.68,-0.017,0.53
2023-04-07,2.494,2.496,2.506,2.489,370529,107890557.0,0.68,0.04,0.001,0.62
2023-04-10,2.496,2.493,2.497,2.485,459228,133549938.0,0.48,-0.12,-0.003,0.77
2023-04-11,2.493,2.516,2.516,2.487,790545,231070532.0,1.16,0.92,0.023,1.33
2023-04-12,2.518,2.55,2.551,2.518,1287813,381179772.0,1.31,1.35,0.034,2.17
2023-04-13,2.548,2.557,2.57,2.545,1075160,319787901.0,0.98,0.27,0.007,1.81
2023-04-14,2.557,2.549,2.563,2.538,623914,184942348.0,0.98,-0.31,-0.008,1.05
2023-04-17,2.546,2.583,2.584,2.536,992643,296290766.0,1.88,1.33,0.034,1.67
2023-04-18,2.581,2.602,2.603,2.574,1191345,358379733.0,1.12,0.74,0.019,2.01
2023-04-19,2.6,2.597,2.609,2.59,1234940,372704726.0,0.73,-0.19,-0.005,2.08
2023-04-20,2.594,2.593,2.605,2.568,712193,213582218.0,1.42,-0.15,-0.004,1.2
2023-04-21,2.593,2.576,2.622,2.575,676848,203993526.0,1.81,-0.66,-0.017,1.14
2023-04-24,2.577,2.571,2.588,2.564,1750071,523034033.0,0.93,-0.19,-0.005,2.95
2023-04-25,2.572,2.593,2.597,2.554,1128146,338306937.0,1.67,0.86,0.022,1.9
2023-04-26,2.583,2.599,2.616,2.554,1221749,367421983.0,2.39,0.23,0.006,2.06
2023-04-27,2.598,2.607,2.621,2.583,1210867,365975685.0,1.46,0.31,0.008,2.04
2023-04-28,2.6,2.643,2.645,2.597,1601624,487420768.0,1.84,1.38,0.036,2.7
2023-05-04,2.636,2.714,2.719,2.626,1102254,342886224.0,3.52,2.69,0.071,1.86
2023-05-05,2.722,2.742,2.763,2.703,1037191,326728367.0,2.21,1.03,0.028,1.75
2023-05-08,2.739,2.833,2.847,2.732,1940770,626117647.0,4.19,3.32,0.091,3.27
2023-05-09,2.833,2.795,2.869,2.792,2060461,669668909.0,2.72,-1.34,-0.038,3.47
2023-05-10,2.784,2.727,2.796,2.716,1722596,544893190.0,2.86,-2.43,-0.068,2.9
2023-05-11,2.729,2.72,2.748,2.709,783375,246173841.0,1.43,-0.26,-0.007,1.32
2023-05-12,2.72,2.707,2.747,2.694,926689,290498742.0,1.95,-0.48,-0.013,1.56
2023-05-15,2.706,2.7,2.707,2.63,1223200,376965463.0,2.84,-0.26,-0.007,2.06
2023-05-16,2.697,2.68,2.722,2.675,794161,247617056.0,1.74,-0.74,-0.02,1.34
2023-05-17,2.68,2.667,2.689,2.655,722698,223115089.0,1.27,-0.49,-0.013,1.22
2023-05-18,2.669,2.695,2.713,2.668,654278,203631845.0,1.69,1.05,0.028,1.1
2023-05-19,2.682,2.652,2.682,2.648,2094556,644546232.0,1.26,-1.6,-0.043,3.53
2023-05-22,2.649,2.642,2.66,2.629,697594,213381011.0,1.17,-0.38,-0.01,1.18
2023-05-23,2.64,2.604,2.65,2.604,671807,204377434.0,1.74,-1.44,-0.038,1.13
2023-05-24,2.602,2.562,2.602,2.558,961954,287369302.0,1.69,-1.61,-0.042,1.62
2023-05-25,2.558,2.547,2.562,2.516,910527,268765483.0,1.8,-0.59,-0.015,1.54
2023-05-26,2.544,2.575,2.583,2.53,1057589,314225158.0,2.08,1.1,0.028,1.78
2023-05-29,2.583,2.606,2.628,2.565,1536139,463052316.0,2.45,1.2,0.031,2.59
2023-05-30,2.6,2.605,2.613,2.564,805466,242262389.0,1.88,-0.04,-0.001,1.36
2023-05-31,2.596,2.572,2.602,2.566,787210,235788344.0,1.38,-1.27,-0.033,1.33
2023-06-01,2.574,2.569,2.595,2.555,645278,192860693.0,1.56,-0.12,-0.003,1.09
2023-06-02,2.571,2.568,2.584,2.561,854959,255216880.0,0.9,-0.04,-0.001,1.44
2023-06-05,2.569,2.586,2.589,2.557,612976,183532760.0,1.25,0.7,0.018,1.03
2023-06-06,2.586,2.576,2.622,2.566,812045,244827859.0,2.17,-0.39,-0.01,1.37
2023-06-07,2.575,2.607,2.612,2.56,970895,292681837.0,2.02,1.2,0.031,1.64
2023-06-08,2.605,2.644,2.652,2.59,1003716,305208527.0,2.38,1.42,0.037,1.69
2023-06-09,2.642,2.625,2.643,2.616,601660,183079655.0,1.02,-0.72,-0.019,1.01
2023-06-12,2.625,2.594,2.625,2.59,762985,230181326.0,1.33,-1.18,-0.031,1.29
2023-06-13,2.588,2.587,2.601,2.582,494480,148532062.0,0.73,-0.27,-0.007,0.83
2023-06-14,2.587,2.569,2.609,2.568,781806,234506339.0,1.58,-0.7,-0.018,1.32
2023-06-15,2.572,2.578,2.581,2.564,587570,175553046.0,0.66,0.35,0.009,0.99
2023-06-16,2.578,2.573,2.585,2.572,878893,263149365.0,0.5,-0.19,-0.005,1.48
2023-06-19,2.573,2.536,2.574,2.534,1030814,305355734.0,1.55,-1.44,-0.037,1.74
2023-06-20,2.534,2.509,2.535,2.506,837875,245848047.0,1.14,-1.06,-0.027,1.41
2023-06-21,2.508,2.492,2.522,2.489,959552,280357291.0,1.32,-0.68,-0.017,1.62
2023-06-26,2.484,2.446,2.484,2.445,1856509,533908538.0,1.57,-1.85,-0.046,3.13
2023-06-27,2.446,2.499,2.504,2.446,1146555,331625619.0,2.37,2.17,0.053,1.93
2023-06-28,2.495,2.519,2.522,2.489,790247,231038912.0,1.32,0.8,0.02,1.33
2023-06-29,2.518,2.517,2.527,2.502,761334,223326056.0,0.99,-0.08,-0.002,1.28
2023-06-30,2.515,2.522,2.532,2.513,716084,210589391.0,0.75,0.2,0.005,1.21
2023-07-03,2.524,2.557,2.559,2.524,972362,287933595.0,1.39,1.39,0.035,1.64
2023-07-04,2.554,2.534,2.554,2.52,642263,189330282.0,1.33,-0.9,-0.023,1.08
2023-07-05,2.528,2.532,2.541,2.517,1092783,322285370.0,0.95,-0.08,-0.002,1.84
2023-07-06,2.532,2.525,2.541,2.518,556868,163866682.0,0.91,-0.28,-0.007,0.94
2023-07-07,2.52,2.543,2.545,2.516,593350,175070563.0,1.15,0.71,0.018,1.0
2023-07-10,2.544,2.55,2.556,2.538,479310,142027990.0,0.71,0.28,0.007,0.81
2023-07-11,2.552,2.548,2.557,2.534,401942,119043555.0,0.9,-0.08,-0.002,0.68
2023-07-12,2.55,2.53,2.553,2.524,513875,151754232.0,1.14,-0.71,-0.018,0.87
2023-07-13,2.534,2.561,2.565,2.532,669262,198755934.0,1.3,1.23,0.031,1.13
2023-07-14,2.563,2.576,2.586,2.562,732841,219133170.0,0.94,0.59,0.015,1.24
2023-07-17,2.567,2.559,2.567,2.544,460003,136395587.0,0.89,-0.66,-0.017,0.78
2023-07-18,2.558,2.552,2.565,2.544,373974,111046331.0,0.82,-0.27,-0.007,0.63
2023-07-19,2.549,2.571,2.572,2.549,473091,140887349.0,0.9,0.74,0.019,0.8
2023-07-20,2.571,2.562,2.58,2.556,415692,124019111.0,0.93,-0.35,-0.009,0.7
2023-07-21,2.558,2.562,2.568,2.551,377542,112343994.0,0.66,0.0,0.0,0.64
2023-07-24,2.554,2.56,2.572,2.545,574601,170934718.0,1.05,-0.08,-0.002,0.97
2023-07-25,2.577,2.602,2.603,2.577,1076292,324197418.0,1.02,1.64,0.042,1.81
2023-07-26,2.603,2.609,2.615,2.599,883122,266949260.0,0.61,0.27,0.007,1.49
2023-07-27,2.608,2.618,2.642,2.603,1020283,310293894.0,1.49,0.34,0.009,1.72
2023-07-28,2.612,2.67,2.677,2.611,1348148,414367885.0,2.52,1.99,0.052,2.27
2023-07-31,2.685,2.69,2.718,2.677,1151875,357919395.0,1.54,0.75,0.02,1.94
2023-08-01,2.689,2.694,2.709,2.68,1054226,327903473.0,1.08,0.15,0.004,1.78
2023-08-02,2.692,2.655,2.692,2.649,927511,285621180.0,1.6,-1.45,-0.039,1.56
2023-08-03,2.647,2.671,2.672,2.635,701564,215303794.0,1.39,0.6,0.016,1.18
2023-08-04,2.681,2.66,2.696,2.657,904780,279491037.0,1.46,-0.41,-0.011,1.53
2023-08-07,2.656,2.632,2.656,2.623,552956,168500139.0,1.24,-1.05,-0.028,0.93
2023-08-08,2.626,2.627,2.643,2.617,558145,169965281.0,0.99,-0.19,-0.005,0.94
2023-08-09,2.627,2.617,2.627,2.614,370086,112315761.0,0.49,-0.38,-0.01,0.62
2023-08-10,2.617,2.638,2.649,2.613,409195,124854924.0,1.38,0.8,0.021,0.69
2023-08-11,2.638,2.596,2.645,2.595,500889,151592860.0,1.9,-1.59,-0.042,0.84
2023-08-14,2.581,2.59,2.596,2.556,813552,243440080.0,1.54,-0.23,-0.006,1.37
2023-08-15,2.59,2.614,2.62,2.581,994551,300584131.0,1.51,0.93,0.024,1.68
2023-08-16,2.609,2.613,2.627,2.59,748720,226597756.0,1.42,-0.04,-0.001,1.26
2023-08-17,2.597,2.612,2.613,2.584,690161,208002829.0,1.11,-0.04,-0.001,1.16
2023-08-18,2.608,2.613,2.642,2.607,789580,239931265.0,1.34,0.04,0.001,1.33
2023-08-21,2.613,2.588,2.618,2.584,866619,261038783.0,1.3,-0.96,-0.025,1.46
2023-08-22,2.589,2.606,2.615,2.577,825060,248446640.0,1.47,0.7,0.018,1.39
2023-08-23,2.603,2.612,2.642,2.6,793974,241209477.0,1.61,0.23,0.006,1.34
2023-08-24,2.612,2.596,2.623,2.591,724400,218735083.0,1.23,-0.61,-0.016,1.22
2023-08-25,2.594,2.599,2.617,2.585,1068480,322352398.0,1.23,0.12,0.003,1.8
2023-08-28,2.734,2.641,2.752,2.631,1726732,531886076.0,4.66,1.62,0.042,2.91
2023-08-29,2.633,2.641,2.648,2.619,860036,262486451.0,1.1,0.0,0.0,1.45
2023-08-30,2.641,2.611,2.641,2.6,926290,280901441.0,1.55,-1.14,-0.03,1.56
2023-08-31,2.608,2.578,2.618,2.572,1023376,307111445.0,1.76,-1.26,-0.033,1.73
2023-09-01,2.579,2.606,2.612,2.579,667127,201150060.0,1.28,1.09,0.028,1.12
2023-09-04,2.616,2.652,2.659,2.616,1059034,324183861.0,1.65,1.77,0.046,1.79
2023-09-05,2.652,2.628,2.652,2.618,618360,188196574.0,1.28,-0.9,-0.024,1.04
2023-09-06,2.62,2.625,2.633,2.609,456884,138699883.0,0.91,-0.11,-0.003,0.77
2023-09-07,2.624,2.617,2.641,2.615,725476,220821934.0,0.99,-0.3,-0.008,1.22
2023-09-08,2.609,2.598,2.613,2.591,695400,209658836.0,0.84,-0.73,-0.019,1.17
2023-09-11,2.599,2.619,2.623,2.598,463782,140555589.0,0.96,0.81,0.021,0.78
2023-09-12,2.617,2.614,2.622,2.61,312388,94657868.0,0.46,-0.19,-0.005,0.53
2023-09-13,2.617,2.629,2.641,2.617,716524,218130039.0,0.92,0.57,0.015,1.21
2023-09-14,2.628,2.667,2.67,2.621,1194308,366654561.0,1.86,1.45,0.038,2.01
2023-09-15,2.669,2.669,2.694,2.656,1047897,323953456.0,1.42,0.07,0.002,1.77
2023-09-18,2.668,2.671,2.671,2.638,617683,189560174.0,1.24,0.07,0.002,1.04
2023-09-19,2.669,2.692,2.697,2.666,735354,228239533.0,1.16,0.79,0.021,1.24
2023-09-20,2.69,2.7,2.705,2.679,655175,204077919.0,0.97,0.3,0.008,1.1
2023-09-21,2.691,2.681,2.707,2.679,1047294,324973555.0,1.04,-0.7,-0.019,1.77
2023-09-22,2.667,2.695,2.696,2.666,1007621,312511526.0,1.12,0.52,0.014,1.7
2023-09-25,2.691,2.689,2.709,2.679,861186,268039907.0,1.11,-0.22,-0.006,1.45
2023-09-26,2.685,2.676,2.694,2.672,446007,137978930.0,0.82,-0.48,-0.013,0.75
2023-09-27,2.675,2.665,2.681,2.659,710823,219143618.0,0.82,-0.41,-0.011,1.2
2023-09-28,2.668,2.661,2.674,2.66,520790,160507715.0,0.53,-0.15,-0.004,0.88
2023-10-09,2.661,2.656,2.662,2.626,662659,202879871.0,1.35,-0.19,-0.005,1.12
2023-10-10,2.656,2.627,2.662,2.625,637081,194512034.0,1.39,-1.09,-0.029,1.07
2023-10-11,2.631,2.618,2.635,2.61,760371,230940816.0,0.95,-0.34,-0.009,1.28
2023-10-12,2.627,2.644,2.65,2.625,620371,189335370.0,0.95,0.99,0.026,1.05
2023-10-13,2.63,2.64,2.649,2.621,535202,163522910.0,1.06,-0.15,-0.004,0.9
2023-10-16,2.642,2.659,2.66,2.634,707510,216776420.0,0.98,0.72,0.019,1.19
2023-10-17,2.657,2.655,2.66,2.643,393282,120585680.0,0.64,-0.15,-0.004,0.66
2023-10-18,2.652,2.632,2.655,2.631,529825,161883635.0,0.9,-0.87,-0.023,0.89
2023-10-19,2.623,2.587,2.627,2.584,910391,274436031.0,1.63,-1.71,-0.045,1.54
2023-10-20,2.583,2.564,2.583,2.554,1070550,319540227.0,1.12,-0.89,-0.023,1.81
2023-10-23,2.563,2.534,2.567,2.519,805009,238086559.0,1.87,-1.17,-0.03,1.36
2023-10-24,2.552,2.555,2.556,2.534,693513,205279078.0,0.87,0.83,0.021,1.17
2023-10-25,2.571,2.578,2.587,2.565,835238,249738015.0,0.86,0.9,0.023,1.41
2023-10-26,2.571,2.588,2.591,2.559,524288,156824086.0,1.24,0.39,0.01,0.88
2023-10-27,2.588,2.599,2.611,2.582,808122,243815269.0,1.12,0.43,0.011,1.36
2023-10-30,2.593,2.558,2.594,2.554,1181718,351932913.0,1.54,-1.58,-0.041,1.99
2023-10-31,2.556,2.566,2.567,2.545,532119,158216602.0,0.86,0.31,0.008,0.9
2023-11-01,2.567,2.563,2.569,2.548,552552,164238770.0,0.82,-0.12,-0.003,0.93
2023-11-02,2.563,2.572,2.582,2.561,538307,161037369.0,0.82,0.35,0.009,0.91
2023-11-03,2.572,2.558,2.58,2.554,700467,208714193.0,1.01,-0.54,-0.014,1.18
2023-11-06,2.558,2.539,2.562,2.532,1725427,509516531.0,1.17,-0.74,-0.019,2.91
2023-11-07,2.536,2.541,2.544,2.524,586932,173182766.0,0.79,0.08,0.002,0.99
2023-11-08,2.537,2.54,2.547,2.529,504998,149216320.0,0.71,-0.04,-0.001,0.85
2023-11-09,2.54,2.565,2.567,2.537,902506,268600330.0,1.18,0.98,0.025,1.52
2023-11-10,2.555,2.557,2.563,2.541,507373,150542193.0,0.86,-0.31,-0.008,0.86
2023-11-13,2.561,2.562,2.567,2.539,444820,131909519.0,1.1,0.2,0.005,0.75
2023-11-14,2.562,2.552,2.565,2.544,449898,133462722.0,0.82,-0.39,-0.01,0.76
2023-11-15,2.564,2.561,2.568,2.554,436421,129854731.0,0.55,0.35,0.009,0.74
2023-11-16,2.561,2.563,2.569,2.552,548953,163561653.0,0.66,0.08,0.002,0.93
2023-11-17,2.558,2.553,2.561,2.543,425464,126158077.0,0.7,-0.39,-0.01,0.72
2023-11-20,2.554,2.557,2.562,2.546,469947,139661371.0,0.63,0.16,0.004,0.79
2023-11-21,2.56,2.573,2.591,2.559,744516,222860684.0,1.25,0.63,0.016,1.26
2023-11-22,2.567,2.565,2.584,2.565,624226,186678900.0,0.74,-0.31,-0.008,1.05
2023-11-23,2.565,2.585,2.589,2.562,789752,236404539.0,1.05,0.78,0.02,1.33
2023-11-24,2.582,2.593,2.599,2.582,540474,162595960.0,0.66,0.31,0.008,0.91
2023-11-27,2.586,2.584,2.59,2.571,607921,181918979.0,0.73,-0.35,-0.009,1.03
2023-11-28,2.58,2.578,2.58,2.562,478999,143007650.0,0.7,-0.23,-0.006,0.81
2023-11-29,2.578,2.565,2.583,2.56,534770,159578384.0,0.89,-0.5,-0.013,0.9
2023-11-30,2.561,2.574,2.575,2.559,452842,135116873.0,0.62,0.35,0.009,0.76
2023-12-01,2.574,2.586,2.589,2.571,608245,182432761.0,0.7,0.47,0.012,1.03
2023-12-04,2.586,2.592,2.598,2.58,667699,200666266.0,0.7,0.23,0.006,1.13
2023-12-05,2.588,2.556,2.588,2.554,796424,238037773.0,1.31,-1.39,-0.036,1.34
2023-12-06,2.557,2.553,2.558,2.525,681201,201514304.0,1.29,-0.12,-0.003,1.15
2023-12-07,2.55,2.554,2.562,2.537,447964,132906112.0,0.98,0.04,0.001,0.76
2023-12-08,2.554,2.555,2.566,2.539,454388,134990555.0,1.06,0.04,0.001,0.77
2023-12-11,2.547,2.581,2.584,2.505,1034987,306446892.0,3.09,1.02,0.026,1.75
2023-12-12,2.575,2.593,2.594,2.564,796823,238997947.0,1.16,0.46,0.012,1.34
2023-12-13,2.587,2.571,2.594,2.57,480402,144041471.0,0.93,-0.85,-0.022,0.81
2023-12-14,2.581,2.579,2.59,2.564,590059,176857125.0,1.01,0.31,0.008,1.0
2023-12-15,2.582,2.562,2.586,2.556,656317,195802391.0,1.16,-0.66,-0.017,1.11
2023-12-18,2.556,2.559,2.574,2.546,497289,148067048.0,1.09,-0.12,-0.003,0.84
2023-12-19,2.555,2.551,2.558,2.539,707956,209782264.0,0.74,-0.31,-0.008,1.19
2023-12-20,2.554,2.549,2.571,2.545,664411,197627032.0,1.02,-0.08,-0.002,1.12
2023-12-21,2.543,2.529,2.543,2.513,1107048,325507067.0,1.18,-0.78,-0.02,1.87
2023-12-22,2.53,2.525,2.543,2.517,787360,231843127.0,1.03,-0.16,-0.004,1.33
2023-12-25,2.521,2.523,2.524,2.502,683572,200047872.0,0.87,-0.08,-0.002,1.15
2023-12-26,2.522,2.506,2.541,2.503,816758,239747051.0,1.51,-0.67,-0.017,1.38
2023-12-27,2.504,2.518,2.519,2.491,828123,242209513.0,1.12,0.48,0.012,1.4
2023-12-28,2.518,2.5,2.522,2.492,1574403,459288706.0,1.19,-0.71,-0.018,2.65
2023-12-29,2.5,2.515,2.519,2.491,1082140,316097312.0,1.12,0.6,0.015,1.82
2024-01-02,2.515,2.554,2.567,2.514,1458170,432515576.0,2.11,1.55,0.039,2.46
2024-01-03,2.552,2.594,2.598,2.549,2441793,733444176.0,1.92,1.57,0.04,4.12
2024-01-04,2.592,2.618,2.624,2.587,2469680,747167919.0,1.43,0.93,0.024,4.16
2024-01-05,2.614,2.628,2.671,2.61,3212402,984456676.0,2.33,0.38,0.01,5.42
2024-01-08,2.624,2.599,2.626,2.597,1197284,362024466.0,1.1,-1.1,-0.029,2.02
2024-01-09,2.598,2.622,2.626,2.575,1073091,324000371.0,1.96,0.88,0.023,1.81
2024-01-10,2.61,2.607,2.629,2.603,855944,258955427.0,0.99,-0.57,-0.015,1.44
2024-01-11,2.604,2.579,2.604,2.575,1105492,331815755.0,1.11,-1.07,-0.028,1.86
2024-01-12,2.579,2.594,2.601,2.574,1127940,339434882.0,1.05,0.58,0.015,1.9
2024-01-15,2.584,2.608,2.609,2.574,534727,161052976.0,1.35,0.54,0.014,0.9
2024-01-16,2.606,2.618,2.62,2.593,1066104,322106829.0,1.04,0.38,0.01,1.8
2024-01-17,2.616,2.581,2.626,2.577,1028522,310917036.0,1.87,-1.41,-0.037,1.73
2024-01-18,2.577,2.556,2.577,2.484,2914139,857370693.0,3.6,-0.97,-0.025,4.91
2024-01-19,2.551,2.534,2.559,2.525,1330333,393130633.0,1.33,-0.86,-0.022,2.24
2024-01-22,2.534,2.465,2.536,2.426,3060738,885868183.0,4.34,-2.72,-0.069,5.16
2024-01-23,2.494,2.483,2.494,2.425,3024009,829643281.0,2.8,0.73,0.018,5.1
2024-01-24,2.488,2.551,2.56,2.481,1620342,452951071.0,3.18,2.74,0.068,2.73
2024-01-25,2.551,2.623,2.625,2.551,1825239,526075343.0,2.9,2.82,0.072,3.08
2024-01-26,2.62,2.664,2.67,2.616,2013140,590150297.0,2.06,1.56,0.041,3.39
2024-01-29,2.668,2.679,2.702,2.665,1811884,537473140.0,1.39,0.56,0.015,3.06
2024-01-30,2.665,2.645,2.693,2.64,2223674,655604462.0,1.98,-1.27,-0.034,3.75
2024-01-31,2.639,2.649,2.675,2.628,1390434,408451765.0,1.78,0.15,0.004,2.34
2024-02-01,2.638,2.619,2.641,2.609,1030716,299953702.0,1.21,-1.13,-0.03,1.74
2024-02-02,2.617,2.627,2.668,2.566,3107944,907374977.0,3.89,0.31,0.008,5.24
2024-02-05,2.611,2.633,2.655,2.576,1934368,561841598.0,3.01,0.23,0.006,3.26
2024-02-06,2.625,2.675,2.692,2.603,2209791,649425457.0,3.38,1.6,0.042,3.73
2024-02-07,2.674,2.719,2.721,2.646,2112419,629229074.0,2.8,1.64,0.044,3.56
2024-02-08,2.718,2.72,2.743,2.703,1574356,473782142.0,1.47,0.04,0.001,2.65
2024-02-19,2.722,2.79,2.794,2.698,2098519,638557517.0,3.53,2.57,0.07,3.54
2024-02-20,2.778,2.834,2.842,2.771,2077467,645505995.0,2.54,1.58,0.044,3.5
2024-02-21,2.826,2.827,2.869,2.817,2176413,681530656.0,1.83,-0.25,-0.007,3.67
2024-02-22,2.822,2.885,2.887,2.82,1750987,551476051.0,2.37,2.05,0.058,2.95
2024-02-23,2.883,2.867,2.902,2.856,1769150,558730587.0,1.59,-0.62,-0.018,2.98
2024-02-26,2.866,2.798,2.866,2.785,1951116,606051288.0,2.83,-2.41,-0.069,3.29
2024-02-27,2.786,2.815,2.824,2.776,978146,302095035.0,1.72,0.61,0.017,1.65
2024-02-28,2.815,2.809,2.84,2.791,1224267,379135091.0,1.74,-0.21,-0.006,2.06
2024-02-29,2.791,2.827,2.829,2.787,981822,303902063.0,1.5,0.64,0.018,1.66
2024-03-01,2.821,2.822,2.84,2.813,1373540,427297985.0,0.96,-0.18,-0.005,2.32
2024-03-04,2.823,2.849,2.851,2.808,1097616,342053833.0,1.52,0.96,0.027,1.85
2024-03-05,2.843,2.87,2.872,2.834,1003653,315548619.0,1.33,0.74,0.021,1.69
2024-03-06,2.866,2.868,2.896,2.863,850328,269154706.0,1.15,-0.07,-0.002,1.43
2024-03-07,2.868,2.887,2.908,2.866,1254121,397966453.0,1.46,0.66,0.019,2.11
2024-03-08,2.888,2.904,2.91,2.869,1344887,427438924.0,1.42,0.59,0.017,2.27
2024-03-11,2.902,2.872,2.905,2.848,1417938,446909608.0,1.96,-1.1,-0.032,2.39
2024-03-12,2.866,2.801,2.866,2.787,2029243,627475471.0,2.75,-2.47,-0.071,3.42
2024-03-13,2.792,2.783,2.793,2.756,1588092,486439842.0,1.32,-0.64,-0.018,2.68
2024-03-14,2.774,2.792,2.798,2.766,1012090,310930649.0,1.15,0.32,0.009,1.71
2024-03-15,2.785,2.786,2.791,2.759,1078649,329546901.0,1.15,-0.21,-0.006,1.82
2024-03-18,2.783,2.769,2.783,2.755,1580925,481928019.0,1.01,-0.61,-0.017,2.67
2024-03-19,2.769,2.767,2.791,2.762,812608,248644447.0,1.05,-0.07,-0.002,1.37
2024-03-20,2.766,2.773,2.782,2.746,1052492,321309390.0,1.3,0.22,0.006,1.77
2024-03-21,2.772,2.777,2.785,2.759,537298,164432373.0,0.94,0.14,0.004,0.91
2024-03-22,2.775,2.783,2.785,2.756,1214809,371517272.0,1.04,0.22,0.006,2.05
2024-03-25,2.778,2.793,2.824,2.762,1403594,433327000.0,2.23,0.36,0.01,2.37
2024-03-26,2.787,2.776,2.795,2.758,1041917,318330435.0,1.32,-0.61,-0.017,1.76
2024-03-27,2.772,2.775,2.799,2.767,1218956,374451098.0,1.15,-0.04,-0.001,2.06
2024-03-28,2.773,2.767,2.777,2.745,1272574,387817807.0,1.15,-0.29,-0.008,2.15
2024-03-29,2.764,2.787,2.79,2.755,1139152,348914884.0,1.26,0.72,0.02,1.92
2024-04-01,2.785,2.782,2.787,2.772,720143,220555190.0,0.54,-0.18,-0.005,1.21
2024-04-02,2.782,2.803,2.81,2.781,982495,303191431.0,1.04,0.75,0.021,1.66
2024-04-03,2.803,2.84,2.842,2.799,1326082,412547985.0,1.53,1.32,0.037,2.24
2024-04-08,2.836,2.85,2.876,2.818,1149649,361079788.0,2.04,0.35,0.01,1.94
2024-04-09,2.847,2.835,2.863,2.819,927347,289327266.0,1.54,-0.53,-0.015,1.56
2024-04-10,2.835,2.846,2.866,2.83,1325326,415578633.0,1.27,0.39,0.011,2.23
2024-04-11,2.838,2.886,2.901,2.833,1280325,404816747.0,2.39,1.41,0.04,2.16
2024-04-12,2.879,2.879,2.897,2.867,862566,273314685.0,1.04,-0.24,-0.007,1.45
2024-04-15,2.88,2.945,2.947,2.871,1426359,457726472.0,2.64,2.29,0.066,2.41
2024-04-16,2.944,2.959,2.985,2.918,1909405,618443141.0,2.28,0.48,0.014,3.22
2024-04-17,2.941,2.992,2.997,2.918,1720643,558835097.0,2.67,1.12,0.033,2.9
2024-04-18,2.991,3.001,3.035,2.985,1716005,565504225.0,1.67,0.3,0.009,2.89
2024-04-19,2.989,3.023,3.04,2.982,2142359,707693956.0,1.93,0.73,0.022,3.61
2024-04-22,3.021,2.936,3.033,2.935,2262596,735673390.0,3.24,-2.88,-0.087,3.82
2024-04-23,2.922,2.888,2.931,2.877,1701746,541887570.0,1.84,-1.63,-0.048,2.87
2024-04-24,2.888,2.889,2.894,2.855,1505201,475262342.0,1.35,0.03,0.001,2.54
2024-04-25,2.881,2.908,2.909,2.876,1004093,319003727.0,1.14,0.66,0.019,1.69
2024-04-26,2.902,2.879,2.919,2.858,1485486,469800614.0,2.1,-1.0,-0.029,2.5
2024-04-29,2.865,2.845,2.868,2.815,1893529,591166881.0,1.84,-1.18,-0.034,3.19
2024-04-30,2.839,2.858,2.876,2.837,1126821,354444371.0,1.37,0.46,0.013,1.9
2024-05-06,2.863,2.875,2.876,2.843,1324515,417117574.0,1.15,0.59,0.017,2.23
2024-05-07,2.871,2.875,2.88,2.858,839155,264589415.0,0.77,0.0,0.0,1.42
2024-05-08,2.873,2.897,2.907,2.869,1349129,428965922.0,1.32,0.77,0.022,2.28
2024-05-09,2.895,2.908,2.913,2.887,981658,312695364.0,0.9,0.38,0.011,1.66
2024-05-10,2.905,2.927,2.927,2.897,1069062,341996408.0,1.03,0.65,0.019,1.8
2024-05-13,2.922,2.931,2.935,2.888,1086766,347573335.0,1.61,0.14,0.004,1.83
2024-05-14,2.926,2.918,2.929,2.899,1144485,366107123.0,1.02,-0.44,-0.013,1.93
2024-05-15,2.914,2.917,2.936,2.901,919913,294878769.0,1.2,-0.03,-0.001,1.55
2024-05-16,2.916,2.924,2.938,2.914,1155895,371308246.0,0.82,0.24,0.007,1.95
2024-05-17,2.924,2.945,2.948,2.911,1069580,343177582.0,1.27,0.72,0.021,1.8
2024-05-20,2.943,2.984,2.992,2.943,1084265,352499537.0,1.66,1.32,0.039,1.83
2024-05-21,2.976,3.0,3.007,2.974,886762,290865366.0,1.11,0.54,0.016,1.5
2024-05-22,3.001,3.0,3.032,2.999,1302015,429529429.0,1.1,0.0,0.0,2.2
2024-05-23,2.99,2.958,2.995,2.951,1379718,448857690.0,1.47,-1.4,-0.042,2.33
2024-05-24,2.954,2.953,2.992,2.946,1163947,379070814.0,1.56,-0.17,-0.005,1.96
2024-05-27,2.955,3.01,3.01,2.955,1035116,339238701.0,1.86,1.93,0.057,1.75
2024-05-28,3.005,3.001,3.018,2.988,1195927,393670913.0,1.0,-0.3,-0.009,2.02
2024-05-29,2.995,3.004,3.031,2.989,1338303,441131422.0,1.4,0.1,0.003,2.26
2024-05-30,2.994,2.981,3.022,2.972,1197834,392687175.0,1.66,-0.77,-0.023,2.02
2024-05-31,2.98,2.988,3.003,2.98,633652,207572224.0,0.77,0.23,0.007,1.07
2024-06-03,2.983,2.957,2.984,2.941,1024577,332403966.0,1.44,-1.04,-0.031,1.73
2024-06-04,2.953,2.97,2.973,2.938,847252,274771920.0,1.18,0.44,0.013,1.43
2024-06-05,2.968,2.932,2.974,2.928,885432,286385124.0,1.55,-1.28,-0.038,1.49
2024-06-06,2.932,2.949,2.965,2.931,770106,248989697.0,1.16,0.58,0.017,1.3
2024-06-07,2.947,2.976,2.977,2.947,775250,251902045.0,1.02,0.92,0.027,1.31
2024-06-11,2.974,2.92,2.975,2.904,1182795,380005617.0,2.39,-1.88,-0.056,1.99
2024-06-12,2.914,2.961,2.965,2.899,1001026,322266154.0,2.26,1.4,0.041,1.69
2024-06-13,2.955,2.933,2.961,2.922,703739,226662702.0,1.32,-0.95,-0.028,1.19
2024-06-14,2.932,2.938,2.947,2.921,831187,267653356.0,0.89,0.17,0.005,1.4
2024-06-17,2.93,2.896,2.94,2.888,1189649,379494049.0,1.77,-1.43,-0.042,2.01
2024-06-18,2.896,2.903,2.908,2.873,762881,242461141.0,1.21,0.24,0.007,1.29
2024-06-19,2.902,2.903,2.916,2.895,645720,206053855.0,0.72,0.0,0.0,1.09
2024-06-20,2.901,2.909,2.917,2.896,637291,203378892.0,0.72,0.21,0.006,1.07
2024-06-21,2.907,2.914,2.919,2.897,740753,236594818.0,0.76,0.17,0.005,1.25
2024-06-24,2.906,2.872,2.906,2.858,934495,295363246.0,1.65,-1.44,-0.042,1.58
2024-06-25,2.871,2.885,2.897,2.87,723987,229236035.0,0.94,0.45,0.013,1.22
2024-06-26,2.884,2.893,2.896,2.867,675989,214021107.0,1.01,0.28,0.008,1.14
2024-06-27,2.893,2.893,2.906,2.88,836661,266049053.0,0.9,0.0,0.0,1.41
2024-06-28,2.891,2.916,2.924,2.884,797687,254985981.0,1.38,0.8,0.023,1.35
2024-07-01,2.91,2.984,2.987,2.907,1535858,499009361.0,2.74,2.33,0.068,2.59
2024-07-02,2.982,2.986,2.995,2.96,817392,266958356.0,1.17,0.07,0.002,1.38
2024-07-03,2.986,2.964,2.993,2.958,812253,264655992.0,1.17,-0.74,-0.022,1.37
2024-07-04,2.964,2.95,2.978,2.944,664020,215325824.0,1.15,-0.47,-0.014,1.12
2024-07-05,2.95,2.933,2.959,2.915,1157198,371881325.0,1.49,-0.58,-0.017,1.95
2024-07-08,2.932,2.922,2.942,2.915,822721,264212320.0,0.92,-0.38,-0.011,1.39
2024-07-09,2.921,2.948,2.95,2.898,969997,311501408.0,1.78,0.89,0.026,1.64
2024-07-10,2.942,2.882,2.943,2.878,1514260,481635213.0,2.2,-2.24,-0.066,2.55
2024-07-11,2.885,2.877,2.894,2.866,1405205,443982393.0,0.97,-0.17,-0.005,2.37
2024-07-12,2.877,2.873,2.895,2.866,869355,274879380.0,1.01,-0.14,-0.004,1.47
2024-07-15,2.867,2.91,2.913,2.853,1011072,321323695.0,2.09,1.29,0.037,1.7
2024-07-16,2.906,2.897,2.913,2.883,790068,251130425.0,1.03,-0.45,-0.013,1.33
2024-07-17,2.895,2.884,2.901,2.872,638204,201954786.0,1.0,-0.45,-0.013,1.08
2024-07-18,2.881,2.888,2.889,2.852,898818,283359890.0,1.28,0.14,0.004,1.52
2024-07-19,2.879,2.865,2.881,2.847,1136112,357154250.0,1.18,-0.8,-0.023,1.92
2024-07-22,2.858,2.833,2.858,2.806,1745594,543203072.0,1.82,-1.12,-0.032,2.94
2024-07-23,2.828,2.812,2.834,2.808,739471,229830204.0,0.92,-0.74,-0.021,1.25
2024-07-24,2.809,2.814,2.822,2.796,777901,240726775.0,0.92,0.07,0.002,1.31
2024-07-25,2.805,2.8,2.808,2.775,983009,302561240.0,1.17,-0.5,-0.014,1.66
2024-07-26,2.796,2.782,2.803,2.766,805864,247013868.0,1.32,-0.64,-0.018,1.36
2024-07-29,2.775,2.794,2.795,2.768,562129,172570612.0,0.97,0.43,0.012,0.95
2024-07-30,2.79,2.779,2.791,2.767,547353,167497865.0,0.86,-0.54,-0.015,0.92
2024-07-31,2.778,2.808,2.81,2.774,998664,307491908.0,1.3,1.04,0.029,1.68
2024-08-01,2.808,2.811,2.821,2.799,592196,183314308.0,0.78,0.11,0.003,1.0
2024-08-02,2.797,2.803,2.815,2.783,862146,266371163.0,1.14,-0.28,-0.008,1.45
2024-08-05,2.797,2.762,2.803,2.758,1128491,345893056.0,1.61,-1.46,-0.041,1.9
2024-08-06,2.763,2.751,2.781,2.728,1079816,327458332.0,1.92,-0.4,-0.011,1.82
2024-08-07,2.74,2.763,2.778,2.738,756568,230656971.0,1.45,0.44,0.012,1.28
2024-08-08,2.763,2.774,2.778,2.753,657904,200808544.0,0.9,0.4,0.011,1.11
2024-08-09,2.774,2.763,2.78,2.759,816467,249206238.0,0.76,-0.4,-0.011,1.38
2024-08-12,2.758,2.783,2.79,2.75,721918,221021131.0,1.45,0.72,0.02,1.22
2024-08-13,2.779,2.784,2.791,2.765,961066,294386057.0,0.93,0.04,0.001,1.62
2024-08-14,2.783,2.777,2.79,2.772,469715,144050369.0,0.65,-0.25,-0.007,0.79
2024-08-15,2.775,2.806,2.813,2.768,869418,268150604.0,1.62,1.04,0.029,1.47
2024-08-16,2.806,2.811,2.818,2.798,584371,180875895.0,0.71,0.18,0.005,0.99
2024-08-19,2.81,2.841,2.843,2.807,882449,275316304.0,1.28,1.07,0.03,1.49
2024-08-20,2.843,2.806,2.845,2.791,866623,268071028.0,1.9,-1.23,-0.035,1.46
2024-08-21,2.8,2.773,2.801,2.755,945657,288945858.0,1.64,-1.18,-0.033,1.59
2024-08-22,2.771,2.776,2.789,2.765,743968,227956652.0,0.87,0.11,0.003,1.25
2024-08-23,2.775,2.774,2.785,2.76,662428,202301178.0,0.9,-0.07,-0.002,1.12
2024-08-26,2.771,2.758,2.774,2.741,737557,223879047.0,1.19,-0.58,-0.016,1.24
2024-08-27,2.753,2.765,2.769,2.75,508127,154827183.0,0.69,0.25,0.007,0.86
2024-08-28,2.76,2.752,2.773,2.743,503051,152913498.0,1.08,-0.47,-0.013,0.85
2024-08-29,2.75,2.696,2.75,2.691,1228782,367673933.0,2.14,-2.03,-0.056,2.07
2024-08-30,2.694,2.705,2.727,2.671,1151160,343487081.0,2.08,0.33,0.009,1.94
2024-09-02,2.699,2.72,2.737,2.669,973419,292124401.0,2.51,0.55,0.015,1.64
2024-09-03,2.718,2.693,2.728,2.674,1126224,334918991.0,1.99,-0.99,-0.027,1.9
2024-09-04,2.685,2.692,2.699,2.667,642475,190762708.0,1.19,-0.04,-0.001,1.08
2024-09-05,2.689,2.694,2.703,2.681,518895,154374591.0,0.82,0.07,0.002,0.88
2024-09-06,2.695,2.67,2.706,2.668,659429,195875597.0,1.41,-0.89,-0.024,1.11
2024-09-09,2.661,2.615,2.663,2.606,1179836,343230502.0,2.13,-2.06,-0.055,1.99
2024-09-10,2.614,2.622,2.627,2.598,978891,283409499.0,1.11,0.27,0.007,1.65
2024-09-11,2.617,2.558,2.617,2.545,1480728,422393854.0,2.75,-2.44,-0.064,2.5
2024-09-12,2.555,2.568,2.579,2.545,1755122,500124280.0,1.33,0.39,0.01,2.96
2024-09-13,2.566,2.56,2.591,2.557,1329525,380204794.0,1.32,-0.31,-0.008,2.24
2024-09-18,2.559,2.593,2.597,2.557,989235,282934205.0,1.56,1.29,0.033,1.67
2024-09-19,2.594,2.588,2.601,2.564,986011,282940216.0,1.43,-0.19,-0.005,1.66
2024-09-20,2.587,2.589,2.594,2.571,617296,176994157.0,0.89,0.04,0.001,1.04
2024-09-23,2.585,2.62,2.627,2.58,902406,261275260.0,1.82,1.2,0.031,1.52
2024-09-24,2.647,2.754,2.755,2.635,2491896,746372074.0,4.58,5.11,0.134,4.2
2024-09-25,2.801,2.8,2.864,2.794,3477545,1082686965.0,2.54,1.67,0.046,5.86
2024-09-26,2.794,2.904,2.909,2.789,2970679,932807748.0,4.29,3.71,0.104,5.01
2024-09-27,2.939,2.893,2.968,2.853,2413384,768259732.0,3.96,-0.38,-0.011,4.07
2024-09-30,2.97,3.114,3.148,2.947,5874140,1951601206.0,6.95,7.64,0.221,9.91
2024-10-08,3.446,3.119,3.446,3.031,5076378,1766260048.0,13.33,0.16,0.005,8.56
2024-10-09,3.085,2.863,3.085,2.861,2699415,869561173.0,7.18,-8.21,-0.256,4.55
2024-10-10,2.863,2.985,3.06,2.863,4032208,1319200654.0,6.88,4.26,0.122,6.8
2024-10-11,2.987,2.941,3.015,2.91,2652616,862469389.0,3.52,-1.47,-0.044,4.47
2024-10-14,2.953,3.027,3.049,2.953,2313648,762403772.0,3.26,2.92,0.086,3.9
2024-10-15,3.015,2.946,3.023,2.944,1900074,621221100.0,2.61,-2.68,-0.081,3.2
2024-10-16,2.928,2.994,3.015,2.924,1708854,558279644.0,3.09,1.63,0.048,2.88
2024-10-17,2.993,2.946,3.017,2.943,1382739,450750236.0,2.47,-1.6,-0.048,2.33
2024-10-18,2.94,2.967,3.002,2.896,2385834,770905583.0,3.6,0.71,0.021,4.02
2024-10-21,2.97,2.947,2.975,2.926,2071388,668863440.0,1.65,-0.67,-0.02,3.49
2024-10-22,2.947,2.959,2.973,2.933,1150962,372895639.0,1.36,0.41,0.012,1.94
2024-10-23,2.959,2.96,2.97,2.947,1474760,478138345.0,0.78,0.03,0.001,2.49
2024-10-24,2.954,2.941,2.956,2.931,1535926,495789574.0,0.84,-0.64,-0.019,2.59
2024-10-25,2.941,2.939,2.949,2.929,1152928,371592637.0,0.68,-0.07,-0.002,1.94
2024-10-28,2.936,2.96,2.961,2.929,1638892,529689427.0,1.09,0.71,0.021,2.76
2024-10-29,2.958,2.915,2.965,2.907,1432611,460595983.0,1.96,-1.52,-0.045,2.42
2024-10-30,2.915,2.88,2.92,2.861,1460926,462622652.0,2.02,-1.2,-0.035,2.46
2024-10-31,2.879,2.861,2.879,2.832,1348018,423354446.0,1.63,-0.66,-0.019,2.27
2024-11-01,2.855,2.89,2.908,2.851,1955466,620888484.0,1.99,1.01,0.029,3.3
2024-11-04,2.895,2.904,2.907,2.858,909167,288044828.0,1.7,0.48,0.014,1.53
2024-11-05,2.903,2.933,2.933,2.894,1376283,440700142.0,1.34,1.0,0.029,2.32
2024-11-06,2.933,2.905,2.933,2.893,2021931,645621491.0,1.36,-0.95,-0.028,3.41
2024-11-07,2.896,2.974,2.975,2.892,1832475,590799638.0,2.86,2.38,0.069,3.09
2024-11-08,2.981,2.941,2.993,2.922,1711411,553405289.0,2.39,-1.11,-0.033,2.89
2024-11-11,2.935,2.908,2.935,2.887,1794435,571324327.0,1.63,-1.12,-0.033,3.03
2024-11-12,2.905,2.888,2.93,2.875,1862926,594122359.0,1.89,-0.69,-0.02,3.14
2024-11-13,2.885,2.908,2.911,2.877,1387584,441594912.0,1.18,0.69,0.02,2.34
2024-11-14,2.903,2.882,2.914,2.878,1336184,425095871.0,1.24,-0.89,-0.026,2.25
2024-11-15,2.875,2.885,2.91,2.87,2264362,719396361.0,1.39,0.1,0.003,3.82
2024-11-18,2.902,2.933,2.975,2.9,2720798,879480495.0,2.6,1.66,0.048,4.59
2024-11-19,2.933,2.924,2.944,2.895,2329066,745195537.0,1.67,-0.31,-0.009,3.93
2024-11-20,2.92,2.93,2.931,2.91,1108157,355272026.0,0.72,0.21,0.006,1.87
2024-11-21,2.925,2.933,2.937,2.92,912842,293282711.0,0.58,0.1,0.003,1.54
2024-11-22,2.933,2.857,2.946,2.852,1977811,628523274.0,3.2,-2.59,-0.076,3.34
2024-11-25,2.857,2.863,2.888,2.848,2022688,636641287.0,1.4,0.21,0.006,3.41
2024-11-26,2.857,2.874,2.885,2.85,889395,280983607.0,1.22,0.38,0.011,1.5
2024-11-27,2.874,2.904,2.906,2.84,2248762,711555586.0,2.3,1.04,0.03,3.79
2024-11-28,2.9,2.901,2.915,2.894,927653,295960702.0,0.72,-0.1,-0.003,1.56
2024-11-29,2.9,2.916,2.929,2.9,1239056,396986685.0,1.0,0.52,0.015,2.09
2024-12-02,2.924,2.924,2.928,2.898,1214091,388125396.0,1.03,0.27,0.008,2.05
2024-12-03,2.917,2.956,2.96,2.908,2434126,785749045.0,1.78,1.09,0.032,4.1
2024-12-04,2.953,2.981,2.995,2.935,2629125,856472737.0,2.03,0.85,0.025,4.43
2024-12-05,2.979,2.974,2.985,2.967,2497778,814408173.0,0.6,-0.23,-0.007,4.21
2024-12-06,2.974,3.017,3.028,2.974,3287146,1083884518.0,1.82,1.45,0.043,5.54
2024-12-09,3.017,3.025,3.045,3.003,2508580,831408475.0,1.39,0.27,0.008,4.23
2024-12-10,3.065,3.021,3.086,3.015,4043951,1346996877.0,2.35,-0.13,-0.004,6.82
2024-12-11,3.017,3.034,3.04,3.015,1296547,429677946.0,0.83,0.43,0.013,2.19
2024-12-12,3.036,3.04,3.043,3.024,1288900,427887083.0,0.63,0.2,0.006,2.17
2024-12-13,3.037,3.003,3.037,2.995,1915784,631300359.0,1.38,-1.22,-0.037,3.23
2024-12-16,3.0,3.032,3.053,2.996,1908725,632894247.0,1.9,0.97,0.029,3.22
2024-12-17,3.023,3.027,3.051,3.017,1760411,584300688.0,1.12,-0.16,-0.005,2.97
2024-12-18,3.034,3.047,3.065,3.032,1969120,656843420.0,1.09,0.66,0.02,3.32
2024-12-19,3.035,3.007,3.036,2.993,1811738,597160320.0,1.41,-1.31,-0.04,3.06
2024-12-20,2.999,2.979,3.013,2.977,1426202,466696688.0,1.2,-0.93,-0.028,2.4
2024-12-23,2.975,2.993,3.017,2.975,1617728,531636042.0,1.41,0.47,0.014,2.73
2024-12-24,2.993,3.026,3.031,2.988,1639458,541523489.0,1.44,1.1,0.033,2.76
2024-12-25,3.026,3.041,3.049,3.02,1695288,563198679.0,0.96,0.5,0.015,2.86
2024-12-26,3.042,3.031,3.044,3.019,1618611,535843856.0,0.82,-0.33,-0.01,2.73
2024-12-27,3.023,3.03,3.032,2.997,1510245,498771822.0,1.15,-0.03,-0.001,2.55
2024-12-30,3.029,3.077,3.08,3.025,2494389,835007238.0,1.82,1.55,0.047,4.21
2024-12-31,3.078,3.066,3.103,3.06,2426270,816818217.0,1.4,-0.36,-0.011,4.09
2025-01-02,3.066,2.994,3.083,2.97,2912808,963523375.0,3.69,-2.35,-0.072,4.91
2025-01-03,2.997,2.963,3.005,2.953,3120309,1017359129.0,1.74,-1.04,-0.031,5.26
2025-01-06,2.958,2.963,2.964,2.925,1596461,515785771.0,1.32,0.0,0.0,2.69
2025-01-07,2.962,2.949,2.962,2.915,1643225,528765167.0,1.59,-0.47,-0.014,2.77
2025-01-08,2.94,2.943,2.958,2.909,1288300,414840256.0,1.66,-0.2,-0.006,2.17
2025-01-09,2.937,2.899,2.937,2.895,1913486,610367009.0,1.43,-1.5,-0.044,3.23
2025-01-10,2.9,2.866,2.908,2.865,2116176,669076458.0,1.48,-1.14,-0.033,3.57
2025-01-13,2.855,2.839,2.867,2.825,1367593,427664333.0,1.47,-0.94,-0.027,2.31
2025-01-14,2.84,2.889,2.894,2.838,2019537,637514555.0,1.97,1.76,0.05,3.41
2025-01-15,2.889,2.898,2.926,2.884,1436467,457884994.0,1.45,0.31,0.009,2.42
2025-01-16,2.903,2.928,2.934,2.903,1342170,430139438.0,1.07,1.04,0.03,2.26
2025-01-17,2.925,2.911,2.927,2.896,1330096,425256965.0,1.06,-0.58,-0.017,2.24
2025-01-20,2.911,2.9,2.921,2.895,1611917,514639382.0,0.89,-0.38,-0.011,2.72
2025-01-21,2.91,2.884,2.912,2.874,2176115,659378954.0,1.31,-0.55,-0.016,3.67
2025-01-22,2.884,2.86,2.884,2.853,1299265,390232798.0,1.07,-0.83,-0.024,2.19
2025-01-23,2.876,2.909,2.92,2.876,2079323,633230475.0,1.54,1.71,0.049,3.51
2025-01-24,2.902,2.924,2.934,2.888,1768204,540343135.0,1.58,0.52,0.015,2.98
2025-01-27,2.924,2.962,2.971,2.924,1405517,435627010.0,1.61,1.3,0.038,2.37
2025-02-05,2.963,2.9,2.968,2.893,2340959,715366927.0,2.53,-2.09,-0.062,3.95
2025-02-06,2.898,2.898,2.906,2.877,2522980,764346957.0,1.0,-0.07,-0.002,4.25
2025-02-07,2.898,2.911,2.918,2.88,2777155,845621577.0,1.31,0.45,0.013,4.68
2025-02-10,2.907,2.904,2.909,2.894,2187059,665773849.0,0.52,-0.24,-0.007,3.69
2025-02-11,2.904,2.917,2.918,2.902,1797734,549307825.0,0.55,0.45,0.013,3.03
2025-02-12,2.918,2.919,2.921,2.902,1813057,553650356.0,0.65,0.07,0.002,3.06
2025-02-13,2.917,2.922,2.931,2.914,2088613,640334377.0,0.58,0.1,0.003,3.52
2025-02-14,2.921,2.925,2.927,2.908,2255140,689851319.0,0.65,0.1,0.003,3.8
2025-02-17,2.925,2.912,2.928,2.899,1938822,591055793.0,0.99,-0.44,-0.013,3.27
2025-02-18,2.91,2.91,2.928,2.9,2491054,761812600.0,0.96,-0.07,-0.002,4.2
2025-02-19,2.905,2.892,2.907,2.887,2235873,678959018.0,0.69,-0.62,-0.018,3.77
2025-02-20,2.887,2.879,2.89,2.877,1967385,594853971.0,0.45,-0.45,-0.013,3.32
2025-02-21,2.88,2.857,2.884,2.852,3522056,1058072446.0,1.11,-0.76,-0.022,5.94
2025-02-24,2.856,2.853,2.859,2.838,2354575,704388238.0,0.74,-0.14,-0.004,3.97
2025-02-25,2.848,2.832,2.857,2.829,2087774,623072744.0,0.98,-0.74,-0.021,3.52
2025-02-26,2.832,2.858,2.865,2.832,2076594,622448532.0,1.17,0.92,0.026,3.5
2025-02-27,2.859,2.885,2.885,2.853,1876808,565650501.0,1.12,0.94,0.027,3.16
2025-02-28,2.884,2.867,2.896,2.864,1639657,495345853.0,1.11,-0.62,-0.018,2.76
2025-03-03,2.867,2.854,2.876,2.853,2051023,615784707.0,0.8,-0.45,-0.013,3.46
2025-03-04,2.854,2.853,2.859,2.84,974080,291657495.0,0.67,-0.04,-0.001,1.64
2025-03-05,2.853,2.861,2.861,2.841,1132824,339089688.0,0.7,0.28,0.008,1.91
2025-03-06,2.861,2.855,2.864,2.842,1722878,515598502.0,0.77,-0.21,-0.006,2.91
2025-03-07,2.853,2.854,2.864,2.849,2246833,673568017.0,0.53,-0.04,-0.001,3.79
2025-03-10,2.852,2.858,2.859,2.842,1368229,409759286.0,0.6,0.14,0.004,2.31
2025-03-11,2.85,2.879,2.88,2.843,1884860,566783383.0,1.29,0.73,0.021,3.18
2025-03-12,2.879,2.875,2.883,2.868,1020184,307969053.0,0.52,-0.14,-0.004,1.72
2025-03-13,2.871,2.903,2.904,2.87,2057992,625036125.0,1.18,0.97,0.028,3.47
2025-03-14,2.9,2.925,2.934,2.898,2416241,740449971.0,1.24,0.76,0.022,4.07
2025-03-17,2.926,2.934,2.938,2.92,1363699,419182885.0,0.62,0.31,0.009,2.3
2025-03-18,2.934,2.922,2.936,2.911,1349807,413544469.0,0.85,-0.41,-0.012,2.28
2025-03-19,2.918,2.923,2.927,2.908,1007445,308412086.0,0.65,0.03,0.001,1.7
2025-03-20,2.923,2.918,2.934,2.915,1911142,585948012.0,0.65,-0.17,-0.005,3.22
2025-03-21,2.915,2.912,2.937,2.9,1745557,534916071.0,1.27,-0.21,-0.006,2.94
2025-03-24,2.911,2.935,2.937,2.911,1462197,448782776.0,0.89,0.79,0.023,2.47
2025-03-25,2.93,2.957,2.957,2.929,1690546,522325495.0,0.95,0.75,0.022,2.85
2025-03-26,2.953,2.958,2.96,2.941,1713990,530788815.0,0.64,0.03,0.001,2.89
2025-03-27,2.957,2.956,2.962,2.948,939027,291081985.0,0.47,-0.07,-0.002,1.58
2025-03-28,2.952,2.939,2.956,2.931,1571929,484495058.0,0.85,-0.58,-0.017,2.65
2025-03-31,2.936,2.93,2.952,2.924,1507175,464119231.0,0.95,-0.31,-0.009,2.54
2025-04-01,2.928,2.954,2.955,2.927,1136417,350848542.0,0.96,0.82,0.024,1.92
2025-04-02,2.954,2.969,2.973,2.949,1331272,413946188.0,0.81,0.51,0.015,2.24
2025-04-03,2.955,2.974,2.977,2.946,1451695,451452176.0,1.04,0.17,0.005,2.45
2025-04-07,2.907,2.795,2.91,2.732,4718645,1400235161.0,5.99,-6.02,-0.179,7.96
2025-04-08,2.796,2.86,2.86,2.795,2981326,888849289.0,2.33,2.33,0.065,5.03
2025-04-09,2.84,2.864,2.869,2.802,2688583,801625258.0,2.34,0.14,0.004,4.53
2025-04-10,2.877,2.895,2.905,2.867,2917030,885372931.0,1.33,1.08,0.031,4.92
2025-04-11,2.887,2.88,2.888,2.87,1207799,365078983.0,0.62,-0.52,-0.015,2.04
2025-04-14,2.88,2.908,2.912,2.877,1231224,374237437.0,1.22,0.97,0.028,2.08
2025-04-15,2.908,2.923,2.924,2.901,1189906,363495779.0,0.79,0.52,0.015,2.01
2025-04-16,2.92,2.939,2.941,2.913,1474685,452387325.0,0.96,0.55,0.016,2.49
2025-04-17,2.935,2.932,2.935,2.918,810585,248877279.0,0.58,-0.24,-0.007,1.37
2025-04-18,2.924,2.934,2.937,2.923,831692,255559322.0,0.48,0.07,0.002,1.4
2025-04-21,2.932,2.924,2.951,2.922,978448,301075505.0,0.99,-0.34,-0.01,1.65
2025-04-22,2.921,2.934,2.939,2.92,1259329,387436756.0,0.65,0.34,0.01,2.12
2025-04-23,2.934,2.918,2.937,2.915,1060247,324950805.0,0.75,-0.55,-0.016,1.79
2025-04-24,2.917,2.931,2.938,2.912,958976,294733956.0,0.89,0.45,0.013,1.62
2025-04-25,2.929,2.928,2.936,2.921,701000,215152749.0,0.51,-0.1,-0.003,1.18
2025-04-28,2.927,2.931,2.934,2.917,1183115,363368046.0,0.58,0.1,0.003,2.0
2025-04-29,2.928,2.919,2.933,2.914,799785,245018119.0,0.65,-0.41,-0.012,1.35
2025-04-30,2.919,2.895,2.919,2.891,1172012,356508256.0,0.96,-0.82,-0.024,1.98
2025-05-06,2.897,2.887,2.9,2.877,1164457,352428894.0,0.79,-0.28,-0.008,1.96
2025-05-07,2.9,2.906,2.912,2.893,1687552,513728435.0,0.66,0.66,0.019,2.85
2025-05-08,2.906,2.91,2.916,2.897,899098,274413601.0,0.65,0.14,0.004,1.52
2025-05-09,2.908,2.927,2.931,2.907,1291853,396206112.0,0.82,0.58,0.017,2.18
2025-05-12,2.93,2.94,2.941,2.924,911842,280634398.0,0.58,0.44,0.013,1.54
2025-05-13,2.947,2.962,2.964,2.94,1982102,614150598.0,0.82,0.75,0.022,3.34
2025-05-14,2.958,2.99,2.991,2.952,1970155,614422151.0,1.32,0.95,0.028,3.32
2025-05-15,2.989,2.981,3.002,2.98,1414561,442995927.0,0.74,-0.3,-0.009,2.39
2025-05-16,2.975,2.963,2.98,2.947,867006,268988030.0,1.11,-0.6,-0.018,1.46
2025-05-19,2.963,2.974,2.978,2.961,867163,270282355.0,0.57,0.37,0.011,1.46
2025-05-20,2.975,2.978,2.984,2.969,915278,285541297.0,0.5,0.13,0.004,1.54
2025-05-21,2.978,3.007,3.015,2.977,1157079,364002124.0,1.28,0.97,0.029,1.95
2025-05-22,3.004,3.008,3.014,2.994,725603,228471311.0,0.67,0.03,0.001,1.22
2025-05-23,3.009,2.98,3.025,2.979,898870,282705233.0,1.53,-0.93,-0.028,1.52
2025-05-26,2.976,2.964,2.985,2.959,959427,298445311.0,0.87,-0.54,-0.016,1.62
2025-05-27,2.962,2.952,2.971,2.944,758188,235010069.0,0.91,-0.4,-0.012,1.28
2025-05-28,2.952,2.957,2.96,2.943,556996,172392932.0,0.58,0.17,0.005,0.94
2025-05-29,2.957,2.965,2.967,2.954,715069,221997032.0,0.44,0.27,0.008,1.21
2025-05-30,2.961,2.979,2.98,2.961,804824,250818749.0,0.64,0.47,0.014,1.36
2025-06-03,2.975,2.991,2.996,2.96,749225,234014853.0,1.21,0.4,0.012,1.26
2025-06-04,2.992,2.999,2.999,2.981,692411,217069614.0,0.6,0.27,0.008,1.17
2025-06-05,2.997,2.981,3.006,2.973,789064,246694544.0,1.1,-0.6,-0.018,1.33
2025-06-06,2.981,2.981,2.995,2.977,1110793,347082120.0,0.6,0.0,0.0,1.87
2025-06-09,2.981,2.985,2.986,2.967,754241,235332325.0,0.64,0.13,0.004,1.27
2025-06-10,2.982,2.99,3.005,2.975,1065857,334252841.0,1.01,0.17,0.005,1.8
2025-06-11,2.988,2.999,3.001,2.986,634946,199338142.0,0.5,0.3,0.009,1.07
2025-06-12,2.999,2.997,3.0,2.99,512471,160803595.0,0.33,-0.07,-0.002,0.86
2025-06-13,2.996,2.982,3.0,2.976,1250913,391104908.0,0.8,-0.5,-0.015,2.11
2025-06-16,2.978,2.988,2.989,2.974,600817,187725550.0,0.5,0.2,0.006,1.01
2025-06-17,2.988,2.991,2.995,2.983,603621,189105442.0,0.4,0.1,0.003,1.02
2025-06-18,2.989,2.995,2.997,2.979,698710,219000791.0,0.6,0.13,0.004,1.18
2025-06-19,2.994,2.981,2.994,2.975,735191,229796892.0,0.63,-0.47,-0.014,1.24
2025-06-20,2.981,2.997,3.002,2.981,915665,287317349.0,0.7,0.54,0.016,1.54
2025-06-23,2.993,3.01,3.016,2.975,1115885,350443162.0,1.37,0.43,0.013,1.88
2025-06-24,3.002,3.014,3.017,2.996,1020838,321835872.0,0.7,0.13,0.004,1.72
2025-06-25,3.015,3.03,3.035,3.004,1333556,421989600.0,1.03,0.53,0.016,2.25
2025-06-26,3.027,3.037,3.042,3.022,982767,312154800.0,0.66,0.23,0.007,1.66
2025-06-27,3.036,3.011,3.05,3.004,1278158,404722320.0,1.51,-0.86,-0.026,2.16
2025-06-30,3.005,3.009,3.012,2.997,1366038,429836144.0,0.5,-0.07,-0.002,2.3
2025-07-01,3.009,3.032,3.033,3.008,994951,315150085.0,0.83,0.76,0.023,1.68
2025-07-02,3.034,3.056,3.057,3.032,1178854,376313306.0,0.82,0.79,0.024,1.99
2025-07-03,3.054,3.055,3.064,3.045,1087846,348047433.0,0.62,-0.03,-0.001,1.83
2025-07-04,3.054,3.079,3.09,3.053,1677077,539974042.0,1.21,0.79,0.024,2.83
2025-07-07,3.076,3.092,3.092,3.064,958276,308935440.0,0.91,0.42,0.013,1.62
2025-07-08,3.089,3.086,3.099,3.075,717535,231601535.0,0.78,-0.19,-0.006,1.21
2025-07-09,3.085,3.102,3.109,3.083,780209,253102861.0,0.84,0.52,0.016,1.32
2025-07-10,3.101,3.128,3.134,3.1,755640,246576780.0,1.1,0.84,0.026,1.27
2025-07-11,3.127,3.107,3.144,3.107,1367765,447220525.0,1.18,-0.67,-0.021,2.31
2025-07-14,3.104,3.129,3.141,3.103,1085861,355275711.0,1.22,0.71,0.022,1.83
2025-07-15,3.125,3.09,3.129,3.083,1246225,403984389.0,1.47,-1.25,-0.039,2.1
2025-07-16,3.089,3.078,3.091,3.062,1657373,533075010.0,0.94,-0.39,-0.012,2.79
2025-07-17,3.076,3.069,3.082,3.061,1089411,349830234.0,0.68,-0.29,-0.009,1.84
2025-07-18,3.069,3.083,3.085,3.068,806143,259717719.0,0.55,0.46,0.014,1.36
2025-07-21,3.083,3.104,3.105,3.082,1005313,325907446.0,0.75,0.68,0.021,1.7
2025-07-22,3.104,3.157,3.162,3.081,1953370,640154670.0,2.61,1.71,0.053,3.29
2025-07-23,3.171,3.154,3.186,3.151,1544034,511370562.0,1.11,-0.1,-0.003,2.6
2025-07-24,3.151,3.164,3.165,3.132,1324573,436800288.0,1.05,0.32,0.01,2.23
2025-07-25,3.161,3.15,3.182,3.145,1168355,386062855.0,1.17,-0.44,-0.014,1.97
2025-07-28,3.139,3.117,3.139,3.107,1424407,464594889.0,1.02,-1.05,-0.033,2.4
2025-07-29,3.108,3.108,3.116,3.091,1179327,382663718.0,0.8,-0.29,-0.009,1.99
2025-07-30,3.107,3.119,3.139,3.106,1353640,442289421.0,1.06,0.35,0.011,2.28
2025-07-31,3.108,3.068,3.112,3.053,1990172,638954821.0,1.89,-1.64,-0.051,3.36
2025-08-01,3.067,3.065,3.079,3.053,880379,282201386.0,0.85,-0.1,-0.003,1.48
2025-08-04,3.052,3.079,3.081,3.051,884294,284009313.0,0.98,0.46,0.014,1.49
2025-08-05,3.08,3.111,3.113,3.075,870687,282106022.0,1.23,1.04,0.032,1.47
2025-08-06,3.112,3.124,3.127,3.109,1147258,374422005.0,0.58,0.42,0.013,1.93
2025-08-07,3.124,3.136,3.141,3.112,1470667,481477943.0,0.93,0.38,0.012,2.48
2025-08-08,3.132,3.135,3.145,3.127,988075,324005803.0,0.57,-0.03,-0.001,1.67
2025-08-11,3.134,3.117,3.14,3.114,1613798,526366177.0,0.83,-0.57,-0.018,2.72
2025-08-12,3.117,3.135,3.149,3.117,1049482,344012480.0,1.03,0.58,0.018,1.77
2025-08-13,3.135,3.115,3.139,3.112,1079083,351994155.0,0.86,-0.64,-0.02,1.82
2025-08-14,3.115,3.094,3.122,3.091,1092527,354894970.0,1.0,-0.67,-0.021,1.84
2025-08-15,3.09,3.088,3.09,3.066,1299361,418361746.0,0.78,-0.19,-0.006,2.19
2025-08-18,3.087,3.08,3.093,3.071,1349691,434845368.0,0.71,-0.26,-0.008,2.28
2025-08-19,3.078,3.074,3.08,3.069,1032323,332002502.0,0.36,-0.19,-0.006,1.74
2025-08-20,3.071,3.097,3.098,3.063,1129755,364871739.0,1.14,0.75,0.023,1.91
2025-08-21,3.097,3.113,3.115,3.088,1279082,415674551.0,0.87,0.52,0.016,2.16
2025-08-22,3.115,3.11,3.115,3.083,1692019,547820885.0,1.03,-0.1,-0.003,2.85
2025-08-25,3.111,3.13,3.131,3.1,1763786,574875219.0,1.0,0.64,0.02,2.97
2025-08-26,3.127,3.118,3.13,3.117,1070616,349638135.0,0.42,-0.38,-0.012,1.81
2025-08-27,3.115,3.065,3.116,3.062,1908969,616117897.0,1.73,-1.7,-0.053,3.22
2025-08-28,3.062,3.062,3.071,3.033,2241811,716433418.0,1.24,-0.1,-0.003,3.78
2025-08-29,3.058,3.046,3.084,3.043,1809807,579134004.0,1.34,-0.52,-0.016,3.05
2025-09-01,3.045,3.028,3.055,3.021,2129620,676408329.0,1.12,-0.59,-0.018,3.59
2025-09-02,3.028,3.043,3.044,3.022,1386062,440228971.0,0.73,0.5,0.015,2.34
2025-09-03,3.042,3.01,3.045,3.005,1751306,553425776.0,1.31,-1.08,-0.033,2.95
2025-09-04,3.006,3.029,3.032,2.979,2045584,643178290.0,1.76,0.63,0.019,3.45
2025-09-05,3.023,3.019,3.024,3.001,1351636,426184701.0,0.76,-0.33,-0.01,2.28
2025-09-08,3.017,3.025,3.028,3.009,1117115,353563515.0,0.63,0.2,0.006,1.88
2025-09-09,3.025,3.027,3.031,3.012,1026773,325048395.0,0.63,0.07,0.002,1.73
2025-09-10,3.024,3.026,3.029,3.013,865659,274032957.0,0.53,-0.03,-0.001,1.46
2025-09-11,3.024,3.031,3.031,3.007,1754925,554593269.0,0.79,0.17,0.005,2.96
2025-09-12,3.028,3.016,3.035,3.011,1360004,430411442.0,0.79,-0.49,-0.015,2.29
2025-09-15,3.013,2.999,3.013,2.992,1633607,513234756.0,0.7,-0.56,-0.017,2.75
2025-09-16,3.002,2.992,3.016,2.988,1152566,361916019.0,0.93,-0.23,-0.007,1.94
2025-09-17,2.991,3.006,3.01,2.982,1556716,489338053.0,0.94,0.47,0.014,2.63
2025-09-18,3.007,2.953,3.007,2.939,3433799,1068605314.0,2.26,-1.76,-0.053,5.79
2025-09-19,2.953,2.97,2.971,2.934,2549076,789274234.0,1.25,0.58,0.017,4.3
2025-09-22,2.969,2.944,2.97,2.937,1405483,434515263.0,1.11,-0.88,-0.026,2.37
2025-09-23,2.944,2.962,2.964,2.927,2266503,701061686.0,1.26,0.61,0.018,3.82
2025-09-24,2.957,2.968,2.979,2.95,1472298,457454869.0,0.98,0.2,0.006,2.48
2025-09-25,2.963,2.954,2.965,2.94,1327719,410443852.0,0.84,-0.47,-0.014,2.24
2025-09-26,2.952,2.955,2.961,2.937,1374953,425490676.0,0.81,0.03,0.001,2.32
2025-09-29,2.948,2.95,2.962,2.929,2148054,662483851.0,1.12,-0.17,-0.005,3.62
2025-09-30,2.948,2.939,2.949,2.93,1154267,355382758.0,0.64,-0.37,-0.011,1.95
2025-10-09,2.939,2.96,2.96,2.925,1929474,594695149.0,1.19,0.71,0.021,3.25
2025-10-10,2.957,2.993,2.998,2.948,2659473,832048253.0,1.69,1.11,0.033,4.48
2025-10-13,2.982,2.997,3.002,2.951,2384906,743812669.0,1.7,0.13,0.004,4.02
2025-10-14,2.996,3.061,3.062,2.983,4742432,1507596097.0,2.64,2.14,0.064,8.0
2025-10-15,3.06,3.064,3.072,3.044,2384312,763943699.0,0.91,0.1,0.003,4.02
2025-10-16,3.058,3.096,3.101,3.054,2420802,781310136.0,1.53,1.04,0.032,4.08
2025-10-17,3.096,3.086,3.125,3.081,2439190,792139562.0,1.42,-0.32,-0.01,4.11
2025-10-20,3.086,3.113,3.115,3.057,2526386,816254793.0,1.88,0.87,0.027,4.26
2025-10-21,3.1,3.105,3.11,3.085,1603584,519618096.0,0.8,-0.26,-0.008,2.7
2025-10-22,3.098,3.11,3.113,3.095,1177322,382621933.0,0.58,0.16,0.005,1.99
2025-10-23,3.105,3.135,3.14,3.105,2259497,739691906.0,1.13,0.8,0.025,3.81
2025-10-24,3.122,3.116,3.13,3.111,1955657,637760802.0,0.61,-0.61,-0.019,3.3
2025-10-27,3.11,3.129,3.143,3.092,1816023,592349598.0,1.64,0.42,0.013,3.06
2025-10-28,3.125,3.124,3.136,3.11,1229884,401591094.0,0.83,-0.16,-0.005,2.07
2025-10-29,3.122,3.106,3.122,3.087,1712947,555620855.0,1.12,-0.58,-0.018,2.89
2025-10-30,3.102,3.105,3.128,3.099,1148432,373835004.0,0.93,-0.03,-0.001,1.94
2025-10-31,3.104,3.097,3.105,3.082,1144085,370000179.0,0.74,-0.26,-0.008,1.93
2025-11-03,3.097,3.14,3.142,3.096,1916338,626811594.0,1.49,1.39,0.043,3.23
2025-11-04,3.14,3.17,3.184,3.137,2230019,737846054.0,1.5,0.96,0.03,3.76
2025-11-05,3.163,3.179,3.189,3.149,1289430,427582154.0,1.26,0.28,0.009,2.17
2025-11-06,3.172,3.183,3.192,3.159,943283,313556933.0,1.04,0.13,0.004,1.59
2025-11-07,3.183,3.188,3.207,3.182,758414,252940407.0,0.79,0.16,0.005,1.28
2025-11-10,3.185,3.213,3.215,3.174,950779,318181716.0,1.29,0.78,0.025,1.6
2025-11-11,3.211,3.204,3.211,3.184,919180,307055315.0,0.84,-0.28,-0.009,1.55
2025-11-12,3.202,3.217,3.232,3.202,1093402,367505154.0,0.94,0.41,0.013,1.84
2025-11-13,3.209,3.218,3.225,3.193,1030800,345429308.0,0.99,0.03,0.001,1.74
2025-11-14,3.213,3.205,3.238,3.203,992268,333939431.0,1.09,-0.4,-0.013,1.67
2025-11-17,3.205,3.186,3.205,3.168,1345215,447738536.0,1.15,-0.59,-0.019,2.27
2025-11-18,3.181,3.141,3.184,3.13,1786816,588238947.0,1.69,-1.41,-0.045,3.01
2025-11-19,3.14,3.157,3.165,3.139,1057952,348660939.0,0.83,0.51,0.016,1.78
2025-11-20,3.156,3.157,3.19,3.152,1026511,339974086.0,1.2,0.0,0.0,1.73
2025-11-21,3.147,3.112,3.157,3.107,2039587,666227783.0,1.58,-1.43,-0.045,3.44
2025-11-24,3.11,3.084,3.122,3.084,1711804,553967594.0,1.22,-0.9,-0.028,2.89
2025-11-25,3.083,3.1,3.103,3.077,1299588,420361711.0,0.84,0.52,0.016,2.19
2025-11-26,3.097,3.083,3.109,3.08,1472229,475840020.0,0.94,-0.55,-0.017,2.48
2025-11-27,3.083,3.087,3.096,3.065,1243189,401048374.0,1.01,0.13,0.004,2.1
2025-11-28,3.087,3.087,3.089,3.072,899713,290065589.0,0.55,0.0,0.0,1.52
2025-12-01,3.087,3.102,3.102,3.079,1145602,370453373.0,0.75,0.49,0.015,1.93
2025-12-02,3.101,3.106,3.107,3.093,983408,319016055.0,0.45,0.13,0.004,1.66
2025-12-03,3.103,3.098,3.121,3.093,946568,307606155.0,0.9,-0.26,-0.008,1.6
2025-12-04,3.095,3.085,3.105,3.081,850259,274815447.0,0.77,-0.42,-0.013,1.43
2025-12-05,3.084,3.083,3.087,3.063,1072889,345204617.0,0.78,-0.06,-0.002,1.81
2025-12-08,3.082,3.067,3.084,3.05,1959975,628441255.0,1.1,-0.52,-0.016,3.31
2025-12-09,3.06,3.041,3.061,3.038,1437445,458517490.0,0.75,-0.85,-0.026,2.42
2025-12-10,3.043,3.028,3.048,3.017,1508703,478269249.0,1.02,-0.43,-0.013,2.54
2025-12-11,3.028,3.012,3.031,3.002,1835372,579234276.0,0.96,-0.53,-0.016,3.09
2025-12-12,3.012,2.999,3.016,2.992,1801222,565760514.0,0.8,-0.43,-0.013,3.04
2025-12-15,3.0,3.025,3.032,2.99,1476489,467091226.0,1.4,0.87,0.026,2.49
2025-12-16,3.024,2.997,3.024,2.992,2185813,686949710.0,1.06,-0.93,-0.028,3.69
2025-12-17,2.993,3.0,3.011,2.981,1579985,495539898.0,1.0,0.1,0.003,2.66
2025-12-18,3.0,3.032,3.037,2.997,1622481,513315654.0,1.33,1.07,0.032,2.74
2025-12-19,3.032,3.031,3.04,3.016,1276725,404755029.0,0.79,-0.03,-0.001,2.15
2025-12-22,3.031,3.016,3.031,3.012,1504320,475517527.0,0.63,-0.49,-0.015,2.54
2025-12-23,3.015,3.017,3.03,3.012,1218230,385373319.0,0.6,0.03,0.001,2.05
2025-12-24,3.017,3.022,3.023,3.003,1271334,401114744.0,0.66,0.17,0.005,2.14
2025-12-25,3.022,3.031,3.034,3.02,1127728,357444737.0,0.46,0.3,0.009,1.9
2025-12-26,3.027,3.044,3.044,3.024,1214765,386249074.0,0.66,0.43,0.013,2.05
2025-12-29,3.044,3.042,3.057,3.029,1552065,494659817.0,0.92,-0.07,-0.002,2.62
2025-12-30,3.036,3.045,3.051,3.028,1374696,437951361.0,0.76,0.1,0.003,2.32
2025-12-31,3.045,3.04,3.051,3.032,1058800,337059439.0,0.62,-0.16,-0.005,1.79
2026-01-05,3.04,3.037,3.05,3.027,1607098,510847599.0,0.76,-0.1,-0.003,2.71
2026-01-06,3.037,3.075,3.076,3.029,2122084,677876074.0,1.55,1.25,0.038,3.58
2026-01-07,3.075,3.089,3.089,3.059,1453188,467902780.0,0.98,0.46,0.014,2.45
2026-01-08,3.087,3.078,3.088,3.07,1090211,351116569.0,0.58,-0.36,-0.011,1.84
2026-01-09,3.078,3.091,3.092,3.073,1217501,392760656.0,0.62,0.42,0.013,2.05
2026-01-12,3.09,3.088,3.094,3.071,1424054,459145758.0,0.74,-0.1,-0.003,2.4
2026-01-13,3.085,3.086,3.102,3.081,1411420,456857959.0,0.68,-0.06,-0.002,2.38
2026-01-14,3.085,3.056,3.093,3.054,1944569,625541707.0,1.26,-0.97,-0.03,3.28
2026-01-15,3.056,3.045,3.066,3.04,1533200,490206980.0,0.85,-0.36,-0.011,2.59
2026-01-16,3.046,3.02,3.057,3.012,2546637,808039637.0,1.48,-0.82,-0.025,4.29
2026-01-19,3.02,3.036,3.037,3.011,1692457,536333533.0,0.86,0.53,0.016,2.85
2026-01-20,3.037,3.074,3.075,3.032,1943691,621283721.0,1.42,1.25,0.038,3.28
2026-01-21,3.078,3.057,3.079,3.052,3018778,923943262.0,0.88,-0.55,-0.017,5.09
2026-01-22,3.059,3.077,3.08,3.055,1558018,478674278.0,0.82,0.65,0.02,2.63
2026-01-23,3.081,3.069,3.082,3.059,1611766,494701122.0,0.75,-0.26,-0.008,2.72
2026-01-26,3.069,3.106,3.109,3.064,2118313,654976910.0,1.47,1.21,0.037,3.57
2026-01-27,3.106,3.081,3.113,3.075,2602109,804341780.0,1.22,-0.8,-0.025,4.39
2026-01-28,3.082,3.132,3.148,3.072,3298950,1028739544.0,2.47,1.66,0.051,5.56
2026-01-29,3.134,3.166,3.168,3.12,2256031,709880740.0,1.53,1.09,0.034,3.8
2026-01-30,3.165,3.144,3.196,3.124,2645934,834801090.0,2.27,-0.69,-0.022,4.46
2026-02-02,3.137,3.046,3.138,3.042,4010476,1235729327.0,3.05,-3.12,-0.098,6.76
2026-02-03,3.049,3.051,3.064,3.028,2379582,724610538.0,1.18,0.16,0.005,4.01
2026-02-04,3.056,3.15,3.153,3.056,4374666,1363521066.0,3.18,3.24,0.099,7.38
2026-02-05,3.132,3.136,3.143,3.112,1492115,466573398.0,0.98,-0.44,-0.014,2.52
2026-02-06,3.11,3.126,3.141,3.1,1513444,472796203.0,1.31,-0.32,-0.01,2.55
2026-02-09,3.126,3.144,3.146,3.125,931810,292349656.0,0.67,0.58,0.018,1.57
2026-02-10,3.144,3.156,3.16,3.132,1188537,374162405.0,0.89,0.38,0.012,2.0
2026-02-11,3.153,3.183,3.192,3.143,2247075,713970108.0,1.55,0.86,0.027,3.79
2026-02-12,3.185,3.18,3.198,3.169,1420123,452049042.0,0.91,-0.09,-0.003,2.39
2026-02-13,3.17,3.137,3.175,3.134,1489833,469202890.0,1.29,-1.35,-0.043,2.51
2026-02-24,3.152,3.19,3.196,3.152,2172995,691885851.0,1.4,1.69,0.053,3.66
2026-02-25,3.19,3.194,3.237,3.187,3638032,1167864053.0,1.57,0.13,0.004,6.13
2026-02-26,3.197,3.195,3.211,3.178,1207771,385766967.0,1.03,0.03,0.001,2.04
2026-02-27,3.193,3.232,3.237,3.19,2063675,665145099.0,1.47,1.16,0.037,3.48
2026-03-02,3.275,3.303,3.306,3.235,3251904,1065672481.0,2.2,2.2,0.071,5.48
2026-03-03,3.306,3.367,3.404,3.296,3741153,1253251550.0,3.27,1.94,0.064,6.31
2026-03-04,3.341,3.304,3.341,3.251,1682921,553439482.0,2.67,-1.87,-0.063,2.84
2026-03-05,3.283,3.291,3.312,3.255,1385305,454326194.0,1.73,-0.39,-0.013,2.34
2026-03-06,3.282,3.285,3.29,3.253,1227179,401360823.0,1.12,-0.18,-0.006,2.07
2026-03-09,3.347,3.309,3.373,3.308,2021999,675842638.0,1.98,0.73,0.024,3.41
2026-03-10,3.256,3.27,3.283,3.24,1296122,423148675.0,1.3,-1.18,-0.039,2.19
2026-03-11,3.263,3.313,3.317,3.24,1340465,439613998.0,2.35,1.31,0.043,2.26
2026-03-12,3.325,3.381,3.392,3.313,2074272,698295169.0,2.38,2.05,0.068,3.5
2026-03-13,3.38,3.364,3.408,3.358,2042364,690999168.0,1.48,-0.5,-0.017,3.44
2026-03-16,3.365,3.335,3.381,3.33,1135786,379859829.0,1.52,-0.86,-0.029,1.92
2026-03-17,3.325,3.309,3.349,3.308,1120498,372500010.0,1.23,-0.78,-0.026,1.89
2026-03-18,3.308,3.296,3.319,3.261,1185168,389647686.0,1.75,-0.39,-0.013,2.0
2026-03-19,3.306,3.305,3.329,3.296,1345936,445624309.0,1.0,0.27,0.009,2.27
2026-03-20,3.275,3.296,3.329,3.273,1074156,355018429.0,1.69,-0.27,-0.009,1.81
2026-03-23,3.305,3.234,3.306,3.226,2022804,660155165.0,2.43,-1.88,-0.062,3.41
2026-03-24,3.23,3.269,3.27,3.227,1398703,455037626.0,1.33,1.08,0.035,2.36
2026-03-25,3.25,3.256,3.257,3.21,1575615,509345306.0,1.44,-0.4,-0.013,2.66
2026-03-26,3.251,3.268,3.288,3.248,1148295,375558985.0,1.23,0.37,0.012,1.94
2026-03-27,3.267,3.267,3.283,3.243,887788,289198915.0,1.22,-0.03,-0.001,1.5
2026-03-30,3.262,3.299,3.304,3.262,1081540,355809927.0,1.29,0.98,0.032,1.82
2026-03-31,3.293,3.251,3.314,3.248,1590399,519957179.0,2.0,-1.45,-0.048,2.68
2026-04-01,3.248,3.241,3.269,3.236,1322342,429458774.0,1.02,-0.31,-0.01,2.23
2026-04-02,3.24,3.258,3.27,3.238,1002087,326342217.0,0.99,0.52,0.017,1.69
2026-04-03,3.256,3.216,3.259,3.204,1523366,490888645.0,1.69,-1.29,-0.042,2.57
2026-04-07,3.217,3.228,3.232,3.196,1021184,328441978.0,1.12,0.37,0.012,1.72
2026-04-08,3.21,3.227,3.228,3.186,1714533,549273612.0,1.3,-0.03,-0.001,2.89
2026-04-09,3.222,3.212,3.232,3.202,792582,254702266.0,0.93,-0.46,-0.015,1.34
2026-04-10,3.211,3.218,3.231,3.205,839606,270381505.0,0.81,0.19,0.006,1.42
2026-04-13,3.225,3.223,3.233,3.202,1137072,365930898.0,0.96,0.16,0.005,1.92
2026-04-14,3.216,3.223,3.224,3.205,991290,318664154.0,0.59,0.0,0.0,1.67
2026-04-15,3.221,3.24,3.242,3.206,1155045,372895343.0,1.12,0.53,0.017,1.95
2026-04-16,3.23,3.244,3.251,3.23,942203,305409124.0,0.65,0.12,0.004,1.59
2026-04-17,3.24,3.218,3.244,3.216,1068333,344442966.0,0.86,-0.8,-0.026,1.8
2026-04-20,3.219,3.225,3.235,3.212,896280,288666367.0,0.71,0.22,0.007,1.51
2026-04-21,3.224,3.265,3.273,3.222,2186009,712181256.0,1.58,1.24,0.04,3.69
2026-04-22,3.268,3.269,3.281,3.259,1127009,368498363.0,0.67,0.12,0.004,1.9
2026-04-23,3.269,3.293,3.294,3.253,1213083,397569032.0,1.25,0.73,0.024,2.05
2026-04-24,3.277,3.28,3.292,3.266,1460046,478523898.0,0.79,-0.39,-0.013,2.46
2026-04-27,3.27,3.275,3.293,3.264,1008522,330541990.0,0.88,-0.15,-0.005,1.7
2026-04-28,3.27,3.325,3.326,3.265,1653365,545846331.0,1.86,1.53,0.05,2.79
2026-04-29,3.315,3.347,3.36,3.313,1395719,466652880.0,1.41,0.66,0.022,2.35
2026-04-30,3.34,3.341,3.357,3.324,1434351,478767666.0,0.99,-0.18,-0.006,2.42
2026-05-06,3.335,3.341,3.342,3.3,1451800,481710572.0,1.26,0.0,0.0,2.45
2026-05-07,3.327,3.272,3.327,3.268,2937811,964538060.0,1.77,-2.07,-0.069,4.95
2026-05-08,3.273,3.261,3.292,3.25,1593841,519812739.0,1.28,-0.34,-0.011,2.69
2026-05-11,3.261,3.263,3.276,3.253,1463540,477609074.0,0.71,0.06,0.002,2.47
2026-05-12,3.26,3.257,3.284,3.255,1171480,382461892.0,0.89,-0.18,-0.006,1.98
2026-05-13,3.258,3.244,3.271,3.23,1220950,396171454.0,1.26,-0.4,-0.013,2.06
2026-05-14,3.244,3.223,3.246,3.222,1022441,330506928.0,0.74,-0.65,-0.021,1.72
2026-05-15,3.224,3.223,3.244,3.21,1605664,517776590.0,1.05,0.0,0.0,2.71
2026-05-18,3.22,3.217,3.234,3.2,1885325,605137252.0,1.05,-0.19,-0.006,3.18
2026-05-19,3.217,3.222,3.228,3.208,961249,309449822.0,0.62,0.16,0.005,1.62
2026-05-20,3.222,3.215,3.23,3.208,1357173,436881640.0,0.68,-0.22,-0.007,2.29
2026-05-21,3.205,3.172,3.215,3.167,2302791,734993648.0,1.49,-1.34,-0.043,3.88
2026-05-22,3.173,3.156,3.175,3.138,1680864,530077819.0,1.17,-0.5,-0.016,2.83
2026-05-25,3.178,3.185,3.219,3.178,1972914,630135948.0,1.3,0.92,0.029,3.33
2026-05-26,3.178,3.186,3.192,3.163,1241574,394360503.0,0.91,0.03,0.001,2.09
2026-05-27,3.18,3.17,3.183,3.143,1784287,563920657.0,1.26,-0.5,-0.016,3.01
2026-05-28,3.163,3.17,3.193,3.157,1444370,459099902.0,1.14,0.0,0.0,2.44
2026-05-29,3.165,3.206,3.212,3.162,2132096,681631366.0,1.58,1.14,0.036,3.6
2026-06-01,3.212,3.307,3.315,3.206,3998342,1309404277.0,3.4,3.15,0.101,6.74
2026-06-02,3.307,3.308,3.365,3.294,3254401,1082836907.0,2.15,0.03,0.001,5.49
2026-06-03,3.29,3.324,3.339,3.264,2180349,718390296.0,2.27,0.48,0.016,3.68
2026-06-04,3.318,3.327,3.354,3.292,1691105,562193731.0,1.87,0.09,0.003,2.85
2026-06-05,3.314,3.321,3.355,3.311,2234907,745405168.0,1.32,-0.18,-0.006,3.77
2026-06-08,3.309,3.304,3.338,3.278,1744427,576629250.0,1.81,-0.51,-0.017,2.94
2026-06-09,3.28,3.291,3.3,3.266,1183731,388507413.0,1.03,-0.39,-0.013,2.0
2026-06-10,3.274,3.261,3.286,3.251,1227520,400792866.0,1.06,-0.91,-0.03,2.07
2026-06-11,3.268,3.26,3.283,3.248,909544,296504768.0,1.07,-0.03,-0.001,1.53
2026-06-12,3.246,3.303,3.309,3.238,1358116,445662306.0,2.18,1.32,0.043,2.29
