open,high,low,close,volume,thscode,time,thsname_cn,thsname_en,currency
1.09,1.109,1.09,1.097,120977408,516510.SH,2025-06-03,NA,NA,CNY
1.101,1.115,1.1,1.114,119376100,516510.SH,2025-06-04,NA,NA,CNY
1.12,1.149,1.115,1.144,248742400,516510.SH,2025-06-05,NA,NA,CNY
1.145,1.153,1.138,1.147,153198200,516510.SH,2025-06-06,NA,NA,CNY
1.149,1.164,1.146,1.16,132188524,516510.SH,2025-06-09,NA,NA,CNY
1.163,1.165,1.121,1.136,251315471,516510.SH,2025-06-10,NA,NA,CNY
1.133,1.144,1.128,1.13,145095292,516510.SH,2025-06-11,NA,NA,CNY
1.125,1.142,1.12,1.132,114655438,516510.SH,2025-06-12,NA,NA,CNY
1.124,1.13,1.108,1.112,145671620,516510.SH,2025-06-13,NA,NA,CNY
1.11,1.133,1.106,1.133,145441043,516510.SH,2025-06-16,NA,NA,CNY
1.13,1.133,1.12,1.124,80670200,516510.SH,2025-06-17,NA,NA,CNY
1.123,1.134,1.115,1.13,92487700,516510.SH,2025-06-18,NA,NA,CNY
1.129,1.141,1.115,1.118,126518800,516510.SH,2025-06-19,NA,NA,CNY
1.114,1.122,1.096,1.098,121522697,516510.SH,2025-06-20,NA,NA,CNY
1.091,1.112,1.087,1.109,100402263,516510.SH,2025-06-23,NA,NA,CNY
1.112,1.132,1.112,1.13,132320826,516510.SH,2025-06-24,NA,NA,CNY
1.132,1.162,1.132,1.161,182024276,516510.SH,2025-06-25,NA,NA,CNY
1.161,1.184,1.159,1.167,252411956,516510.SH,2025-06-26,NA,NA,CNY
1.163,1.186,1.156,1.177,174923467,516510.SH,2025-06-27,NA,NA,CNY
1.183,1.197,1.179,1.195,142778797,516510.SH,2025-06-30,NA,NA,CNY
1.192,1.193,1.174,1.18,113757607,516510.SH,2025-07-01,NA,NA,CNY
1.175,1.175,1.153,1.158,115082653,516510.SH,2025-07-02,NA,NA,CNY
1.158,1.172,1.158,1.167,83260300,516510.SH,2025-07-03,NA,NA,CNY
1.165,1.183,1.165,1.166,160765936,516510.SH,2025-07-04,NA,NA,CNY
1.159,1.167,1.151,1.156,101005700,516510.SH,2025-07-07,NA,NA,CNY
1.154,1.187,1.152,1.187,143532644,516510.SH,2025-07-08,NA,NA,CNY
1.19,1.192,1.177,1.18,92903500,516510.SH,2025-07-09,NA,NA,CNY
1.18,1.184,1.169,1.179,113082118,516510.SH,2025-07-10,NA,NA,CNY
1.176,1.198,1.165,1.192,155466812,516510.SH,2025-07-11,NA,NA,CNY
1.191,1.195,1.183,1.19,95364859,516510.SH,2025-07-14,NA,NA,CNY
1.198,1.257,1.198,1.256,362412759,516510.SH,2025-07-15,NA,NA,CNY
1.259,1.281,1.25,1.251,256022571,516510.SH,2025-07-16,NA,NA,CNY
1.241,1.283,1.241,1.277,150424766,516510.SH,2025-07-17,NA,NA,CNY
1.285,1.305,1.282,1.285,166622647,516510.SH,2025-07-18,NA,NA,CNY
1.282,1.288,1.266,1.281,134850919,516510.SH,2025-07-21,NA,NA,CNY
1.275,1.284,1.258,1.266,148449933,516510.SH,2025-07-22,NA,NA,CNY
1.257,1.277,1.251,1.274,128008309,516510.SH,2025-07-23,NA,NA,CNY
1.271,1.281,1.266,1.278,145016122,516510.SH,2025-07-24,NA,NA,CNY
1.282,1.303,1.282,1.302,180942374,516510.SH,2025-07-25,NA,NA,CNY
1.304,1.306,1.284,1.3,155517311,516510.SH,2025-07-28,NA,NA,CNY
1.295,1.329,1.293,1.328,141581049,516510.SH,2025-07-29,NA,NA,CNY
1.319,1.324,1.299,1.31,133909533,516510.SH,2025-07-30,NA,NA,CNY
1.319,1.359,1.319,1.325,273394565,516510.SH,2025-07-31,NA,NA,CNY
1.326,1.334,1.293,1.321,177749821,516510.SH,2025-08-01,NA,NA,CNY
1.304,1.329,1.3,1.327,124449477,516510.SH,2025-08-04,NA,NA,CNY
1.33,1.336,1.308,1.325,122943566,516510.SH,2025-08-05,NA,NA,CNY
1.319,1.339,1.315,1.339,110554467,516510.SH,2025-08-06,NA,NA,CNY
1.338,1.351,1.314,1.329,120037500,516510.SH,2025-08-07,NA,NA,CNY
1.325,1.325,1.296,1.297,140901000,516510.SH,2025-08-08,NA,NA,CNY
1.296,1.327,1.296,1.326,132041012,516510.SH,2025-08-11,NA,NA,CNY
1.326,1.344,1.312,1.343,109031775,516510.SH,2025-08-12,NA,NA,CNY
1.343,1.392,1.339,1.391,197919992,516510.SH,2025-08-13,NA,NA,CNY
1.387,1.411,1.373,1.374,284692451,516510.SH,2025-08-14,NA,NA,CNY
1.367,1.395,1.367,1.393,132260600,516510.SH,2025-08-15,NA,NA,CNY
1.399,1.46,1.396,1.449,170441724,516510.SH,2025-08-18,NA,NA,CNY
1.449,1.474,1.434,1.458,130887367,516510.SH,2025-08-19,NA,NA,CNY
1.444,1.475,1.419,1.475,148861800,516510.SH,2025-08-20,NA,NA,CNY
1.475,1.493,1.461,1.47,115435066,516510.SH,2025-08-21,NA,NA,CNY
1.47,1.551,1.468,1.549,161515489,516510.SH,2025-08-22,NA,NA,CNY
1.591,1.61,1.563,1.599,188847548,516510.SH,2025-08-25,NA,NA,CNY
1.59,1.613,1.58,1.588,129616706,516510.SH,2025-08-26,NA,NA,CNY
1.607,1.666,1.591,1.593,221158981,516510.SH,2025-08-27,NA,NA,CNY
1.582,1.68,1.575,1.676,207503649,516510.SH,2025-08-28,NA,NA,CNY
1.669,1.669,1.624,1.645,153676688,516510.SH,2025-08-29,NA,NA,CNY
1.668,1.709,1.651,1.699,157268391,516510.SH,2025-09-01,NA,NA,CNY
1.696,1.7,1.593,1.612,205137514,516510.SH,2025-09-02,NA,NA,CNY
1.612,1.639,1.579,1.602,147171031,516510.SH,2025-09-03,NA,NA,CNY
1.615,1.626,1.47,1.498,215269397,516510.SH,2025-09-04,NA,NA,CNY
1.498,1.568,1.479,1.565,226535495,516510.SH,2025-09-05,NA,NA,CNY
1.562,1.562,1.497,1.536,222589455,516510.SH,2025-09-08,NA,NA,CNY
1.53,1.53,1.484,1.501,107214048,516510.SH,2025-09-09,NA,NA,CNY
1.528,1.553,1.514,1.539,158792996,516510.SH,2025-09-10,NA,NA,CNY
1.57,1.646,1.547,1.643,215674840,516510.SH,2025-09-11,NA,NA,CNY
1.63,1.66,1.621,1.631,178318365,516510.SH,2025-09-12,NA,NA,CNY
1.623,1.628,1.596,1.616,167444794,516510.SH,2025-09-15,NA,NA,CNY
1.612,1.644,1.61,1.639,113318988,516510.SH,2025-09-16,NA,NA,CNY
1.636,1.643,1.603,1.635,102167683,516510.SH,2025-09-17,NA,NA,CNY
1.635,1.678,1.605,1.635,150946635,516510.SH,2025-09-18,NA,NA,CNY
1.631,1.653,1.61,1.627,123863785,516510.SH,2025-09-19,NA,NA,CNY
1.627,1.652,1.604,1.651,115714364,516510.SH,2025-09-22,NA,NA,CNY
1.678,1.688,1.596,1.638,140852455,516510.SH,2025-09-23,NA,NA,CNY
1.62,1.68,1.607,1.672,127289031,516510.SH,2025-09-24,NA,NA,CNY
1.671,1.748,1.656,1.729,187721913,516510.SH,2025-09-25,NA,NA,CNY
1.705,1.722,1.659,1.662,202827397,516510.SH,2025-09-26,NA,NA,CNY
1.658,1.686,1.65,1.678,108363324,516510.SH,2025-09-29,NA,NA,CNY
1.688,1.712,1.667,1.674,115095215,516510.SH,2025-09-30,NA,NA,CNY
1.68,1.715,1.677,1.693,128947598,516510.SH,2025-10-09,NA,NA,CNY
1.682,1.683,1.607,1.619,133201211,516510.SH,2025-10-10,NA,NA,CNY
1.527,1.637,1.523,1.623,111039732,516510.SH,2025-10-13,NA,NA,CNY
1.624,1.632,1.535,1.542,111789108,516510.SH,2025-10-14,NA,NA,CNY
1.541,1.571,1.52,1.568,64874679,516510.SH,2025-10-15,NA,NA,CNY
1.558,1.573,1.542,1.558,55419500,516510.SH,2025-10-16,NA,NA,CNY
1.559,1.562,1.515,1.518,79920898,516510.SH,2025-10-17,NA,NA,CNY
1.546,1.578,1.533,1.545,109023400,516510.SH,2025-10-20,NA,NA,CNY
1.551,1.613,1.548,1.604,101790988,516510.SH,2025-10-21,NA,NA,CNY
1.594,1.612,1.587,1.591,75079400,516510.SH,2025-10-22,NA,NA,CNY
1.59,1.591,1.552,1.587,52221538,516510.SH,2025-10-23,NA,NA,CNY
1.602,1.652,1.595,1.65,111077085,516510.SH,2025-10-24,NA,NA,CNY
1.673,1.687,1.663,1.684,102462596,516510.SH,2025-10-27,NA,NA,CNY
1.677,1.728,1.673,1.698,114908378,516510.SH,2025-10-28,NA,NA,CNY
1.71,1.724,1.683,1.709,69293640,516510.SH,2025-10-29,NA,NA,CNY
1.702,1.716,1.67,1.68,65502224,516510.SH,2025-10-30,NA,NA,CNY
1.675,1.678,1.639,1.653,58683408,516510.SH,2025-10-31,NA,NA,CNY
1.645,1.665,1.634,1.663,68178998,516510.SH,2025-11-03,NA,NA,CNY
1.661,1.674,1.633,1.647,44037943,516510.SH,2025-11-04,NA,NA,CNY
1.604,1.635,1.602,1.626,41771498,516510.SH,2025-11-05,NA,NA,CNY
1.636,1.66,1.626,1.655,46409900,516510.SH,2025-11-06,NA,NA,CNY
1.635,1.652,1.617,1.621,46771600,516510.SH,2025-11-07,NA,NA,CNY
1.634,1.639,1.586,1.613,54657572,516510.SH,2025-11-10,NA,NA,CNY
1.619,1.628,1.575,1.578,45667757,516510.SH,2025-11-11,NA,NA,CNY
1.57,1.582,1.545,1.58,55357629,516510.SH,2025-11-12,NA,NA,CNY
1.576,1.593,1.559,1.591,48061042,516510.SH,2025-11-13,NA,NA,CNY
1.57,1.57,1.543,1.544,38775870,516510.SH,2025-11-14,NA,NA,CNY
1.544,1.577,1.542,1.572,45047647,516510.SH,2025-11-17,NA,NA,CNY
1.562,1.598,1.554,1.583,62386293,516510.SH,2025-11-18,NA,NA,CNY
1.585,1.598,1.568,1.579,49289600,516510.SH,2025-11-19,NA,NA,CNY
1.604,1.615,1.568,1.574,40913900,516510.SH,2025-11-20,NA,NA,CNY
1.553,1.557,1.509,1.515,58282858,516510.SH,2025-11-21,NA,NA,CNY
1.537,1.549,1.495,1.535,50576400,516510.SH,2025-11-24,NA,NA,CNY
1.547,1.59,1.547,1.561,109472300,516510.SH,2025-11-25,NA,NA,CNY
1.557,1.631,1.548,1.612,89679298,516510.SH,2025-11-26,NA,NA,CNY
1.609,1.643,1.59,1.594,75567474,516510.SH,2025-11-27,NA,NA,CNY
1.588,1.601,1.577,1.594,51929330,516510.SH,2025-11-28,NA,NA,CNY
1.599,1.63,1.587,1.624,68415702,516510.SH,2025-12-01,NA,NA,CNY
1.624,1.627,1.603,1.612,44963200,516510.SH,2025-12-02,NA,NA,CNY
1.613,1.632,1.579,1.584,40908600,516510.SH,2025-12-03,NA,NA,CNY
1.579,1.595,1.561,1.593,39702500,516510.SH,2025-12-04,NA,NA,CNY
1.598,1.606,1.579,1.605,41153051,516510.SH,2025-12-05,NA,NA,CNY
1.605,1.664,1.604,1.651,74590200,516510.SH,2025-12-08,NA,NA,CNY
1.65,1.69,1.648,1.67,83015156,516510.SH,2025-12-09,NA,NA,CNY
1.653,1.678,1.628,1.673,69015451,516510.SH,2025-12-10,NA,NA,CNY
1.672,1.676,1.631,1.632,60535074,516510.SH,2025-12-11,NA,NA,CNY
1.626,1.66,1.624,1.653,63784711,516510.SH,2025-12-12,NA,NA,CNY
1.644,1.655,1.629,1.631,54123057,516510.SH,2025-12-15,NA,NA,CNY
1.622,1.63,1.591,1.597,55604044,516510.SH,2025-12-16,NA,NA,CNY
1.599,1.64,1.594,1.639,45259558,516510.SH,2025-12-17,NA,NA,CNY
1.627,1.64,1.62,1.62,39372525,516510.SH,2025-12-18,NA,NA,CNY
1.62,1.64,1.62,1.625,62994643,516510.SH,2025-12-19,NA,NA,CNY
1.637,1.653,1.629,1.647,53881425,516510.SH,2025-12-22,NA,NA,CNY
1.654,1.654,1.634,1.639,45484500,516510.SH,2025-12-23,NA,NA,CNY
1.638,1.654,1.633,1.651,44703252,516510.SH,2025-12-24,NA,NA,CNY
1.662,1.664,1.643,1.662,50779652,516510.SH,2025-12-25,NA,NA,CNY
1.656,1.675,1.65,1.663,53828288,516510.SH,2025-12-26,NA,NA,CNY
1.663,1.68,1.661,1.67,46739813,516510.SH,2025-12-29,NA,NA,CNY
1.664,1.689,1.664,1.679,43428177,516510.SH,2025-12-30,NA,NA,CNY
1.678,1.696,1.676,1.691,53280159,516510.SH,2025-12-31,NA,NA,CNY
1.699,1.744,1.697,1.744,62434100,516510.SH,2026-01-05,NA,NA,CNY
1.762,1.762,1.724,1.755,70587100,516510.SH,2026-01-06,NA,NA,CNY
1.751,1.757,1.736,1.747,56971315,516510.SH,2026-01-07,NA,NA,CNY
1.747,1.788,1.745,1.771,79009300,516510.SH,2026-01-08,NA,NA,CNY
1.774,1.843,1.766,1.843,85072500,516510.SH,2026-01-09,NA,NA,CNY
1.9,2.027,1.873,2.023,188085850,516510.SH,2026-01-12,NA,NA,CNY
2.08,2.084,1.942,1.95,256582253,516510.SH,2026-01-13,NA,NA,CNY
1.939,2.076,1.938,2.038,217539741,516510.SH,2026-01-14,NA,NA,CNY
2.019,2.043,1.981,1.998,146987564,516510.SH,2026-01-15,NA,NA,CNY
1.985,2.023,1.95,1.958,108026257,516510.SH,2026-01-16,NA,NA,CNY
1.936,1.96,1.909,1.915,149442553,516510.SH,2026-01-19,NA,NA,CNY
1.916,1.933,1.85,1.867,87782308,516510.SH,2026-01-20,NA,NA,CNY
1.843,1.896,1.84,1.872,91237039,516510.SH,2026-01-21,NA,NA,CNY
1.883,1.917,1.883,1.912,99722953,516510.SH,2026-01-22,NA,NA,CNY
1.92,1.927,1.899,1.921,86628502,516510.SH,2026-01-23,NA,NA,CNY
1.946,1.96,1.892,1.92,122316383,516510.SH,2026-01-26,NA,NA,CNY
1.923,1.931,1.878,1.921,118759826,516510.SH,2026-01-27,NA,NA,CNY
1.953,1.955,1.913,1.916,136796573,516510.SH,2026-01-28,NA,NA,CNY
1.897,1.988,1.884,1.926,165374712,516510.SH,2026-01-29,NA,NA,CNY
1.907,1.917,1.859,1.9,123117200,516510.SH,2026-01-30,NA,NA,CNY
1.898,1.917,1.84,1.853,77262197,516510.SH,2026-02-02,NA,NA,CNY
1.868,1.899,1.832,1.897,92707777,516510.SH,2026-02-03,NA,NA,CNY
1.869,1.869,1.8,1.827,126978349,516510.SH,2026-02-04,NA,NA,CNY
1.79,1.822,1.79,1.794,88228166,516510.SH,2026-02-05,NA,NA,CNY
1.774,1.808,1.756,1.78,64863621,516510.SH,2026-02-06,NA,NA,CNY
1.817,1.845,1.806,1.842,64235700,516510.SH,2026-02-09,NA,NA,CNY
1.854,1.876,1.841,1.863,157013067,516510.SH,2026-02-10,NA,NA,CNY
1.86,1.88,1.851,1.855,82351602,516510.SH,2026-02-11,NA,NA,CNY
1.87,1.907,1.86,1.897,90404502,516510.SH,2026-02-12,NA,NA,CNY
1.884,1.919,1.879,1.884,72331600,516510.SH,2026-02-13,NA,NA,CNY
1.911,1.913,1.826,1.838,87447806,516510.SH,2026-02-24,NA,NA,CNY
1.836,1.845,1.818,1.83,60278736,516510.SH,2026-02-25,NA,NA,CNY
1.833,1.872,1.825,1.859,81921400,516510.SH,2026-02-26,NA,NA,CNY
1.835,1.906,1.835,1.886,115095481,516510.SH,2026-02-27,NA,NA,CNY
1.847,1.865,1.829,1.84,87888722,516510.SH,2026-03-02,NA,NA,CNY
1.836,1.852,1.758,1.764,100969318,516510.SH,2026-03-03,NA,NA,CNY
1.736,1.775,1.73,1.74,92069150,516510.SH,2026-03-04,NA,NA,CNY
1.773,1.78,1.749,1.764,67381499,516510.SH,2026-03-05,NA,NA,CNY
1.75,1.78,1.745,1.779,72263000,516510.SH,2026-03-06,NA,NA,CNY
1.769,1.839,1.736,1.833,114103000,516510.SH,2026-03-09,NA,NA,CNY
1.87,1.879,1.817,1.847,203131809,516510.SH,2026-03-10,NA,NA,CNY
1.836,1.855,1.822,1.827,73903600,516510.SH,2026-03-11,NA,NA,CNY
1.822,1.854,1.801,1.812,86074200,516510.SH,2026-03-12,NA,NA,CNY
1.798,1.799,1.751,1.755,145635756,516510.SH,2026-03-13,NA,NA,CNY
1.736,1.757,1.719,1.755,85360596,516510.SH,2026-03-16,NA,NA,CNY
1.766,1.77,1.711,1.712,81737865,516510.SH,2026-03-17,NA,NA,CNY
1.718,1.789,1.718,1.787,119063170,516510.SH,2026-03-18,NA,NA,CNY
1.751,1.796,1.75,1.775,89923750,516510.SH,2026-03-19,NA,NA,CNY
1.776,1.79,1.72,1.722,77118359,516510.SH,2026-03-20,NA,NA,CNY
1.684,1.701,1.626,1.636,79795213,516510.SH,2026-03-23,NA,NA,CNY
1.668,1.668,1.617,1.661,70467488,516510.SH,2026-03-24,NA,NA,CNY
1.67,1.724,1.67,1.709,106622303,516510.SH,2026-03-25,NA,NA,CNY
1.703,1.712,1.652,1.659,69201527,516510.SH,2026-03-26,NA,NA,CNY
1.627,1.67,1.626,1.66,58363350,516510.SH,2026-03-27,NA,NA,CNY
1.628,1.665,1.61,1.658,47789793,516510.SH,2026-03-30,NA,NA,CNY
1.658,1.678,1.633,1.636,54123994,516510.SH,2026-03-31,NA,NA,CNY
1.667,1.679,1.66,1.676,66743900,516510.SH,2026-04-01,NA,NA,CNY
1.663,1.664,1.608,1.619,60816902,516510.SH,2026-04-02,NA,NA,CNY
1.629,1.635,1.611,1.621,54801216,516510.SH,2026-04-03,NA,NA,CNY
1.615,1.632,1.601,1.612,43015509,516510.SH,2026-04-07,NA,NA,CNY
1.658,1.742,1.655,1.74,120816411,516510.SH,2026-04-08,NA,NA,CNY
1.717,1.723,1.701,1.714,81347317,516510.SH,2026-04-09,NA,NA,CNY
1.727,1.76,1.725,1.741,97688917,516510.SH,2026-04-10,NA,NA,CNY
1.723,1.767,1.718,1.756,65972707,516510.SH,2026-04-13,NA,NA,CNY
1.793,1.799,1.768,1.788,75198575,516510.SH,2026-04-14,NA,NA,CNY
1.805,1.806,1.758,1.767,78697211,516510.SH,2026-04-15,NA,NA,CNY
1.767,1.821,1.767,1.821,127867500,516510.SH,2026-04-16,NA,NA,CNY
1.822,1.835,1.813,1.831,75807484,516510.SH,2026-04-17,NA,NA,CNY
1.831,1.868,1.825,1.847,94469362,516510.SH,2026-04-20,NA,NA,CNY
1.837,1.837,1.794,1.813,102804351,516510.SH,2026-04-21,NA,NA,CNY
1.802,1.872,1.8,1.871,87863364,516510.SH,2026-04-22,NA,NA,CNY
1.87,1.89,1.844,1.863,107581000,516510.SH,2026-04-23,NA,NA,CNY
1.848,1.86,1.795,1.838,126507800,516510.SH,2026-04-24,NA,NA,CNY
1.839,1.844,1.802,1.827,71380261,516510.SH,2026-04-27,NA,NA,CNY
1.816,1.816,1.767,1.775,87982132,516510.SH,2026-04-28,NA,NA,CNY
1.762,1.805,1.762,1.796,55391787,516510.SH,2026-04-29,NA,NA,CNY
1.797,1.807,1.77,1.8,78973000,516510.SH,2026-04-30,NA,NA,CNY
1.824,1.896,1.824,1.873,116685299,516510.SH,2026-05-06,NA,NA,CNY
1.888,1.922,1.863,1.92,117262588,516510.SH,2026-05-07,NA,NA,CNY
1.912,1.956,1.899,1.929,154463907,516510.SH,2026-05-08,NA,NA,CNY
1.954,1.956,1.907,1.944,110060653,516510.SH,2026-05-11,NA,NA,CNY
1.935,1.944,1.901,1.913,143416353,516510.SH,2026-05-12,NA,NA,CNY
1.895,1.989,1.892,1.988,133938700,516510.SH,2026-05-13,NA,NA,CNY
2.034,2.034,1.903,1.909,168487369,516510.SH,2026-05-14,NA,NA,CNY
1.909,1.95,1.875,1.891,174834169,516510.SH,2026-05-15,NA,NA,CNY
1.872,1.928,1.872,1.902,108635863,516510.SH,2026-05-18,NA,NA,CNY
1.893,1.928,1.875,1.926,121784800,516510.SH,2026-05-19,NA,NA,CNY
1.909,1.926,1.883,1.892,104401100,516510.SH,2026-05-20,NA,NA,CNY
1.896,1.915,1.799,1.805,143914400,516510.SH,2026-05-21,NA,NA,CNY
1.81,1.844,1.797,1.835,107235300,516510.SH,2026-05-22,NA,NA,CNY
1.838,1.869,1.818,1.868,163813700,516510.SH,2026-05-25,NA,NA,CNY
1.858,1.858,1.81,1.84,75170421,516510.SH,2026-05-26,NA,NA,CNY
1.839,1.848,1.787,1.793,178146345,516510.SH,2026-05-27,NA,NA,CNY
1.788,1.824,1.755,1.818,126017000,516510.SH,2026-05-28,NA,NA,CNY
1.827,1.852,1.757,1.767,82823400,516510.SH,2026-05-29,NA,NA,CNY
1.766,1.828,1.766,1.792,80425792,516510.SH,2026-06-01,NA,NA,CNY
1.79,1.816,1.761,1.806,69599977,516510.SH,2026-06-02,NA,NA,CNY
1.8,1.846,1.786,1.812,86782400,516510.SH,2026-06-03,NA,NA,CNY
1.781,1.787,1.763,1.774,56725800,516510.SH,2026-06-04,NA,NA,CNY
1.775,1.785,1.725,1.734,111172500,516510.SH,2026-06-05,NA,NA,CNY
1.668,1.706,1.649,1.665,80109626,516510.SH,2026-06-08,NA,NA,CNY
1.678,1.712,1.67,1.71,69567858,516510.SH,2026-06-09,NA,NA,CNY
1.691,1.74,1.673,1.684,52194284,516510.SH,2026-06-10,NA,NA,CNY
1.661,1.673,1.609,1.626,59440567,516510.SH,2026-06-11,NA,NA,CNY
1.655,1.656,1.623,1.627,44033600,516510.SH,2026-06-12,NA,NA,CNY
0.823,0.832,0.822,0.828,463214100,562500.SH,2025-06-03,NA,NA,CNY
0.828,0.836,0.827,0.833,529556400,562500.SH,2025-06-04,NA,NA,CNY
0.838,0.848,0.828,0.846,928386068,562500.SH,2025-06-05,NA,NA,CNY
0.844,0.846,0.837,0.841,566987200,562500.SH,2025-06-06,NA,NA,CNY
0.842,0.849,0.84,0.844,611713400,562500.SH,2025-06-09,NA,NA,CNY
0.846,0.846,0.821,0.831,1042767100,562500.SH,2025-06-10,NA,NA,CNY
0.831,0.839,0.83,0.834,557501380,562500.SH,2025-06-11,NA,NA,CNY
0.831,0.838,0.827,0.833,437763200,562500.SH,2025-06-12,NA,NA,CNY
0.829,0.833,0.819,0.82,557723039,562500.SH,2025-06-13,NA,NA,CNY
0.817,0.823,0.816,0.821,390347800,562500.SH,2025-06-16,NA,NA,CNY
0.822,0.823,0.814,0.817,403951074,562500.SH,2025-06-17,NA,NA,CNY
0.814,0.823,0.812,0.823,494233774,562500.SH,2025-06-18,NA,NA,CNY
0.82,0.829,0.814,0.816,692107100,562500.SH,2025-06-19,NA,NA,CNY
0.814,0.818,0.799,0.8,700419200,562500.SH,2025-06-20,NA,NA,CNY
0.793,0.805,0.791,0.804,448299100,562500.SH,2025-06-23,NA,NA,CNY
0.806,0.833,0.806,0.832,1557432500,562500.SH,2025-06-24,NA,NA,CNY
0.833,0.846,0.831,0.845,1473092100,562500.SH,2025-06-25,NA,NA,CNY
0.846,0.853,0.84,0.84,1005028416,562500.SH,2025-06-26,NA,NA,CNY
0.842,0.847,0.836,0.839,789845590,562500.SH,2025-06-27,NA,NA,CNY
0.84,0.852,0.84,0.851,872322300,562500.SH,2025-06-30,NA,NA,CNY
0.851,0.851,0.842,0.847,623557299,562500.SH,2025-07-01,NA,NA,CNY
0.845,0.845,0.832,0.836,731839552,562500.SH,2025-07-02,NA,NA,CNY
0.836,0.841,0.833,0.84,533050400,562500.SH,2025-07-03,NA,NA,CNY
0.839,0.84,0.828,0.831,933017458,562500.SH,2025-07-04,NA,NA,CNY
0.828,0.829,0.82,0.822,626471200,562500.SH,2025-07-07,NA,NA,CNY
0.821,0.835,0.82,0.835,739310500,562500.SH,2025-07-08,NA,NA,CNY
0.84,0.847,0.83,0.832,934227838,562500.SH,2025-07-09,NA,NA,CNY
0.829,0.832,0.824,0.829,599920000,562500.SH,2025-07-10,NA,NA,CNY
0.829,0.847,0.823,0.842,1424191747,562500.SH,2025-07-11,NA,NA,CNY
0.846,0.857,0.843,0.857,1332617937,562500.SH,2025-07-14,NA,NA,CNY
0.856,0.862,0.848,0.86,1475537770,562500.SH,2025-07-15,NA,NA,CNY
0.86,0.872,0.856,0.865,1204502900,562500.SH,2025-07-16,NA,NA,CNY
0.865,0.878,0.861,0.877,1101807500,562500.SH,2025-07-17,NA,NA,CNY
0.882,0.883,0.872,0.877,1022111460,562500.SH,2025-07-18,NA,NA,CNY
0.884,0.895,0.879,0.888,1218645931,562500.SH,2025-07-21,NA,NA,CNY
0.887,0.887,0.879,0.883,936475646,562500.SH,2025-07-22,NA,NA,CNY
0.88,0.885,0.875,0.877,1077338866,562500.SH,2025-07-23,NA,NA,CNY
0.879,0.89,0.878,0.89,1255394768,562500.SH,2025-07-24,NA,NA,CNY
0.892,0.9,0.887,0.899,1044095470,562500.SH,2025-07-25,NA,NA,CNY
0.903,0.905,0.894,0.9,861516328,562500.SH,2025-07-28,NA,NA,CNY
0.896,0.902,0.892,0.901,993363885,562500.SH,2025-07-29,NA,NA,CNY
0.899,0.899,0.882,0.888,1241714283,562500.SH,2025-07-30,NA,NA,CNY
0.885,0.903,0.883,0.887,1385689488,562500.SH,2025-07-31,NA,NA,CNY
0.888,0.897,0.877,0.887,901798820,562500.SH,2025-08-01,NA,NA,CNY
0.882,0.909,0.881,0.909,1302301516,562500.SH,2025-08-04,NA,NA,CNY
0.912,0.919,0.91,0.919,1118155608,562500.SH,2025-08-05,NA,NA,CNY
0.92,0.948,0.918,0.948,1782424138,562500.SH,2025-08-06,NA,NA,CNY
0.949,0.95,0.933,0.942,1931927807,562500.SH,2025-08-07,NA,NA,CNY
0.938,0.938,0.926,0.929,978656634,562500.SH,2025-08-08,NA,NA,CNY
0.93,0.946,0.93,0.944,946921201,562500.SH,2025-08-11,NA,NA,CNY
0.945,0.946,0.933,0.94,1068722419,562500.SH,2025-08-12,NA,NA,CNY
0.94,0.95,0.936,0.949,1254277207,562500.SH,2025-08-13,NA,NA,CNY
0.95,0.956,0.93,0.941,2291548734,562500.SH,2025-08-14,NA,NA,CNY
0.938,0.962,0.937,0.961,1776174945,562500.SH,2025-08-15,NA,NA,CNY
0.968,0.988,0.964,0.981,1755125655,562500.SH,2025-08-18,NA,NA,CNY
0.98,1.001,0.965,0.988,2056280461,562500.SH,2025-08-19,NA,NA,CNY
0.982,0.997,0.975,0.997,1871646576,562500.SH,2025-08-20,NA,NA,CNY
0.996,1.0,0.978,0.983,1587304823,562500.SH,2025-08-21,NA,NA,CNY
0.983,1.01,0.981,1.009,1851119166,562500.SH,2025-08-22,NA,NA,CNY
1.026,1.033,1.008,1.025,1741606574,562500.SH,2025-08-25,NA,NA,CNY
1.019,1.025,1.012,1.018,1202771209,562500.SH,2025-08-26,NA,NA,CNY
1.02,1.055,1.008,1.01,2405843086,562500.SH,2025-08-27,NA,NA,CNY
1.004,1.024,0.986,1.024,2361319384,562500.SH,2025-08-28,NA,NA,CNY
1.028,1.035,1.008,1.024,1616791724,562500.SH,2025-08-29,NA,NA,CNY
1.025,1.041,1.015,1.023,1230169431,562500.SH,2025-09-01,NA,NA,CNY
1.022,1.038,0.99,1.027,2520719390,562500.SH,2025-09-02,NA,NA,CNY
1.033,1.038,0.995,1.001,1939553393,562500.SH,2025-09-03,NA,NA,CNY
1.0,1.006,0.946,0.963,2185683553,562500.SH,2025-09-04,NA,NA,CNY
0.96,0.995,0.958,0.993,1397689200,562500.SH,2025-09-05,NA,NA,CNY
0.998,1.044,0.996,1.038,2795358533,562500.SH,2025-09-08,NA,NA,CNY
1.031,1.031,1.013,1.017,1610284119,562500.SH,2025-09-09,NA,NA,CNY
1.016,1.029,1.007,1.018,1195453023,562500.SH,2025-09-10,NA,NA,CNY
1.016,1.049,1.007,1.047,1933244368,562500.SH,2025-09-11,NA,NA,CNY
1.047,1.058,1.037,1.039,1854367804,562500.SH,2025-09-12,NA,NA,CNY
1.037,1.052,1.034,1.04,1463597879,562500.SH,2025-09-15,NA,NA,CNY
1.042,1.082,1.042,1.079,2414731547,562500.SH,2025-09-16,NA,NA,CNY
1.083,1.099,1.076,1.096,2414350307,562500.SH,2025-09-17,NA,NA,CNY
1.096,1.134,1.075,1.097,3288804865,562500.SH,2025-09-18,NA,NA,CNY
1.089,1.093,1.064,1.067,2330215992,562500.SH,2025-09-19,NA,NA,CNY
1.066,1.085,1.066,1.085,1507272608,562500.SH,2025-09-22,NA,NA,CNY
1.086,1.093,1.046,1.068,2041321769,562500.SH,2025-09-23,NA,NA,CNY
1.061,1.104,1.055,1.103,2071836168,562500.SH,2025-09-24,NA,NA,CNY
1.105,1.116,1.096,1.107,1739744928,562500.SH,2025-09-25,NA,NA,CNY
1.099,1.099,1.068,1.071,2058851916,562500.SH,2025-09-26,NA,NA,CNY
1.072,1.085,1.066,1.082,1276842486,562500.SH,2025-09-29,NA,NA,CNY
1.087,1.096,1.083,1.093,1311132021,562500.SH,2025-09-30,NA,NA,CNY
1.098,1.119,1.084,1.112,1582291516,562500.SH,2025-10-09,NA,NA,CNY
1.104,1.11,1.07,1.075,1679889633,562500.SH,2025-10-10,NA,NA,CNY
1.02,1.054,1.016,1.052,1802153604,562500.SH,2025-10-13,NA,NA,CNY
1.056,1.063,1.005,1.009,1771709846,562500.SH,2025-10-14,NA,NA,CNY
1.009,1.034,0.998,1.033,1469701038,562500.SH,2025-10-15,NA,NA,CNY
1.023,1.027,1.01,1.013,1110310972,562500.SH,2025-10-16,NA,NA,CNY
1.011,1.014,0.975,0.977,1615095819,562500.SH,2025-10-17,NA,NA,CNY
0.989,1.004,0.984,0.99,1290198733,562500.SH,2025-10-20,NA,NA,CNY
0.998,1.01,0.993,1.008,1321924114,562500.SH,2025-10-21,NA,NA,CNY
1.005,1.02,1.0,1.01,1094687539,562500.SH,2025-10-22,NA,NA,CNY
1.006,1.011,0.991,1.009,893860484,562500.SH,2025-10-23,NA,NA,CNY
1.014,1.025,1.011,1.024,1519252899,562500.SH,2025-10-24,NA,NA,CNY
1.035,1.044,1.024,1.036,1415486343,562500.SH,2025-10-27,NA,NA,CNY
1.035,1.043,1.028,1.035,1095465386,562500.SH,2025-10-28,NA,NA,CNY
1.031,1.046,1.029,1.045,1272461961,562500.SH,2025-10-29,NA,NA,CNY
1.044,1.049,1.028,1.029,1177692600,562500.SH,2025-10-30,NA,NA,CNY
1.026,1.043,1.022,1.029,1079735794,562500.SH,2025-10-31,NA,NA,CNY
1.033,1.034,1.012,1.027,882846955,562500.SH,2025-11-03,NA,NA,CNY
1.022,1.024,0.995,1.001,1209242418,562500.SH,2025-11-04,NA,NA,CNY
0.987,0.999,0.984,0.996,907374597,562500.SH,2025-11-05,NA,NA,CNY
1.0,1.018,0.997,1.015,1117789343,562500.SH,2025-11-06,NA,NA,CNY
1.011,1.011,0.996,0.997,1125562779,562500.SH,2025-11-07,NA,NA,CNY
0.997,1.004,0.984,0.99,1091072145,562500.SH,2025-11-10,NA,NA,CNY
0.994,0.997,0.979,0.981,962983096,562500.SH,2025-11-11,NA,NA,CNY
0.98,0.981,0.963,0.97,1383393854,562500.SH,2025-11-12,NA,NA,CNY
0.967,0.98,0.967,0.977,944824009,562500.SH,2025-11-13,NA,NA,CNY
0.969,0.974,0.963,0.964,726994169,562500.SH,2025-11-14,NA,NA,CNY
0.961,0.968,0.96,0.966,694442138,562500.SH,2025-11-17,NA,NA,CNY
0.963,0.967,0.959,0.963,939555500,562500.SH,2025-11-18,NA,NA,CNY
0.965,0.967,0.95,0.955,1253034252,562500.SH,2025-11-19,NA,NA,CNY
0.96,0.962,0.944,0.945,968485482,562500.SH,2025-11-20,NA,NA,CNY
0.937,0.945,0.917,0.931,1955846431,562500.SH,2025-11-21,NA,NA,CNY
0.936,0.944,0.925,0.941,1143193248,562500.SH,2025-11-24,NA,NA,CNY
0.946,0.958,0.942,0.944,1184365302,562500.SH,2025-11-25,NA,NA,CNY
0.944,0.951,0.937,0.943,908852794,562500.SH,2025-11-26,NA,NA,CNY
0.943,0.954,0.94,0.943,945708830,562500.SH,2025-11-27,NA,NA,CNY
0.939,0.949,0.934,0.949,823565478,562500.SH,2025-11-28,NA,NA,CNY
0.95,0.961,0.946,0.961,964801769,562500.SH,2025-12-01,NA,NA,CNY
0.959,0.96,0.945,0.947,854030807,562500.SH,2025-12-02,NA,NA,CNY
0.947,0.951,0.936,0.939,928283437,562500.SH,2025-12-03,NA,NA,CNY
0.951,0.963,0.942,0.958,1654946670,562500.SH,2025-12-04,NA,NA,CNY
0.954,0.971,0.949,0.97,1331468139,562500.SH,2025-12-05,NA,NA,CNY
0.972,0.982,0.967,0.982,1698492100,562500.SH,2025-12-08,NA,NA,CNY
0.975,0.982,0.966,0.968,1082237667,562500.SH,2025-12-09,NA,NA,CNY
0.965,0.975,0.958,0.974,804936986,562500.SH,2025-12-10,NA,NA,CNY
0.974,0.976,0.954,0.955,984920776,562500.SH,2025-12-11,NA,NA,CNY
0.955,0.963,0.947,0.96,717285110,562500.SH,2025-12-12,NA,NA,CNY
0.953,0.956,0.943,0.944,790945060,562500.SH,2025-12-15,NA,NA,CNY
0.941,0.943,0.923,0.925,1129478780,562500.SH,2025-12-16,NA,NA,CNY
0.925,0.941,0.921,0.939,932659102,562500.SH,2025-12-17,NA,NA,CNY
0.932,0.945,0.93,0.931,722172820,562500.SH,2025-12-18,NA,NA,CNY
0.934,0.947,0.934,0.94,655522260,562500.SH,2025-12-19,NA,NA,CNY
0.948,0.957,0.944,0.952,1098370024,562500.SH,2025-12-22,NA,NA,CNY
0.953,0.953,0.942,0.945,765603310,562500.SH,2025-12-23,NA,NA,CNY
0.945,0.956,0.943,0.955,907474351,562500.SH,2025-12-24,NA,NA,CNY
0.958,0.985,0.957,0.983,1982547745,562500.SH,2025-12-25,NA,NA,CNY
0.984,0.99,0.972,0.984,1543690661,562500.SH,2025-12-26,NA,NA,CNY
0.987,0.998,0.98,0.992,1566957577,562500.SH,2025-12-29,NA,NA,CNY
0.986,1.026,0.983,1.024,2735138506,562500.SH,2025-12-30,NA,NA,CNY
1.025,1.029,1.014,1.019,1525668420,562500.SH,2025-12-31,NA,NA,CNY
1.019,1.038,1.014,1.037,1794183573,562500.SH,2026-01-05,NA,NA,CNY
1.039,1.044,1.029,1.041,1651957061,562500.SH,2026-01-06,NA,NA,CNY
1.038,1.046,1.025,1.033,1543918819,562500.SH,2026-01-07,NA,NA,CNY
1.034,1.048,1.034,1.044,1320332051,562500.SH,2026-01-08,NA,NA,CNY
1.043,1.066,1.04,1.064,1369304256,562500.SH,2026-01-09,NA,NA,CNY
1.069,1.096,1.065,1.095,1795803488,562500.SH,2026-01-12,NA,NA,CNY
1.096,1.111,1.075,1.08,2028049206,562500.SH,2026-01-13,NA,NA,CNY
1.082,1.11,1.068,1.084,2103819985,562500.SH,2026-01-14,NA,NA,CNY
1.069,1.091,1.069,1.084,1194984597,562500.SH,2026-01-15,NA,NA,CNY
1.088,1.112,1.086,1.107,1563566029,562500.SH,2026-01-16,NA,NA,CNY
1.11,1.121,1.101,1.112,1480462326,562500.SH,2026-01-19,NA,NA,CNY
1.112,1.124,1.088,1.097,1351133185,562500.SH,2026-01-20,NA,NA,CNY
1.087,1.12,1.087,1.116,1325111625,562500.SH,2026-01-21,NA,NA,CNY
1.118,1.127,1.108,1.115,1197588671,562500.SH,2026-01-22,NA,NA,CNY
1.116,1.13,1.111,1.13,1172468845,562500.SH,2026-01-23,NA,NA,CNY
1.141,1.152,1.096,1.099,1894644755,562500.SH,2026-01-26,NA,NA,CNY
1.094,1.108,1.076,1.104,1427113860,562500.SH,2026-01-27,NA,NA,CNY
1.1,1.104,1.08,1.085,1582808472,562500.SH,2026-01-28,NA,NA,CNY
1.08,1.099,1.068,1.069,1587423802,562500.SH,2026-01-29,NA,NA,CNY
1.063,1.076,1.036,1.064,1585197226,562500.SH,2026-01-30,NA,NA,CNY
1.06,1.069,1.041,1.044,1346611097,562500.SH,2026-02-02,NA,NA,CNY
1.052,1.072,1.045,1.072,1066941259,562500.SH,2026-02-03,NA,NA,CNY
1.066,1.068,1.051,1.064,855240625,562500.SH,2026-02-04,NA,NA,CNY
1.055,1.057,1.04,1.045,982424112,562500.SH,2026-02-05,NA,NA,CNY
1.035,1.065,1.027,1.052,995309261,562500.SH,2026-02-06,NA,NA,CNY
1.064,1.07,1.056,1.07,865087060,562500.SH,2026-02-09,NA,NA,CNY
1.07,1.084,1.066,1.079,1244288662,562500.SH,2026-02-10,NA,NA,CNY
1.079,1.079,1.067,1.067,764446108,562500.SH,2026-02-11,NA,NA,CNY
1.067,1.084,1.065,1.082,957101801,562500.SH,2026-02-12,NA,NA,CNY
1.074,1.087,1.071,1.083,1202331951,562500.SH,2026-02-13,NA,NA,CNY
1.106,1.109,1.072,1.077,1724542570,562500.SH,2026-02-24,NA,NA,CNY
1.073,1.08,1.07,1.077,1157541287,562500.SH,2026-02-25,NA,NA,CNY
1.077,1.087,1.07,1.083,1025361988,562500.SH,2026-02-26,NA,NA,CNY
1.075,1.087,1.073,1.085,1037582792,562500.SH,2026-02-27,NA,NA,CNY
1.063,1.074,1.055,1.061,1210766930,562500.SH,2026-03-02,NA,NA,CNY
1.06,1.065,1.008,1.01,1481784073,562500.SH,2026-03-03,NA,NA,CNY
0.996,1.016,0.994,1.003,1269489264,562500.SH,2026-03-04,NA,NA,CNY
1.024,1.028,1.013,1.02,797863497,562500.SH,2026-03-05,NA,NA,CNY
1.014,1.029,1.013,1.025,527697974,562500.SH,2026-03-06,NA,NA,CNY
1.005,1.021,0.988,1.017,937591338,562500.SH,2026-03-09,NA,NA,CNY
1.027,1.038,1.027,1.037,789737521,562500.SH,2026-03-10,NA,NA,CNY
1.037,1.046,1.031,1.034,475457357,562500.SH,2026-03-11,NA,NA,CNY
1.031,1.036,1.015,1.023,530629084,562500.SH,2026-03-12,NA,NA,CNY
1.015,1.02,1.002,1.007,572208524,562500.SH,2026-03-13,NA,NA,CNY
1.002,1.005,0.989,1.004,733647235,562500.SH,2026-03-16,NA,NA,CNY
1.008,1.01,0.986,0.987,774091234,562500.SH,2026-03-17,NA,NA,CNY
0.987,0.994,0.979,0.993,712194754,562500.SH,2026-03-18,NA,NA,CNY
0.979,0.982,0.963,0.966,803374080,562500.SH,2026-03-19,NA,NA,CNY
0.967,0.974,0.947,0.948,687535495,562500.SH,2026-03-20,NA,NA,CNY
0.932,0.944,0.9,0.909,1095343174,562500.SH,2026-03-23,NA,NA,CNY
0.92,0.924,0.896,0.92,849231553,562500.SH,2026-03-24,NA,NA,CNY
0.922,0.943,0.922,0.938,748720039,562500.SH,2026-03-25,NA,NA,CNY
0.938,0.945,0.922,0.925,474244047,562500.SH,2026-03-26,NA,NA,CNY
0.911,0.936,0.91,0.93,394383784,562500.SH,2026-03-27,NA,NA,CNY
0.916,0.928,0.911,0.926,396791202,562500.SH,2026-03-30,NA,NA,CNY
0.929,0.94,0.917,0.918,441229370,562500.SH,2026-03-31,NA,NA,CNY
0.935,0.943,0.932,0.943,613107200,562500.SH,2026-04-01,NA,NA,CNY
0.939,0.939,0.916,0.922,451553829,562500.SH,2026-04-02,NA,NA,CNY
0.923,0.927,0.911,0.912,316452652,562500.SH,2026-04-03,NA,NA,CNY
0.912,0.917,0.904,0.909,321582745,562500.SH,2026-04-07,NA,NA,CNY
0.932,0.967,0.932,0.967,1035613652,562500.SH,2026-04-08,NA,NA,CNY
0.956,0.963,0.946,0.956,513067948,562500.SH,2026-04-09,NA,NA,CNY
0.962,0.981,0.962,0.971,612971903,562500.SH,2026-04-10,NA,NA,CNY
0.962,0.976,0.962,0.971,388698205,562500.SH,2026-04-13,NA,NA,CNY
0.982,0.996,0.981,0.993,822932268,562500.SH,2026-04-14,NA,NA,CNY
0.998,1.0,0.979,0.982,558477451,562500.SH,2026-04-15,NA,NA,CNY
0.987,1.002,0.987,1.002,666934395,562500.SH,2026-04-16,NA,NA,CNY
1.0,1.013,0.997,1.009,556170774,562500.SH,2026-04-17,NA,NA,CNY
1.012,1.02,1.006,1.017,587496135,562500.SH,2026-04-20,NA,NA,CNY
1.018,1.019,1.004,1.014,466217972,562500.SH,2026-04-21,NA,NA,CNY
1.008,1.022,1.006,1.022,552330523,562500.SH,2026-04-22,NA,NA,CNY
1.022,1.027,1.005,1.013,749422536,562500.SH,2026-04-23,NA,NA,CNY
1.01,1.013,0.994,1.006,646634223,562500.SH,2026-04-24,NA,NA,CNY
1.003,1.036,1.002,1.033,824230715,562500.SH,2026-04-27,NA,NA,CNY
1.024,1.026,1.006,1.012,650808312,562500.SH,2026-04-28,NA,NA,CNY
1.003,1.023,1.001,1.021,482244431,562500.SH,2026-04-29,NA,NA,CNY
1.017,1.034,1.016,1.032,579372934,562500.SH,2026-04-30,NA,NA,CNY
1.039,1.062,1.039,1.056,841336798,562500.SH,2026-05-06,NA,NA,CNY
1.061,1.097,1.056,1.097,1164190276,562500.SH,2026-05-07,NA,NA,CNY
1.094,1.126,1.091,1.122,1404124766,562500.SH,2026-05-08,NA,NA,CNY
1.126,1.145,1.123,1.141,1276434233,562500.SH,2026-05-11,NA,NA,CNY
1.143,1.145,1.12,1.13,987754522,562500.SH,2026-05-12,NA,NA,CNY
1.121,1.158,1.121,1.156,977890880,562500.SH,2026-05-13,NA,NA,CNY
1.163,1.164,1.128,1.128,990391782,562500.SH,2026-05-14,NA,NA,CNY
1.125,1.192,1.12,1.164,2101757449,562500.SH,2026-05-15,NA,NA,CNY
1.155,1.19,1.155,1.183,1386065965,562500.SH,2026-05-18,NA,NA,CNY
1.185,1.199,1.178,1.198,1089606620,562500.SH,2026-05-19,NA,NA,CNY
1.185,1.195,1.179,1.193,1017271354,562500.SH,2026-05-20,NA,NA,CNY
1.195,1.233,1.183,1.187,1501971528,562500.SH,2026-05-21,NA,NA,CNY
1.187,1.213,1.171,1.208,1124384790,562500.SH,2026-05-22,NA,NA,CNY
1.214,1.224,1.193,1.216,1223632554,562500.SH,2026-05-25,NA,NA,CNY
1.215,1.231,1.188,1.205,1580355829,562500.SH,2026-05-26,NA,NA,CNY
1.188,1.202,1.158,1.163,1386672924,562500.SH,2026-05-27,NA,NA,CNY
1.16,1.174,1.134,1.165,1065608607,562500.SH,2026-05-28,NA,NA,CNY
1.169,1.18,1.111,1.118,1105226153,562500.SH,2026-05-29,NA,NA,CNY
1.11,1.134,1.102,1.102,808728297,562500.SH,2026-06-01,NA,NA,CNY
1.108,1.13,1.103,1.122,973826972,562500.SH,2026-06-02,NA,NA,CNY
1.118,1.148,1.113,1.127,848448060,562500.SH,2026-06-03,NA,NA,CNY
1.111,1.146,1.11,1.129,712643731,562500.SH,2026-06-04,NA,NA,CNY
1.129,1.188,1.096,1.163,1634644921,562500.SH,2026-06-05,NA,NA,CNY
1.129,1.188,1.126,1.168,1706915021,562500.SH,2026-06-08,NA,NA,CNY
1.168,1.181,1.151,1.179,1076353461,562500.SH,2026-06-09,NA,NA,CNY
1.165,1.171,1.112,1.132,1132720328,562500.SH,2026-06-10,NA,NA,CNY
1.112,1.119,1.083,1.09,1055454082,562500.SH,2026-06-11,NA,NA,CNY
1.105,1.132,1.079,1.087,825143244,562500.SH,2026-06-12,NA,NA,CNY
0.688,0.695,0.688,0.69,1455955800,159740.SZ,2025-06-03,NA,NA,CNY
0.689,0.698,0.688,0.694,1698769600,159740.SZ,2025-06-04,NA,NA,CNY
0.7,0.707,0.698,0.704,1896095400,159740.SZ,2025-06-05,NA,NA,CNY
0.707,0.708,0.7,0.704,1412473000,159740.SZ,2025-06-06,NA,NA,CNY
0.708,0.725,0.708,0.72,2215536201,159740.SZ,2025-06-09,NA,NA,CNY
0.723,0.725,0.711,0.717,2013145308,159740.SZ,2025-06-10,NA,NA,CNY
0.72,0.73,0.719,0.727,1729400400,159740.SZ,2025-06-11,NA,NA,CNY
0.718,0.721,0.713,0.715,1589659359,159740.SZ,2025-06-12,NA,NA,CNY
0.709,0.709,0.695,0.697,2221629828,159740.SZ,2025-06-13,NA,NA,CNY
0.694,0.704,0.693,0.704,1452508100,159740.SZ,2025-06-16,NA,NA,CNY
0.707,0.71,0.701,0.704,1317633904,159740.SZ,2025-06-17,NA,NA,CNY
0.701,0.702,0.693,0.695,1215055500,159740.SZ,2025-06-18,NA,NA,CNY
0.692,0.695,0.677,0.679,1786449948,159740.SZ,2025-06-19,NA,NA,CNY
0.681,0.685,0.679,0.681,1181347000,159740.SZ,2025-06-20,NA,NA,CNY
0.677,0.691,0.675,0.691,1688029900,159740.SZ,2025-06-23,NA,NA,CNY
0.696,0.708,0.696,0.707,2215931500,159740.SZ,2025-06-24,NA,NA,CNY
0.71,0.715,0.708,0.715,1987904000,159740.SZ,2025-06-25,NA,NA,CNY
0.709,0.714,0.705,0.709,1693220100,159740.SZ,2025-06-26,NA,NA,CNY
0.713,0.716,0.708,0.711,1782271200,159740.SZ,2025-06-27,NA,NA,CNY
0.71,0.714,0.708,0.71,1508273600,159740.SZ,2025-06-30,NA,NA,CNY
0.709,0.71,0.707,0.709,424713300,159740.SZ,2025-07-01,NA,NA,CNY
0.712,0.713,0.7,0.703,1702461302,159740.SZ,2025-07-02,NA,NA,CNY
0.702,0.703,0.691,0.697,1590526700,159740.SZ,2025-07-03,NA,NA,CNY
0.693,0.702,0.685,0.693,2385834201,159740.SZ,2025-07-04,NA,NA,CNY
0.69,0.697,0.687,0.693,1404239900,159740.SZ,2025-07-07,NA,NA,CNY
0.698,0.707,0.696,0.705,1908307800,159740.SZ,2025-07-08,NA,NA,CNY
0.704,0.705,0.695,0.697,1658477200,159740.SZ,2025-07-09,NA,NA,CNY
0.695,0.698,0.692,0.696,1687248400,159740.SZ,2025-07-10,NA,NA,CNY
0.694,0.708,0.693,0.703,2876308400,159740.SZ,2025-07-11,NA,NA,CNY
0.698,0.703,0.696,0.701,1581720400,159740.SZ,2025-07-14,NA,NA,CNY
0.704,0.717,0.701,0.714,3373889800,159740.SZ,2025-07-15,NA,NA,CNY
0.726,0.734,0.72,0.724,3255598900,159740.SZ,2025-07-16,NA,NA,CNY
0.719,0.726,0.718,0.725,2050127704,159740.SZ,2025-07-17,NA,NA,CNY
0.733,0.736,0.727,0.732,2117810200,159740.SZ,2025-07-18,NA,NA,CNY
0.743,0.744,0.735,0.741,2218729106,159740.SZ,2025-07-21,NA,NA,CNY
0.74,0.744,0.736,0.741,2006048533,159740.SZ,2025-07-22,NA,NA,CNY
0.749,0.762,0.744,0.76,2818190827,159740.SZ,2025-07-23,NA,NA,CNY
0.757,0.767,0.756,0.761,2454108435,159740.SZ,2025-07-24,NA,NA,CNY
0.756,0.756,0.747,0.751,2338639968,159740.SZ,2025-07-25,NA,NA,CNY
0.755,0.756,0.748,0.751,1992164419,159740.SZ,2025-07-28,NA,NA,CNY
0.747,0.747,0.738,0.746,2055486039,159740.SZ,2025-07-29,NA,NA,CNY
0.738,0.743,0.728,0.732,3010984138,159740.SZ,2025-07-30,NA,NA,CNY
0.727,0.735,0.724,0.726,3446976400,159740.SZ,2025-07-31,NA,NA,CNY
0.727,0.732,0.72,0.725,3476981876,159740.SZ,2025-08-01,NA,NA,CNY
0.714,0.729,0.712,0.729,2373728100,159740.SZ,2025-08-04,NA,NA,CNY
0.73,0.734,0.727,0.732,1947900903,159740.SZ,2025-08-05,NA,NA,CNY
0.73,0.736,0.728,0.734,1866539855,159740.SZ,2025-08-06,NA,NA,CNY
0.735,0.738,0.728,0.735,2111261265,159740.SZ,2025-08-07,NA,NA,CNY
0.73,0.731,0.724,0.724,1783520800,159740.SZ,2025-08-08,NA,NA,CNY
0.727,0.727,0.721,0.724,1853610780,159740.SZ,2025-08-11,NA,NA,CNY
0.723,0.725,0.719,0.723,2011093800,159740.SZ,2025-08-12,NA,NA,CNY
0.729,0.743,0.728,0.743,3207109506,159740.SZ,2025-08-13,NA,NA,CNY
0.75,0.751,0.736,0.738,2910343607,159740.SZ,2025-08-14,NA,NA,CNY
0.731,0.739,0.73,0.739,2641631990,159740.SZ,2025-08-15,NA,NA,CNY
0.742,0.754,0.742,0.746,3364889605,159740.SZ,2025-08-18,NA,NA,CNY
0.745,0.747,0.738,0.741,3040366151,159740.SZ,2025-08-19,NA,NA,CNY
0.735,0.741,0.731,0.74,2534156916,159740.SZ,2025-08-20,NA,NA,CNY
0.738,0.738,0.73,0.732,2410016045,159740.SZ,2025-08-21,NA,NA,CNY
0.74,0.748,0.737,0.747,3454774953,159740.SZ,2025-08-22,NA,NA,CNY
0.764,0.777,0.762,0.777,5015219368,159740.SZ,2025-08-25,NA,NA,CNY
0.769,0.779,0.766,0.772,3228813502,159740.SZ,2025-08-26,NA,NA,CNY
0.774,0.782,0.757,0.758,4502956652,159740.SZ,2025-08-27,NA,NA,CNY
0.751,0.757,0.744,0.755,3718200696,159740.SZ,2025-08-28,NA,NA,CNY
0.76,0.762,0.751,0.759,3647863280,159740.SZ,2025-08-29,NA,NA,CNY
0.773,0.776,0.766,0.769,3156858876,159740.SZ,2025-09-01,NA,NA,CNY
0.769,0.771,0.757,0.761,3364260036,159740.SZ,2025-09-02,NA,NA,CNY
0.767,0.769,0.752,0.754,2998841388,159740.SZ,2025-09-03,NA,NA,CNY
0.759,0.76,0.739,0.742,3213447593,159740.SZ,2025-09-04,NA,NA,CNY
0.745,0.756,0.743,0.755,2533300100,159740.SZ,2025-09-05,NA,NA,CNY
0.756,0.766,0.753,0.765,2687867463,159740.SZ,2025-09-08,NA,NA,CNY
0.768,0.777,0.764,0.769,3068326291,159740.SZ,2025-09-09,NA,NA,CNY
0.777,0.789,0.776,0.781,3688720412,159740.SZ,2025-09-10,NA,NA,CNY
0.773,0.785,0.768,0.785,3510264696,159740.SZ,2025-09-11,NA,NA,CNY
0.795,0.8,0.792,0.792,3602746045,159740.SZ,2025-09-12,NA,NA,CNY
0.791,0.805,0.791,0.798,2881535616,159740.SZ,2025-09-15,NA,NA,CNY
0.803,0.81,0.795,0.807,3277656150,159740.SZ,2025-09-16,NA,NA,CNY
0.811,0.84,0.811,0.839,4385547582,159740.SZ,2025-09-17,NA,NA,CNY
0.84,0.855,0.816,0.826,8707391347,159740.SZ,2025-09-18,NA,NA,CNY
0.832,0.843,0.824,0.828,4844952417,159740.SZ,2025-09-19,NA,NA,CNY
0.828,0.833,0.822,0.83,3415708175,159740.SZ,2025-09-22,NA,NA,CNY
0.83,0.832,0.808,0.815,4018996972,159740.SZ,2025-09-23,NA,NA,CNY
0.812,0.837,0.81,0.837,4116635717,159740.SZ,2025-09-24,NA,NA,CNY
0.836,0.854,0.835,0.846,4044349404,159740.SZ,2025-09-25,NA,NA,CNY
0.837,0.844,0.832,0.832,3205027979,159740.SZ,2025-09-26,NA,NA,CNY
0.828,0.839,0.827,0.839,3997308596,159740.SZ,2025-09-29,NA,NA,CNY
0.841,0.857,0.84,0.857,3768347476,159740.SZ,2025-09-30,NA,NA,CNY
0.866,0.875,0.851,0.858,5909933170,159740.SZ,2025-10-09,NA,NA,CNY
0.847,0.847,0.829,0.831,3737591920,159740.SZ,2025-10-10,NA,NA,CNY
0.806,0.823,0.797,0.81,5599042505,159740.SZ,2025-10-13,NA,NA,CNY
0.82,0.824,0.786,0.789,5733443261,159740.SZ,2025-10-14,NA,NA,CNY
0.799,0.807,0.79,0.806,4358583471,159740.SZ,2025-10-15,NA,NA,CNY
0.802,0.808,0.791,0.796,3302794854,159740.SZ,2025-10-16,NA,NA,CNY
0.796,0.797,0.769,0.77,3691258992,159740.SZ,2025-10-17,NA,NA,CNY
0.792,0.795,0.781,0.785,3046941194,159740.SZ,2025-10-20,NA,NA,CNY
0.796,0.809,0.795,0.803,3166411166,159740.SZ,2025-10-21,NA,NA,CNY
0.791,0.794,0.781,0.788,3182915400,159740.SZ,2025-10-22,NA,NA,CNY
0.781,0.796,0.774,0.794,3873475400,159740.SZ,2025-10-23,NA,NA,CNY
0.801,0.804,0.796,0.801,3271992634,159740.SZ,2025-10-24,NA,NA,CNY
0.816,0.818,0.808,0.816,3019390372,159740.SZ,2025-10-27,NA,NA,CNY
0.818,0.819,0.806,0.806,2818359603,159740.SZ,2025-10-28,NA,NA,CNY
0.811,0.814,0.808,0.814,1053888604,159740.SZ,2025-10-29,NA,NA,CNY
0.812,0.815,0.795,0.796,4720370127,159740.SZ,2025-10-30,NA,NA,CNY
0.796,0.798,0.787,0.788,2552396716,159740.SZ,2025-10-31,NA,NA,CNY
0.788,0.791,0.779,0.789,2939814710,159740.SZ,2025-11-03,NA,NA,CNY
0.785,0.792,0.772,0.777,2960260746,159740.SZ,2025-11-04,NA,NA,CNY
0.762,0.772,0.755,0.769,4312453100,159740.SZ,2025-11-05,NA,NA,CNY
0.773,0.785,0.77,0.784,2781766080,159740.SZ,2025-11-06,NA,NA,CNY
0.779,0.781,0.772,0.774,2618961188,159740.SZ,2025-11-07,NA,NA,CNY
0.778,0.784,0.77,0.782,2525330218,159740.SZ,2025-11-10,NA,NA,CNY
0.789,0.791,0.776,0.781,2252206688,159740.SZ,2025-11-11,NA,NA,CNY
0.784,0.791,0.779,0.785,2720953024,159740.SZ,2025-11-12,NA,NA,CNY
0.778,0.796,0.777,0.793,2845057644,159740.SZ,2025-11-13,NA,NA,CNY
0.777,0.781,0.77,0.771,3245183700,159740.SZ,2025-11-14,NA,NA,CNY
0.765,0.773,0.759,0.762,2457107179,159740.SZ,2025-11-17,NA,NA,CNY
0.754,0.761,0.745,0.747,3068234424,159740.SZ,2025-11-18,NA,NA,CNY
0.75,0.753,0.74,0.744,2665600395,159740.SZ,2025-11-19,NA,NA,CNY
0.75,0.751,0.731,0.734,3357391700,159740.SZ,2025-11-20,NA,NA,CNY
0.722,0.727,0.712,0.719,4668861242,159740.SZ,2025-11-21,NA,NA,CNY
0.724,0.736,0.718,0.732,4392900129,159740.SZ,2025-11-24,NA,NA,CNY
0.744,0.749,0.735,0.737,3568162249,159740.SZ,2025-11-25,NA,NA,CNY
0.744,0.747,0.74,0.742,2561763292,159740.SZ,2025-11-26,NA,NA,CNY
0.74,0.749,0.736,0.738,2789577076,159740.SZ,2025-11-27,NA,NA,CNY
0.739,0.741,0.734,0.739,1802061929,159740.SZ,2025-11-28,NA,NA,CNY
0.738,0.745,0.734,0.743,2709052082,159740.SZ,2025-12-01,NA,NA,CNY
0.746,0.748,0.736,0.739,2129690472,159740.SZ,2025-12-02,NA,NA,CNY
0.736,0.738,0.727,0.731,2397213600,159740.SZ,2025-12-03,NA,NA,CNY
0.73,0.737,0.725,0.737,2558188800,159740.SZ,2025-12-04,NA,NA,CNY
0.733,0.746,0.73,0.746,2598466794,159740.SZ,2025-12-05,NA,NA,CNY
0.746,0.751,0.744,0.747,2446049000,159740.SZ,2025-12-08,NA,NA,CNY
0.745,0.746,0.73,0.733,2403850594,159740.SZ,2025-12-09,NA,NA,CNY
0.731,0.735,0.724,0.734,2372130300,159740.SZ,2025-12-10,NA,NA,CNY
0.738,0.739,0.726,0.726,2160709258,159740.SZ,2025-12-11,NA,NA,CNY
0.733,0.741,0.729,0.739,2715201084,159740.SZ,2025-12-12,NA,NA,CNY
0.731,0.732,0.723,0.724,1996166696,159740.SZ,2025-12-15,NA,NA,CNY
0.718,0.72,0.703,0.708,3185423624,159740.SZ,2025-12-16,NA,NA,CNY
0.708,0.719,0.706,0.716,3035335905,159740.SZ,2025-12-17,NA,NA,CNY
0.709,0.713,0.705,0.707,2541886448,159740.SZ,2025-12-18,NA,NA,CNY
0.714,0.721,0.712,0.719,2992900746,159740.SZ,2025-12-19,NA,NA,CNY
0.722,0.727,0.72,0.722,1847310122,159740.SZ,2025-12-22,NA,NA,CNY
0.724,0.724,0.716,0.719,1490811919,159740.SZ,2025-12-23,NA,NA,CNY
0.719,0.723,0.718,0.719,1312580791,159740.SZ,2025-12-24,NA,NA,CNY
0.719,0.721,0.718,0.72,574270590,159740.SZ,2025-12-25,NA,NA,CNY
0.72,0.724,0.719,0.724,982104809,159740.SZ,2025-12-26,NA,NA,CNY
0.724,0.734,0.719,0.721,2667464297,159740.SZ,2025-12-29,NA,NA,CNY
0.718,0.73,0.718,0.728,2118182689,159740.SZ,2025-12-30,NA,NA,CNY
0.725,0.727,0.717,0.719,1768576450,159740.SZ,2025-12-31,NA,NA,CNY
0.741,0.748,0.738,0.743,4282105139,159740.SZ,2026-01-05,NA,NA,CNY
0.749,0.76,0.749,0.758,3170767778,159740.SZ,2026-01-06,NA,NA,CNY
0.753,0.754,0.74,0.744,2908764994,159740.SZ,2026-01-07,NA,NA,CNY
0.742,0.743,0.731,0.736,2464605824,159740.SZ,2026-01-08,NA,NA,CNY
0.739,0.745,0.735,0.739,2414322533,159740.SZ,2026-01-09,NA,NA,CNY
0.742,0.758,0.739,0.756,3608894686,159740.SZ,2026-01-12,NA,NA,CNY
0.771,0.776,0.755,0.757,3738146823,159740.SZ,2026-01-13,NA,NA,CNY
0.761,0.772,0.755,0.764,4527426832,159740.SZ,2026-01-14,NA,NA,CNY
0.758,0.765,0.75,0.753,2787842500,159740.SZ,2026-01-15,NA,NA,CNY
0.76,0.763,0.75,0.752,2497120412,159740.SZ,2026-01-16,NA,NA,CNY
0.747,0.751,0.743,0.744,1814313289,159740.SZ,2026-01-19,NA,NA,CNY
0.742,0.746,0.733,0.737,2667165272,159740.SZ,2026-01-20,NA,NA,CNY
0.73,0.74,0.73,0.74,2098022965,159740.SZ,2026-01-21,NA,NA,CNY
0.747,0.75,0.739,0.742,1740274334,159740.SZ,2026-01-22,NA,NA,CNY
0.75,0.751,0.744,0.747,1967376053,159740.SZ,2026-01-23,NA,NA,CNY
0.747,0.748,0.735,0.738,2045499551,159740.SZ,2026-01-26,NA,NA,CNY
0.74,0.744,0.734,0.744,2113705099,159740.SZ,2026-01-27,NA,NA,CNY
0.746,0.759,0.744,0.758,2583012257,159740.SZ,2026-01-28,NA,NA,CNY
0.753,0.76,0.747,0.749,2880198930,159740.SZ,2026-01-29,NA,NA,CNY
0.745,0.748,0.737,0.738,2151034334,159740.SZ,2026-01-30,NA,NA,CNY
0.727,0.728,0.706,0.708,3838864300,159740.SZ,2026-02-02,NA,NA,CNY
0.717,0.719,0.689,0.706,4713747309,159740.SZ,2026-02-03,NA,NA,CNY
0.697,0.7,0.687,0.697,3392413384,159740.SZ,2026-02-04,NA,NA,CNY
0.683,0.694,0.68,0.693,3989038485,159740.SZ,2026-02-05,NA,NA,CNY
0.68,0.695,0.68,0.689,2741732800,159740.SZ,2026-02-06,NA,NA,CNY
0.7,0.702,0.694,0.7,2595543953,159740.SZ,2026-02-09,NA,NA,CNY
0.7,0.707,0.698,0.7,2180453199,159740.SZ,2026-02-10,NA,NA,CNY
0.699,0.707,0.699,0.705,2050011933,159740.SZ,2026-02-11,NA,NA,CNY
0.701,0.702,0.692,0.695,2156712300,159740.SZ,2026-02-12,NA,NA,CNY
0.685,0.692,0.683,0.69,2885219560,159740.SZ,2026-02-13,NA,NA,CNY
0.684,0.685,0.673,0.675,2613249836,159740.SZ,2026-02-24,NA,NA,CNY
0.678,0.68,0.671,0.673,2076346600,159740.SZ,2026-02-25,NA,NA,CNY
0.674,0.675,0.654,0.656,3042321140,159740.SZ,2026-02-26,NA,NA,CNY
0.651,0.66,0.651,0.657,2490925320,159740.SZ,2026-02-27,NA,NA,CNY
0.644,0.649,0.634,0.639,3483719023,159740.SZ,2026-03-02,NA,NA,CNY
0.64,0.643,0.622,0.624,4082789131,159740.SZ,2026-03-03,NA,NA,CNY
0.616,0.627,0.611,0.615,4595524648,159740.SZ,2026-03-04,NA,NA,CNY
0.626,0.627,0.611,0.614,3413328278,159740.SZ,2026-03-05,NA,NA,CNY
0.615,0.635,0.614,0.633,3957484018,159740.SZ,2026-03-06,NA,NA,CNY
0.611,0.633,0.61,0.63,4348332852,159740.SZ,2026-03-09,NA,NA,CNY
0.641,0.644,0.633,0.641,3438025347,159740.SZ,2026-03-10,NA,NA,CNY
0.647,0.651,0.64,0.643,2739576531,159740.SZ,2026-03-11,NA,NA,CNY
0.639,0.647,0.633,0.639,2113964420,159740.SZ,2026-03-12,NA,NA,CNY
0.636,0.643,0.634,0.636,1934262108,159740.SZ,2026-03-13,NA,NA,CNY
0.638,0.655,0.631,0.654,3226977560,159740.SZ,2026-03-16,NA,NA,CNY
0.655,0.666,0.649,0.65,3192078920,159740.SZ,2026-03-17,NA,NA,CNY
0.651,0.653,0.644,0.652,2719888348,159740.SZ,2026-03-18,NA,NA,CNY
0.64,0.646,0.636,0.638,2436786800,159740.SZ,2026-03-19,NA,NA,CNY
0.634,0.638,0.62,0.62,3136070804,159740.SZ,2026-03-20,NA,NA,CNY
0.612,0.615,0.596,0.598,4092548717,159740.SZ,2026-03-23,NA,NA,CNY
0.608,0.613,0.599,0.612,4236883902,159740.SZ,2026-03-24,NA,NA,CNY
0.621,0.631,0.613,0.623,5110253702,159740.SZ,2026-03-25,NA,NA,CNY
0.623,0.627,0.609,0.61,2737948070,159740.SZ,2026-03-26,NA,NA,CNY
0.606,0.618,0.604,0.614,3700189446,159740.SZ,2026-03-27,NA,NA,CNY
0.6,0.605,0.593,0.601,3878317308,159740.SZ,2026-03-30,NA,NA,CNY
0.601,0.606,0.593,0.594,3386500571,159740.SZ,2026-03-31,NA,NA,CNY
0.609,0.61,0.6,0.607,3975985139,159740.SZ,2026-04-01,NA,NA,CNY
0.602,0.603,0.591,0.593,3006072966,159740.SZ,2026-04-02,NA,NA,CNY
0.596,0.597,0.59,0.59,1012588996,159740.SZ,2026-04-03,NA,NA,CNY
0.591,0.596,0.591,0.594,785176262,159740.SZ,2026-04-07,NA,NA,CNY
0.609,0.622,0.608,0.622,4791510503,159740.SZ,2026-04-08,NA,NA,CNY
0.616,0.618,0.611,0.613,2301443140,159740.SZ,2026-04-09,NA,NA,CNY
0.614,0.624,0.613,0.615,3190011084,159740.SZ,2026-04-10,NA,NA,CNY
0.61,0.613,0.607,0.61,1955715098,159740.SZ,2026-04-13,NA,NA,CNY
0.619,0.619,0.607,0.612,2772362955,159740.SZ,2026-04-14,NA,NA,CNY
0.623,0.627,0.619,0.62,2943621787,159740.SZ,2026-04-15,NA,NA,CNY
0.627,0.642,0.627,0.641,3137306002,159740.SZ,2026-04-16,NA,NA,CNY
0.637,0.64,0.632,0.635,1733498678,159740.SZ,2026-04-17,NA,NA,CNY
0.637,0.644,0.634,0.64,2220922702,159740.SZ,2026-04-20,NA,NA,CNY
0.64,0.642,0.633,0.638,1754307800,159740.SZ,2026-04-21,NA,NA,CNY
0.633,0.633,0.625,0.628,2450192454,159740.SZ,2026-04-22,NA,NA,CNY
0.627,0.628,0.614,0.617,2639362364,159740.SZ,2026-04-23,NA,NA,CNY
0.611,0.622,0.605,0.619,2665743512,159740.SZ,2026-04-24,NA,NA,CNY
0.621,0.628,0.619,0.625,1682197715,159740.SZ,2026-04-27,NA,NA,CNY
0.62,0.623,0.609,0.611,2271003900,159740.SZ,2026-04-28,NA,NA,CNY
0.618,0.622,0.614,0.619,2130305062,159740.SZ,2026-04-29,NA,NA,CNY
0.616,0.62,0.611,0.619,2179958600,159740.SZ,2026-04-30,NA,NA,CNY
0.626,0.634,0.621,0.628,3479329034,159740.SZ,2026-05-06,NA,NA,CNY
0.64,0.646,0.638,0.645,2923413552,159740.SZ,2026-05-07,NA,NA,CNY
0.639,0.643,0.635,0.643,2109835502,159740.SZ,2026-05-08,NA,NA,CNY
0.64,0.643,0.635,0.643,2360579000,159740.SZ,2026-05-11,NA,NA,CNY
0.644,0.646,0.636,0.638,2231498381,159740.SZ,2026-05-12,NA,NA,CNY
0.635,0.644,0.631,0.64,2526459501,159740.SZ,2026-05-13,NA,NA,CNY
0.658,0.66,0.638,0.639,3541692090,159740.SZ,2026-05-14,NA,NA,CNY
0.636,0.637,0.618,0.621,3282258136,159740.SZ,2026-05-15,NA,NA,CNY
0.616,0.617,0.606,0.61,2788789278,159740.SZ,2026-05-18,NA,NA,CNY
0.607,0.614,0.606,0.612,2514437409,159740.SZ,2026-05-19,NA,NA,CNY
0.609,0.615,0.607,0.613,1997102561,159740.SZ,2026-05-20,NA,NA,CNY
0.618,0.621,0.6,0.601,2792143325,159740.SZ,2026-05-21,NA,NA,CNY
0.607,0.613,0.603,0.612,2149296255,159740.SZ,2026-05-22,NA,NA,CNY
0.608,0.61,0.606,0.61,952417778,159740.SZ,2026-05-25,NA,NA,CNY
0.617,0.624,0.61,0.623,3205739092,159740.SZ,2026-05-26,NA,NA,CNY
0.623,0.627,0.611,0.613,2326419770,159740.SZ,2026-05-27,NA,NA,CNY
0.612,0.614,0.603,0.611,2085333197,159740.SZ,2026-05-28,NA,NA,CNY
0.616,0.621,0.608,0.614,2881133572,159740.SZ,2026-05-29,NA,NA,CNY
0.612,0.625,0.612,0.621,2513365963,159740.SZ,2026-06-01,NA,NA,CNY
0.623,0.645,0.622,0.643,3568224626,159740.SZ,2026-06-02,NA,NA,CNY
0.641,0.642,0.629,0.631,2127984300,159740.SZ,2026-06-03,NA,NA,CNY
0.623,0.627,0.62,0.622,1443598007,159740.SZ,2026-06-04,NA,NA,CNY
0.619,0.621,0.609,0.613,1755231973,159740.SZ,2026-06-05,NA,NA,CNY
0.598,0.604,0.59,0.593,2340994000,159740.SZ,2026-06-08,NA,NA,CNY
0.594,0.603,0.592,0.602,2395842966,159740.SZ,2026-06-09,NA,NA,CNY
0.594,0.597,0.584,0.59,2956792723,159740.SZ,2026-06-10,NA,NA,CNY
0.59,0.593,0.575,0.582,2652881253,159740.SZ,2026-06-11,NA,NA,CNY
0.588,0.593,0.585,0.587,2233308011,159740.SZ,2026-06-12,NA,NA,CNY
0.33666666666667,0.341,0.33666666666667,0.33866666666667,53620500,515050.SH,2025-06-03,NA,NA,CNY
0.339,0.34766666666667,0.339,0.34633333333333,92364975,515050.SH,2025-06-04,NA,NA,CNY
0.34633333333333,0.358,0.346,0.357,214417000,515050.SH,2025-06-05,NA,NA,CNY
0.358,0.36033333333333,0.35366666666667,0.35833333333333,132118400,515050.SH,2025-06-06,NA,NA,CNY
0.359,0.36533333333333,0.359,0.36166666666667,112760200,515050.SH,2025-06-09,NA,NA,CNY
0.36066666666667,0.361,0.35333333333333,0.356,158043157,515050.SH,2025-06-10,NA,NA,CNY
0.35666666666667,0.36233333333333,0.35666666666667,0.35733333333333,72659700,515050.SH,2025-06-11,NA,NA,CNY
0.357,0.366,0.35566666666667,0.363,214620300,515050.SH,2025-06-12,NA,NA,CNY
0.361,0.36433333333333,0.35666666666667,0.358,74981100,515050.SH,2025-06-13,NA,NA,CNY
0.35666666666667,0.36866666666667,0.35666666666667,0.365,88313700,515050.SH,2025-06-16,NA,NA,CNY
0.36566666666667,0.36733333333333,0.363,0.365,66786500,515050.SH,2025-06-17,NA,NA,CNY
0.365,0.374,0.362,0.37366666666667,133334000,515050.SH,2025-06-18,NA,NA,CNY
0.372,0.37633333333333,0.36866666666667,0.37033333333333,105035800,515050.SH,2025-06-19,NA,NA,CNY
0.369,0.371,0.36433333333333,0.36566666666667,81824800,515050.SH,2025-06-20,NA,NA,CNY
0.36333333333333,0.368,0.361,0.36566666666667,81424000,515050.SH,2025-06-23,NA,NA,CNY
0.367,0.37166666666667,0.367,0.371,75175300,515050.SH,2025-06-24,NA,NA,CNY
0.37266666666667,0.37633333333333,0.37066666666667,0.37633333333333,97044531,515050.SH,2025-06-25,NA,NA,CNY
0.377,0.38333333333333,0.377,0.37766666666667,222847700,515050.SH,2025-06-26,NA,NA,CNY
0.37733333333333,0.38833333333333,0.37366666666667,0.38566666666667,217739367,515050.SH,2025-06-27,NA,NA,CNY
0.38733333333333,0.393,0.38633333333333,0.39266666666667,156786996,515050.SH,2025-06-30,NA,NA,CNY
0.39033333333333,0.39466666666667,0.389,0.394,132427903,515050.SH,2025-07-01,NA,NA,CNY
0.39133333333333,0.39133333333333,0.38266666666667,0.384,94825131,515050.SH,2025-07-02,NA,NA,CNY
0.38433333333333,0.39933333333333,0.38433333333333,0.39666666666667,208625345,515050.SH,2025-07-03,NA,NA,CNY
0.39566666666667,0.39933333333333,0.39366666666667,0.39466666666667,155157487,515050.SH,2025-07-04,NA,NA,CNY
0.393,0.395,0.38466666666667,0.38933333333333,202802819,515050.SH,2025-07-07,NA,NA,CNY
0.38833333333333,0.40633333333333,0.38833333333333,0.405,251950971,515050.SH,2025-07-08,NA,NA,CNY
0.405,0.40933333333333,0.40366666666667,0.40466666666667,175268919,515050.SH,2025-07-09,NA,NA,CNY
0.40666666666667,0.411,0.40033333333333,0.40566666666667,144928753,515050.SH,2025-07-10,NA,NA,CNY
0.40433333333333,0.40633333333333,0.402,0.40333333333333,109636778,515050.SH,2025-07-11,NA,NA,CNY
0.403,0.40733333333333,0.402,0.40533333333333,227547191,515050.SH,2025-07-14,NA,NA,CNY
0.41066666666667,0.42833333333333,0.41066666666667,0.42733333333333,275807200,515050.SH,2025-07-15,NA,NA,CNY
0.42933333333333,0.43566666666667,0.424,0.42433333333333,257635384,515050.SH,2025-07-16,NA,NA,CNY
0.42233333333333,0.44466666666667,0.42233333333333,0.444,268327230,515050.SH,2025-07-17,NA,NA,CNY
0.44633333333333,0.45333333333333,0.43833333333333,0.441,219046717,515050.SH,2025-07-18,NA,NA,CNY
0.439,0.44333333333333,0.43366666666667,0.443,179043173,515050.SH,2025-07-21,NA,NA,CNY
0.44,0.45066666666667,0.438,0.44066666666667,162356763,515050.SH,2025-07-22,NA,NA,CNY
0.436,0.43933333333333,0.43266666666667,0.439,148804031,515050.SH,2025-07-23,NA,NA,CNY
0.43933333333333,0.44166666666667,0.43466666666667,0.44033333333333,231256939,515050.SH,2025-07-24,NA,NA,CNY
0.44033333333333,0.44333333333333,0.43833333333333,0.442,166621051,515050.SH,2025-07-25,NA,NA,CNY
0.44333333333333,0.45233333333333,0.44066666666667,0.451,226156783,515050.SH,2025-07-28,NA,NA,CNY
0.45,0.46533333333333,0.45,0.46533333333333,256152200,515050.SH,2025-07-29,NA,NA,CNY
0.463,0.46733333333333,0.458,0.46466666666667,146722000,515050.SH,2025-07-30,NA,NA,CNY
0.46966666666667,0.48066666666667,0.464,0.46666666666667,315574241,515050.SH,2025-07-31,NA,NA,CNY
0.46133333333333,0.46933333333333,0.45166666666667,0.45733333333333,166417567,515050.SH,2025-08-01,NA,NA,CNY
0.453,0.459,0.44966666666667,0.458,148690144,515050.SH,2025-08-04,NA,NA,CNY
0.46133333333333,0.46333333333333,0.452,0.46,141556200,515050.SH,2025-08-05,NA,NA,CNY
0.457,0.464,0.45566666666667,0.462,150460400,515050.SH,2025-08-06,NA,NA,CNY
0.46366666666667,0.47233333333333,0.45366666666667,0.461,114992686,515050.SH,2025-08-07,NA,NA,CNY
0.46,0.46466666666667,0.45633333333333,0.45933333333333,140474005,515050.SH,2025-08-08,NA,NA,CNY
0.45933333333333,0.47366666666667,0.459,0.471,199458964,515050.SH,2025-08-11,NA,NA,CNY
0.471,0.483,0.471,0.483,165972342,515050.SH,2025-08-12,NA,NA,CNY
0.48433333333333,0.51066666666667,0.48166666666667,0.51033333333333,314560735,515050.SH,2025-08-13,NA,NA,CNY
0.50866666666667,0.50866666666667,0.497,0.49933333333333,168737000,515050.SH,2025-08-14,NA,NA,CNY
0.495,0.50666666666667,0.494,0.50433333333333,152376169,515050.SH,2025-08-15,NA,NA,CNY
0.50433333333333,0.52866666666667,0.5,0.52433333333333,159262421,515050.SH,2025-08-18,NA,NA,CNY
0.522,0.53666666666667,0.52066666666667,0.53333333333333,191966311,515050.SH,2025-08-19,NA,NA,CNY
0.526,0.53866666666667,0.51466666666667,0.538,207188800,515050.SH,2025-08-20,NA,NA,CNY
0.53933333333333,0.54766666666667,0.52933333333333,0.53733333333333,202830117,515050.SH,2025-08-21,NA,NA,CNY
0.532,0.55966666666667,0.532,0.559,190695699,515050.SH,2025-08-22,NA,NA,CNY
0.56533333333333,0.58733333333333,0.563,0.587,161729549,515050.SH,2025-08-25,NA,NA,CNY
0.58533333333333,0.593,0.57766666666667,0.588,144278400,515050.SH,2025-08-26,NA,NA,CNY
0.58666666666667,0.61933333333333,0.586,0.59333333333333,237098126,515050.SH,2025-08-27,NA,NA,CNY
0.59066666666667,0.64133333333333,0.58933333333333,0.63733333333333,278558628,515050.SH,2025-08-28,NA,NA,CNY
0.637,0.65066666666667,0.62266666666667,0.64533333333333,327163698,515050.SH,2025-08-29,NA,NA,CNY
0.651,0.68133333333333,0.64,0.67566666666667,248645128,515050.SH,2025-09-01,NA,NA,CNY
0.67366666666667,0.684,0.62933333333333,0.638,366733953,515050.SH,2025-09-02,NA,NA,CNY
0.63233333333333,0.65566666666667,0.62466666666667,0.64566666666667,230142184,515050.SH,2025-09-03,NA,NA,CNY
0.65066666666667,0.661,0.585,0.59233333333333,293914179,515050.SH,2025-09-04,NA,NA,CNY
0.592,0.63533333333333,0.587,0.63133333333333,273694325,515050.SH,2025-09-05,NA,NA,CNY
0.63266666666667,0.63266666666667,0.594,0.61066666666667,203254568,515050.SH,2025-09-08,NA,NA,CNY
0.60333333333333,0.611,0.58866666666667,0.59766666666667,183810230,515050.SH,2025-09-09,NA,NA,CNY
0.608,0.628,0.60533333333333,0.62133333333333,200347344,515050.SH,2025-09-10,NA,NA,CNY
0.62866666666667,0.68333333333333,0.62866666666667,0.68333333333333,300017341,515050.SH,2025-09-11,NA,NA,CNY
0.66733333333333,0.68333333333333,0.66333333333333,0.67233333333333,256759906,515050.SH,2025-09-12,NA,NA,CNY
0.666,0.67333333333333,0.65333333333333,0.667,192020710,515050.SH,2025-09-15,NA,NA,CNY
0.665,0.678,0.65733333333333,0.66933333333333,182844708,515050.SH,2025-09-16,NA,NA,CNY
0.66666666666667,0.67733333333333,0.656,0.673,194378972,515050.SH,2025-09-17,NA,NA,CNY
0.667,0.7,0.66333333333333,0.681,265039279,515050.SH,2025-09-18,NA,NA,CNY
0.68666666666667,0.70133333333333,0.68366666666667,0.68966666666667,229113290,515050.SH,2025-09-19,NA,NA,CNY
0.69866666666667,0.713,0.684,0.71066666666667,229332400,515050.SH,2025-09-22,NA,NA,CNY
0.73366666666667,0.73966666666667,0.693,0.714,522612037,515050.SH,2025-09-23,NA,NA,CNY
0.698,0.71833333333333,0.69166666666667,0.716,383307367,515050.SH,2025-09-24,NA,NA,CNY
0.71233333333333,0.735,0.70066666666667,0.72633333333333,201601351,515050.SH,2025-09-25,NA,NA,CNY
0.722,0.729,0.69766666666667,0.69866666666667,197885089,515050.SH,2025-09-26,NA,NA,CNY
0.69,0.718,0.69,0.715,204970440,515050.SH,2025-09-29,NA,NA,CNY
0.717,0.72866666666667,0.70166666666667,0.70866666666667,192402161,515050.SH,2025-09-30,NA,NA,CNY
0.70866666666667,0.73166666666667,0.70866666666667,0.717,225598755,515050.SH,2025-10-09,NA,NA,CNY
0.714,0.71633333333333,0.68666666666667,0.69333333333333,161448132,515050.SH,2025-10-10,NA,NA,CNY
0.646,0.68,0.646,0.67766666666667,143702715,515050.SH,2025-10-13,NA,NA,CNY
0.687,0.68933333333333,0.63533333333333,0.63933333333333,328698533,515050.SH,2025-10-14,NA,NA,CNY
0.636,0.65866666666667,0.62866666666667,0.65833333333333,132970956,515050.SH,2025-10-15,NA,NA,CNY
0.654,0.67666666666667,0.652,0.66266666666667,179760818,515050.SH,2025-10-16,NA,NA,CNY
0.66233333333333,0.66266666666667,0.63433333333333,0.63466666666667,190033836,515050.SH,2025-10-17,NA,NA,CNY
0.654,0.67366666666667,0.64933333333333,0.65633333333333,193210291,515050.SH,2025-10-20,NA,NA,CNY
0.662,0.702,0.66,0.697,351783290,515050.SH,2025-10-21,NA,NA,CNY
0.68666666666667,0.70266666666667,0.68533333333333,0.69233333333333,167445575,515050.SH,2025-10-22,NA,NA,CNY
0.685,0.68566666666667,0.665,0.67933333333333,129717325,515050.SH,2025-10-23,NA,NA,CNY
0.68666666666667,0.719,0.681,0.71633333333333,201290322,515050.SH,2025-10-24,NA,NA,CNY
0.73666666666667,0.75433333333333,0.73166666666667,0.75266666666667,231185451,515050.SH,2025-10-27,NA,NA,CNY
0.74666666666667,0.77166666666667,0.74333333333333,0.754,296647588,515050.SH,2025-10-28,NA,NA,CNY
0.766,0.776,0.75066666666667,0.765,256320478,515050.SH,2025-10-29,NA,NA,CNY
0.75566666666667,0.76666666666667,0.73833333333333,0.74033333333333,237095797,515050.SH,2025-10-30,NA,NA,CNY
0.73633333333333,0.73833333333333,0.701,0.70433333333333,405674896,515050.SH,2025-10-31,NA,NA,CNY
0.699,0.70966666666667,0.686,0.70933333333333,218049288,515050.SH,2025-11-03,NA,NA,CNY
0.70866666666667,0.71733333333333,0.692,0.699,161345303,515050.SH,2025-11-04,NA,NA,CNY
0.676,0.69966666666667,0.675,0.69566666666667,171819330,515050.SH,2025-11-05,NA,NA,CNY
0.7,0.71633333333333,0.69766666666667,0.71466666666667,181016307,515050.SH,2025-11-06,NA,NA,CNY
0.70466666666667,0.71033333333333,0.69266666666667,0.70166666666667,139953624,515050.SH,2025-11-07,NA,NA,CNY
0.7,0.70633333333333,0.673,0.69233333333333,174513832,515050.SH,2025-11-10,NA,NA,CNY
0.699,0.7,0.67133333333333,0.67333333333333,185752493,515050.SH,2025-11-11,NA,NA,CNY
0.664,0.67866666666667,0.658,0.67766666666667,160663516,515050.SH,2025-11-12,NA,NA,CNY
0.674,0.67866666666667,0.66533333333333,0.676,116877824,515050.SH,2025-11-13,NA,NA,CNY
0.66633333333333,0.66633333333333,0.65166666666667,0.65233333333333,124294085,515050.SH,2025-11-14,NA,NA,CNY
0.65,0.66733333333333,0.65,0.658,113787920,515050.SH,2025-11-17,NA,NA,CNY
0.65233333333333,0.66966666666667,0.64833333333333,0.657,250090506,515050.SH,2025-11-18,NA,NA,CNY
0.655,0.66966666666667,0.65333333333333,0.65966666666667,247334478,515050.SH,2025-11-19,NA,NA,CNY
0.67833333333333,0.682,0.65833333333333,0.661,201277448,515050.SH,2025-11-20,NA,NA,CNY
0.64533333333333,0.64533333333333,0.62233333333333,0.62466666666667,300336470,515050.SH,2025-11-21,NA,NA,CNY
0.62766666666667,0.631,0.607,0.61933333333333,208629009,515050.SH,2025-11-24,NA,NA,CNY
0.62833333333333,0.65566666666667,0.62766666666667,0.643,244747825,515050.SH,2025-11-25,NA,NA,CNY
0.63933333333333,0.68766666666667,0.63466666666667,0.67566666666667,309129206,515050.SH,2025-11-26,NA,NA,CNY
0.67266666666667,0.69966666666667,0.67133333333333,0.674,249464646,515050.SH,2025-11-27,NA,NA,CNY
0.67233333333333,0.683,0.66666666666667,0.67633333333333,126571108,515050.SH,2025-11-28,NA,NA,CNY
0.682,0.699,0.67,0.694,130290836,515050.SH,2025-12-01,NA,NA,CNY
0.694,0.705,0.692,0.69766666666667,139545352,515050.SH,2025-12-02,NA,NA,CNY
0.69766666666667,0.711,0.68733333333333,0.68933333333333,143876194,515050.SH,2025-12-03,NA,NA,CNY
0.684,0.69466666666667,0.674,0.69333333333333,146344839,515050.SH,2025-12-04,NA,NA,CNY
0.69733333333333,0.70233333333333,0.687,0.69733333333333,126489400,515050.SH,2025-12-05,NA,NA,CNY
0.70133333333333,0.73566666666667,0.69766666666667,0.729,227740261,515050.SH,2025-12-08,NA,NA,CNY
0.72766666666667,0.75566666666667,0.72666666666667,0.74933333333333,233929561,515050.SH,2025-12-09,NA,NA,CNY
0.749,0.75533333333333,0.72766666666667,0.75133333333333,238239546,515050.SH,2025-12-10,NA,NA,CNY
0.74866666666667,0.753,0.72666666666667,0.72766666666667,146005079,515050.SH,2025-12-11,NA,NA,CNY
0.72066666666667,0.74133333333333,0.71533333333333,0.73433333333333,181487083,515050.SH,2025-12-12,NA,NA,CNY
0.72066666666667,0.732,0.71433333333333,0.716,131783243,515050.SH,2025-12-15,NA,NA,CNY
0.714,0.718,0.696,0.70333333333333,196967256,515050.SH,2025-12-16,NA,NA,CNY
0.703,0.73766666666667,0.70266666666667,0.73733333333333,167865328,515050.SH,2025-12-17,NA,NA,CNY
0.72533333333333,0.73266666666667,0.71833333333333,0.721,133729408,515050.SH,2025-12-18,NA,NA,CNY
0.72833333333333,0.734,0.71866666666667,0.723,122121900,515050.SH,2025-12-19,NA,NA,CNY
0.73133333333333,0.75666666666667,0.73133333333333,0.753,166108091,515050.SH,2025-12-22,NA,NA,CNY
0.75333333333333,0.75733333333333,0.74633333333333,0.75133333333333,173399734,515050.SH,2025-12-23,NA,NA,CNY
0.75266666666667,0.76966666666667,0.749,0.76933333333333,146524704,515050.SH,2025-12-24,NA,NA,CNY
0.76966666666667,0.78033333333333,0.75666666666667,0.76966666666667,150642831,515050.SH,2025-12-25,NA,NA,CNY
0.76566666666667,0.768,0.75666666666667,0.76333333333333,122277127,515050.SH,2025-12-26,NA,NA,CNY
0.762,0.78,0.76033333333333,0.77,150472446,515050.SH,2025-12-29,NA,NA,CNY
0.76633333333333,0.78133333333333,0.75666666666667,0.769,149387890,515050.SH,2025-12-30,NA,NA,CNY
0.77066666666667,0.774,0.75433333333333,0.75866666666667,113831512,515050.SH,2025-12-31,NA,NA,CNY
0.762,0.779,0.762,0.776,241678258,515050.SH,2026-01-05,NA,NA,CNY
0.77166666666667,0.77733333333333,0.759,0.77666666666667,162137080,515050.SH,2026-01-06,NA,NA,CNY
0.78033333333333,0.79333333333333,0.77566666666667,0.78366666666667,135971258,515050.SH,2026-01-07,NA,NA,CNY
0.779,0.78366666666667,0.768,0.775,93588699,515050.SH,2026-01-08,NA,NA,CNY
0.76833333333333,0.779,0.75633333333333,0.77733333333333,152577379,515050.SH,2026-01-09,NA,NA,CNY
0.777,0.794,0.76466666666667,0.79366666666667,153932740,515050.SH,2026-01-12,NA,NA,CNY
0.78833333333333,0.79433333333333,0.76466666666667,0.767,188127378,515050.SH,2026-01-13,NA,NA,CNY
0.76733333333333,0.785,0.76666666666667,0.77766666666667,143365061,515050.SH,2026-01-14,NA,NA,CNY
0.76733333333333,0.79066666666667,0.76533333333333,0.79066666666667,130246878,515050.SH,2026-01-15,NA,NA,CNY
0.79733333333333,0.80566666666667,0.789,0.802,173447925,515050.SH,2026-01-16,NA,NA,CNY
0.78966666666667,0.8,0.78766666666667,0.789,110054082,515050.SH,2026-01-19,NA,NA,CNY
0.78433333333333,0.79166666666667,0.76,0.76833333333333,122165037,515050.SH,2026-01-20,NA,NA,CNY
0.75733333333333,0.784,0.75733333333333,0.77933333333333,116185312,515050.SH,2026-01-21,NA,NA,CNY
0.783,0.795,0.777,0.79466666666667,170584005,515050.SH,2026-01-22,NA,NA,CNY
0.79433333333333,0.795,0.78133333333333,0.786,93404962,515050.SH,2026-01-23,NA,NA,CNY
0.78366666666667,0.78666666666667,0.773,0.77733333333333,85409500,515050.SH,2026-01-26,NA,NA,CNY
0.77433333333333,0.79866666666667,0.76933333333333,0.79366666666667,129803345,515050.SH,2026-01-27,NA,NA,CNY
0.80033333333333,0.80966666666667,0.79066666666667,0.79566666666667,114370432,515050.SH,2026-01-28,NA,NA,CNY
0.794,0.801,0.77866666666667,0.78,127464772,515050.SH,2026-01-29,NA,NA,CNY
0.77366666666667,0.80033333333333,0.764,0.795,137334300,515050.SH,2026-01-30,NA,NA,CNY
0.79333333333333,0.81033333333333,0.77233333333333,0.776,168653883,515050.SH,2026-02-02,NA,NA,CNY
0.78666666666667,0.799,0.76833333333333,0.79166666666667,99743851,515050.SH,2026-02-03,NA,NA,CNY
0.78233333333333,0.78233333333333,0.75466666666667,0.769,113094683,515050.SH,2026-02-04,NA,NA,CNY
0.75566666666667,0.76533333333333,0.748,0.75433333333333,206352838,515050.SH,2026-02-05,NA,NA,CNY
0.74633333333333,0.765,0.736,0.74966666666667,95580757,515050.SH,2026-02-06,NA,NA,CNY
0.76733333333333,0.78666666666667,0.763,0.78266666666667,133335822,515050.SH,2026-02-09,NA,NA,CNY
0.78366666666667,0.793,0.781,0.78266666666667,123275900,515050.SH,2026-02-10,NA,NA,CNY
0.78066666666667,0.78866666666667,0.76666666666667,0.76766666666667,109594766,515050.SH,2026-02-11,NA,NA,CNY
0.76866666666667,0.783,0.76866666666667,0.78166666666667,85737110,515050.SH,2026-02-12,NA,NA,CNY
0.77533333333333,0.784,0.772,0.774,79249627,515050.SH,2026-02-13,NA,NA,CNY
0.784,0.80733333333333,0.78166666666667,0.795,137212361,515050.SH,2026-02-24,NA,NA,CNY
0.79633333333333,0.801,0.78566666666667,0.80066666666667,91425595,515050.SH,2026-02-25,NA,NA,CNY
0.80266666666667,0.826,0.79933333333333,0.821,144609281,515050.SH,2026-02-26,NA,NA,CNY
0.802,0.80866666666667,0.797,0.808,97881638,515050.SH,2026-02-27,NA,NA,CNY
0.792,0.82,0.79166666666667,0.81466666666667,106307378,515050.SH,2026-03-02,NA,NA,CNY
0.81966666666667,0.828,0.785,0.78866666666667,151933827,515050.SH,2026-03-03,NA,NA,CNY
0.77333333333333,0.79566666666667,0.77266666666667,0.78266666666667,115641517,515050.SH,2026-03-04,NA,NA,CNY
0.797,0.81833333333333,0.78766666666667,0.79866666666667,136113186,515050.SH,2026-03-05,NA,NA,CNY
0.79166666666667,0.80466666666667,0.77966666666667,0.79466666666667,97809957,515050.SH,2026-03-06,NA,NA,CNY
0.77333333333333,0.77833333333333,0.744,0.77633333333333,163252205,515050.SH,2026-03-09,NA,NA,CNY
0.78966666666667,0.814,0.78866666666667,0.81366666666667,218594262,515050.SH,2026-03-10,NA,NA,CNY
0.81633333333333,0.832,0.814,0.817,131228962,515050.SH,2026-03-11,NA,NA,CNY
0.81533333333333,0.83033333333333,0.796,0.808,111901087,515050.SH,2026-03-12,NA,NA,CNY
0.79866666666667,0.81133333333333,0.79666666666667,0.801,98338178,515050.SH,2026-03-13,NA,NA,CNY
0.79666666666667,0.814,0.78633333333333,0.813,145044338,515050.SH,2026-03-16,NA,NA,CNY
0.81666666666667,0.82,0.778,0.77966666666667,210769486,515050.SH,2026-03-17,NA,NA,CNY
0.785,0.81266666666667,0.785,0.81166666666667,151960411,515050.SH,2026-03-18,NA,NA,CNY
0.79566666666667,0.817,0.794,0.80333333333333,173043894,515050.SH,2026-03-19,NA,NA,CNY
0.81833333333333,0.83766666666667,0.80866666666667,0.814,272000849,515050.SH,2026-03-20,NA,NA,CNY
0.78333333333333,0.80066666666667,0.766,0.77133333333333,242859963,515050.SH,2026-03-23,NA,NA,CNY
0.78066666666667,0.78166666666667,0.75233333333333,0.78066666666667,170110048,515050.SH,2026-03-24,NA,NA,CNY
0.79766666666667,0.82,0.79766666666667,0.811,220574925,515050.SH,2026-03-25,NA,NA,CNY
0.80266666666667,0.81033333333333,0.78533333333333,0.78866666666667,154053439,515050.SH,2026-03-26,NA,NA,CNY
0.768,0.793,0.762,0.784,201501854,515050.SH,2026-03-27,NA,NA,CNY
0.765,0.78866666666667,0.765,0.78433333333333,146541628,515050.SH,2026-03-30,NA,NA,CNY
0.77433333333333,0.789,0.76366666666667,0.76933333333333,148091273,515050.SH,2026-03-31,NA,NA,CNY
0.79166666666667,0.79866666666667,0.77933333333333,0.79566666666667,182258898,515050.SH,2026-04-01,NA,NA,CNY
0.79533333333333,0.8,0.77,0.77366666666667,151685970,515050.SH,2026-04-02,NA,NA,CNY
0.78666666666667,0.80366666666667,0.78666666666667,0.78833333333333,152471287,515050.SH,2026-04-03,NA,NA,CNY
0.78833333333333,0.80033333333333,0.78033333333333,0.791,162462325,515050.SH,2026-04-07,NA,NA,CNY
0.81733333333333,0.852,0.81266666666667,0.85133333333333,252190180,515050.SH,2026-04-08,NA,NA,CNY
0.83733333333333,0.86433333333333,0.83666666666667,0.86033333333333,304242760,515050.SH,2026-04-09,NA,NA,CNY
0.86633333333333,0.895,0.861,0.888,240550981,515050.SH,2026-04-10,NA,NA,CNY
0.879,0.896,0.878,0.892,167436135,515050.SH,2026-04-13,NA,NA,CNY
0.903,0.922,0.89566666666667,0.91333333333333,179430427,515050.SH,2026-04-14,NA,NA,CNY
0.91366666666667,0.925,0.88766666666667,0.89566666666667,245211571,515050.SH,2026-04-15,NA,NA,CNY
0.893,0.92366666666667,0.88966666666667,0.92266666666667,168472500,515050.SH,2026-04-16,NA,NA,CNY
0.93233333333333,0.963,0.93,0.96233333333333,226023893,515050.SH,2026-04-17,NA,NA,CNY
0.96266666666667,0.98333333333333,0.96266666666667,0.97666666666667,188683301,515050.SH,2026-04-20,NA,NA,CNY
0.95933333333333,0.98333333333333,0.95466666666667,0.97933333333333,175409655,515050.SH,2026-04-21,NA,NA,CNY
0.97533333333333,1.0336666666667,0.975,1.032,236254676,515050.SH,2026-04-22,NA,NA,CNY
1.0373333333333,1.0646666666667,1.0086666666667,1.023,366817626,515050.SH,2026-04-23,NA,NA,CNY
1.0,1.0193333333333,0.96833333333333,0.98666666666667,320606849,515050.SH,2026-04-24,NA,NA,CNY
0.99133333333333,1.0156666666667,0.99133333333333,1.0056666666667,204400630,515050.SH,2026-04-27,NA,NA,CNY
1.001,1.0033333333333,0.98,0.987,161487006,515050.SH,2026-04-28,NA,NA,CNY
0.974,1.0013333333333,0.96833333333333,0.99066666666667,210230912,515050.SH,2026-04-29,NA,NA,CNY
0.99966666666667,1.004,0.97533333333333,0.989,168241200,515050.SH,2026-04-30,NA,NA,CNY
1.005,1.03,1.0026666666667,1.012,247021392,515050.SH,2026-05-06,NA,NA,CNY
1.0176666666667,1.055,1.003,1.0546666666667,231350374,515050.SH,2026-05-07,NA,NA,CNY
1.0376666666667,1.0603333333333,1.0333333333333,1.058,180053785,515050.SH,2026-05-08,NA,NA,CNY
1.0726666666667,1.103,1.059,1.0996666666667,223328410,515050.SH,2026-05-11,NA,NA,CNY
1.12,1.126,1.0923333333333,1.11,234766636,515050.SH,2026-05-12,NA,NA,CNY
1.088,1.158,1.088,1.156,674054533,515050.SH,2026-05-13,NA,NA,CNY
1.171,1.174,1.123,1.133,944750911,515050.SH,2026-05-14,NA,NA,CNY
1.127,1.144,1.084,1.108,840864663,515050.SH,2026-05-15,NA,NA,CNY
1.096,1.141,1.096,1.128,621402513,515050.SH,2026-05-18,NA,NA,CNY
1.114,1.134,1.076,1.131,721751133,515050.SH,2026-05-19,NA,NA,CNY
1.12,1.15,1.119,1.139,570488533,515050.SH,2026-05-20,NA,NA,CNY
1.153,1.16,1.086,1.093,1029513836,515050.SH,2026-05-21,NA,NA,CNY
1.104,1.155,1.101,1.153,812996580,515050.SH,2026-05-22,NA,NA,CNY
1.169,1.206,1.15,1.205,1109584734,515050.SH,2026-05-25,NA,NA,CNY
1.2,1.209,1.177,1.207,1091257649,515050.SH,2026-05-26,NA,NA,CNY
1.201,1.237,1.184,1.197,982748539,515050.SH,2026-05-27,NA,NA,CNY
1.185,1.235,1.166,1.231,976513996,515050.SH,2026-05-28,NA,NA,CNY
1.236,1.254,1.191,1.202,963712467,515050.SH,2026-05-29,NA,NA,CNY
1.194,1.213,1.153,1.156,1126104037,515050.SH,2026-06-01,NA,NA,CNY
1.155,1.228,1.154,1.222,1096509982,515050.SH,2026-06-02,NA,NA,CNY
1.239,1.309,1.238,1.271,1166999101,515050.SH,2026-06-03,NA,NA,CNY
1.238,1.293,1.238,1.28,1007570496,515050.SH,2026-06-04,NA,NA,CNY
1.263,1.302,1.218,1.233,1429293649,515050.SH,2026-06-05,NA,NA,CNY
1.16,1.224,1.16,1.189,1654356295,515050.SH,2026-06-08,NA,NA,CNY
1.213,1.254,1.196,1.254,1193486689,515050.SH,2026-06-09,NA,NA,CNY
1.228,1.241,1.19,1.208,1285654506,515050.SH,2026-06-10,NA,NA,CNY
1.195,1.226,1.16,1.188,1131954639,515050.SH,2026-06-11,NA,NA,CNY
1.227,1.23,1.177,1.182,1134739889,515050.SH,2026-06-12,NA,NA,CNY
0.577,0.579,0.574,0.576,699961200,512690.SH,2025-06-03,NA,NA,CNY
0.576,0.58,0.575,0.577,592436500,512690.SH,2025-06-04,NA,NA,CNY
0.579,0.58,0.576,0.578,908308050,512690.SH,2025-06-05,NA,NA,CNY
0.578,0.581,0.576,0.577,793276600,512690.SH,2025-06-06,NA,NA,CNY
0.577,0.577,0.572,0.574,1012837100,512690.SH,2025-06-09,NA,NA,CNY
0.574,0.575,0.565,0.569,1249352383,512690.SH,2025-06-10,NA,NA,CNY
0.568,0.573,0.568,0.57,893403172,512690.SH,2025-06-11,NA,NA,CNY
0.569,0.569,0.56,0.56,1557734200,512690.SH,2025-06-12,NA,NA,CNY
0.558,0.559,0.544,0.545,2045092520,512690.SH,2025-06-13,NA,NA,CNY
0.541,0.547,0.537,0.546,1764538332,512690.SH,2025-06-16,NA,NA,CNY
0.545,0.55,0.544,0.547,985357350,512690.SH,2025-06-17,NA,NA,CNY
0.551,0.558,0.549,0.55,1576218224,512690.SH,2025-06-18,NA,NA,CNY
0.547,0.552,0.545,0.546,834785350,512690.SH,2025-06-19,NA,NA,CNY
0.548,0.56,0.547,0.558,2186255338,512690.SH,2025-06-20,NA,NA,CNY
0.554,0.554,0.546,0.551,1178361900,512690.SH,2025-06-23,NA,NA,CNY
0.552,0.557,0.551,0.555,1236444100,512690.SH,2025-06-24,NA,NA,CNY
0.555,0.557,0.549,0.556,1818806199,512690.SH,2025-06-25,NA,NA,CNY
0.556,0.559,0.554,0.556,1035934599,512690.SH,2025-06-26,NA,NA,CNY
0.555,0.556,0.551,0.552,926737300,512690.SH,2025-06-27,NA,NA,CNY
0.552,0.559,0.55,0.555,1319925507,512690.SH,2025-06-30,NA,NA,CNY
0.554,0.555,0.551,0.552,707193200,512690.SH,2025-07-01,NA,NA,CNY
0.552,0.558,0.551,0.554,1199632295,512690.SH,2025-07-02,NA,NA,CNY
0.554,0.558,0.552,0.555,816388781,512690.SH,2025-07-03,NA,NA,CNY
0.555,0.558,0.553,0.555,898253408,512690.SH,2025-07-04,NA,NA,CNY
0.556,0.557,0.553,0.554,550864000,512690.SH,2025-07-07,NA,NA,CNY
0.554,0.559,0.554,0.559,1169278900,512690.SH,2025-07-08,NA,NA,CNY
0.559,0.568,0.557,0.562,1892402955,512690.SH,2025-07-09,NA,NA,CNY
0.561,0.567,0.558,0.565,1763000981,512690.SH,2025-07-10,NA,NA,CNY
0.564,0.574,0.564,0.57,2039373149,512690.SH,2025-07-11,NA,NA,CNY
0.568,0.572,0.564,0.57,1724199900,512690.SH,2025-07-14,NA,NA,CNY
0.567,0.568,0.56,0.562,1639863074,512690.SH,2025-07-15,NA,NA,CNY
0.561,0.568,0.561,0.567,1378530733,512690.SH,2025-07-16,NA,NA,CNY
0.565,0.569,0.564,0.568,805370798,512690.SH,2025-07-17,NA,NA,CNY
0.568,0.577,0.567,0.575,1920486949,512690.SH,2025-07-18,NA,NA,CNY
0.576,0.576,0.572,0.575,1121788500,512690.SH,2025-07-21,NA,NA,CNY
0.574,0.592,0.574,0.591,2964673126,512690.SH,2025-07-22,NA,NA,CNY
0.591,0.595,0.586,0.587,1781540765,512690.SH,2025-07-23,NA,NA,CNY
0.587,0.591,0.586,0.59,1531426369,512690.SH,2025-07-24,NA,NA,CNY
0.591,0.591,0.58,0.58,1921567217,512690.SH,2025-07-25,NA,NA,CNY
0.58,0.58,0.574,0.578,1459580802,512690.SH,2025-07-28,NA,NA,CNY
0.577,0.579,0.572,0.577,1658767305,512690.SH,2025-07-29,NA,NA,CNY
0.578,0.585,0.577,0.581,2085995678,512690.SH,2025-07-30,NA,NA,CNY
0.579,0.579,0.565,0.568,2508096329,512690.SH,2025-07-31,NA,NA,CNY
0.567,0.569,0.564,0.567,1143387850,512690.SH,2025-08-01,NA,NA,CNY
0.566,0.568,0.564,0.567,692429537,512690.SH,2025-08-04,NA,NA,CNY
0.567,0.575,0.567,0.574,1155411600,512690.SH,2025-08-05,NA,NA,CNY
0.575,0.576,0.571,0.575,781100505,512690.SH,2025-08-06,NA,NA,CNY
0.574,0.578,0.573,0.576,949404098,512690.SH,2025-08-07,NA,NA,CNY
0.576,0.576,0.572,0.573,875026864,512690.SH,2025-08-08,NA,NA,CNY
0.573,0.586,0.572,0.584,1878758020,512690.SH,2025-08-11,NA,NA,CNY
0.583,0.592,0.581,0.582,2095625456,512690.SH,2025-08-12,NA,NA,CNY
0.581,0.584,0.577,0.582,2252122330,512690.SH,2025-08-13,NA,NA,CNY
0.581,0.589,0.579,0.58,1923252830,512690.SH,2025-08-14,NA,NA,CNY
0.578,0.583,0.575,0.581,1701472463,512690.SH,2025-08-15,NA,NA,CNY
0.582,0.587,0.581,0.585,2567602335,512690.SH,2025-08-18,NA,NA,CNY
0.585,0.599,0.584,0.594,3658813712,512690.SH,2025-08-19,NA,NA,CNY
0.592,0.612,0.589,0.609,3595937927,512690.SH,2025-08-20,NA,NA,CNY
0.609,0.61,0.601,0.603,2182946233,512690.SH,2025-08-21,NA,NA,CNY
0.603,0.609,0.601,0.609,2085489845,512690.SH,2025-08-22,NA,NA,CNY
0.611,0.634,0.61,0.632,3836375739,512690.SH,2025-08-25,NA,NA,CNY
0.63,0.639,0.623,0.63,2998449918,512690.SH,2025-08-26,NA,NA,CNY
0.629,0.629,0.611,0.612,4014574425,512690.SH,2025-08-27,NA,NA,CNY
0.61,0.616,0.598,0.609,3129672465,512690.SH,2025-08-28,NA,NA,CNY
0.612,0.628,0.611,0.625,3240639650,512690.SH,2025-08-29,NA,NA,CNY
0.623,0.626,0.618,0.622,2642632710,512690.SH,2025-09-01,NA,NA,CNY
0.621,0.634,0.617,0.62,3007733700,512690.SH,2025-09-02,NA,NA,CNY
0.622,0.63,0.609,0.611,2261595110,512690.SH,2025-09-03,NA,NA,CNY
0.611,0.612,0.602,0.612,2218915229,512690.SH,2025-09-04,NA,NA,CNY
0.611,0.616,0.604,0.615,2260296505,512690.SH,2025-09-05,NA,NA,CNY
0.614,0.625,0.612,0.624,2295321312,512690.SH,2025-09-08,NA,NA,CNY
0.623,0.625,0.616,0.624,1891124536,512690.SH,2025-09-09,NA,NA,CNY
0.624,0.631,0.618,0.624,2143432457,512690.SH,2025-09-10,NA,NA,CNY
0.621,0.628,0.62,0.628,2113146357,512690.SH,2025-09-11,NA,NA,CNY
0.628,0.637,0.62,0.621,2335669647,512690.SH,2025-09-12,NA,NA,CNY
0.619,0.621,0.616,0.619,1635322527,512690.SH,2025-09-15,NA,NA,CNY
0.621,0.622,0.615,0.619,1337568000,512690.SH,2025-09-16,NA,NA,CNY
0.618,0.62,0.612,0.614,1587864327,512690.SH,2025-09-17,NA,NA,CNY
0.614,0.614,0.599,0.603,2515278159,512690.SH,2025-09-18,NA,NA,CNY
0.602,0.607,0.595,0.606,2277164382,512690.SH,2025-09-19,NA,NA,CNY
0.603,0.603,0.595,0.596,1751715101,512690.SH,2025-09-22,NA,NA,CNY
0.595,0.598,0.588,0.593,1591958505,512690.SH,2025-09-23,NA,NA,CNY
0.591,0.597,0.59,0.593,1426090216,512690.SH,2025-09-24,NA,NA,CNY
0.594,0.594,0.587,0.588,1681359884,512690.SH,2025-09-25,NA,NA,CNY
0.588,0.59,0.582,0.584,1922686962,512690.SH,2025-09-26,NA,NA,CNY
0.586,0.597,0.582,0.594,2135325095,512690.SH,2025-09-29,NA,NA,CNY
0.592,0.593,0.588,0.59,1643556110,512690.SH,2025-09-30,NA,NA,CNY
0.588,0.588,0.577,0.584,2307234826,512690.SH,2025-10-09,NA,NA,CNY
0.582,0.587,0.581,0.583,1406052877,512690.SH,2025-10-10,NA,NA,CNY
0.575,0.579,0.573,0.577,1889860940,512690.SH,2025-10-13,NA,NA,CNY
0.579,0.594,0.578,0.593,2889303120,512690.SH,2025-10-14,NA,NA,CNY
0.591,0.599,0.588,0.597,1927712919,512690.SH,2025-10-15,NA,NA,CNY
0.594,0.605,0.594,0.604,1855659800,512690.SH,2025-10-16,NA,NA,CNY
0.603,0.604,0.594,0.595,1803307891,512690.SH,2025-10-17,NA,NA,CNY
0.596,0.597,0.59,0.591,1434874700,512690.SH,2025-10-20,NA,NA,CNY
0.591,0.596,0.589,0.592,1136802684,512690.SH,2025-10-21,NA,NA,CNY
0.59,0.595,0.588,0.589,1236134179,512690.SH,2025-10-22,NA,NA,CNY
0.588,0.593,0.585,0.593,1535107667,512690.SH,2025-10-23,NA,NA,CNY
0.592,0.594,0.581,0.582,2351974374,512690.SH,2025-10-24,NA,NA,CNY
0.58,0.585,0.577,0.582,1494854521,512690.SH,2025-10-27,NA,NA,CNY
0.581,0.587,0.58,0.582,1529919359,512690.SH,2025-10-28,NA,NA,CNY
0.58,0.582,0.575,0.579,1803558456,512690.SH,2025-10-29,NA,NA,CNY
0.576,0.585,0.575,0.579,2522546778,512690.SH,2025-10-30,NA,NA,CNY
0.576,0.591,0.575,0.588,2747299226,512690.SH,2025-10-31,NA,NA,CNY
0.585,0.592,0.581,0.588,2545595614,512690.SH,2025-11-03,NA,NA,CNY
0.587,0.588,0.579,0.581,1637259815,512690.SH,2025-11-04,NA,NA,CNY
0.579,0.585,0.576,0.579,1678755594,512690.SH,2025-11-05,NA,NA,CNY
0.581,0.585,0.578,0.58,1367877653,512690.SH,2025-11-06,NA,NA,CNY
0.579,0.582,0.577,0.578,951782369,512690.SH,2025-11-07,NA,NA,CNY
0.577,0.606,0.576,0.604,4990087066,512690.SH,2025-11-10,NA,NA,CNY
0.6,0.605,0.595,0.603,2826660099,512690.SH,2025-11-11,NA,NA,CNY
0.602,0.609,0.602,0.603,2331859818,512690.SH,2025-11-12,NA,NA,CNY
0.6,0.609,0.599,0.607,2560755652,512690.SH,2025-11-13,NA,NA,CNY
0.605,0.613,0.598,0.598,2127999895,512690.SH,2025-11-14,NA,NA,CNY
0.597,0.602,0.591,0.598,1498669924,512690.SH,2025-11-17,NA,NA,CNY
0.598,0.604,0.593,0.595,1374981066,512690.SH,2025-11-18,NA,NA,CNY
0.595,0.597,0.589,0.592,1074488911,512690.SH,2025-11-19,NA,NA,CNY
0.593,0.597,0.589,0.59,1129463202,512690.SH,2025-11-20,NA,NA,CNY
0.588,0.597,0.581,0.585,1576224027,512690.SH,2025-11-21,NA,NA,CNY
0.584,0.589,0.58,0.581,1300183570,512690.SH,2025-11-24,NA,NA,CNY
0.582,0.583,0.578,0.582,1533100931,512690.SH,2025-11-25,NA,NA,CNY
0.582,0.585,0.58,0.582,1337157318,512690.SH,2025-11-26,NA,NA,CNY
0.583,0.586,0.579,0.583,1212448971,512690.SH,2025-11-27,NA,NA,CNY
0.582,0.585,0.579,0.583,1213746833,512690.SH,2025-11-28,NA,NA,CNY
0.583,0.588,0.581,0.583,1160586573,512690.SH,2025-12-01,NA,NA,CNY
0.583,0.585,0.577,0.577,1460700800,512690.SH,2025-12-02,NA,NA,CNY
0.578,0.578,0.569,0.57,2050436677,512690.SH,2025-12-03,NA,NA,CNY
0.57,0.571,0.559,0.561,2057495000,512690.SH,2025-12-04,NA,NA,CNY
0.56,0.564,0.558,0.563,1137679556,512690.SH,2025-12-05,NA,NA,CNY
0.562,0.564,0.557,0.557,1552400200,512690.SH,2025-12-08,NA,NA,CNY
0.558,0.558,0.547,0.549,1958812784,512690.SH,2025-12-09,NA,NA,CNY
0.548,0.554,0.544,0.553,1500239855,512690.SH,2025-12-10,NA,NA,CNY
0.553,0.554,0.548,0.55,977663790,512690.SH,2025-12-11,NA,NA,CNY
0.552,0.559,0.55,0.551,1859200340,512690.SH,2025-12-12,NA,NA,CNY
0.557,0.561,0.554,0.554,1991051332,512690.SH,2025-12-15,NA,NA,CNY
0.553,0.555,0.55,0.555,1178840674,512690.SH,2025-12-16,NA,NA,CNY
0.554,0.555,0.548,0.553,1038850907,512690.SH,2025-12-17,NA,NA,CNY
0.553,0.554,0.55,0.552,1178709384,512690.SH,2025-12-18,NA,NA,CNY
0.552,0.556,0.55,0.554,1134263695,512690.SH,2025-12-19,NA,NA,CNY
0.554,0.557,0.552,0.553,1432710700,512690.SH,2025-12-22,NA,NA,CNY
0.553,0.554,0.548,0.55,1059873212,512690.SH,2025-12-23,NA,NA,CNY
0.549,0.549,0.545,0.548,1232078821,512690.SH,2025-12-24,NA,NA,CNY
0.548,0.557,0.547,0.554,1830906773,512690.SH,2025-12-25,NA,NA,CNY
0.552,0.554,0.548,0.55,1493867147,512690.SH,2025-12-26,NA,NA,CNY
0.55,0.55,0.542,0.543,1583920735,512690.SH,2025-12-29,NA,NA,CNY
0.543,0.543,0.539,0.541,978304400,512690.SH,2025-12-30,NA,NA,CNY
0.541,0.542,0.535,0.536,1160690779,512690.SH,2025-12-31,NA,NA,CNY
0.536,0.547,0.536,0.546,2219260385,512690.SH,2026-01-05,NA,NA,CNY
0.546,0.55,0.543,0.55,1732087600,512690.SH,2026-01-06,NA,NA,CNY
0.55,0.551,0.546,0.547,1905082584,512690.SH,2026-01-07,NA,NA,CNY
0.546,0.547,0.543,0.546,1252097865,512690.SH,2026-01-08,NA,NA,CNY
0.547,0.551,0.545,0.547,1219054876,512690.SH,2026-01-09,NA,NA,CNY
0.547,0.555,0.546,0.553,1721204967,512690.SH,2026-01-12,NA,NA,CNY
0.554,0.555,0.546,0.548,1612510235,512690.SH,2026-01-13,NA,NA,CNY
0.547,0.553,0.541,0.545,1808393708,512690.SH,2026-01-14,NA,NA,CNY
0.543,0.546,0.539,0.54,1245774560,512690.SH,2026-01-15,NA,NA,CNY
0.541,0.542,0.535,0.537,1251509600,512690.SH,2026-01-16,NA,NA,CNY
0.536,0.538,0.534,0.535,1025779654,512690.SH,2026-01-19,NA,NA,CNY
0.536,0.542,0.534,0.54,1413628005,512690.SH,2026-01-20,NA,NA,CNY
0.539,0.539,0.529,0.531,1927977194,512690.SH,2026-01-21,NA,NA,CNY
0.53,0.533,0.528,0.529,1068846304,512690.SH,2026-01-22,NA,NA,CNY
0.529,0.531,0.526,0.527,1362516727,512690.SH,2026-01-23,NA,NA,CNY
0.525,0.526,0.516,0.524,2231753259,512690.SH,2026-01-26,NA,NA,CNY
0.522,0.523,0.514,0.516,1758560000,512690.SH,2026-01-27,NA,NA,CNY
0.515,0.52,0.512,0.516,1635738200,512690.SH,2026-01-28,NA,NA,CNY
0.515,0.568,0.515,0.568,7943165426,512690.SH,2026-01-29,NA,NA,CNY
0.562,0.562,0.54,0.541,4935660740,512690.SH,2026-01-30,NA,NA,CNY
0.536,0.566,0.536,0.549,4221753688,512690.SH,2026-02-02,NA,NA,CNY
0.544,0.56,0.544,0.551,2603136447,512690.SH,2026-02-03,NA,NA,CNY
0.549,0.566,0.546,0.562,3238630074,512690.SH,2026-02-04,NA,NA,CNY
0.56,0.572,0.558,0.565,3317409874,512690.SH,2026-02-05,NA,NA,CNY
0.562,0.567,0.553,0.554,2143905782,512690.SH,2026-02-06,NA,NA,CNY
0.553,0.557,0.55,0.554,1760519956,512690.SH,2026-02-09,NA,NA,CNY
0.553,0.553,0.543,0.545,1798195900,512690.SH,2026-02-10,NA,NA,CNY
0.545,0.548,0.542,0.545,1430085915,512690.SH,2026-02-11,NA,NA,CNY
0.543,0.544,0.535,0.535,1511880295,512690.SH,2026-02-12,NA,NA,CNY
0.536,0.542,0.533,0.535,1373447073,512690.SH,2026-02-13,NA,NA,CNY
0.539,0.542,0.527,0.529,1409184738,512690.SH,2026-02-24,NA,NA,CNY
0.529,0.535,0.528,0.532,1070294851,512690.SH,2026-02-25,NA,NA,CNY
0.531,0.532,0.523,0.525,1169926320,512690.SH,2026-02-26,NA,NA,CNY
0.525,0.527,0.523,0.526,776796989,512690.SH,2026-02-27,NA,NA,CNY
0.52,0.523,0.513,0.516,1536301300,512690.SH,2026-03-02,NA,NA,CNY
0.514,0.524,0.509,0.515,2165171341,512690.SH,2026-03-03,NA,NA,CNY
0.511,0.511,0.5,0.502,2040707109,512690.SH,2026-03-04,NA,NA,CNY
0.505,0.507,0.501,0.503,825693150,512690.SH,2026-03-05,NA,NA,CNY
0.501,0.511,0.5,0.51,1947734173,512690.SH,2026-03-06,NA,NA,CNY
0.505,0.508,0.503,0.505,1214369527,512690.SH,2026-03-09,NA,NA,CNY
0.507,0.509,0.505,0.508,841604455,512690.SH,2026-03-10,NA,NA,CNY
0.507,0.508,0.504,0.506,798440149,512690.SH,2026-03-11,NA,NA,CNY
0.505,0.509,0.503,0.506,1355345911,512690.SH,2026-03-12,NA,NA,CNY
0.505,0.514,0.504,0.512,1752902764,512690.SH,2026-03-13,NA,NA,CNY
0.511,0.523,0.51,0.519,1739866460,512690.SH,2026-03-16,NA,NA,CNY
0.517,0.525,0.515,0.518,1430067757,512690.SH,2026-03-17,NA,NA,CNY
0.518,0.52,0.51,0.513,1090785273,512690.SH,2026-03-18,NA,NA,CNY
0.51,0.511,0.504,0.504,1217566933,512690.SH,2026-03-19,NA,NA,CNY
0.505,0.507,0.499,0.5,1151364700,512690.SH,2026-03-20,NA,NA,CNY
0.496,0.496,0.482,0.484,1764446151,512690.SH,2026-03-23,NA,NA,CNY
0.487,0.49,0.482,0.49,1108143591,512690.SH,2026-03-24,NA,NA,CNY
0.489,0.493,0.487,0.492,974678500,512690.SH,2026-03-25,NA,NA,CNY
0.491,0.495,0.485,0.486,988156914,512690.SH,2026-03-26,NA,NA,CNY
0.483,0.495,0.483,0.492,1197169873,512690.SH,2026-03-27,NA,NA,CNY
0.487,0.497,0.487,0.493,1143039403,512690.SH,2026-03-30,NA,NA,CNY
0.503,0.507,0.492,0.493,1526205082,512690.SH,2026-03-31,NA,NA,CNY
0.494,0.502,0.492,0.498,1104182400,512690.SH,2026-04-01,NA,NA,CNY
0.496,0.503,0.495,0.499,1044469566,512690.SH,2026-04-02,NA,NA,CNY
0.5,0.502,0.492,0.494,793887145,512690.SH,2026-04-03,NA,NA,CNY
0.493,0.497,0.488,0.491,774496200,512690.SH,2026-04-07,NA,NA,CNY
0.495,0.499,0.493,0.498,1684529913,512690.SH,2026-04-08,NA,NA,CNY
0.496,0.497,0.489,0.49,1059755687,512690.SH,2026-04-09,NA,NA,CNY
0.491,0.493,0.489,0.491,1108108188,512690.SH,2026-04-10,NA,NA,CNY
0.489,0.49,0.485,0.489,1007256769,512690.SH,2026-04-13,NA,NA,CNY
0.489,0.492,0.485,0.491,1293179358,512690.SH,2026-04-14,NA,NA,CNY
0.491,0.496,0.488,0.492,1286679221,512690.SH,2026-04-15,NA,NA,CNY
0.491,0.496,0.491,0.493,1009974131,512690.SH,2026-04-16,NA,NA,CNY
0.487,0.487,0.483,0.485,1739771484,512690.SH,2026-04-17,NA,NA,CNY
0.484,0.487,0.481,0.484,1035114495,512690.SH,2026-04-20,NA,NA,CNY
0.484,0.488,0.482,0.483,808860100,512690.SH,2026-04-21,NA,NA,CNY
0.482,0.483,0.479,0.482,981036886,512690.SH,2026-04-22,NA,NA,CNY
0.483,0.495,0.483,0.49,2477441583,512690.SH,2026-04-23,NA,NA,CNY
0.488,0.495,0.484,0.491,1519002541,512690.SH,2026-04-24,NA,NA,CNY
0.487,0.488,0.482,0.482,1448691250,512690.SH,2026-04-27,NA,NA,CNY
0.481,0.484,0.48,0.482,928854512,512690.SH,2026-04-28,NA,NA,CNY
0.481,0.49,0.481,0.487,1363861593,512690.SH,2026-04-29,NA,NA,CNY
0.485,0.491,0.484,0.484,1062378672,512690.SH,2026-04-30,NA,NA,CNY
0.477,0.478,0.473,0.477,2251470953,512690.SH,2026-05-06,NA,NA,CNY
0.477,0.483,0.477,0.478,1522556431,512690.SH,2026-05-07,NA,NA,CNY
0.478,0.479,0.475,0.476,1319592541,512690.SH,2026-05-08,NA,NA,CNY
0.475,0.479,0.472,0.475,1683827235,512690.SH,2026-05-11,NA,NA,CNY
0.476,0.476,0.468,0.469,1803416545,512690.SH,2026-05-12,NA,NA,CNY
0.469,0.47,0.461,0.462,1706763593,512690.SH,2026-05-13,NA,NA,CNY
0.462,0.477,0.459,0.466,2943954283,512690.SH,2026-05-14,NA,NA,CNY
0.464,0.464,0.453,0.455,1947677304,512690.SH,2026-05-15,NA,NA,CNY
0.456,0.457,0.45,0.451,1350651513,512690.SH,2026-05-18,NA,NA,CNY
0.452,0.459,0.451,0.452,1101283766,512690.SH,2026-05-19,NA,NA,CNY
0.452,0.46,0.451,0.455,1364658467,512690.SH,2026-05-20,NA,NA,CNY
0.454,0.461,0.452,0.454,1440965878,512690.SH,2026-05-21,NA,NA,CNY
0.454,0.454,0.444,0.444,1437105512,512690.SH,2026-05-22,NA,NA,CNY
0.443,0.453,0.439,0.448,1769943596,512690.SH,2026-05-25,NA,NA,CNY
0.445,0.452,0.441,0.444,1533702968,512690.SH,2026-05-26,NA,NA,CNY
0.442,0.461,0.436,0.453,3752009239,512690.SH,2026-05-27,NA,NA,CNY
0.448,0.451,0.441,0.443,1887990558,512690.SH,2026-05-28,NA,NA,CNY
0.441,0.463,0.44,0.457,3983499186,512690.SH,2026-05-29,NA,NA,CNY
0.454,0.458,0.45,0.456,1690110565,512690.SH,2026-06-01,NA,NA,CNY
0.454,0.459,0.448,0.448,1693531665,512690.SH,2026-06-02,NA,NA,CNY
0.447,0.447,0.437,0.444,2166655200,512690.SH,2026-06-03,NA,NA,CNY
0.441,0.445,0.432,0.433,1582420900,512690.SH,2026-06-04,NA,NA,CNY
0.435,0.442,0.432,0.433,1564908864,512690.SH,2026-06-05,NA,NA,CNY
0.432,0.437,0.424,0.425,1535129586,512690.SH,2026-06-08,NA,NA,CNY
0.425,0.425,0.418,0.421,1349764912,512690.SH,2026-06-09,NA,NA,CNY
0.42,0.429,0.419,0.426,1748670473,512690.SH,2026-06-10,NA,NA,CNY
0.424,0.427,0.419,0.424,1026584787,512690.SH,2026-06-11,NA,NA,CNY
0.423,0.432,0.421,0.428,1564242800,512690.SH,2026-06-12,NA,NA,CNY
0.585,0.586,0.58,0.585,85366600,515170.SH,2025-06-03,NA,NA,CNY
0.585,0.589,0.584,0.587,38418700,515170.SH,2025-06-04,NA,NA,CNY
0.588,0.589,0.584,0.585,57052300,515170.SH,2025-06-05,NA,NA,CNY
0.585,0.587,0.583,0.586,37778100,515170.SH,2025-06-06,NA,NA,CNY
0.585,0.586,0.582,0.584,90356000,515170.SH,2025-06-09,NA,NA,CNY
0.583,0.584,0.576,0.579,93782900,515170.SH,2025-06-10,NA,NA,CNY
0.578,0.583,0.577,0.58,60387500,515170.SH,2025-06-11,NA,NA,CNY
0.58,0.58,0.571,0.573,158587200,515170.SH,2025-06-12,NA,NA,CNY
0.57,0.571,0.559,0.56,158099900,515170.SH,2025-06-13,NA,NA,CNY
0.559,0.56,0.553,0.56,154138200,515170.SH,2025-06-16,NA,NA,CNY
0.56,0.563,0.557,0.559,75197700,515170.SH,2025-06-17,NA,NA,CNY
0.56,0.566,0.559,0.561,80914000,515170.SH,2025-06-18,NA,NA,CNY
0.559,0.56,0.553,0.555,85631100,515170.SH,2025-06-19,NA,NA,CNY
0.555,0.564,0.555,0.561,98642000,515170.SH,2025-06-20,NA,NA,CNY
0.559,0.559,0.552,0.557,74340100,515170.SH,2025-06-23,NA,NA,CNY
0.557,0.563,0.555,0.561,93243100,515170.SH,2025-06-24,NA,NA,CNY
0.562,0.564,0.557,0.563,129741100,515170.SH,2025-06-25,NA,NA,CNY
0.564,0.565,0.561,0.563,67914700,515170.SH,2025-06-26,NA,NA,CNY
0.562,0.563,0.559,0.56,83263289,515170.SH,2025-06-27,NA,NA,CNY
0.56,0.563,0.557,0.562,109001600,515170.SH,2025-06-30,NA,NA,CNY
0.562,0.562,0.558,0.561,59650405,515170.SH,2025-07-01,NA,NA,CNY
0.561,0.563,0.558,0.561,68992705,515170.SH,2025-07-02,NA,NA,CNY
0.56,0.562,0.559,0.561,69685200,515170.SH,2025-07-03,NA,NA,CNY
0.56,0.564,0.559,0.562,115477205,515170.SH,2025-07-04,NA,NA,CNY
0.561,0.562,0.558,0.559,57905400,515170.SH,2025-07-07,NA,NA,CNY
0.559,0.562,0.557,0.562,87040800,515170.SH,2025-07-08,NA,NA,CNY
0.561,0.568,0.56,0.564,159266500,515170.SH,2025-07-09,NA,NA,CNY
0.562,0.567,0.56,0.565,172385300,515170.SH,2025-07-10,NA,NA,CNY
0.565,0.572,0.564,0.568,182665900,515170.SH,2025-07-11,NA,NA,CNY
0.568,0.57,0.564,0.569,85314000,515170.SH,2025-07-14,NA,NA,CNY
0.567,0.568,0.56,0.563,114059800,515170.SH,2025-07-15,NA,NA,CNY
0.563,0.567,0.562,0.566,99649600,515170.SH,2025-07-16,NA,NA,CNY
0.565,0.57,0.565,0.569,111410100,515170.SH,2025-07-17,NA,NA,CNY
0.569,0.576,0.569,0.576,143271500,515170.SH,2025-07-18,NA,NA,CNY
0.576,0.576,0.572,0.575,127637300,515170.SH,2025-07-21,NA,NA,CNY
0.575,0.586,0.574,0.585,215732300,515170.SH,2025-07-22,NA,NA,CNY
0.585,0.59,0.582,0.582,171159800,515170.SH,2025-07-23,NA,NA,CNY
0.582,0.587,0.582,0.587,124648000,515170.SH,2025-07-24,NA,NA,CNY
0.588,0.588,0.578,0.579,207787900,515170.SH,2025-07-25,NA,NA,CNY
0.579,0.579,0.573,0.576,196308230,515170.SH,2025-07-28,NA,NA,CNY
0.577,0.578,0.571,0.575,145684000,515170.SH,2025-07-29,NA,NA,CNY
0.574,0.582,0.573,0.579,252933200,515170.SH,2025-07-30,NA,NA,CNY
0.578,0.582,0.564,0.566,406173300,515170.SH,2025-07-31,NA,NA,CNY
0.566,0.568,0.563,0.566,118405300,515170.SH,2025-08-01,NA,NA,CNY
0.564,0.567,0.563,0.566,85353500,515170.SH,2025-08-04,NA,NA,CNY
0.567,0.572,0.567,0.572,113392500,515170.SH,2025-08-05,NA,NA,CNY
0.573,0.573,0.569,0.572,81072000,515170.SH,2025-08-06,NA,NA,CNY
0.572,0.574,0.571,0.573,92381600,515170.SH,2025-08-07,NA,NA,CNY
0.573,0.573,0.569,0.569,83568600,515170.SH,2025-08-08,NA,NA,CNY
0.569,0.579,0.569,0.577,189575200,515170.SH,2025-08-11,NA,NA,CNY
0.577,0.583,0.575,0.575,260405200,515170.SH,2025-08-12,NA,NA,CNY
0.576,0.577,0.573,0.577,159903100,515170.SH,2025-08-13,NA,NA,CNY
0.576,0.582,0.573,0.575,206457890,515170.SH,2025-08-14,NA,NA,CNY
0.574,0.577,0.571,0.577,240399800,515170.SH,2025-08-15,NA,NA,CNY
0.578,0.582,0.575,0.579,422914900,515170.SH,2025-08-18,NA,NA,CNY
0.58,0.588,0.579,0.584,386575298,515170.SH,2025-08-19,NA,NA,CNY
0.582,0.595,0.58,0.593,428205500,515170.SH,2025-08-20,NA,NA,CNY
0.596,0.596,0.59,0.593,344736589,515170.SH,2025-08-21,NA,NA,CNY
0.593,0.597,0.59,0.596,296011400,515170.SH,2025-08-22,NA,NA,CNY
0.599,0.614,0.597,0.614,473443900,515170.SH,2025-08-25,NA,NA,CNY
0.614,0.62,0.608,0.613,410559283,515170.SH,2025-08-26,NA,NA,CNY
0.613,0.614,0.597,0.598,509188975,515170.SH,2025-08-27,NA,NA,CNY
0.597,0.601,0.586,0.596,394886400,515170.SH,2025-08-28,NA,NA,CNY
0.598,0.613,0.597,0.611,411419012,515170.SH,2025-08-29,NA,NA,CNY
0.611,0.613,0.605,0.61,358932800,515170.SH,2025-09-01,NA,NA,CNY
0.609,0.617,0.605,0.607,359532200,515170.SH,2025-09-02,NA,NA,CNY
0.606,0.615,0.596,0.597,407512367,515170.SH,2025-09-03,NA,NA,CNY
0.597,0.599,0.592,0.598,449846180,515170.SH,2025-09-04,NA,NA,CNY
0.599,0.602,0.591,0.602,515444700,515170.SH,2025-09-05,NA,NA,CNY
0.602,0.61,0.599,0.609,411470500,515170.SH,2025-09-08,NA,NA,CNY
0.609,0.612,0.604,0.611,589128000,515170.SH,2025-09-09,NA,NA,CNY
0.611,0.614,0.606,0.609,302125900,515170.SH,2025-09-10,NA,NA,CNY
0.608,0.613,0.605,0.613,404396700,515170.SH,2025-09-11,NA,NA,CNY
0.612,0.618,0.605,0.605,376383400,515170.SH,2025-09-12,NA,NA,CNY
0.605,0.606,0.601,0.603,271731112,515170.SH,2025-09-15,NA,NA,CNY
0.604,0.605,0.598,0.601,236756500,515170.SH,2025-09-16,NA,NA,CNY
0.601,0.603,0.596,0.598,487385500,515170.SH,2025-09-17,NA,NA,CNY
0.598,0.599,0.587,0.589,426826000,515170.SH,2025-09-18,NA,NA,CNY
0.589,0.593,0.585,0.591,335868087,515170.SH,2025-09-19,NA,NA,CNY
0.591,0.591,0.582,0.584,327630800,515170.SH,2025-09-22,NA,NA,CNY
0.583,0.585,0.576,0.58,330089900,515170.SH,2025-09-23,NA,NA,CNY
0.578,0.583,0.577,0.581,291971300,515170.SH,2025-09-24,NA,NA,CNY
0.581,0.582,0.576,0.577,280118600,515170.SH,2025-09-25,NA,NA,CNY
0.577,0.581,0.573,0.576,306983474,515170.SH,2025-09-26,NA,NA,CNY
0.577,0.585,0.573,0.583,369796888,515170.SH,2025-09-29,NA,NA,CNY
0.583,0.583,0.577,0.581,307978800,515170.SH,2025-09-30,NA,NA,CNY
0.581,0.581,0.571,0.579,346326800,515170.SH,2025-10-09,NA,NA,CNY
0.578,0.586,0.577,0.582,723722100,515170.SH,2025-10-10,NA,NA,CNY
0.575,0.581,0.571,0.576,665605700,515170.SH,2025-10-13,NA,NA,CNY
0.576,0.586,0.574,0.583,684496224,515170.SH,2025-10-14,NA,NA,CNY
0.583,0.588,0.581,0.588,516453300,515170.SH,2025-10-15,NA,NA,CNY
0.588,0.593,0.586,0.591,876701600,515170.SH,2025-10-16,NA,NA,CNY
0.591,0.594,0.583,0.584,927754868,515170.SH,2025-10-17,NA,NA,CNY
0.585,0.588,0.581,0.582,627964600,515170.SH,2025-10-20,NA,NA,CNY
0.583,0.585,0.581,0.583,518994600,515170.SH,2025-10-21,NA,NA,CNY
0.583,0.585,0.58,0.58,197931900,515170.SH,2025-10-22,NA,NA,CNY
0.579,0.583,0.576,0.582,233959400,515170.SH,2025-10-23,NA,NA,CNY
0.582,0.584,0.574,0.576,661610500,515170.SH,2025-10-24,NA,NA,CNY
0.576,0.577,0.572,0.574,811573200,515170.SH,2025-10-27,NA,NA,CNY
0.574,0.577,0.572,0.574,464197900,515170.SH,2025-10-28,NA,NA,CNY
0.573,0.574,0.568,0.571,378330218,515170.SH,2025-10-29,NA,NA,CNY
0.57,0.574,0.567,0.569,542570100,515170.SH,2025-10-30,NA,NA,CNY
0.567,0.577,0.567,0.576,509534386,515170.SH,2025-10-31,NA,NA,CNY
0.575,0.578,0.57,0.576,352469257,515170.SH,2025-11-03,NA,NA,CNY
0.574,0.575,0.566,0.569,283821500,515170.SH,2025-11-04,NA,NA,CNY
0.567,0.57,0.564,0.567,341449400,515170.SH,2025-11-05,NA,NA,CNY
0.567,0.571,0.567,0.568,254523686,515170.SH,2025-11-06,NA,NA,CNY
0.567,0.57,0.566,0.568,185549200,515170.SH,2025-11-07,NA,NA,CNY
0.569,0.59,0.567,0.589,869854207,515170.SH,2025-11-10,NA,NA,CNY
0.588,0.589,0.582,0.588,337306707,515170.SH,2025-11-11,NA,NA,CNY
0.589,0.594,0.588,0.589,388068426,515170.SH,2025-11-12,NA,NA,CNY
0.588,0.593,0.585,0.592,694917400,515170.SH,2025-11-13,NA,NA,CNY
0.591,0.597,0.585,0.585,307619900,515170.SH,2025-11-14,NA,NA,CNY
0.584,0.587,0.578,0.585,890284731,515170.SH,2025-11-17,NA,NA,CNY
0.584,0.59,0.583,0.586,289016473,515170.SH,2025-11-18,NA,NA,CNY
0.586,0.586,0.581,0.583,222759100,515170.SH,2025-11-19,NA,NA,CNY
0.583,0.586,0.579,0.58,241435979,515170.SH,2025-11-20,NA,NA,CNY
0.578,0.584,0.572,0.574,366739300,515170.SH,2025-11-21,NA,NA,CNY
0.575,0.578,0.571,0.572,244314700,515170.SH,2025-11-24,NA,NA,CNY
0.572,0.574,0.569,0.573,285042500,515170.SH,2025-11-25,NA,NA,CNY
0.573,0.575,0.571,0.574,188110563,515170.SH,2025-11-26,NA,NA,CNY
0.574,0.575,0.57,0.572,188543616,515170.SH,2025-11-27,NA,NA,CNY
0.572,0.575,0.57,0.575,144065595,515170.SH,2025-11-28,NA,NA,CNY
0.574,0.578,0.573,0.575,237904595,515170.SH,2025-12-01,NA,NA,CNY
0.575,0.576,0.571,0.571,152093815,515170.SH,2025-12-02,NA,NA,CNY
0.572,0.572,0.565,0.566,247952460,515170.SH,2025-12-03,NA,NA,CNY
0.566,0.567,0.558,0.56,284070100,515170.SH,2025-12-04,NA,NA,CNY
0.56,0.562,0.557,0.561,230499300,515170.SH,2025-12-05,NA,NA,CNY
0.561,0.562,0.555,0.557,277633900,515170.SH,2025-12-08,NA,NA,CNY
0.557,0.557,0.549,0.55,352641600,515170.SH,2025-12-09,NA,NA,CNY
0.549,0.554,0.546,0.552,208234900,515170.SH,2025-12-10,NA,NA,CNY
0.552,0.553,0.548,0.548,165298000,515170.SH,2025-12-11,NA,NA,CNY
0.55,0.555,0.548,0.551,255073600,515170.SH,2025-12-12,NA,NA,CNY
0.554,0.559,0.554,0.555,294487300,515170.SH,2025-12-15,NA,NA,CNY
0.554,0.556,0.552,0.555,178529700,515170.SH,2025-12-16,NA,NA,CNY
0.556,0.559,0.551,0.557,240150800,515170.SH,2025-12-17,NA,NA,CNY
0.556,0.559,0.555,0.557,169259700,515170.SH,2025-12-18,NA,NA,CNY
0.557,0.563,0.555,0.562,219053491,515170.SH,2025-12-19,NA,NA,CNY
0.562,0.564,0.56,0.562,203816085,515170.SH,2025-12-22,NA,NA,CNY
0.562,0.563,0.558,0.558,240799200,515170.SH,2025-12-23,NA,NA,CNY
0.557,0.558,0.555,0.557,142612400,515170.SH,2025-12-24,NA,NA,CNY
0.557,0.564,0.557,0.563,243551600,515170.SH,2025-12-25,NA,NA,CNY
0.563,0.563,0.557,0.558,385736600,515170.SH,2025-12-26,NA,NA,CNY
0.558,0.559,0.552,0.554,191227900,515170.SH,2025-12-29,NA,NA,CNY
0.553,0.554,0.549,0.55,185950200,515170.SH,2025-12-30,NA,NA,CNY
0.55,0.551,0.546,0.548,165270900,515170.SH,2025-12-31,NA,NA,CNY
0.548,0.558,0.547,0.557,261261000,515170.SH,2026-01-05,NA,NA,CNY
0.557,0.561,0.554,0.56,230368000,515170.SH,2026-01-06,NA,NA,CNY
0.56,0.562,0.556,0.558,296319400,515170.SH,2026-01-07,NA,NA,CNY
0.557,0.558,0.552,0.554,251223200,515170.SH,2026-01-08,NA,NA,CNY
0.555,0.558,0.553,0.557,220991100,515170.SH,2026-01-09,NA,NA,CNY
0.557,0.562,0.555,0.562,404239600,515170.SH,2026-01-12,NA,NA,CNY
0.562,0.563,0.556,0.558,375550899,515170.SH,2026-01-13,NA,NA,CNY
0.557,0.56,0.55,0.554,352936199,515170.SH,2026-01-14,NA,NA,CNY
0.552,0.555,0.549,0.551,235054900,515170.SH,2026-01-15,NA,NA,CNY
0.551,0.552,0.545,0.546,305092800,515170.SH,2026-01-16,NA,NA,CNY
0.546,0.548,0.544,0.546,174462199,515170.SH,2026-01-19,NA,NA,CNY
0.546,0.55,0.545,0.549,211060000,515170.SH,2026-01-20,NA,NA,CNY
0.549,0.549,0.539,0.541,371639375,515170.SH,2026-01-21,NA,NA,CNY
0.54,0.543,0.538,0.539,184337100,515170.SH,2026-01-22,NA,NA,CNY
0.539,0.541,0.537,0.538,226692700,515170.SH,2026-01-23,NA,NA,CNY
0.537,0.538,0.528,0.535,351625400,515170.SH,2026-01-26,NA,NA,CNY
0.534,0.535,0.526,0.529,273559800,515170.SH,2026-01-27,NA,NA,CNY
0.528,0.531,0.526,0.528,243022359,515170.SH,2026-01-28,NA,NA,CNY
0.528,0.57,0.527,0.568,1171171456,515170.SH,2026-01-29,NA,NA,CNY
0.56,0.561,0.544,0.544,732316800,515170.SH,2026-01-30,NA,NA,CNY
0.543,0.562,0.542,0.548,417401200,515170.SH,2026-02-02,NA,NA,CNY
0.547,0.557,0.545,0.552,303199900,515170.SH,2026-02-03,NA,NA,CNY
0.551,0.564,0.549,0.562,483098433,515170.SH,2026-02-04,NA,NA,CNY
0.561,0.572,0.56,0.569,557061486,515170.SH,2026-02-05,NA,NA,CNY
0.568,0.571,0.558,0.56,928768900,515170.SH,2026-02-06,NA,NA,CNY
0.559,0.563,0.557,0.56,349278900,515170.SH,2026-02-09,NA,NA,CNY
0.56,0.562,0.551,0.554,218139300,515170.SH,2026-02-10,NA,NA,CNY
0.553,0.556,0.551,0.554,196808492,515170.SH,2026-02-11,NA,NA,CNY
0.553,0.554,0.545,0.547,198664500,515170.SH,2026-02-12,NA,NA,CNY
0.548,0.551,0.544,0.546,200700808,515170.SH,2026-02-13,NA,NA,CNY
0.548,0.552,0.539,0.542,235025700,515170.SH,2026-02-24,NA,NA,CNY
0.541,0.547,0.54,0.543,134334300,515170.SH,2026-02-25,NA,NA,CNY
0.542,0.543,0.536,0.537,229864200,515170.SH,2026-02-26,NA,NA,CNY
0.537,0.539,0.536,0.538,130135400,515170.SH,2026-02-27,NA,NA,CNY
0.533,0.536,0.526,0.53,261443231,515170.SH,2026-03-02,NA,NA,CNY
0.528,0.535,0.524,0.526,264897666,515170.SH,2026-03-03,NA,NA,CNY
0.524,0.524,0.514,0.516,329420400,515170.SH,2026-03-04,NA,NA,CNY
0.518,0.521,0.515,0.518,123942800,515170.SH,2026-03-05,NA,NA,CNY
0.516,0.527,0.515,0.527,168985700,515170.SH,2026-03-06,NA,NA,CNY
0.522,0.525,0.52,0.523,173999867,515170.SH,2026-03-09,NA,NA,CNY
0.525,0.527,0.523,0.525,132711100,515170.SH,2026-03-10,NA,NA,CNY
0.527,0.527,0.522,0.526,117310400,515170.SH,2026-03-11,NA,NA,CNY
0.526,0.527,0.521,0.526,143705600,515170.SH,2026-03-12,NA,NA,CNY
0.526,0.531,0.523,0.529,276186900,515170.SH,2026-03-13,NA,NA,CNY
0.528,0.538,0.527,0.536,291631700,515170.SH,2026-03-16,NA,NA,CNY
0.536,0.544,0.535,0.537,216906000,515170.SH,2026-03-17,NA,NA,CNY
0.537,0.539,0.53,0.533,243560000,515170.SH,2026-03-18,NA,NA,CNY
0.531,0.531,0.524,0.525,162333500,515170.SH,2026-03-19,NA,NA,CNY
0.525,0.528,0.52,0.522,118421000,515170.SH,2026-03-20,NA,NA,CNY
0.518,0.518,0.5,0.502,386293954,515170.SH,2026-03-23,NA,NA,CNY
0.505,0.509,0.502,0.508,145633800,515170.SH,2026-03-24,NA,NA,CNY
0.51,0.514,0.508,0.514,135913300,515170.SH,2026-03-25,NA,NA,CNY
0.512,0.516,0.507,0.509,110252000,515170.SH,2026-03-26,NA,NA,CNY
0.506,0.518,0.505,0.517,158899700,515170.SH,2026-03-27,NA,NA,CNY
0.514,0.523,0.512,0.52,166172500,515170.SH,2026-03-30,NA,NA,CNY
0.526,0.53,0.517,0.518,174600500,515170.SH,2026-03-31,NA,NA,CNY
0.521,0.526,0.518,0.523,105941200,515170.SH,2026-04-01,NA,NA,CNY
0.522,0.525,0.521,0.524,92732000,515170.SH,2026-04-02,NA,NA,CNY
0.524,0.524,0.517,0.517,75217600,515170.SH,2026-04-03,NA,NA,CNY
0.518,0.52,0.513,0.515,120447500,515170.SH,2026-04-07,NA,NA,CNY
0.518,0.524,0.518,0.524,139797100,515170.SH,2026-04-08,NA,NA,CNY
0.522,0.522,0.515,0.516,165846800,515170.SH,2026-04-09,NA,NA,CNY
0.516,0.519,0.515,0.516,89639000,515170.SH,2026-04-10,NA,NA,CNY
0.515,0.515,0.511,0.514,171341700,515170.SH,2026-04-13,NA,NA,CNY
0.515,0.516,0.51,0.515,160501713,515170.SH,2026-04-14,NA,NA,CNY
0.513,0.518,0.512,0.516,97394500,515170.SH,2026-04-15,NA,NA,CNY
0.516,0.518,0.515,0.517,105548087,515170.SH,2026-04-16,NA,NA,CNY
0.514,0.514,0.507,0.508,165253000,515170.SH,2026-04-17,NA,NA,CNY
0.508,0.512,0.506,0.509,147184408,515170.SH,2026-04-20,NA,NA,CNY
0.509,0.513,0.508,0.51,112641700,515170.SH,2026-04-21,NA,NA,CNY
0.51,0.51,0.505,0.506,100937800,515170.SH,2026-04-22,NA,NA,CNY
0.507,0.515,0.507,0.513,207394524,515170.SH,2026-04-23,NA,NA,CNY
0.51,0.516,0.508,0.514,173487700,515170.SH,2026-04-24,NA,NA,CNY
0.511,0.511,0.506,0.508,118859000,515170.SH,2026-04-27,NA,NA,CNY
0.506,0.51,0.505,0.508,99677140,515170.SH,2026-04-28,NA,NA,CNY
0.506,0.515,0.505,0.513,154226000,515170.SH,2026-04-29,NA,NA,CNY
0.515,0.518,0.512,0.513,147765600,515170.SH,2026-04-30,NA,NA,CNY
0.508,0.509,0.503,0.508,230286400,515170.SH,2026-05-06,NA,NA,CNY
0.508,0.513,0.508,0.509,152044524,515170.SH,2026-05-07,NA,NA,CNY
0.509,0.509,0.506,0.507,104979774,515170.SH,2026-05-08,NA,NA,CNY
0.507,0.508,0.502,0.507,186374600,515170.SH,2026-05-11,NA,NA,CNY
0.507,0.508,0.501,0.503,182637100,515170.SH,2026-05-12,NA,NA,CNY
0.503,0.503,0.495,0.499,232686700,515170.SH,2026-05-13,NA,NA,CNY
0.498,0.508,0.494,0.499,317037300,515170.SH,2026-05-14,NA,NA,CNY
0.498,0.498,0.488,0.49,207324900,515170.SH,2026-05-15,NA,NA,CNY
0.49,0.491,0.484,0.487,196155200,515170.SH,2026-05-18,NA,NA,CNY
0.487,0.493,0.486,0.489,147582700,515170.SH,2026-05-19,NA,NA,CNY
0.488,0.492,0.486,0.489,150259000,515170.SH,2026-05-20,NA,NA,CNY
0.488,0.492,0.482,0.482,172666800,515170.SH,2026-05-21,NA,NA,CNY
0.483,0.484,0.476,0.477,162157100,515170.SH,2026-05-22,NA,NA,CNY
0.477,0.483,0.472,0.479,148537723,515170.SH,2026-05-25,NA,NA,CNY
0.478,0.482,0.474,0.477,126686400,515170.SH,2026-05-26,NA,NA,CNY
0.476,0.488,0.467,0.482,317858400,515170.SH,2026-05-27,NA,NA,CNY
0.477,0.478,0.47,0.472,244062122,515170.SH,2026-05-28,NA,NA,CNY
0.471,0.49,0.469,0.484,316259750,515170.SH,2026-05-29,NA,NA,CNY
0.484,0.485,0.478,0.484,251949400,515170.SH,2026-06-01,NA,NA,CNY
0.483,0.486,0.477,0.477,230737800,515170.SH,2026-06-02,NA,NA,CNY
0.477,0.477,0.467,0.471,209694900,515170.SH,2026-06-03,NA,NA,CNY
0.47,0.473,0.463,0.464,126655300,515170.SH,2026-06-04,NA,NA,CNY
0.466,0.471,0.462,0.463,147187900,515170.SH,2026-06-05,NA,NA,CNY
0.464,0.467,0.454,0.457,207445180,515170.SH,2026-06-08,NA,NA,CNY
0.456,0.459,0.453,0.456,117310100,515170.SH,2026-06-09,NA,NA,CNY
0.456,0.462,0.453,0.461,135162600,515170.SH,2026-06-10,NA,NA,CNY
0.46,0.463,0.456,0.462,124167000,515170.SH,2026-06-11,NA,NA,CNY
0.46,0.467,0.458,0.464,129257000,515170.SH,2026-06-12,NA,NA,CNY
0.671,0.676,0.668,0.676,111301676,159766.SZ,2025-06-03,NA,NA,CNY
0.675,0.684,0.671,0.683,205883700,159766.SZ,2025-06-04,NA,NA,CNY
0.683,0.686,0.679,0.681,157532226,159766.SZ,2025-06-05,NA,NA,CNY
0.68,0.682,0.676,0.681,102414700,159766.SZ,2025-06-06,NA,NA,CNY
0.681,0.685,0.677,0.685,152857200,159766.SZ,2025-06-09,NA,NA,CNY
0.685,0.688,0.677,0.683,167788600,159766.SZ,2025-06-10,NA,NA,CNY
0.684,0.689,0.682,0.688,143945500,159766.SZ,2025-06-11,NA,NA,CNY
0.687,0.687,0.681,0.683,174666300,159766.SZ,2025-06-12,NA,NA,CNY
0.68,0.68,0.667,0.668,189932400,159766.SZ,2025-06-13,NA,NA,CNY
0.668,0.668,0.664,0.668,156499900,159766.SZ,2025-06-16,NA,NA,CNY
0.668,0.672,0.666,0.668,132761500,159766.SZ,2025-06-17,NA,NA,CNY
0.666,0.667,0.661,0.663,128923300,159766.SZ,2025-06-18,NA,NA,CNY
0.662,0.668,0.658,0.659,153641600,159766.SZ,2025-06-19,NA,NA,CNY
0.659,0.663,0.657,0.657,81323100,159766.SZ,2025-06-20,NA,NA,CNY
0.655,0.658,0.65,0.657,103470600,159766.SZ,2025-06-23,NA,NA,CNY
0.66,0.669,0.66,0.668,147902497,159766.SZ,2025-06-24,NA,NA,CNY
0.669,0.674,0.665,0.674,154744100,159766.SZ,2025-06-25,NA,NA,CNY
0.673,0.682,0.668,0.678,208864700,159766.SZ,2025-06-26,NA,NA,CNY
0.676,0.68,0.673,0.676,199687500,159766.SZ,2025-06-27,NA,NA,CNY
0.675,0.678,0.674,0.677,125287400,159766.SZ,2025-06-30,NA,NA,CNY
0.677,0.679,0.672,0.674,124011300,159766.SZ,2025-07-01,NA,NA,CNY
0.673,0.676,0.671,0.673,131004100,159766.SZ,2025-07-02,NA,NA,CNY
0.674,0.675,0.67,0.671,135878500,159766.SZ,2025-07-03,NA,NA,CNY
0.671,0.673,0.669,0.669,167396500,159766.SZ,2025-07-04,NA,NA,CNY
0.669,0.674,0.669,0.671,117100600,159766.SZ,2025-07-07,NA,NA,CNY
0.671,0.674,0.668,0.674,147027300,159766.SZ,2025-07-08,NA,NA,CNY
0.673,0.676,0.671,0.673,123863900,159766.SZ,2025-07-09,NA,NA,CNY
0.672,0.677,0.671,0.676,150781200,159766.SZ,2025-07-10,NA,NA,CNY
0.677,0.681,0.677,0.679,247068600,159766.SZ,2025-07-11,NA,NA,CNY
0.678,0.68,0.675,0.675,143642200,159766.SZ,2025-07-14,NA,NA,CNY
0.675,0.675,0.664,0.667,285922600,159766.SZ,2025-07-15,NA,NA,CNY
0.666,0.672,0.666,0.668,149160400,159766.SZ,2025-07-16,NA,NA,CNY
0.67,0.673,0.667,0.67,243407500,159766.SZ,2025-07-17,NA,NA,CNY
0.67,0.675,0.67,0.675,210066800,159766.SZ,2025-07-18,NA,NA,CNY
0.675,0.682,0.674,0.681,281770700,159766.SZ,2025-07-21,NA,NA,CNY
0.682,0.687,0.677,0.687,286817400,159766.SZ,2025-07-22,NA,NA,CNY
0.689,0.695,0.685,0.685,322745800,159766.SZ,2025-07-23,NA,NA,CNY
0.686,0.715,0.686,0.715,571761442,159766.SZ,2025-07-24,NA,NA,CNY
0.715,0.715,0.7,0.701,397823028,159766.SZ,2025-07-25,NA,NA,CNY
0.7,0.703,0.695,0.697,203368369,159766.SZ,2025-07-28,NA,NA,CNY
0.696,0.7,0.691,0.695,164626300,159766.SZ,2025-07-29,NA,NA,CNY
0.695,0.7,0.693,0.697,260419954,159766.SZ,2025-07-30,NA,NA,CNY
0.696,0.696,0.682,0.684,242570100,159766.SZ,2025-07-31,NA,NA,CNY
0.683,0.684,0.677,0.681,198382200,159766.SZ,2025-08-01,NA,NA,CNY
0.68,0.681,0.677,0.681,146683000,159766.SZ,2025-08-04,NA,NA,CNY
0.681,0.685,0.679,0.685,177567500,159766.SZ,2025-08-05,NA,NA,CNY
0.685,0.685,0.679,0.682,261581683,159766.SZ,2025-08-06,NA,NA,CNY
0.682,0.684,0.68,0.684,208885300,159766.SZ,2025-08-07,NA,NA,CNY
0.683,0.688,0.681,0.687,230603100,159766.SZ,2025-08-08,NA,NA,CNY
0.687,0.69,0.684,0.689,254745700,159766.SZ,2025-08-11,NA,NA,CNY
0.688,0.689,0.686,0.689,181959500,159766.SZ,2025-08-12,NA,NA,CNY
0.692,0.694,0.688,0.69,298366329,159766.SZ,2025-08-13,NA,NA,CNY
0.69,0.695,0.683,0.684,389272000,159766.SZ,2025-08-14,NA,NA,CNY
0.683,0.692,0.68,0.692,321048500,159766.SZ,2025-08-15,NA,NA,CNY
0.693,0.702,0.692,0.7,454401361,159766.SZ,2025-08-18,NA,NA,CNY
0.7,0.702,0.696,0.7,316740758,159766.SZ,2025-08-19,NA,NA,CNY
0.698,0.709,0.695,0.707,340220660,159766.SZ,2025-08-20,NA,NA,CNY
0.708,0.715,0.705,0.708,460865900,159766.SZ,2025-08-21,NA,NA,CNY
0.708,0.71,0.703,0.71,414109000,159766.SZ,2025-08-22,NA,NA,CNY
0.713,0.722,0.71,0.722,551165100,159766.SZ,2025-08-25,NA,NA,CNY
0.722,0.733,0.716,0.725,570427399,159766.SZ,2025-08-26,NA,NA,CNY
0.724,0.725,0.709,0.709,534784500,159766.SZ,2025-08-27,NA,NA,CNY
0.709,0.722,0.702,0.717,432295000,159766.SZ,2025-08-28,NA,NA,CNY
0.716,0.727,0.715,0.72,631346707,159766.SZ,2025-08-29,NA,NA,CNY
0.72,0.726,0.714,0.721,560159504,159766.SZ,2025-09-01,NA,NA,CNY
0.721,0.722,0.713,0.717,427529500,159766.SZ,2025-09-02,NA,NA,CNY
0.719,0.721,0.707,0.71,386535931,159766.SZ,2025-09-03,NA,NA,CNY
0.709,0.72,0.706,0.72,585207776,159766.SZ,2025-09-04,NA,NA,CNY
0.721,0.729,0.708,0.728,746593667,159766.SZ,2025-09-05,NA,NA,CNY
0.728,0.739,0.726,0.735,562424071,159766.SZ,2025-09-08,NA,NA,CNY
0.731,0.735,0.726,0.731,396266868,159766.SZ,2025-09-09,NA,NA,CNY
0.73,0.735,0.729,0.734,347078807,159766.SZ,2025-09-10,NA,NA,CNY
0.733,0.734,0.721,0.733,586436968,159766.SZ,2025-09-11,NA,NA,CNY
0.734,0.741,0.73,0.732,488547071,159766.SZ,2025-09-12,NA,NA,CNY
0.73,0.735,0.726,0.732,523470233,159766.SZ,2025-09-15,NA,NA,CNY
0.735,0.745,0.732,0.744,680969998,159766.SZ,2025-09-16,NA,NA,CNY
0.749,0.749,0.735,0.744,796692925,159766.SZ,2025-09-17,NA,NA,CNY
0.744,0.752,0.738,0.744,707871202,159766.SZ,2025-09-18,NA,NA,CNY
0.743,0.761,0.733,0.76,957784296,159766.SZ,2025-09-19,NA,NA,CNY
0.759,0.759,0.743,0.748,566317292,159766.SZ,2025-09-22,NA,NA,CNY
0.741,0.742,0.713,0.721,763687000,159766.SZ,2025-09-23,NA,NA,CNY
0.717,0.722,0.711,0.722,500103614,159766.SZ,2025-09-24,NA,NA,CNY
0.721,0.721,0.711,0.719,489292278,159766.SZ,2025-09-25,NA,NA,CNY
0.715,0.721,0.708,0.713,345504410,159766.SZ,2025-09-26,NA,NA,CNY
0.712,0.718,0.704,0.717,392179105,159766.SZ,2025-09-29,NA,NA,CNY
0.717,0.719,0.713,0.719,351746850,159766.SZ,2025-09-30,NA,NA,CNY
0.717,0.717,0.696,0.704,571942646,159766.SZ,2025-10-09,NA,NA,CNY
0.701,0.709,0.7,0.704,371790608,159766.SZ,2025-10-10,NA,NA,CNY
0.692,0.697,0.686,0.696,286197214,159766.SZ,2025-10-13,NA,NA,CNY
0.695,0.703,0.695,0.699,246603800,159766.SZ,2025-10-14,NA,NA,CNY
0.699,0.712,0.698,0.711,313866900,159766.SZ,2025-10-15,NA,NA,CNY
0.71,0.718,0.708,0.71,392921136,159766.SZ,2025-10-16,NA,NA,CNY
0.709,0.717,0.708,0.708,370622711,159766.SZ,2025-10-17,NA,NA,CNY
0.711,0.727,0.71,0.726,407010796,159766.SZ,2025-10-20,NA,NA,CNY
0.726,0.729,0.719,0.727,301975689,159766.SZ,2025-10-21,NA,NA,CNY
0.725,0.728,0.721,0.724,177799078,159766.SZ,2025-10-22,NA,NA,CNY
0.723,0.731,0.72,0.731,219573668,159766.SZ,2025-10-23,NA,NA,CNY
0.73,0.73,0.718,0.721,166744730,159766.SZ,2025-10-24,NA,NA,CNY
0.721,0.725,0.718,0.721,186377650,159766.SZ,2025-10-27,NA,NA,CNY
0.721,0.728,0.72,0.721,135579001,159766.SZ,2025-10-28,NA,NA,CNY
0.719,0.728,0.717,0.726,154908300,159766.SZ,2025-10-29,NA,NA,CNY
0.726,0.737,0.724,0.727,291452182,159766.SZ,2025-10-30,NA,NA,CNY
0.73,0.739,0.725,0.734,266550933,159766.SZ,2025-10-31,NA,NA,CNY
0.735,0.748,0.733,0.747,296319931,159766.SZ,2025-11-03,NA,NA,CNY
0.746,0.753,0.742,0.748,267320939,159766.SZ,2025-11-04,NA,NA,CNY
0.747,0.762,0.743,0.756,372573228,159766.SZ,2025-11-05,NA,NA,CNY
0.752,0.754,0.741,0.745,254158890,159766.SZ,2025-11-06,NA,NA,CNY
0.746,0.757,0.746,0.751,211331861,159766.SZ,2025-11-07,NA,NA,CNY
0.751,0.799,0.751,0.796,657088090,159766.SZ,2025-11-10,NA,NA,CNY
0.791,0.806,0.788,0.803,677378687,159766.SZ,2025-11-11,NA,NA,CNY
0.799,0.814,0.795,0.797,517192285,159766.SZ,2025-11-12,NA,NA,CNY
0.792,0.81,0.792,0.807,350351517,159766.SZ,2025-11-13,NA,NA,CNY
0.805,0.815,0.795,0.795,319825584,159766.SZ,2025-11-14,NA,NA,CNY
0.792,0.799,0.788,0.796,306641212,159766.SZ,2025-11-17,NA,NA,CNY
0.793,0.796,0.78,0.784,201131743,159766.SZ,2025-11-18,NA,NA,CNY
0.784,0.788,0.773,0.779,362812581,159766.SZ,2025-11-19,NA,NA,CNY
0.776,0.779,0.769,0.769,305728207,159766.SZ,2025-11-20,NA,NA,CNY
0.764,0.771,0.751,0.751,191421574,159766.SZ,2025-11-21,NA,NA,CNY
0.752,0.76,0.747,0.753,400401636,159766.SZ,2025-11-24,NA,NA,CNY
0.754,0.756,0.748,0.753,217513151,159766.SZ,2025-11-25,NA,NA,CNY
0.752,0.76,0.75,0.753,138095600,159766.SZ,2025-11-26,NA,NA,CNY
0.755,0.755,0.743,0.747,345918011,159766.SZ,2025-11-27,NA,NA,CNY
0.745,0.751,0.74,0.75,219839604,159766.SZ,2025-11-28,NA,NA,CNY
0.754,0.775,0.752,0.775,436752600,159766.SZ,2025-12-01,NA,NA,CNY
0.771,0.777,0.765,0.772,533125000,159766.SZ,2025-12-02,NA,NA,CNY
0.769,0.779,0.766,0.771,518177858,159766.SZ,2025-12-03,NA,NA,CNY
0.767,0.77,0.755,0.76,176081300,159766.SZ,2025-12-04,NA,NA,CNY
0.759,0.76,0.751,0.758,190908062,159766.SZ,2025-12-05,NA,NA,CNY
0.758,0.764,0.752,0.762,512464874,159766.SZ,2025-12-08,NA,NA,CNY
0.76,0.762,0.747,0.747,283052600,159766.SZ,2025-12-09,NA,NA,CNY
0.746,0.762,0.746,0.759,234077300,159766.SZ,2025-12-10,NA,NA,CNY
0.759,0.759,0.743,0.743,293459682,159766.SZ,2025-12-11,NA,NA,CNY
0.742,0.75,0.737,0.745,211459310,159766.SZ,2025-12-12,NA,NA,CNY
0.746,0.752,0.741,0.749,199395800,159766.SZ,2025-12-15,NA,NA,CNY
0.751,0.761,0.748,0.756,425895501,159766.SZ,2025-12-16,NA,NA,CNY
0.758,0.775,0.756,0.774,324870457,159766.SZ,2025-12-17,NA,NA,CNY
0.77,0.781,0.767,0.772,610009857,159766.SZ,2025-12-18,NA,NA,CNY
0.774,0.798,0.772,0.795,550904739,159766.SZ,2025-12-19,NA,NA,CNY
0.797,0.81,0.793,0.809,497303200,159766.SZ,2025-12-22,NA,NA,CNY
0.809,0.809,0.787,0.787,506165704,159766.SZ,2025-12-23,NA,NA,CNY
0.784,0.791,0.777,0.79,580759000,159766.SZ,2025-12-24,NA,NA,CNY
0.788,0.792,0.782,0.787,210386823,159766.SZ,2025-12-25,NA,NA,CNY
0.785,0.798,0.783,0.798,391412858,159766.SZ,2025-12-26,NA,NA,CNY
0.797,0.805,0.792,0.796,434095594,159766.SZ,2025-12-29,NA,NA,CNY
0.79,0.795,0.785,0.788,446034400,159766.SZ,2025-12-30,NA,NA,CNY
0.788,0.811,0.783,0.809,594104271,159766.SZ,2025-12-31,NA,NA,CNY
0.808,0.809,0.791,0.8,546987387,159766.SZ,2026-01-05,NA,NA,CNY
0.798,0.804,0.791,0.801,538643650,159766.SZ,2026-01-06,NA,NA,CNY
0.803,0.819,0.801,0.812,483748177,159766.SZ,2026-01-07,NA,NA,CNY
0.81,0.814,0.802,0.809,267471810,159766.SZ,2026-01-08,NA,NA,CNY
0.809,0.815,0.805,0.811,257618300,159766.SZ,2026-01-09,NA,NA,CNY
0.81,0.821,0.809,0.815,537175497,159766.SZ,2026-01-12,NA,NA,CNY
0.814,0.817,0.802,0.804,413197632,159766.SZ,2026-01-13,NA,NA,CNY
0.8,0.811,0.795,0.803,461878100,159766.SZ,2026-01-14,NA,NA,CNY
0.807,0.816,0.805,0.808,317615000,159766.SZ,2026-01-15,NA,NA,CNY
0.81,0.81,0.787,0.79,707327898,159766.SZ,2026-01-16,NA,NA,CNY
0.79,0.825,0.79,0.825,962847113,159766.SZ,2026-01-19,NA,NA,CNY
0.825,0.839,0.821,0.835,1182256225,159766.SZ,2026-01-20,NA,NA,CNY
0.835,0.837,0.825,0.827,810942872,159766.SZ,2026-01-21,NA,NA,CNY
0.828,0.831,0.821,0.825,292403400,159766.SZ,2026-01-22,NA,NA,CNY
0.825,0.83,0.817,0.821,344192700,159766.SZ,2026-01-23,NA,NA,CNY
0.817,0.828,0.808,0.809,525507954,159766.SZ,2026-01-26,NA,NA,CNY
0.808,0.81,0.793,0.799,343312800,159766.SZ,2026-01-27,NA,NA,CNY
0.796,0.799,0.788,0.791,446980246,159766.SZ,2026-01-28,NA,NA,CNY
0.786,0.798,0.778,0.798,521072219,159766.SZ,2026-01-29,NA,NA,CNY
0.8,0.805,0.794,0.798,382247219,159766.SZ,2026-01-30,NA,NA,CNY
0.797,0.811,0.786,0.788,376575800,159766.SZ,2026-02-02,NA,NA,CNY
0.788,0.803,0.782,0.799,1001033337,159766.SZ,2026-02-03,NA,NA,CNY
0.799,0.826,0.795,0.824,518684417,159766.SZ,2026-02-04,NA,NA,CNY
0.822,0.838,0.816,0.837,748118201,159766.SZ,2026-02-05,NA,NA,CNY
0.833,0.833,0.817,0.823,511600915,159766.SZ,2026-02-06,NA,NA,CNY
0.829,0.841,0.824,0.837,370609155,159766.SZ,2026-02-09,NA,NA,CNY
0.836,0.836,0.818,0.832,642127935,159766.SZ,2026-02-10,NA,NA,CNY
0.832,0.832,0.817,0.822,332958321,159766.SZ,2026-02-11,NA,NA,CNY
0.822,0.822,0.802,0.805,730901775,159766.SZ,2026-02-12,NA,NA,CNY
0.805,0.809,0.799,0.8,274154883,159766.SZ,2026-02-13,NA,NA,CNY
0.796,0.796,0.77,0.773,973194509,159766.SZ,2026-02-24,NA,NA,CNY
0.772,0.782,0.772,0.776,404879100,159766.SZ,2026-02-25,NA,NA,CNY
0.774,0.779,0.768,0.77,345817001,159766.SZ,2026-02-26,NA,NA,CNY
0.771,0.778,0.77,0.775,256615300,159766.SZ,2026-02-27,NA,NA,CNY
0.754,0.763,0.748,0.751,835647000,159766.SZ,2026-03-02,NA,NA,CNY
0.75,0.755,0.737,0.739,420633900,159766.SZ,2026-03-03,NA,NA,CNY
0.733,0.744,0.727,0.732,290339200,159766.SZ,2026-03-04,NA,NA,CNY
0.738,0.739,0.723,0.727,817485936,159766.SZ,2026-03-05,NA,NA,CNY
0.724,0.739,0.722,0.738,324807400,159766.SZ,2026-03-06,NA,NA,CNY
0.72,0.725,0.708,0.72,427466000,159766.SZ,2026-03-09,NA,NA,CNY
0.727,0.735,0.726,0.73,345844336,159766.SZ,2026-03-10,NA,NA,CNY
0.732,0.732,0.719,0.724,217119200,159766.SZ,2026-03-11,NA,NA,CNY
0.72,0.725,0.718,0.723,169862100,159766.SZ,2026-03-12,NA,NA,CNY
0.721,0.731,0.718,0.724,402021900,159766.SZ,2026-03-13,NA,NA,CNY
0.724,0.731,0.722,0.728,367117113,159766.SZ,2026-03-16,NA,NA,CNY
0.728,0.739,0.725,0.727,441310883,159766.SZ,2026-03-17,NA,NA,CNY
0.728,0.729,0.715,0.722,275161015,159766.SZ,2026-03-18,NA,NA,CNY
0.715,0.715,0.701,0.704,352646700,159766.SZ,2026-03-19,NA,NA,CNY
0.706,0.711,0.698,0.699,534435700,159766.SZ,2026-03-20,NA,NA,CNY
0.689,0.69,0.654,0.66,378699900,159766.SZ,2026-03-23,NA,NA,CNY
0.667,0.673,0.66,0.672,397590461,159766.SZ,2026-03-24,NA,NA,CNY
0.675,0.695,0.675,0.694,316461400,159766.SZ,2026-03-25,NA,NA,CNY
0.689,0.699,0.682,0.684,221289400,159766.SZ,2026-03-26,NA,NA,CNY
0.676,0.692,0.676,0.691,185964300,159766.SZ,2026-03-27,NA,NA,CNY
0.68,0.686,0.675,0.684,343177100,159766.SZ,2026-03-30,NA,NA,CNY
0.684,0.697,0.679,0.68,267434900,159766.SZ,2026-03-31,NA,NA,CNY
0.69,0.702,0.683,0.701,425962492,159766.SZ,2026-04-01,NA,NA,CNY
0.695,0.696,0.682,0.686,276190938,159766.SZ,2026-04-02,NA,NA,CNY
0.686,0.687,0.67,0.672,219584274,159766.SZ,2026-04-03,NA,NA,CNY
0.671,0.675,0.665,0.671,245464600,159766.SZ,2026-04-07,NA,NA,CNY
0.688,0.702,0.688,0.701,662938553,159766.SZ,2026-04-08,NA,NA,CNY
0.691,0.693,0.68,0.683,386260710,159766.SZ,2026-04-09,NA,NA,CNY
0.684,0.691,0.682,0.684,308817656,159766.SZ,2026-04-10,NA,NA,CNY
0.677,0.681,0.674,0.68,533595768,159766.SZ,2026-04-13,NA,NA,CNY
0.683,0.687,0.67,0.679,1684103040,159766.SZ,2026-04-14,NA,NA,CNY
0.684,0.687,0.681,0.683,499800700,159766.SZ,2026-04-15,NA,NA,CNY
0.684,0.692,0.68,0.692,367661099,159766.SZ,2026-04-16,NA,NA,CNY
0.69,0.69,0.674,0.682,507706600,159766.SZ,2026-04-17,NA,NA,CNY
0.677,0.687,0.674,0.685,377764800,159766.SZ,2026-04-20,NA,NA,CNY
0.684,0.692,0.679,0.683,713162657,159766.SZ,2026-04-21,NA,NA,CNY
0.68,0.68,0.674,0.675,279456483,159766.SZ,2026-04-22,NA,NA,CNY
0.673,0.676,0.666,0.668,987286359,159766.SZ,2026-04-23,NA,NA,CNY
0.666,0.667,0.66,0.664,338334500,159766.SZ,2026-04-24,NA,NA,CNY
0.661,0.663,0.654,0.663,244632900,159766.SZ,2026-04-27,NA,NA,CNY
0.659,0.66,0.649,0.651,320468200,159766.SZ,2026-04-28,NA,NA,CNY
0.65,0.666,0.65,0.666,356066700,159766.SZ,2026-04-29,NA,NA,CNY
0.666,0.668,0.657,0.661,522870800,159766.SZ,2026-04-30,NA,NA,CNY
0.659,0.66,0.648,0.651,363577357,159766.SZ,2026-05-06,NA,NA,CNY
0.655,0.66,0.65,0.652,456222400,159766.SZ,2026-05-07,NA,NA,CNY
0.649,0.66,0.648,0.655,321946035,159766.SZ,2026-05-08,NA,NA,CNY
0.653,0.654,0.645,0.651,547816457,159766.SZ,2026-05-11,NA,NA,CNY
0.65,0.65,0.641,0.642,384096099,159766.SZ,2026-05-12,NA,NA,CNY
0.642,0.644,0.637,0.643,279817128,159766.SZ,2026-05-13,NA,NA,CNY
0.643,0.643,0.63,0.631,348207100,159766.SZ,2026-05-14,NA,NA,CNY
0.631,0.631,0.617,0.619,456137900,159766.SZ,2026-05-15,NA,NA,CNY
0.617,0.618,0.607,0.611,376011000,159766.SZ,2026-05-18,NA,NA,CNY
0.61,0.618,0.61,0.617,304275430,159766.SZ,2026-05-19,NA,NA,CNY
0.614,0.615,0.605,0.61,267502828,159766.SZ,2026-05-20,NA,NA,CNY
0.615,0.623,0.609,0.61,351755740,159766.SZ,2026-05-21,NA,NA,CNY
0.611,0.613,0.602,0.602,265467551,159766.SZ,2026-05-22,NA,NA,CNY
0.607,0.615,0.607,0.612,360604129,159766.SZ,2026-05-25,NA,NA,CNY
0.607,0.617,0.606,0.614,265997454,159766.SZ,2026-05-26,NA,NA,CNY
0.611,0.614,0.601,0.607,292925607,159766.SZ,2026-05-27,NA,NA,CNY
0.606,0.608,0.592,0.597,287664434,159766.SZ,2026-05-28,NA,NA,CNY
0.598,0.625,0.598,0.616,678453294,159766.SZ,2026-05-29,NA,NA,CNY
0.61,0.618,0.602,0.617,280208357,159766.SZ,2026-06-01,NA,NA,CNY
0.612,0.613,0.6,0.605,335141586,159766.SZ,2026-06-02,NA,NA,CNY
0.601,0.602,0.592,0.594,262776471,159766.SZ,2026-06-03,NA,NA,CNY
0.594,0.597,0.581,0.586,245226600,159766.SZ,2026-06-04,NA,NA,CNY
0.588,0.604,0.588,0.591,450350535,159766.SZ,2026-06-05,NA,NA,CNY
0.586,0.593,0.571,0.576,377330457,159766.SZ,2026-06-08,NA,NA,CNY
0.576,0.579,0.57,0.577,209580101,159766.SZ,2026-06-09,NA,NA,CNY
0.574,0.586,0.572,0.586,486251901,159766.SZ,2026-06-10,NA,NA,CNY
0.581,0.581,0.569,0.572,276517881,159766.SZ,2026-06-11,NA,NA,CNY
0.576,0.592,0.575,0.59,369012913,159766.SZ,2026-06-12,NA,NA,CNY
0.784,0.801,0.784,0.799,503682006,159992.SZ,2025-06-03,NA,NA,CNY
0.799,0.814,0.794,0.811,609857514,159992.SZ,2025-06-04,NA,NA,CNY
0.811,0.814,0.793,0.8,648684816,159992.SZ,2025-06-05,NA,NA,CNY
0.798,0.801,0.788,0.795,532518077,159992.SZ,2025-06-06,NA,NA,CNY
0.797,0.827,0.795,0.815,735167691,159992.SZ,2025-06-09,NA,NA,CNY
0.815,0.828,0.812,0.821,919108809,159992.SZ,2025-06-10,NA,NA,CNY
0.821,0.825,0.812,0.814,515519204,159992.SZ,2025-06-11,NA,NA,CNY
0.813,0.837,0.811,0.837,774701513,159992.SZ,2025-06-12,NA,NA,CNY
0.833,0.841,0.813,0.818,679786277,159992.SZ,2025-06-13,NA,NA,CNY
0.817,0.825,0.809,0.816,416638788,159992.SZ,2025-06-16,NA,NA,CNY
0.818,0.824,0.789,0.792,770069615,159992.SZ,2025-06-17,NA,NA,CNY
0.788,0.791,0.781,0.788,546381523,159992.SZ,2025-06-18,NA,NA,CNY
0.786,0.792,0.772,0.775,436109206,159992.SZ,2025-06-19,NA,NA,CNY
0.774,0.779,0.773,0.775,295337200,159992.SZ,2025-06-20,NA,NA,CNY
0.772,0.784,0.767,0.782,545545800,159992.SZ,2025-06-23,NA,NA,CNY
0.78,0.792,0.78,0.791,575152831,159992.SZ,2025-06-24,NA,NA,CNY
0.791,0.797,0.785,0.794,455933408,159992.SZ,2025-06-25,NA,NA,CNY
0.791,0.791,0.776,0.781,474862504,159992.SZ,2025-06-26,NA,NA,CNY
0.781,0.785,0.778,0.782,366360506,159992.SZ,2025-06-27,NA,NA,CNY
0.782,0.792,0.775,0.792,463763931,159992.SZ,2025-06-30,NA,NA,CNY
0.794,0.809,0.791,0.809,815706832,159992.SZ,2025-07-01,NA,NA,CNY
0.808,0.811,0.794,0.796,564184700,159992.SZ,2025-07-02,NA,NA,CNY
0.796,0.815,0.795,0.813,559627028,159992.SZ,2025-07-03,NA,NA,CNY
0.812,0.824,0.81,0.819,491828216,159992.SZ,2025-07-04,NA,NA,CNY
0.817,0.82,0.8,0.802,524620102,159992.SZ,2025-07-07,NA,NA,CNY
0.801,0.814,0.8,0.804,482362064,159992.SZ,2025-07-08,NA,NA,CNY
0.8,0.816,0.796,0.809,561066900,159992.SZ,2025-07-09,NA,NA,CNY
0.808,0.82,0.808,0.814,343374395,159992.SZ,2025-07-10,NA,NA,CNY
0.813,0.834,0.813,0.828,636777771,159992.SZ,2025-07-11,NA,NA,CNY
0.827,0.836,0.823,0.834,394513815,159992.SZ,2025-07-14,NA,NA,CNY
0.833,0.843,0.828,0.842,539276903,159992.SZ,2025-07-15,NA,NA,CNY
0.842,0.85,0.84,0.85,380248341,159992.SZ,2025-07-16,NA,NA,CNY
0.85,0.871,0.847,0.87,551982720,159992.SZ,2025-07-17,NA,NA,CNY
0.87,0.88,0.864,0.879,522393106,159992.SZ,2025-07-18,NA,NA,CNY
0.878,0.878,0.86,0.872,584288611,159992.SZ,2025-07-21,NA,NA,CNY
0.868,0.892,0.866,0.874,573585150,159992.SZ,2025-07-22,NA,NA,CNY
0.869,0.887,0.869,0.871,505205873,159992.SZ,2025-07-23,NA,NA,CNY
0.871,0.895,0.871,0.895,531437797,159992.SZ,2025-07-24,NA,NA,CNY
0.894,0.904,0.886,0.889,477661600,159992.SZ,2025-07-25,NA,NA,CNY
0.891,0.913,0.891,0.912,637261352,159992.SZ,2025-07-28,NA,NA,CNY
0.918,0.944,0.904,0.939,762074988,159992.SZ,2025-07-29,NA,NA,CNY
0.932,0.952,0.924,0.933,756653696,159992.SZ,2025-07-30,NA,NA,CNY
0.928,0.943,0.918,0.923,749690937,159992.SZ,2025-07-31,NA,NA,CNY
0.918,0.942,0.911,0.915,626351251,159992.SZ,2025-08-01,NA,NA,CNY
0.907,0.915,0.89,0.915,646572926,159992.SZ,2025-08-04,NA,NA,CNY
0.917,0.927,0.913,0.924,511871079,159992.SZ,2025-08-05,NA,NA,CNY
0.924,0.935,0.916,0.922,420799145,159992.SZ,2025-08-06,NA,NA,CNY
0.919,0.925,0.898,0.903,496884927,159992.SZ,2025-08-07,NA,NA,CNY
0.9,0.905,0.888,0.902,470208328,159992.SZ,2025-08-08,NA,NA,CNY
0.902,0.913,0.9,0.911,434232685,159992.SZ,2025-08-11,NA,NA,CNY
0.913,0.916,0.898,0.907,506935604,159992.SZ,2025-08-12,NA,NA,CNY
0.909,0.935,0.908,0.934,958231549,159992.SZ,2025-08-13,NA,NA,CNY
0.937,0.944,0.925,0.927,656466328,159992.SZ,2025-08-14,NA,NA,CNY
0.922,0.94,0.919,0.936,590548501,159992.SZ,2025-08-15,NA,NA,CNY
0.937,0.944,0.931,0.943,859368080,159992.SZ,2025-08-18,NA,NA,CNY
0.941,0.96,0.926,0.928,825844920,159992.SZ,2025-08-19,NA,NA,CNY
0.921,0.93,0.909,0.93,665727946,159992.SZ,2025-08-20,NA,NA,CNY
0.93,0.942,0.925,0.933,587302695,159992.SZ,2025-08-21,NA,NA,CNY
0.933,0.942,0.928,0.942,660279669,159992.SZ,2025-08-22,NA,NA,CNY
0.946,0.968,0.944,0.968,1065507927,159992.SZ,2025-08-25,NA,NA,CNY
0.967,0.969,0.951,0.954,677970209,159992.SZ,2025-08-26,NA,NA,CNY
0.953,0.963,0.927,0.928,882934991,159992.SZ,2025-08-27,NA,NA,CNY
0.921,0.934,0.898,0.927,972872575,159992.SZ,2025-08-28,NA,NA,CNY
0.925,0.959,0.923,0.953,1004982101,159992.SZ,2025-08-29,NA,NA,CNY
0.958,0.999,0.952,0.999,1424175334,159992.SZ,2025-09-01,NA,NA,CNY
1.001,1.02,0.983,0.998,1559490574,159992.SZ,2025-09-02,NA,NA,CNY
0.998,1.016,0.991,1.002,907605918,159992.SZ,2025-09-03,NA,NA,CNY
1.005,1.008,0.943,0.959,1548258929,159992.SZ,2025-09-04,NA,NA,CNY
0.958,1.003,0.95,1.0,1066146917,159992.SZ,2025-09-05,NA,NA,CNY
1.002,1.016,0.991,1.009,864644620,159992.SZ,2025-09-08,NA,NA,CNY
1.003,1.028,0.982,0.987,1034176920,159992.SZ,2025-09-09,NA,NA,CNY
0.983,1.002,0.976,0.983,655298024,159992.SZ,2025-09-10,NA,NA,CNY
0.947,0.978,0.924,0.978,1418800533,159992.SZ,2025-09-11,NA,NA,CNY
0.981,0.994,0.969,0.984,969631610,159992.SZ,2025-09-12,NA,NA,CNY
0.984,0.996,0.981,0.984,705024100,159992.SZ,2025-09-15,NA,NA,CNY
0.984,0.987,0.97,0.98,540612309,159992.SZ,2025-09-16,NA,NA,CNY
0.979,0.988,0.97,0.981,631761912,159992.SZ,2025-09-17,NA,NA,CNY
0.981,1.002,0.97,0.985,957487750,159992.SZ,2025-09-18,NA,NA,CNY
0.98,0.988,0.958,0.963,773216588,159992.SZ,2025-09-19,NA,NA,CNY
0.969,0.985,0.958,0.965,715733177,159992.SZ,2025-09-22,NA,NA,CNY
0.961,0.965,0.929,0.945,861396222,159992.SZ,2025-09-23,NA,NA,CNY
0.944,0.965,0.943,0.962,670552183,159992.SZ,2025-09-24,NA,NA,CNY
0.966,0.981,0.966,0.97,598051205,159992.SZ,2025-09-25,NA,NA,CNY
0.959,0.959,0.945,0.946,600173106,159992.SZ,2025-09-26,NA,NA,CNY
0.943,0.952,0.927,0.949,584048933,159992.SZ,2025-09-29,NA,NA,CNY
0.95,0.97,0.948,0.97,806766897,159992.SZ,2025-09-30,NA,NA,CNY
0.975,0.976,0.951,0.965,693748561,159992.SZ,2025-10-09,NA,NA,CNY
0.96,0.962,0.935,0.941,732272458,159992.SZ,2025-10-10,NA,NA,CNY
0.91,0.928,0.907,0.918,642010055,159992.SZ,2025-10-13,NA,NA,CNY
0.922,0.926,0.888,0.893,818078311,159992.SZ,2025-10-14,NA,NA,CNY
0.893,0.918,0.887,0.918,740749209,159992.SZ,2025-10-15,NA,NA,CNY
0.916,0.933,0.909,0.92,799337364,159992.SZ,2025-10-16,NA,NA,CNY
0.921,0.925,0.899,0.899,504123947,159992.SZ,2025-10-17,NA,NA,CNY
0.907,0.916,0.899,0.905,395626701,159992.SZ,2025-10-20,NA,NA,CNY
0.906,0.919,0.904,0.918,495782723,159992.SZ,2025-10-21,NA,NA,CNY
0.915,0.927,0.908,0.91,385927103,159992.SZ,2025-10-22,NA,NA,CNY
0.906,0.91,0.891,0.902,415360277,159992.SZ,2025-10-23,NA,NA,CNY
0.903,0.914,0.9,0.907,418130600,159992.SZ,2025-10-24,NA,NA,CNY
0.918,0.929,0.916,0.92,720217879,159992.SZ,2025-10-27,NA,NA,CNY
0.919,0.919,0.906,0.908,566477318,159992.SZ,2025-10-28,NA,NA,CNY
0.908,0.918,0.9,0.918,628024596,159992.SZ,2025-10-29,NA,NA,CNY
0.912,0.912,0.893,0.894,1019880600,159992.SZ,2025-10-30,NA,NA,CNY
0.894,0.924,0.893,0.922,1277821311,159992.SZ,2025-10-31,NA,NA,CNY
0.927,0.929,0.906,0.916,1138539685,159992.SZ,2025-11-03,NA,NA,CNY
0.911,0.913,0.889,0.895,923343501,159992.SZ,2025-11-04,NA,NA,CNY
0.885,0.902,0.884,0.89,604774059,159992.SZ,2025-11-05,NA,NA,CNY
0.889,0.895,0.886,0.895,538526291,159992.SZ,2025-11-06,NA,NA,CNY
0.894,0.894,0.886,0.887,433805443,159992.SZ,2025-11-07,NA,NA,CNY
0.887,0.896,0.883,0.895,687553003,159992.SZ,2025-11-10,NA,NA,CNY
0.896,0.897,0.886,0.891,543220330,159992.SZ,2025-11-11,NA,NA,CNY
0.891,0.907,0.891,0.898,769731548,159992.SZ,2025-11-12,NA,NA,CNY
0.897,0.917,0.897,0.915,1087269137,159992.SZ,2025-11-13,NA,NA,CNY
0.907,0.925,0.907,0.911,996366434,159992.SZ,2025-11-14,NA,NA,CNY
0.91,0.911,0.888,0.894,753324321,159992.SZ,2025-11-17,NA,NA,CNY
0.891,0.897,0.883,0.888,560912701,159992.SZ,2025-11-18,NA,NA,CNY
0.887,0.888,0.875,0.879,596338800,159992.SZ,2025-11-19,NA,NA,CNY
0.882,0.887,0.875,0.876,383756706,159992.SZ,2025-11-20,NA,NA,CNY
0.871,0.881,0.852,0.856,628108100,159992.SZ,2025-11-21,NA,NA,CNY
0.86,0.871,0.858,0.868,422213239,159992.SZ,2025-11-24,NA,NA,CNY
0.871,0.882,0.866,0.873,467024722,159992.SZ,2025-11-25,NA,NA,CNY
0.876,0.894,0.874,0.883,700448037,159992.SZ,2025-11-26,NA,NA,CNY
0.881,0.883,0.873,0.876,315270638,159992.SZ,2025-11-27,NA,NA,CNY
0.878,0.879,0.87,0.877,437203346,159992.SZ,2025-11-28,NA,NA,CNY
0.877,0.881,0.874,0.881,407369338,159992.SZ,2025-12-01,NA,NA,CNY
0.878,0.879,0.864,0.866,569708229,159992.SZ,2025-12-02,NA,NA,CNY
0.866,0.869,0.856,0.86,412479990,159992.SZ,2025-12-03,NA,NA,CNY
0.861,0.868,0.86,0.867,407679684,159992.SZ,2025-12-04,NA,NA,CNY
0.867,0.87,0.857,0.87,338599900,159992.SZ,2025-12-05,NA,NA,CNY
0.875,0.879,0.868,0.872,402629158,159992.SZ,2025-12-08,NA,NA,CNY
0.871,0.882,0.867,0.869,452375803,159992.SZ,2025-12-09,NA,NA,CNY
0.867,0.871,0.858,0.869,311699600,159992.SZ,2025-12-10,NA,NA,CNY
0.871,0.876,0.866,0.866,347144152,159992.SZ,2025-12-11,NA,NA,CNY
0.867,0.87,0.857,0.867,386593400,159992.SZ,2025-12-12,NA,NA,CNY
0.864,0.865,0.851,0.851,394088700,159992.SZ,2025-12-15,NA,NA,CNY
0.852,0.852,0.833,0.835,500248427,159992.SZ,2025-12-16,NA,NA,CNY
0.834,0.849,0.831,0.846,348917800,159992.SZ,2025-12-17,NA,NA,CNY
0.842,0.85,0.841,0.842,238544714,159992.SZ,2025-12-18,NA,NA,CNY
0.844,0.861,0.842,0.855,538012276,159992.SZ,2025-12-19,NA,NA,CNY
0.857,0.858,0.85,0.855,488891674,159992.SZ,2025-12-22,NA,NA,CNY
0.853,0.86,0.85,0.852,374778700,159992.SZ,2025-12-23,NA,NA,CNY
0.853,0.857,0.848,0.853,456127707,159992.SZ,2025-12-24,NA,NA,CNY
0.852,0.856,0.849,0.856,531317870,159992.SZ,2025-12-25,NA,NA,CNY
0.854,0.857,0.849,0.854,386925099,159992.SZ,2025-12-26,NA,NA,CNY
0.853,0.854,0.839,0.842,599957004,159992.SZ,2025-12-29,NA,NA,CNY
0.839,0.84,0.831,0.837,477692405,159992.SZ,2025-12-30,NA,NA,CNY
0.836,0.839,0.83,0.831,567649948,159992.SZ,2025-12-31,NA,NA,CNY
0.835,0.867,0.832,0.866,1081268080,159992.SZ,2026-01-05,NA,NA,CNY
0.869,0.87,0.859,0.869,831067428,159992.SZ,2026-01-06,NA,NA,CNY
0.87,0.886,0.867,0.882,968385574,159992.SZ,2026-01-07,NA,NA,CNY
0.885,0.891,0.878,0.882,788439619,159992.SZ,2026-01-08,NA,NA,CNY
0.882,0.897,0.879,0.897,950994505,159992.SZ,2026-01-09,NA,NA,CNY
0.899,0.903,0.887,0.897,1112818773,159992.SZ,2026-01-12,NA,NA,CNY
0.9,0.925,0.9,0.908,1177635274,159992.SZ,2026-01-13,NA,NA,CNY
0.909,0.921,0.886,0.896,1387757514,159992.SZ,2026-01-14,NA,NA,CNY
0.892,0.904,0.887,0.89,629555600,159992.SZ,2026-01-15,NA,NA,CNY
0.893,0.897,0.88,0.882,625741786,159992.SZ,2026-01-16,NA,NA,CNY
0.88,0.883,0.87,0.875,801768200,159992.SZ,2026-01-19,NA,NA,CNY
0.874,0.877,0.86,0.864,711165800,159992.SZ,2026-01-20,NA,NA,CNY
0.864,0.872,0.858,0.864,611419630,159992.SZ,2026-01-21,NA,NA,CNY
0.866,0.868,0.851,0.854,809641415,159992.SZ,2026-01-22,NA,NA,CNY
0.857,0.866,0.854,0.862,738462012,159992.SZ,2026-01-23,NA,NA,CNY
0.863,0.87,0.851,0.867,838683402,159992.SZ,2026-01-26,NA,NA,CNY
0.868,0.87,0.843,0.853,894079045,159992.SZ,2026-01-27,NA,NA,CNY
0.855,0.856,0.842,0.844,822361956,159992.SZ,2026-01-28,NA,NA,CNY
0.841,0.848,0.834,0.848,820100753,159992.SZ,2026-01-29,NA,NA,CNY
0.846,0.86,0.836,0.838,836926315,159992.SZ,2026-01-30,NA,NA,CNY
0.832,0.838,0.812,0.813,1004791011,159992.SZ,2026-02-02,NA,NA,CNY
0.817,0.824,0.809,0.823,590408939,159992.SZ,2026-02-03,NA,NA,CNY
0.819,0.834,0.813,0.832,818833114,159992.SZ,2026-02-04,NA,NA,CNY
0.832,0.838,0.829,0.834,698298721,159992.SZ,2026-02-05,NA,NA,CNY
0.83,0.841,0.826,0.833,540879300,159992.SZ,2026-02-06,NA,NA,CNY
0.837,0.84,0.832,0.836,423739784,159992.SZ,2026-02-09,NA,NA,CNY
0.836,0.854,0.833,0.848,774814293,159992.SZ,2026-02-10,NA,NA,CNY
0.848,0.853,0.845,0.846,471284713,159992.SZ,2026-02-11,NA,NA,CNY
0.846,0.853,0.843,0.843,337102869,159992.SZ,2026-02-12,NA,NA,CNY
0.841,0.845,0.83,0.832,499679516,159992.SZ,2026-02-13,NA,NA,CNY
0.837,0.838,0.827,0.828,457935088,159992.SZ,2026-02-24,NA,NA,CNY
0.828,0.834,0.825,0.834,588687485,159992.SZ,2026-02-25,NA,NA,CNY
0.836,0.836,0.82,0.821,553037513,159992.SZ,2026-02-26,NA,NA,CNY
0.82,0.825,0.817,0.822,323969982,159992.SZ,2026-02-27,NA,NA,CNY
0.812,0.817,0.797,0.802,699971638,159992.SZ,2026-03-02,NA,NA,CNY
0.8,0.805,0.776,0.778,876915784,159992.SZ,2026-03-03,NA,NA,CNY
0.773,0.783,0.767,0.771,791163375,159992.SZ,2026-03-04,NA,NA,CNY
0.778,0.786,0.771,0.777,537704800,159992.SZ,2026-03-05,NA,NA,CNY
0.775,0.802,0.774,0.801,728487907,159992.SZ,2026-03-06,NA,NA,CNY
0.791,0.792,0.78,0.79,624713709,159992.SZ,2026-03-09,NA,NA,CNY
0.795,0.815,0.794,0.813,675697859,159992.SZ,2026-03-10,NA,NA,CNY
0.814,0.815,0.804,0.807,464547786,159992.SZ,2026-03-11,NA,NA,CNY
0.805,0.807,0.796,0.8,421059000,159992.SZ,2026-03-12,NA,NA,CNY
0.795,0.802,0.792,0.794,371280447,159992.SZ,2026-03-13,NA,NA,CNY
0.793,0.805,0.789,0.803,548320089,159992.SZ,2026-03-16,NA,NA,CNY
0.802,0.821,0.799,0.808,708730720,159992.SZ,2026-03-17,NA,NA,CNY
0.806,0.814,0.802,0.812,464502000,159992.SZ,2026-03-18,NA,NA,CNY
0.806,0.811,0.796,0.799,490194233,159992.SZ,2026-03-19,NA,NA,CNY
0.799,0.81,0.788,0.789,505569019,159992.SZ,2026-03-20,NA,NA,CNY
0.779,0.779,0.748,0.754,873308021,159992.SZ,2026-03-23,NA,NA,CNY
0.762,0.776,0.762,0.776,652409732,159992.SZ,2026-03-24,NA,NA,CNY
0.778,0.788,0.778,0.782,515854279,159992.SZ,2026-03-25,NA,NA,CNY
0.781,0.794,0.771,0.774,522078301,159992.SZ,2026-03-26,NA,NA,CNY
0.766,0.815,0.765,0.814,1359755410,159992.SZ,2026-03-27,NA,NA,CNY
0.807,0.824,0.805,0.821,906663902,159992.SZ,2026-03-30,NA,NA,CNY
0.821,0.839,0.82,0.82,882673638,159992.SZ,2026-03-31,NA,NA,CNY
0.83,0.863,0.823,0.863,1635204734,159992.SZ,2026-04-01,NA,NA,CNY
0.859,0.874,0.852,0.865,1290797903,159992.SZ,2026-04-02,NA,NA,CNY
0.85,0.856,0.841,0.847,988651619,159992.SZ,2026-04-03,NA,NA,CNY
0.846,0.856,0.827,0.843,868568083,159992.SZ,2026-04-07,NA,NA,CNY
0.854,0.862,0.841,0.856,936758680,159992.SZ,2026-04-08,NA,NA,CNY
0.852,0.865,0.844,0.845,789094322,159992.SZ,2026-04-09,NA,NA,CNY
0.847,0.863,0.843,0.85,843846635,159992.SZ,2026-04-10,NA,NA,CNY
0.847,0.852,0.841,0.845,628449900,159992.SZ,2026-04-13,NA,NA,CNY
0.848,0.853,0.835,0.853,823872538,159992.SZ,2026-04-14,NA,NA,CNY
0.865,0.875,0.848,0.871,1392094154,159992.SZ,2026-04-15,NA,NA,CNY
0.869,0.872,0.858,0.868,915896470,159992.SZ,2026-04-16,NA,NA,CNY
0.863,0.863,0.841,0.848,1123105151,159992.SZ,2026-04-17,NA,NA,CNY
0.843,0.851,0.84,0.842,781904034,159992.SZ,2026-04-20,NA,NA,CNY
0.84,0.848,0.83,0.832,732429600,159992.SZ,2026-04-21,NA,NA,CNY
0.83,0.838,0.828,0.838,595532249,159992.SZ,2026-04-22,NA,NA,CNY
0.837,0.842,0.824,0.828,845363326,159992.SZ,2026-04-23,NA,NA,CNY
0.825,0.834,0.816,0.827,698912941,159992.SZ,2026-04-24,NA,NA,CNY
0.825,0.829,0.819,0.827,489955477,159992.SZ,2026-04-27,NA,NA,CNY
0.836,0.854,0.836,0.838,924618801,159992.SZ,2026-04-28,NA,NA,CNY
0.838,0.841,0.83,0.838,604842799,159992.SZ,2026-04-29,NA,NA,CNY
0.834,0.844,0.827,0.836,688026526,159992.SZ,2026-04-30,NA,NA,CNY
0.836,0.841,0.833,0.837,778705408,159992.SZ,2026-05-06,NA,NA,CNY
0.839,0.845,0.834,0.841,701090207,159992.SZ,2026-05-07,NA,NA,CNY
0.84,0.841,0.824,0.825,737553204,159992.SZ,2026-05-08,NA,NA,CNY
0.825,0.847,0.817,0.847,1238461873,159992.SZ,2026-05-11,NA,NA,CNY
0.842,0.859,0.832,0.841,1298310832,159992.SZ,2026-05-12,NA,NA,CNY
0.841,0.842,0.825,0.829,835023292,159992.SZ,2026-05-13,NA,NA,CNY
0.829,0.836,0.803,0.803,1202192640,159992.SZ,2026-05-14,NA,NA,CNY
0.802,0.814,0.794,0.798,985353240,159992.SZ,2026-05-15,NA,NA,CNY
0.797,0.797,0.778,0.784,765295869,159992.SZ,2026-05-18,NA,NA,CNY
0.782,0.793,0.779,0.785,650663588,159992.SZ,2026-05-19,NA,NA,CNY
0.783,0.792,0.777,0.786,573343774,159992.SZ,2026-05-20,NA,NA,CNY
0.786,0.809,0.785,0.793,1172388923,159992.SZ,2026-05-21,NA,NA,CNY
0.795,0.798,0.777,0.781,754157101,159992.SZ,2026-05-22,NA,NA,CNY
0.777,0.78,0.763,0.771,845406075,159992.SZ,2026-05-25,NA,NA,CNY
0.768,0.774,0.762,0.769,635705544,159992.SZ,2026-05-26,NA,NA,CNY
0.766,0.772,0.752,0.766,1032742065,159992.SZ,2026-05-27,NA,NA,CNY
0.762,0.769,0.745,0.749,929716717,159992.SZ,2026-05-28,NA,NA,CNY
0.749,0.775,0.746,0.767,1068202213,159992.SZ,2026-05-29,NA,NA,CNY
0.769,0.783,0.753,0.757,1145093270,159992.SZ,2026-06-01,NA,NA,CNY
0.755,0.756,0.74,0.746,765015409,159992.SZ,2026-06-02,NA,NA,CNY
0.743,0.744,0.73,0.733,758500500,159992.SZ,2026-06-03,NA,NA,CNY
0.73,0.735,0.72,0.724,664995582,159992.SZ,2026-06-04,NA,NA,CNY
0.731,0.74,0.722,0.724,800287159,159992.SZ,2026-06-05,NA,NA,CNY
0.718,0.725,0.699,0.707,928489969,159992.SZ,2026-06-08,NA,NA,CNY
0.706,0.713,0.696,0.709,698329700,159992.SZ,2026-06-09,NA,NA,CNY
0.706,0.722,0.705,0.721,746312813,159992.SZ,2026-06-10,NA,NA,CNY
0.717,0.723,0.711,0.718,399840896,159992.SZ,2026-06-11,NA,NA,CNY
0.718,0.737,0.713,0.736,789426010,159992.SZ,2026-06-12,NA,NA,CNY
0.521,0.53,0.519,0.529,24931700,159898.SZ,2025-06-03,NA,NA,CNY
0.529,0.531,0.527,0.53,20690100,159898.SZ,2025-06-04,NA,NA,CNY
0.529,0.531,0.526,0.53,64201000,159898.SZ,2025-06-05,NA,NA,CNY
0.531,0.531,0.525,0.526,26921204,159898.SZ,2025-06-06,NA,NA,CNY
0.53,0.536,0.527,0.533,23917900,159898.SZ,2025-06-09,NA,NA,CNY
0.538,0.538,0.528,0.531,32173801,159898.SZ,2025-06-10,NA,NA,CNY
0.532,0.537,0.532,0.533,19154500,159898.SZ,2025-06-11,NA,NA,CNY
0.531,0.536,0.531,0.534,34034900,159898.SZ,2025-06-12,NA,NA,CNY
0.533,0.535,0.523,0.523,29037101,159898.SZ,2025-06-13,NA,NA,CNY
0.523,0.525,0.519,0.519,16409810,159898.SZ,2025-06-16,NA,NA,CNY
0.52,0.527,0.518,0.519,14457700,159898.SZ,2025-06-17,NA,NA,CNY
0.518,0.524,0.512,0.514,16149800,159898.SZ,2025-06-18,NA,NA,CNY
0.514,0.527,0.505,0.508,19246800,159898.SZ,2025-06-19,NA,NA,CNY
0.508,0.511,0.504,0.506,14744400,159898.SZ,2025-06-20,NA,NA,CNY
0.507,0.513,0.506,0.512,15630200,159898.SZ,2025-06-23,NA,NA,CNY
0.512,0.516,0.51,0.515,14413000,159898.SZ,2025-06-24,NA,NA,CNY
0.518,0.52,0.513,0.519,13921000,159898.SZ,2025-06-25,NA,NA,CNY
0.519,0.521,0.516,0.517,12645702,159898.SZ,2025-06-26,NA,NA,CNY
0.517,0.521,0.516,0.517,10497403,159898.SZ,2025-06-27,NA,NA,CNY
0.516,0.523,0.516,0.523,13388000,159898.SZ,2025-06-30,NA,NA,CNY
0.522,0.529,0.522,0.528,20774300,159898.SZ,2025-07-01,NA,NA,CNY
0.527,0.529,0.523,0.524,22771900,159898.SZ,2025-07-02,NA,NA,CNY
0.527,0.527,0.521,0.525,16422300,159898.SZ,2025-07-03,NA,NA,CNY
0.529,0.53,0.526,0.527,23920262,159898.SZ,2025-07-04,NA,NA,CNY
0.53,0.532,0.524,0.524,14007800,159898.SZ,2025-07-07,NA,NA,CNY
0.523,0.527,0.521,0.526,20606900,159898.SZ,2025-07-08,NA,NA,CNY
0.524,0.53,0.524,0.525,16148700,159898.SZ,2025-07-09,NA,NA,CNY
0.525,0.53,0.525,0.528,16276703,159898.SZ,2025-07-10,NA,NA,CNY
0.528,0.533,0.527,0.531,19695700,159898.SZ,2025-07-11,NA,NA,CNY
0.53,0.533,0.528,0.529,16686701,159898.SZ,2025-07-14,NA,NA,CNY
0.53,0.531,0.523,0.528,19371701,159898.SZ,2025-07-15,NA,NA,CNY
0.528,0.533,0.528,0.532,17225004,159898.SZ,2025-07-16,NA,NA,CNY
0.534,0.538,0.532,0.538,23203700,159898.SZ,2025-07-17,NA,NA,CNY
0.54,0.544,0.535,0.544,40673700,159898.SZ,2025-07-18,NA,NA,CNY
0.545,0.548,0.542,0.548,32389902,159898.SZ,2025-07-21,NA,NA,CNY
0.546,0.551,0.545,0.551,38221207,159898.SZ,2025-07-22,NA,NA,CNY
0.551,0.557,0.548,0.552,33923700,159898.SZ,2025-07-23,NA,NA,CNY
0.551,0.566,0.551,0.566,55780359,159898.SZ,2025-07-24,NA,NA,CNY
0.569,0.576,0.563,0.57,60687501,159898.SZ,2025-07-25,NA,NA,CNY
0.572,0.572,0.567,0.57,41292714,159898.SZ,2025-07-28,NA,NA,CNY
0.569,0.571,0.561,0.569,64953600,159898.SZ,2025-07-29,NA,NA,CNY
0.569,0.578,0.564,0.57,97853200,159898.SZ,2025-07-30,NA,NA,CNY
0.569,0.574,0.561,0.564,66586807,159898.SZ,2025-07-31,NA,NA,CNY
0.563,0.574,0.562,0.566,22741306,159898.SZ,2025-08-01,NA,NA,CNY
0.566,0.572,0.557,0.571,39599105,159898.SZ,2025-08-04,NA,NA,CNY
0.574,0.574,0.566,0.571,33985801,159898.SZ,2025-08-05,NA,NA,CNY
0.571,0.575,0.567,0.57,26196401,159898.SZ,2025-08-06,NA,NA,CNY
0.571,0.589,0.571,0.579,72149601,159898.SZ,2025-08-07,NA,NA,CNY
0.58,0.587,0.573,0.581,47780102,159898.SZ,2025-08-08,NA,NA,CNY
0.578,0.589,0.577,0.587,56528800,159898.SZ,2025-08-11,NA,NA,CNY
0.587,0.603,0.586,0.593,45705357,159898.SZ,2025-08-12,NA,NA,CNY
0.594,0.596,0.587,0.596,69976000,159898.SZ,2025-08-13,NA,NA,CNY
0.596,0.597,0.581,0.582,67610400,159898.SZ,2025-08-14,NA,NA,CNY
0.581,0.595,0.581,0.595,52787700,159898.SZ,2025-08-15,NA,NA,CNY
0.596,0.604,0.595,0.604,49464722,159898.SZ,2025-08-18,NA,NA,CNY
0.609,0.615,0.603,0.606,48953303,159898.SZ,2025-08-19,NA,NA,CNY
0.601,0.605,0.594,0.604,45207703,159898.SZ,2025-08-20,NA,NA,CNY
0.604,0.613,0.604,0.608,42637711,159898.SZ,2025-08-21,NA,NA,CNY
0.607,0.611,0.603,0.611,44797101,159898.SZ,2025-08-22,NA,NA,CNY
0.613,0.62,0.607,0.616,54131700,159898.SZ,2025-08-25,NA,NA,CNY
0.619,0.619,0.611,0.612,32708230,159898.SZ,2025-08-26,NA,NA,CNY
0.611,0.617,0.598,0.599,43429600,159898.SZ,2025-08-27,NA,NA,CNY
0.598,0.603,0.584,0.6,50870700,159898.SZ,2025-08-28,NA,NA,CNY
0.603,0.603,0.596,0.601,46812310,159898.SZ,2025-08-29,NA,NA,CNY
0.604,0.614,0.6,0.614,80532628,159898.SZ,2025-09-01,NA,NA,CNY
0.618,0.618,0.598,0.603,90136211,159898.SZ,2025-09-02,NA,NA,CNY
0.6,0.606,0.595,0.596,31704400,159898.SZ,2025-09-03,NA,NA,CNY
0.593,0.6,0.577,0.585,38160110,159898.SZ,2025-09-04,NA,NA,CNY
0.586,0.595,0.58,0.593,25373600,159898.SZ,2025-09-05,NA,NA,CNY
0.593,0.622,0.593,0.62,118462211,159898.SZ,2025-09-08,NA,NA,CNY
0.62,0.623,0.601,0.609,73507600,159898.SZ,2025-09-09,NA,NA,CNY
0.607,0.609,0.601,0.603,36023100,159898.SZ,2025-09-10,NA,NA,CNY
0.599,0.612,0.59,0.611,47184513,159898.SZ,2025-09-11,NA,NA,CNY
0.61,0.616,0.605,0.609,39102811,159898.SZ,2025-09-12,NA,NA,CNY
0.61,0.61,0.603,0.607,19699900,159898.SZ,2025-09-15,NA,NA,CNY
0.608,0.612,0.603,0.611,37440847,159898.SZ,2025-09-16,NA,NA,CNY
0.611,0.613,0.606,0.609,22062000,159898.SZ,2025-09-17,NA,NA,CNY
0.611,0.614,0.596,0.602,40927700,159898.SZ,2025-09-18,NA,NA,CNY
0.602,0.605,0.593,0.596,26145700,159898.SZ,2025-09-19,NA,NA,CNY
0.598,0.602,0.589,0.592,21735301,159898.SZ,2025-09-22,NA,NA,CNY
0.588,0.592,0.575,0.584,29056401,159898.SZ,2025-09-23,NA,NA,CNY
0.584,0.594,0.581,0.594,26100401,159898.SZ,2025-09-24,NA,NA,CNY
0.595,0.6,0.591,0.598,24423601,159898.SZ,2025-09-25,NA,NA,CNY
0.598,0.598,0.588,0.588,27464300,159898.SZ,2025-09-26,NA,NA,CNY
0.589,0.593,0.581,0.59,20868400,159898.SZ,2025-09-29,NA,NA,CNY
0.59,0.601,0.59,0.6,26934402,159898.SZ,2025-09-30,NA,NA,CNY
0.6,0.603,0.596,0.603,25784010,159898.SZ,2025-10-09,NA,NA,CNY
0.602,0.604,0.596,0.598,31108901,159898.SZ,2025-10-10,NA,NA,CNY
0.574,0.592,0.574,0.589,29253302,159898.SZ,2025-10-13,NA,NA,CNY
0.59,0.597,0.584,0.585,29703801,159898.SZ,2025-10-14,NA,NA,CNY
0.585,0.593,0.582,0.591,22138600,159898.SZ,2025-10-15,NA,NA,CNY
0.591,0.597,0.589,0.591,37496100,159898.SZ,2025-10-16,NA,NA,CNY
0.591,0.592,0.577,0.577,25549004,159898.SZ,2025-10-17,NA,NA,CNY
0.584,0.584,0.576,0.579,12435800,159898.SZ,2025-10-20,NA,NA,CNY
0.58,0.585,0.58,0.584,19163601,159898.SZ,2025-10-21,NA,NA,CNY
0.584,0.586,0.579,0.58,9365000,159898.SZ,2025-10-22,NA,NA,CNY
0.581,0.581,0.573,0.579,20049900,159898.SZ,2025-10-23,NA,NA,CNY
0.579,0.585,0.579,0.581,10886800,159898.SZ,2025-10-24,NA,NA,CNY
0.585,0.586,0.579,0.582,25798300,159898.SZ,2025-10-27,NA,NA,CNY
0.581,0.584,0.579,0.582,18280314,159898.SZ,2025-10-28,NA,NA,CNY
0.58,0.581,0.571,0.581,24915800,159898.SZ,2025-10-29,NA,NA,CNY
0.58,0.58,0.569,0.57,23864400,159898.SZ,2025-10-30,NA,NA,CNY
0.571,0.578,0.567,0.577,26907812,159898.SZ,2025-10-31,NA,NA,CNY
0.577,0.579,0.572,0.575,15376100,159898.SZ,2025-11-03,NA,NA,CNY
0.575,0.575,0.564,0.568,15609600,159898.SZ,2025-11-04,NA,NA,CNY
0.568,0.574,0.565,0.571,14334500,159898.SZ,2025-11-05,NA,NA,CNY
0.571,0.571,0.567,0.57,13276503,159898.SZ,2025-11-06,NA,NA,CNY
0.569,0.572,0.567,0.57,14012700,159898.SZ,2025-11-07,NA,NA,CNY
0.57,0.581,0.57,0.581,40217300,159898.SZ,2025-11-10,NA,NA,CNY
0.581,0.581,0.575,0.58,16134723,159898.SZ,2025-11-11,NA,NA,CNY
0.577,0.585,0.577,0.583,37943100,159898.SZ,2025-11-12,NA,NA,CNY
0.582,0.584,0.578,0.584,16917500,159898.SZ,2025-11-13,NA,NA,CNY
0.584,0.587,0.58,0.58,14786200,159898.SZ,2025-11-14,NA,NA,CNY
0.576,0.58,0.569,0.571,17679000,159898.SZ,2025-11-17,NA,NA,CNY
0.568,0.571,0.566,0.568,11904500,159898.SZ,2025-11-18,NA,NA,CNY
0.566,0.569,0.562,0.564,15084900,159898.SZ,2025-11-19,NA,NA,CNY
0.565,0.565,0.556,0.557,33985100,159898.SZ,2025-11-20,NA,NA,CNY
0.552,0.558,0.543,0.546,27804010,159898.SZ,2025-11-21,NA,NA,CNY
0.548,0.551,0.546,0.548,12217903,159898.SZ,2025-11-24,NA,NA,CNY
0.55,0.556,0.549,0.551,11404800,159898.SZ,2025-11-25,NA,NA,CNY
0.551,0.557,0.549,0.551,12209500,159898.SZ,2025-11-26,NA,NA,CNY
0.55,0.555,0.548,0.551,14543100,159898.SZ,2025-11-27,NA,NA,CNY
0.549,0.556,0.549,0.556,7214201,159898.SZ,2025-11-28,NA,NA,CNY
0.556,0.557,0.553,0.557,11288900,159898.SZ,2025-12-01,NA,NA,CNY
0.555,0.556,0.55,0.551,10911800,159898.SZ,2025-12-02,NA,NA,CNY
0.55,0.552,0.547,0.548,8774300,159898.SZ,2025-12-03,NA,NA,CNY
0.55,0.55,0.545,0.547,12760000,159898.SZ,2025-12-04,NA,NA,CNY
0.546,0.551,0.542,0.551,15026200,159898.SZ,2025-12-05,NA,NA,CNY
0.553,0.554,0.549,0.55,10451200,159898.SZ,2025-12-08,NA,NA,CNY
0.553,0.553,0.544,0.544,8485000,159898.SZ,2025-12-09,NA,NA,CNY
0.544,0.545,0.54,0.543,9196709,159898.SZ,2025-12-10,NA,NA,CNY
0.545,0.545,0.536,0.538,7877000,159898.SZ,2025-12-11,NA,NA,CNY
0.538,0.541,0.534,0.541,14950100,159898.SZ,2025-12-12,NA,NA,CNY
0.54,0.542,0.538,0.539,11604200,159898.SZ,2025-12-15,NA,NA,CNY
0.538,0.54,0.533,0.535,20463600,159898.SZ,2025-12-16,NA,NA,CNY
0.535,0.541,0.532,0.539,22649200,159898.SZ,2025-12-17,NA,NA,CNY
0.539,0.546,0.539,0.545,65368602,159898.SZ,2025-12-18,NA,NA,CNY
0.543,0.548,0.541,0.547,17460800,159898.SZ,2025-12-19,NA,NA,CNY
0.546,0.548,0.544,0.545,20105500,159898.SZ,2025-12-22,NA,NA,CNY
0.545,0.547,0.54,0.541,23958300,159898.SZ,2025-12-23,NA,NA,CNY
0.552,0.552,0.539,0.543,13062000,159898.SZ,2025-12-24,NA,NA,CNY
0.545,0.551,0.542,0.55,66842700,159898.SZ,2025-12-25,NA,NA,CNY
0.552,0.552,0.543,0.547,19550004,159898.SZ,2025-12-26,NA,NA,CNY
0.545,0.546,0.541,0.543,15516300,159898.SZ,2025-12-29,NA,NA,CNY
0.544,0.544,0.537,0.54,91351900,159898.SZ,2025-12-30,NA,NA,CNY
0.539,0.539,0.533,0.535,16481800,159898.SZ,2025-12-31,NA,NA,CNY
0.535,0.566,0.535,0.566,96973001,159898.SZ,2026-01-05,NA,NA,CNY
0.573,0.574,0.564,0.57,72491200,159898.SZ,2026-01-06,NA,NA,CNY
0.568,0.572,0.564,0.566,50044500,159898.SZ,2026-01-07,NA,NA,CNY
0.564,0.577,0.564,0.576,172539302,159898.SZ,2026-01-08,NA,NA,CNY
0.573,0.585,0.57,0.585,74070503,159898.SZ,2026-01-09,NA,NA,CNY
0.585,0.597,0.585,0.596,95099115,159898.SZ,2026-01-12,NA,NA,CNY
0.598,0.611,0.597,0.601,91166600,159898.SZ,2026-01-13,NA,NA,CNY
0.601,0.619,0.597,0.607,91967211,159898.SZ,2026-01-14,NA,NA,CNY
0.605,0.605,0.591,0.594,124289100,159898.SZ,2026-01-15,NA,NA,CNY
0.595,0.598,0.582,0.583,49549800,159898.SZ,2026-01-16,NA,NA,CNY
0.585,0.586,0.579,0.581,120042500,159898.SZ,2026-01-19,NA,NA,CNY
0.581,0.583,0.57,0.573,48048402,159898.SZ,2026-01-20,NA,NA,CNY
0.574,0.583,0.57,0.576,65710600,159898.SZ,2026-01-21,NA,NA,CNY
0.576,0.579,0.572,0.574,50856000,159898.SZ,2026-01-22,NA,NA,CNY
0.576,0.584,0.575,0.583,58273561,159898.SZ,2026-01-23,NA,NA,CNY
0.588,0.589,0.576,0.585,46984900,159898.SZ,2026-01-26,NA,NA,CNY
0.588,0.588,0.571,0.58,45422200,159898.SZ,2026-01-27,NA,NA,CNY
0.582,0.582,0.565,0.566,51221600,159898.SZ,2026-01-28,NA,NA,CNY
0.565,0.574,0.559,0.569,57024000,159898.SZ,2026-01-29,NA,NA,CNY
0.569,0.57,0.556,0.561,66023203,159898.SZ,2026-01-30,NA,NA,CNY
0.557,0.562,0.548,0.55,35272400,159898.SZ,2026-02-02,NA,NA,CNY
0.549,0.558,0.549,0.557,42034600,159898.SZ,2026-02-03,NA,NA,CNY
0.554,0.563,0.553,0.563,30757000,159898.SZ,2026-02-04,NA,NA,CNY
0.56,0.565,0.559,0.562,21699900,159898.SZ,2026-02-05,NA,NA,CNY
0.558,0.564,0.557,0.56,24314800,159898.SZ,2026-02-06,NA,NA,CNY
0.565,0.565,0.561,0.565,17413800,159898.SZ,2026-02-09,NA,NA,CNY
0.564,0.568,0.563,0.567,25792800,159898.SZ,2026-02-10,NA,NA,CNY
0.568,0.568,0.563,0.564,15686600,159898.SZ,2026-02-11,NA,NA,CNY
0.564,0.565,0.559,0.56,24688100,159898.SZ,2026-02-12,NA,NA,CNY
0.561,0.561,0.554,0.556,24011200,159898.SZ,2026-02-13,NA,NA,CNY
0.556,0.561,0.554,0.558,19939507,159898.SZ,2026-02-24,NA,NA,CNY
0.558,0.563,0.557,0.562,29479500,159898.SZ,2026-02-25,NA,NA,CNY
0.562,0.564,0.556,0.559,26998300,159898.SZ,2026-02-26,NA,NA,CNY
0.559,0.564,0.557,0.564,91143185,159898.SZ,2026-02-27,NA,NA,CNY
0.553,0.561,0.549,0.554,58123407,159898.SZ,2026-03-02,NA,NA,CNY
0.554,0.556,0.537,0.537,158158301,159898.SZ,2026-03-03,NA,NA,CNY
0.538,0.54,0.531,0.534,82650103,159898.SZ,2026-03-04,NA,NA,CNY
0.537,0.541,0.534,0.536,32929405,159898.SZ,2026-03-05,NA,NA,CNY
0.536,0.548,0.535,0.547,24172500,159898.SZ,2026-03-06,NA,NA,CNY
0.539,0.545,0.537,0.542,33352700,159898.SZ,2026-03-09,NA,NA,CNY
0.546,0.552,0.545,0.551,19608200,159898.SZ,2026-03-10,NA,NA,CNY
0.551,0.557,0.55,0.554,26632500,159898.SZ,2026-03-11,NA,NA,CNY
0.553,0.553,0.546,0.55,24986200,159898.SZ,2026-03-12,NA,NA,CNY
0.546,0.553,0.545,0.551,35230102,159898.SZ,2026-03-13,NA,NA,CNY
0.549,0.551,0.545,0.549,26937000,159898.SZ,2026-03-16,NA,NA,CNY
0.55,0.556,0.548,0.548,28725200,159898.SZ,2026-03-17,NA,NA,CNY
0.549,0.552,0.545,0.551,29887300,159898.SZ,2026-03-18,NA,NA,CNY
0.55,0.55,0.539,0.54,33589400,159898.SZ,2026-03-19,NA,NA,CNY
0.538,0.543,0.528,0.529,34063615,159898.SZ,2026-03-20,NA,NA,CNY
0.518,0.525,0.502,0.504,44739301,159898.SZ,2026-03-23,NA,NA,CNY
0.508,0.518,0.506,0.518,25769700,159898.SZ,2026-03-24,NA,NA,CNY
0.52,0.525,0.52,0.523,21083400,159898.SZ,2026-03-25,NA,NA,CNY
0.521,0.525,0.511,0.513,19412600,159898.SZ,2026-03-26,NA,NA,CNY
0.513,0.528,0.509,0.527,46719301,159898.SZ,2026-03-27,NA,NA,CNY
0.523,0.531,0.521,0.53,105307800,159898.SZ,2026-03-30,NA,NA,CNY
0.53,0.536,0.526,0.527,32574000,159898.SZ,2026-03-31,NA,NA,CNY
0.533,0.542,0.53,0.54,48988302,159898.SZ,2026-04-01,NA,NA,CNY
0.541,0.543,0.533,0.536,18717502,159898.SZ,2026-04-02,NA,NA,CNY
0.533,0.534,0.522,0.522,17911100,159898.SZ,2026-04-03,NA,NA,CNY
0.522,0.532,0.522,0.525,13934000,159898.SZ,2026-04-07,NA,NA,CNY
0.534,0.54,0.527,0.54,12489300,159898.SZ,2026-04-08,NA,NA,CNY
0.539,0.539,0.527,0.528,14485700,159898.SZ,2026-04-09,NA,NA,CNY
0.537,0.538,0.529,0.533,18697400,159898.SZ,2026-04-10,NA,NA,CNY
0.529,0.53,0.524,0.525,12110000,159898.SZ,2026-04-13,NA,NA,CNY
0.526,0.53,0.521,0.53,41132403,159898.SZ,2026-04-14,NA,NA,CNY
0.533,0.533,0.526,0.527,25386900,159898.SZ,2026-04-15,NA,NA,CNY
0.527,0.531,0.524,0.531,20021900,159898.SZ,2026-04-16,NA,NA,CNY
0.53,0.53,0.525,0.527,18197300,159898.SZ,2026-04-17,NA,NA,CNY
0.526,0.535,0.525,0.532,22191200,159898.SZ,2026-04-20,NA,NA,CNY
0.535,0.535,0.528,0.532,18889900,159898.SZ,2026-04-21,NA,NA,CNY
0.528,0.538,0.528,0.538,26194901,159898.SZ,2026-04-22,NA,NA,CNY
0.536,0.539,0.531,0.534,31401201,159898.SZ,2026-04-23,NA,NA,CNY
0.533,0.535,0.528,0.533,43836900,159898.SZ,2026-04-24,NA,NA,CNY
0.528,0.531,0.526,0.528,15015200,159898.SZ,2026-04-27,NA,NA,CNY
0.527,0.534,0.524,0.525,29623800,159898.SZ,2026-04-28,NA,NA,CNY
0.525,0.532,0.525,0.529,24970504,159898.SZ,2026-04-29,NA,NA,CNY
0.528,0.531,0.525,0.528,21991100,159898.SZ,2026-04-30,NA,NA,CNY
0.527,0.532,0.527,0.53,25771512,159898.SZ,2026-05-06,NA,NA,CNY
0.531,0.533,0.528,0.533,25358510,159898.SZ,2026-05-07,NA,NA,CNY
0.533,0.541,0.533,0.54,25568901,159898.SZ,2026-05-08,NA,NA,CNY
0.539,0.547,0.536,0.546,49836900,159898.SZ,2026-05-11,NA,NA,CNY
0.548,0.548,0.537,0.539,30996005,159898.SZ,2026-05-12,NA,NA,CNY
0.541,0.541,0.535,0.539,20845700,159898.SZ,2026-05-13,NA,NA,CNY
0.537,0.54,0.528,0.529,43237000,159898.SZ,2026-05-14,NA,NA,CNY
0.528,0.531,0.521,0.525,36061201,159898.SZ,2026-05-15,NA,NA,CNY
0.522,0.525,0.515,0.518,24731103,159898.SZ,2026-05-18,NA,NA,CNY
0.52,0.526,0.518,0.524,34496500,159898.SZ,2026-05-19,NA,NA,CNY
0.521,0.523,0.514,0.517,28581346,159898.SZ,2026-05-20,NA,NA,CNY
0.519,0.537,0.517,0.52,45937812,159898.SZ,2026-05-21,NA,NA,CNY
0.52,0.522,0.513,0.518,29123211,159898.SZ,2026-05-22,NA,NA,CNY
0.518,0.526,0.516,0.521,41746001,159898.SZ,2026-05-25,NA,NA,CNY
0.519,0.522,0.512,0.517,28992121,159898.SZ,2026-05-26,NA,NA,CNY
0.518,0.52,0.507,0.513,45965711,159898.SZ,2026-05-27,NA,NA,CNY
0.515,0.515,0.502,0.509,38650500,159898.SZ,2026-05-28,NA,NA,CNY
0.508,0.514,0.506,0.509,40530628,159898.SZ,2026-05-29,NA,NA,CNY
0.511,0.511,0.504,0.506,21254702,159898.SZ,2026-06-01,NA,NA,CNY
0.507,0.507,0.496,0.501,37771500,159898.SZ,2026-06-02,NA,NA,CNY
0.503,0.503,0.492,0.494,44565120,159898.SZ,2026-06-03,NA,NA,CNY
0.493,0.493,0.483,0.486,46301701,159898.SZ,2026-06-04,NA,NA,CNY
0.487,0.49,0.482,0.486,45281800,159898.SZ,2026-06-05,NA,NA,CNY
0.483,0.483,0.467,0.475,60372800,159898.SZ,2026-06-08,NA,NA,CNY
0.477,0.477,0.471,0.475,48477700,159898.SZ,2026-06-09,NA,NA,CNY
0.475,0.476,0.464,0.471,39758300,159898.SZ,2026-06-10,NA,NA,CNY
0.469,0.473,0.466,0.472,42635400,159898.SZ,2026-06-11,NA,NA,CNY
0.475,0.48,0.472,0.478,43624201,159898.SZ,2026-06-12,NA,NA,CNY
0.638,0.64,0.635,0.638,276882300,515790.SH,2025-06-03,NA,NA,CNY
0.64,0.646,0.639,0.645,313366632,515790.SH,2025-06-04,NA,NA,CNY
0.646,0.649,0.641,0.649,348474345,515790.SH,2025-06-05,NA,NA,CNY
0.649,0.65,0.645,0.647,209210500,515790.SH,2025-06-06,NA,NA,CNY
0.647,0.655,0.645,0.655,441205911,515790.SH,2025-06-09,NA,NA,CNY
0.655,0.657,0.644,0.648,428433375,515790.SH,2025-06-10,NA,NA,CNY
0.648,0.658,0.647,0.656,368829181,515790.SH,2025-06-11,NA,NA,CNY
0.654,0.655,0.65,0.653,229910287,515790.SH,2025-06-12,NA,NA,CNY
0.652,0.653,0.642,0.643,330391288,515790.SH,2025-06-13,NA,NA,CNY
0.642,0.649,0.641,0.646,285370488,515790.SH,2025-06-16,NA,NA,CNY
0.647,0.648,0.642,0.646,326791400,515790.SH,2025-06-17,NA,NA,CNY
0.645,0.651,0.644,0.648,223934513,515790.SH,2025-06-18,NA,NA,CNY
0.647,0.65,0.635,0.637,398688155,515790.SH,2025-06-19,NA,NA,CNY
0.638,0.65,0.637,0.639,446959332,515790.SH,2025-06-20,NA,NA,CNY
0.635,0.643,0.632,0.642,339088792,515790.SH,2025-06-23,NA,NA,CNY
0.642,0.653,0.641,0.652,411217700,515790.SH,2025-06-24,NA,NA,CNY
0.653,0.659,0.647,0.659,623268483,515790.SH,2025-06-25,NA,NA,CNY
0.658,0.662,0.651,0.652,412887750,515790.SH,2025-06-26,NA,NA,CNY
0.653,0.662,0.653,0.658,954908472,515790.SH,2025-06-27,NA,NA,CNY
0.664,0.674,0.664,0.674,1073525521,515790.SH,2025-06-30,NA,NA,CNY
0.672,0.673,0.665,0.671,918419300,515790.SH,2025-07-01,NA,NA,CNY
0.673,0.692,0.672,0.69,1743968400,515790.SH,2025-07-02,NA,NA,CNY
0.688,0.694,0.681,0.691,915069900,515790.SH,2025-07-03,NA,NA,CNY
0.698,0.7,0.684,0.687,1031567704,515790.SH,2025-07-04,NA,NA,CNY
0.683,0.689,0.682,0.684,480820700,515790.SH,2025-07-07,NA,NA,CNY
0.685,0.723,0.683,0.72,2043098890,515790.SH,2025-07-08,NA,NA,CNY
0.717,0.725,0.714,0.715,1214272532,515790.SH,2025-07-09,NA,NA,CNY
0.715,0.739,0.715,0.729,1424569470,515790.SH,2025-07-10,NA,NA,CNY
0.73,0.733,0.723,0.726,1187525619,515790.SH,2025-07-11,NA,NA,CNY
0.725,0.73,0.721,0.725,857235666,515790.SH,2025-07-14,NA,NA,CNY
0.722,0.728,0.71,0.717,843809497,515790.SH,2025-07-15,NA,NA,CNY
0.716,0.718,0.709,0.718,1054991351,515790.SH,2025-07-16,NA,NA,CNY
0.723,0.73,0.717,0.724,1256177114,515790.SH,2025-07-17,NA,NA,CNY
0.725,0.733,0.715,0.719,815632200,515790.SH,2025-07-18,NA,NA,CNY
0.718,0.73,0.718,0.73,870003500,515790.SH,2025-07-21,NA,NA,CNY
0.73,0.75,0.724,0.749,1693168314,515790.SH,2025-07-22,NA,NA,CNY
0.754,0.756,0.736,0.737,1349058145,515790.SH,2025-07-23,NA,NA,CNY
0.733,0.754,0.731,0.754,957599801,515790.SH,2025-07-24,NA,NA,CNY
0.754,0.754,0.742,0.745,977842060,515790.SH,2025-07-25,NA,NA,CNY
0.739,0.744,0.733,0.738,914926693,515790.SH,2025-07-28,NA,NA,CNY
0.736,0.749,0.731,0.748,952642371,515790.SH,2025-07-29,NA,NA,CNY
0.746,0.753,0.736,0.739,1083182586,515790.SH,2025-07-30,NA,NA,CNY
0.735,0.74,0.712,0.716,2053606905,515790.SH,2025-07-31,NA,NA,CNY
0.716,0.737,0.716,0.729,1070474052,515790.SH,2025-08-01,NA,NA,CNY
0.724,0.724,0.715,0.723,510294909,515790.SH,2025-08-04,NA,NA,CNY
0.723,0.731,0.722,0.73,425672274,515790.SH,2025-08-05,NA,NA,CNY
0.729,0.735,0.726,0.733,597741218,515790.SH,2025-08-06,NA,NA,CNY
0.733,0.735,0.721,0.727,500904009,515790.SH,2025-08-07,NA,NA,CNY
0.725,0.744,0.723,0.732,885096092,515790.SH,2025-08-08,NA,NA,CNY
0.735,0.752,0.734,0.749,885496464,515790.SH,2025-08-11,NA,NA,CNY
0.748,0.748,0.737,0.747,651735363,515790.SH,2025-08-12,NA,NA,CNY
0.748,0.759,0.745,0.757,835219016,515790.SH,2025-08-13,NA,NA,CNY
0.757,0.758,0.74,0.746,952744893,515790.SH,2025-08-14,NA,NA,CNY
0.742,0.778,0.742,0.776,1278348679,515790.SH,2025-08-15,NA,NA,CNY
0.78,0.793,0.777,0.785,1285781488,515790.SH,2025-08-18,NA,NA,CNY
0.786,0.794,0.778,0.783,712740439,515790.SH,2025-08-19,NA,NA,CNY
0.787,0.791,0.773,0.789,926324920,515790.SH,2025-08-20,NA,NA,CNY
0.787,0.795,0.784,0.788,983720185,515790.SH,2025-08-21,NA,NA,CNY
0.786,0.809,0.784,0.808,1191394902,515790.SH,2025-08-22,NA,NA,CNY
0.813,0.83,0.812,0.826,1102231009,515790.SH,2025-08-25,NA,NA,CNY
0.826,0.83,0.813,0.819,668223429,515790.SH,2025-08-26,NA,NA,CNY
0.816,0.829,0.801,0.801,893819700,515790.SH,2025-08-27,NA,NA,CNY
0.798,0.827,0.798,0.827,1309049848,515790.SH,2025-08-28,NA,NA,CNY
0.828,0.84,0.82,0.831,1370580822,515790.SH,2025-08-29,NA,NA,CNY
0.832,0.838,0.82,0.836,1205144532,515790.SH,2025-09-01,NA,NA,CNY
0.837,0.854,0.814,0.819,1265121703,515790.SH,2025-09-02,NA,NA,CNY
0.823,0.85,0.818,0.841,1455459217,515790.SH,2025-09-03,NA,NA,CNY
0.847,0.88,0.832,0.846,2287078138,515790.SH,2025-09-04,NA,NA,CNY
0.843,0.913,0.843,0.911,2251862589,515790.SH,2025-09-05,NA,NA,CNY
0.921,0.926,0.9,0.913,1777165869,515790.SH,2025-09-08,NA,NA,CNY
0.9,0.909,0.886,0.891,1101225454,515790.SH,2025-09-09,NA,NA,CNY
0.882,0.885,0.862,0.875,1879327611,515790.SH,2025-09-10,NA,NA,CNY
0.869,0.904,0.867,0.903,1416082148,515790.SH,2025-09-11,NA,NA,CNY
0.902,0.908,0.889,0.892,1356779623,515790.SH,2025-09-12,NA,NA,CNY
0.892,0.916,0.892,0.895,1048613994,515790.SH,2025-09-15,NA,NA,CNY
0.895,0.909,0.882,0.899,826248650,515790.SH,2025-09-16,NA,NA,CNY
0.898,0.917,0.89,0.912,1055993883,515790.SH,2025-09-17,NA,NA,CNY
0.912,0.916,0.884,0.897,1139285184,515790.SH,2025-09-18,NA,NA,CNY
0.892,0.901,0.887,0.89,707912546,515790.SH,2025-09-19,NA,NA,CNY
0.889,0.891,0.872,0.882,809948977,515790.SH,2025-09-22,NA,NA,CNY
0.882,0.897,0.864,0.885,890259500,515790.SH,2025-09-23,NA,NA,CNY
0.882,0.92,0.878,0.918,1125135391,515790.SH,2025-09-24,NA,NA,CNY
0.92,0.943,0.916,0.934,836117577,515790.SH,2025-09-25,NA,NA,CNY
0.93,0.941,0.923,0.924,549650336,515790.SH,2025-09-26,NA,NA,CNY
0.93,0.953,0.927,0.942,698502274,515790.SH,2025-09-29,NA,NA,CNY
0.942,0.963,0.939,0.954,520598547,515790.SH,2025-09-30,NA,NA,CNY
0.957,0.994,0.957,0.982,758704706,515790.SH,2025-10-09,NA,NA,CNY
0.976,0.98,0.933,0.94,694459906,515790.SH,2025-10-10,NA,NA,CNY
0.9,0.928,0.898,0.923,722840447,515790.SH,2025-10-13,NA,NA,CNY
0.93,0.98,0.926,0.932,1614079729,515790.SH,2025-10-14,NA,NA,CNY
0.926,0.959,0.912,0.958,1248678802,515790.SH,2025-10-15,NA,NA,CNY
0.953,0.974,0.949,0.968,1037836317,515790.SH,2025-10-16,NA,NA,CNY
0.959,0.965,0.907,0.912,1118866294,515790.SH,2025-10-17,NA,NA,CNY
0.919,0.929,0.907,0.913,741814346,515790.SH,2025-10-20,NA,NA,CNY
0.915,0.931,0.909,0.925,451456856,515790.SH,2025-10-21,NA,NA,CNY
0.919,0.924,0.906,0.909,540286491,515790.SH,2025-10-22,NA,NA,CNY
0.904,0.917,0.889,0.917,696332997,515790.SH,2025-10-23,NA,NA,CNY
0.92,0.936,0.919,0.933,516391519,515790.SH,2025-10-24,NA,NA,CNY
0.94,0.952,0.929,0.941,560433544,515790.SH,2025-10-27,NA,NA,CNY
0.941,0.945,0.928,0.933,424707425,515790.SH,2025-10-28,NA,NA,CNY
0.935,1.016,0.935,1.01,1828481176,515790.SH,2025-10-29,NA,NA,CNY
1.008,1.028,1.004,1.007,1241882793,515790.SH,2025-10-30,NA,NA,CNY
1.0,1.029,0.99,0.994,1061004810,515790.SH,2025-10-31,NA,NA,CNY
0.998,1.03,0.99,1.029,1197576215,515790.SH,2025-11-03,NA,NA,CNY
1.033,1.035,0.996,1.002,875020956,515790.SH,2025-11-04,NA,NA,CNY
0.982,1.054,0.98,1.048,1318986654,515790.SH,2025-11-05,NA,NA,CNY
1.05,1.083,1.049,1.064,1259338472,515790.SH,2025-11-06,NA,NA,CNY
1.057,1.091,1.05,1.08,1693793906,515790.SH,2025-11-07,NA,NA,CNY
1.093,1.099,1.074,1.082,1041079466,515790.SH,2025-11-10,NA,NA,CNY
1.089,1.107,1.072,1.077,837953604,515790.SH,2025-11-11,NA,NA,CNY
1.064,1.073,1.015,1.035,1616169864,515790.SH,2025-11-12,NA,NA,CNY
1.035,1.069,1.035,1.055,1007936260,515790.SH,2025-11-13,NA,NA,CNY
1.04,1.082,1.033,1.045,1055718715,515790.SH,2025-11-14,NA,NA,CNY
1.039,1.049,1.017,1.03,723411457,515790.SH,2025-11-17,NA,NA,CNY
1.025,1.036,0.996,1.003,949768166,515790.SH,2025-11-18,NA,NA,CNY
1.001,1.012,0.987,1.002,605623314,515790.SH,2025-11-19,NA,NA,CNY
1.009,1.012,0.98,0.982,656301948,515790.SH,2025-11-20,NA,NA,CNY
0.96,0.967,0.926,0.928,856411560,515790.SH,2025-11-21,NA,NA,CNY
0.934,0.937,0.917,0.927,646556209,515790.SH,2025-11-24,NA,NA,CNY
0.939,0.959,0.934,0.944,720295946,515790.SH,2025-11-25,NA,NA,CNY
0.946,0.966,0.936,0.952,595086682,515790.SH,2025-11-26,NA,NA,CNY
0.954,0.972,0.944,0.946,542375099,515790.SH,2025-11-27,NA,NA,CNY
0.94,0.961,0.94,0.958,364295612,515790.SH,2025-11-28,NA,NA,CNY
0.959,0.961,0.943,0.959,425290834,515790.SH,2025-12-01,NA,NA,CNY
0.955,0.955,0.939,0.943,593377037,515790.SH,2025-12-02,NA,NA,CNY
0.944,0.952,0.934,0.939,398937137,515790.SH,2025-12-03,NA,NA,CNY
0.936,0.938,0.926,0.935,366924281,515790.SH,2025-12-04,NA,NA,CNY
0.935,0.955,0.927,0.953,624201687,515790.SH,2025-12-05,NA,NA,CNY
0.953,0.972,0.948,0.966,502551170,515790.SH,2025-12-08,NA,NA,CNY
0.961,0.977,0.956,0.97,542584100,515790.SH,2025-12-09,NA,NA,CNY
0.972,0.972,0.942,0.958,461061681,515790.SH,2025-12-10,NA,NA,CNY
0.956,0.972,0.946,0.947,424969893,515790.SH,2025-12-11,NA,NA,CNY
0.948,0.966,0.945,0.965,361946120,515790.SH,2025-12-12,NA,NA,CNY
0.959,0.97,0.953,0.955,428953565,515790.SH,2025-12-15,NA,NA,CNY
0.95,0.952,0.921,0.927,611419040,515790.SH,2025-12-16,NA,NA,CNY
0.925,0.947,0.923,0.946,453592494,515790.SH,2025-12-17,NA,NA,CNY
0.938,0.941,0.928,0.929,280169612,515790.SH,2025-12-18,NA,NA,CNY
0.932,0.944,0.931,0.938,355491400,515790.SH,2025-12-19,NA,NA,CNY
0.938,0.95,0.938,0.946,285361561,515790.SH,2025-12-22,NA,NA,CNY
0.947,0.956,0.941,0.95,334942161,515790.SH,2025-12-23,NA,NA,CNY
0.947,0.966,0.938,0.964,649062717,515790.SH,2025-12-24,NA,NA,CNY
0.96,0.972,0.956,0.97,478730547,515790.SH,2025-12-25,NA,NA,CNY
0.98,0.998,0.977,0.988,874356738,515790.SH,2025-12-26,NA,NA,CNY
0.988,0.996,0.978,0.984,497981963,515790.SH,2025-12-29,NA,NA,CNY
0.976,0.981,0.971,0.972,365734799,515790.SH,2025-12-30,NA,NA,CNY
0.973,0.977,0.96,0.962,328020681,515790.SH,2025-12-31,NA,NA,CNY
0.966,0.981,0.966,0.978,414121255,515790.SH,2026-01-05,NA,NA,CNY
0.979,1.006,0.978,1.004,539241706,515790.SH,2026-01-06,NA,NA,CNY
1.003,1.011,0.996,1.009,472940914,515790.SH,2026-01-07,NA,NA,CNY
1.004,1.025,0.998,1.02,538147829,515790.SH,2026-01-08,NA,NA,CNY
1.012,1.035,1.01,1.018,784100157,515790.SH,2026-01-09,NA,NA,CNY
1.013,1.044,1.012,1.037,1020749341,515790.SH,2026-01-12,NA,NA,CNY
1.035,1.049,1.005,1.032,903108682,515790.SH,2026-01-13,NA,NA,CNY
1.036,1.072,1.026,1.036,1145747317,515790.SH,2026-01-14,NA,NA,CNY
1.026,1.05,1.025,1.045,476318529,515790.SH,2026-01-15,NA,NA,CNY
1.067,1.068,1.049,1.058,536095249,515790.SH,2026-01-16,NA,NA,CNY
1.048,1.08,1.044,1.079,548231273,515790.SH,2026-01-19,NA,NA,CNY
1.075,1.08,1.043,1.05,611637436,515790.SH,2026-01-20,NA,NA,CNY
1.04,1.057,1.035,1.045,518813438,515790.SH,2026-01-21,NA,NA,CNY
1.044,1.064,1.041,1.058,461732272,515790.SH,2026-01-22,NA,NA,CNY
1.067,1.16,1.067,1.155,1779955192,515790.SH,2026-01-23,NA,NA,CNY
1.156,1.159,1.114,1.122,1620108971,515790.SH,2026-01-26,NA,NA,CNY
1.102,1.138,1.082,1.13,958856873,515790.SH,2026-01-27,NA,NA,CNY
1.12,1.125,1.096,1.104,666184497,515790.SH,2026-01-28,NA,NA,CNY
1.1,1.124,1.088,1.094,652617717,515790.SH,2026-01-29,NA,NA,CNY
1.081,1.092,1.035,1.068,699727722,515790.SH,2026-01-30,NA,NA,CNY
1.077,1.092,1.057,1.058,612130446,515790.SH,2026-02-02,NA,NA,CNY
1.074,1.125,1.074,1.122,966850153,515790.SH,2026-02-03,NA,NA,CNY
1.116,1.16,1.112,1.157,1302188640,515790.SH,2026-02-04,NA,NA,CNY
1.143,1.143,1.088,1.094,1009836706,515790.SH,2026-02-05,NA,NA,CNY
1.075,1.119,1.068,1.102,701667192,515790.SH,2026-02-06,NA,NA,CNY
1.131,1.159,1.12,1.144,1044984935,515790.SH,2026-02-09,NA,NA,CNY
1.134,1.144,1.121,1.125,713647452,515790.SH,2026-02-10,NA,NA,CNY
1.121,1.136,1.113,1.114,491277268,515790.SH,2026-02-11,NA,NA,CNY
1.113,1.132,1.111,1.128,434503523,515790.SH,2026-02-12,NA,NA,CNY
1.116,1.119,1.092,1.094,588970800,515790.SH,2026-02-13,NA,NA,CNY
1.105,1.121,1.101,1.11,427889600,515790.SH,2026-02-24,NA,NA,CNY
1.105,1.129,1.104,1.123,492352116,515790.SH,2026-02-25,NA,NA,CNY
1.121,1.121,1.101,1.118,502441935,515790.SH,2026-02-26,NA,NA,CNY
1.109,1.137,1.108,1.136,525373721,515790.SH,2026-02-27,NA,NA,CNY
1.119,1.157,1.112,1.136,560368803,515790.SH,2026-03-02,NA,NA,CNY
1.142,1.163,1.107,1.11,868960134,515790.SH,2026-03-03,NA,NA,CNY
1.09,1.129,1.079,1.11,576351960,515790.SH,2026-03-04,NA,NA,CNY
1.124,1.132,1.116,1.125,391978314,515790.SH,2026-03-05,NA,NA,CNY
1.121,1.139,1.108,1.127,437789814,515790.SH,2026-03-06,NA,NA,CNY
1.11,1.152,1.109,1.149,960268969,515790.SH,2026-03-09,NA,NA,CNY
1.146,1.163,1.134,1.162,678400066,515790.SH,2026-03-10,NA,NA,CNY
1.157,1.198,1.153,1.18,817345920,515790.SH,2026-03-11,NA,NA,CNY
1.18,1.188,1.156,1.183,870254470,515790.SH,2026-03-12,NA,NA,CNY
1.176,1.192,1.16,1.164,688414774,515790.SH,2026-03-13,NA,NA,CNY
1.163,1.173,1.13,1.135,794870810,515790.SH,2026-03-16,NA,NA,CNY
1.135,1.156,1.113,1.115,758936893,515790.SH,2026-03-17,NA,NA,CNY
1.115,1.128,1.099,1.12,549927271,515790.SH,2026-03-18,NA,NA,CNY
1.104,1.127,1.099,1.105,517911457,515790.SH,2026-03-19,NA,NA,CNY
1.105,1.18,1.105,1.138,1188701839,515790.SH,2026-03-20,NA,NA,CNY
1.13,1.155,1.108,1.122,1022247575,515790.SH,2026-03-23,NA,NA,CNY
1.131,1.133,1.069,1.124,878806326,515790.SH,2026-03-24,NA,NA,CNY
1.122,1.147,1.119,1.136,619442584,515790.SH,2026-03-25,NA,NA,CNY
1.137,1.137,1.102,1.108,520008551,515790.SH,2026-03-26,NA,NA,CNY
1.092,1.117,1.088,1.107,387584980,515790.SH,2026-03-27,NA,NA,CNY
1.092,1.098,1.05,1.067,701474461,515790.SH,2026-03-30,NA,NA,CNY
1.06,1.073,1.033,1.034,509760374,515790.SH,2026-03-31,NA,NA,CNY
1.042,1.055,1.025,1.041,499990010,515790.SH,2026-04-01,NA,NA,CNY
1.031,1.038,1.001,1.007,451152018,515790.SH,2026-04-02,NA,NA,CNY
1.007,1.011,0.981,0.982,480357371,515790.SH,2026-04-03,NA,NA,CNY
0.98,0.995,0.977,0.984,283326300,515790.SH,2026-04-07,NA,NA,CNY
1.003,1.031,1.002,1.031,434770060,515790.SH,2026-04-08,NA,NA,CNY
1.019,1.02,1.002,1.017,378512250,515790.SH,2026-04-09,NA,NA,CNY
1.024,1.048,1.024,1.037,416110800,515790.SH,2026-04-10,NA,NA,CNY
1.028,1.065,1.025,1.056,632417200,515790.SH,2026-04-13,NA,NA,CNY
1.06,1.066,1.048,1.064,353369600,515790.SH,2026-04-14,NA,NA,CNY
1.066,1.072,1.053,1.058,343828503,515790.SH,2026-04-15,NA,NA,CNY
1.055,1.072,1.047,1.07,364995500,515790.SH,2026-04-16,NA,NA,CNY
1.064,1.075,1.061,1.071,287800997,515790.SH,2026-04-17,NA,NA,CNY
1.071,1.088,1.066,1.086,292461300,515790.SH,2026-04-20,NA,NA,CNY
1.086,1.09,1.073,1.082,282360373,515790.SH,2026-04-21,NA,NA,CNY
1.075,1.087,1.072,1.085,306855500,515790.SH,2026-04-22,NA,NA,CNY
1.089,1.095,1.065,1.078,427997182,515790.SH,2026-04-23,NA,NA,CNY
1.073,1.076,1.057,1.062,303137939,515790.SH,2026-04-24,NA,NA,CNY
1.053,1.062,1.044,1.053,276648941,515790.SH,2026-04-27,NA,NA,CNY
1.045,1.057,1.035,1.04,252282400,515790.SH,2026-04-28,NA,NA,CNY
1.028,1.064,1.022,1.059,347216813,515790.SH,2026-04-29,NA,NA,CNY
1.056,1.067,1.052,1.063,424413794,515790.SH,2026-04-30,NA,NA,CNY
1.068,1.089,1.061,1.086,565918306,515790.SH,2026-05-06,NA,NA,CNY
1.094,1.106,1.091,1.101,388363765,515790.SH,2026-05-07,NA,NA,CNY
1.092,1.103,1.083,1.096,302238486,515790.SH,2026-05-08,NA,NA,CNY
1.099,1.133,1.099,1.123,550077207,515790.SH,2026-05-11,NA,NA,CNY
1.126,1.136,1.108,1.122,469834258,515790.SH,2026-05-12,NA,NA,CNY
1.115,1.148,1.114,1.146,636610039,515790.SH,2026-05-13,NA,NA,CNY
1.156,1.167,1.128,1.128,739544061,515790.SH,2026-05-14,NA,NA,CNY
1.125,1.129,1.08,1.108,960439791,515790.SH,2026-05-15,NA,NA,CNY
1.097,1.118,1.091,1.101,334686635,515790.SH,2026-05-18,NA,NA,CNY
1.102,1.118,1.09,1.117,445299114,515790.SH,2026-05-19,NA,NA,CNY
1.11,1.131,1.102,1.126,465555677,515790.SH,2026-05-20,NA,NA,CNY
1.133,1.145,1.088,1.093,631746260,515790.SH,2026-05-21,NA,NA,CNY
1.094,1.115,1.089,1.111,375027509,515790.SH,2026-05-22,NA,NA,CNY
1.116,1.125,1.103,1.123,351844176,515790.SH,2026-05-25,NA,NA,CNY
1.116,1.126,1.101,1.114,359152347,515790.SH,2026-05-26,NA,NA,CNY
1.115,1.158,1.115,1.12,602782809,515790.SH,2026-05-27,NA,NA,CNY
1.116,1.131,1.105,1.128,578327667,515790.SH,2026-05-28,NA,NA,CNY
1.128,1.13,1.068,1.075,579237602,515790.SH,2026-05-29,NA,NA,CNY
1.078,1.099,1.064,1.066,506589470,515790.SH,2026-06-01,NA,NA,CNY
1.064,1.073,1.025,1.055,349611695,515790.SH,2026-06-02,NA,NA,CNY
1.054,1.083,1.054,1.065,461790700,515790.SH,2026-06-03,NA,NA,CNY
1.053,1.073,1.044,1.066,361273800,515790.SH,2026-06-04,NA,NA,CNY
1.06,1.066,1.035,1.04,325803728,515790.SH,2026-06-05,NA,NA,CNY
1.018,1.026,0.978,0.987,351594042,515790.SH,2026-06-08,NA,NA,CNY
0.996,1.015,0.976,1.014,286150151,515790.SH,2026-06-09,NA,NA,CNY
0.999,1.007,0.971,1.001,455472595,515790.SH,2026-06-10,NA,NA,CNY
0.988,1.002,0.983,0.998,288218932,515790.SH,2026-06-11,NA,NA,CNY
1.009,1.024,0.993,0.996,390720532,515790.SH,2026-06-12,NA,NA,CNY
