open,high,low,close,volume,thscode,time,thsname_cn,thsname_en,currency
0.741,0.762,0.741,0.761,30257300,516510.SH,2022-06-06,NA,NA,CNY
0.76,0.763,0.751,0.759,34313000,516510.SH,2022-06-07,NA,NA,CNY
0.756,0.775,0.756,0.767,33313400,516510.SH,2022-06-08,NA,NA,CNY
0.766,0.766,0.741,0.743,26876600,516510.SH,2022-06-09,NA,NA,CNY
0.743,0.753,0.738,0.752,26624100,516510.SH,2022-06-10,NA,NA,CNY
0.738,0.756,0.738,0.753,28102400,516510.SH,2022-06-13,NA,NA,CNY
0.745,0.75,0.72,0.746,38725700,516510.SH,2022-06-14,NA,NA,CNY
0.744,0.768,0.742,0.758,36609100,516510.SH,2022-06-15,NA,NA,CNY
0.76,0.769,0.759,0.76,30634800,516510.SH,2022-06-16,NA,NA,CNY
0.76,0.763,0.745,0.759,44669600,516510.SH,2022-06-17,NA,NA,CNY
0.76,0.77,0.76,0.768,30305100,516510.SH,2022-06-20,NA,NA,CNY
0.767,0.772,0.76,0.769,28683100,516510.SH,2022-06-21,NA,NA,CNY
0.769,0.771,0.745,0.746,27612500,516510.SH,2022-06-22,NA,NA,CNY
0.749,0.769,0.746,0.767,28768500,516510.SH,2022-06-23,NA,NA,CNY
0.768,0.781,0.768,0.776,33620500,516510.SH,2022-06-24,NA,NA,CNY
0.776,0.782,0.773,0.776,28801500,516510.SH,2022-06-27,NA,NA,CNY
0.777,0.786,0.765,0.784,32010500,516510.SH,2022-06-28,NA,NA,CNY
0.784,0.797,0.776,0.784,34908900,516510.SH,2022-06-29,NA,NA,CNY
0.782,0.784,0.773,0.782,31725600,516510.SH,2022-06-30,NA,NA,CNY
0.781,0.785,0.771,0.772,25043600,516510.SH,2022-07-01,NA,NA,CNY
0.775,0.78,0.767,0.776,30778200,516510.SH,2022-07-04,NA,NA,CNY
0.775,0.78,0.754,0.762,31929600,516510.SH,2022-07-05,NA,NA,CNY
0.761,0.767,0.751,0.757,31650800,516510.SH,2022-07-06,NA,NA,CNY
0.757,0.759,0.749,0.756,24533600,516510.SH,2022-07-07,NA,NA,CNY
0.754,0.767,0.751,0.756,25020400,516510.SH,2022-07-08,NA,NA,CNY
0.757,0.763,0.733,0.739,32409200,516510.SH,2022-07-11,NA,NA,CNY
0.74,0.74,0.726,0.728,27075500,516510.SH,2022-07-12,NA,NA,CNY
0.733,0.734,0.726,0.73,24697000,516510.SH,2022-07-13,NA,NA,CNY
0.726,0.739,0.726,0.733,29262400,516510.SH,2022-07-14,NA,NA,CNY
0.733,0.738,0.721,0.721,20832800,516510.SH,2022-07-15,NA,NA,CNY
0.72,0.742,0.72,0.742,32757700,516510.SH,2022-07-18,NA,NA,CNY
0.742,0.764,0.742,0.764,35565900,516510.SH,2022-07-19,NA,NA,CNY
0.768,0.773,0.764,0.771,30323600,516510.SH,2022-07-20,NA,NA,CNY
0.771,0.778,0.766,0.767,30790300,516510.SH,2022-07-21,NA,NA,CNY
0.761,0.772,0.752,0.757,39879400,516510.SH,2022-07-22,NA,NA,CNY
0.757,0.76,0.747,0.751,33383600,516510.SH,2022-07-25,NA,NA,CNY
0.75,0.764,0.75,0.763,34345500,516510.SH,2022-07-26,NA,NA,CNY
0.765,0.768,0.76,0.765,29417300,516510.SH,2022-07-27,NA,NA,CNY
0.773,0.784,0.769,0.771,31905600,516510.SH,2022-07-28,NA,NA,CNY
0.768,0.775,0.757,0.758,32962000,516510.SH,2022-07-29,NA,NA,CNY
0.756,0.765,0.749,0.763,36607300,516510.SH,2022-08-01,NA,NA,CNY
0.764,0.768,0.725,0.736,39396800,516510.SH,2022-08-02,NA,NA,CNY
0.736,0.761,0.736,0.745,47305500,516510.SH,2022-08-03,NA,NA,CNY
0.745,0.757,0.745,0.752,47513400,516510.SH,2022-08-04,NA,NA,CNY
0.753,0.795,0.753,0.795,54500800,516510.SH,2022-08-05,NA,NA,CNY
0.801,0.801,0.79,0.797,39949100,516510.SH,2022-08-08,NA,NA,CNY
0.796,0.797,0.782,0.789,39129700,516510.SH,2022-08-09,NA,NA,CNY
0.783,0.792,0.78,0.784,38125600,516510.SH,2022-08-10,NA,NA,CNY
0.783,0.801,0.783,0.8,41621700,516510.SH,2022-08-11,NA,NA,CNY
0.795,0.798,0.788,0.788,35363200,516510.SH,2022-08-12,NA,NA,CNY
0.788,0.796,0.776,0.783,29121900,516510.SH,2022-08-15,NA,NA,CNY
0.781,0.784,0.77,0.774,36841500,516510.SH,2022-08-16,NA,NA,CNY
0.77,0.78,0.767,0.78,32997800,516510.SH,2022-08-17,NA,NA,CNY
0.78,0.78,0.77,0.775,36048400,516510.SH,2022-08-18,NA,NA,CNY
0.771,0.784,0.764,0.765,48822400,516510.SH,2022-08-19,NA,NA,CNY
0.786,0.786,0.752,0.769,31811100,516510.SH,2022-08-22,NA,NA,CNY
0.768,0.773,0.765,0.77,34496100,516510.SH,2022-08-23,NA,NA,CNY
0.767,0.768,0.737,0.742,35750100,516510.SH,2022-08-24,NA,NA,CNY
0.743,0.743,0.729,0.737,36041900,516510.SH,2022-08-25,NA,NA,CNY
0.737,0.746,0.733,0.736,32863200,516510.SH,2022-08-26,NA,NA,CNY
0.731,0.732,0.722,0.729,37416600,516510.SH,2022-08-29,NA,NA,CNY
0.731,0.736,0.727,0.735,34265800,516510.SH,2022-08-30,NA,NA,CNY
0.733,0.738,0.723,0.728,41012500,516510.SH,2022-08-31,NA,NA,CNY
0.728,0.745,0.728,0.736,41701700,516510.SH,2022-09-01,NA,NA,CNY
0.736,0.744,0.734,0.74,35238200,516510.SH,2022-09-02,NA,NA,CNY
0.734,0.745,0.73,0.737,38620400,516510.SH,2022-09-05,NA,NA,CNY
0.739,0.739,0.731,0.738,34160900,516510.SH,2022-09-06,NA,NA,CNY
0.739,0.742,0.732,0.739,37073700,516510.SH,2022-09-07,NA,NA,CNY
0.74,0.743,0.73,0.732,30041500,516510.SH,2022-09-08,NA,NA,CNY
0.731,0.74,0.729,0.739,32977100,516510.SH,2022-09-09,NA,NA,CNY
0.738,0.75,0.738,0.739,32732600,516510.SH,2022-09-13,NA,NA,CNY
0.732,0.742,0.729,0.74,33073400,516510.SH,2022-09-14,NA,NA,CNY
0.743,0.747,0.724,0.728,33886500,516510.SH,2022-09-15,NA,NA,CNY
0.727,0.746,0.727,0.727,37825200,516510.SH,2022-09-16,NA,NA,CNY
0.727,0.729,0.707,0.711,39220600,516510.SH,2022-09-19,NA,NA,CNY
0.717,0.717,0.705,0.708,30781500,516510.SH,2022-09-20,NA,NA,CNY
0.708,0.713,0.692,0.709,32492100,516510.SH,2022-09-21,NA,NA,CNY
0.705,0.719,0.702,0.711,31007200,516510.SH,2022-09-22,NA,NA,CNY
0.71,0.713,0.693,0.699,24598200,516510.SH,2022-09-23,NA,NA,CNY
0.697,0.697,0.681,0.685,32396300,516510.SH,2022-09-26,NA,NA,CNY
0.681,0.699,0.68,0.698,31472100,516510.SH,2022-09-27,NA,NA,CNY
0.695,0.696,0.682,0.684,33537900,516510.SH,2022-09-28,NA,NA,CNY
0.69,0.695,0.679,0.681,31684900,516510.SH,2022-09-29,NA,NA,CNY
0.681,0.688,0.675,0.676,29292300,516510.SH,2022-09-30,NA,NA,CNY
0.682,0.682,0.655,0.657,33118700,516510.SH,2022-10-10,NA,NA,CNY
0.657,0.661,0.65,0.653,33678300,516510.SH,2022-10-11,NA,NA,CNY
0.65,0.692,0.649,0.691,44135200,516510.SH,2022-10-12,NA,NA,CNY
0.705,0.711,0.682,0.7,40996000,516510.SH,2022-10-13,NA,NA,CNY
0.7,0.725,0.7,0.717,40695100,516510.SH,2022-10-14,NA,NA,CNY
0.714,0.736,0.711,0.729,39802900,516510.SH,2022-10-17,NA,NA,CNY
0.736,0.736,0.72,0.724,34883500,516510.SH,2022-10-18,NA,NA,CNY
0.724,0.728,0.715,0.72,46682700,516510.SH,2022-10-19,NA,NA,CNY
0.721,0.741,0.715,0.73,45162500,516510.SH,2022-10-20,NA,NA,CNY
0.73,0.74,0.72,0.735,37528300,516510.SH,2022-10-21,NA,NA,CNY
0.734,0.756,0.729,0.734,40553800,516510.SH,2022-10-24,NA,NA,CNY
0.729,0.735,0.713,0.722,45312300,516510.SH,2022-10-25,NA,NA,CNY
0.724,0.764,0.722,0.759,44167000,516510.SH,2022-10-26,NA,NA,CNY
0.761,0.798,0.761,0.784,44613600,516510.SH,2022-10-27,NA,NA,CNY
0.772,0.787,0.764,0.774,43305900,516510.SH,2022-10-28,NA,NA,CNY
0.766,0.811,0.766,0.803,48983400,516510.SH,2022-10-31,NA,NA,CNY
0.8,0.824,0.793,0.815,41097200,516510.SH,2022-11-01,NA,NA,CNY
0.807,0.818,0.802,0.817,40808800,516510.SH,2022-11-02,NA,NA,CNY
0.827,0.827,0.789,0.793,42538300,516510.SH,2022-11-03,NA,NA,CNY
0.789,0.81,0.785,0.808,38994600,516510.SH,2022-11-04,NA,NA,CNY
0.807,0.822,0.801,0.806,38983500,516510.SH,2022-11-07,NA,NA,CNY
0.806,0.813,0.788,0.813,41767400,516510.SH,2022-11-08,NA,NA,CNY
0.819,0.819,0.795,0.802,38748700,516510.SH,2022-11-09,NA,NA,CNY
0.8,0.811,0.797,0.802,32527400,516510.SH,2022-11-10,NA,NA,CNY
0.813,0.826,0.798,0.804,42827700,516510.SH,2022-11-11,NA,NA,CNY
0.804,0.815,0.801,0.812,36186700,516510.SH,2022-11-14,NA,NA,CNY
0.812,0.836,0.808,0.83,30943800,516510.SH,2022-11-15,NA,NA,CNY
0.83,0.84,0.825,0.83,32698900,516510.SH,2022-11-16,NA,NA,CNY
0.85,0.853,0.819,0.85,42585200,516510.SH,2022-11-17,NA,NA,CNY
0.846,0.867,0.837,0.84,43088900,516510.SH,2022-11-18,NA,NA,CNY
0.838,0.839,0.817,0.833,41992800,516510.SH,2022-11-21,NA,NA,CNY
0.83,0.835,0.817,0.821,32560700,516510.SH,2022-11-22,NA,NA,CNY
0.818,0.825,0.802,0.812,37310300,516510.SH,2022-11-23,NA,NA,CNY
0.817,0.819,0.8,0.8,27652200,516510.SH,2022-11-24,NA,NA,CNY
0.796,0.805,0.79,0.792,37640900,516510.SH,2022-11-25,NA,NA,CNY
0.786,0.794,0.776,0.786,38420500,516510.SH,2022-11-28,NA,NA,CNY
0.789,0.801,0.785,0.799,30767700,516510.SH,2022-11-29,NA,NA,CNY
0.799,0.799,0.789,0.794,29260400,516510.SH,2022-11-30,NA,NA,CNY
0.805,0.819,0.8,0.817,50997100,516510.SH,2022-12-01,NA,NA,CNY
0.814,0.834,0.811,0.818,37928800,516510.SH,2022-12-02,NA,NA,CNY
0.822,0.836,0.822,0.833,42349700,516510.SH,2022-12-05,NA,NA,CNY
0.838,0.838,0.825,0.828,33503000,516510.SH,2022-12-06,NA,NA,CNY
0.828,0.828,0.818,0.82,59461300,516510.SH,2022-12-07,NA,NA,CNY
0.817,0.823,0.807,0.809,31904000,516510.SH,2022-12-08,NA,NA,CNY
0.808,0.811,0.8,0.808,33791400,516510.SH,2022-12-09,NA,NA,CNY
0.808,0.827,0.807,0.824,39071200,516510.SH,2022-12-12,NA,NA,CNY
0.824,0.828,0.802,0.803,32951000,516510.SH,2022-12-13,NA,NA,CNY
0.807,0.816,0.804,0.804,30409000,516510.SH,2022-12-14,NA,NA,CNY
0.809,0.822,0.803,0.815,42884500,516510.SH,2022-12-15,NA,NA,CNY
0.815,0.815,0.796,0.799,32232900,516510.SH,2022-12-16,NA,NA,CNY
0.795,0.806,0.78,0.786,32940800,516510.SH,2022-12-19,NA,NA,CNY
0.786,0.795,0.761,0.765,34388400,516510.SH,2022-12-20,NA,NA,CNY
0.766,0.772,0.756,0.761,30596100,516510.SH,2022-12-21,NA,NA,CNY
0.763,0.776,0.761,0.766,31218200,516510.SH,2022-12-22,NA,NA,CNY
0.76,0.788,0.76,0.781,32935000,516510.SH,2022-12-23,NA,NA,CNY
0.782,0.789,0.78,0.789,35527300,516510.SH,2022-12-26,NA,NA,CNY
0.79,0.792,0.784,0.792,26841800,516510.SH,2022-12-27,NA,NA,CNY
0.791,0.794,0.783,0.784,27071100,516510.SH,2022-12-28,NA,NA,CNY
0.78,0.805,0.777,0.795,31536300,516510.SH,2022-12-29,NA,NA,CNY
0.795,0.809,0.795,0.802,29873400,516510.SH,2022-12-30,NA,NA,CNY
0.802,0.846,0.801,0.845,42479900,516510.SH,2023-01-03,NA,NA,CNY
0.847,0.86,0.844,0.858,63424300,516510.SH,2023-01-04,NA,NA,CNY
0.859,0.863,0.85,0.859,27303800,516510.SH,2023-01-05,NA,NA,CNY
0.86,0.86,0.848,0.851,31396100,516510.SH,2023-01-06,NA,NA,CNY
0.855,0.855,0.845,0.85,29265500,516510.SH,2023-01-09,NA,NA,CNY
0.85,0.859,0.843,0.847,37948900,516510.SH,2023-01-10,NA,NA,CNY
0.845,0.846,0.83,0.832,41092100,516510.SH,2023-01-11,NA,NA,CNY
0.831,0.845,0.827,0.839,36280300,516510.SH,2023-01-12,NA,NA,CNY
0.839,0.84,0.83,0.837,23303100,516510.SH,2023-01-13,NA,NA,CNY
0.85,0.865,0.841,0.859,34608100,516510.SH,2023-01-16,NA,NA,CNY
0.862,0.869,0.854,0.858,22998900,516510.SH,2023-01-17,NA,NA,CNY
0.858,0.879,0.856,0.876,29087100,516510.SH,2023-01-18,NA,NA,CNY
0.876,0.902,0.872,0.902,35650600,516510.SH,2023-01-19,NA,NA,CNY
0.902,0.917,0.897,0.906,32579700,516510.SH,2023-01-20,NA,NA,CNY
0.924,0.933,0.915,0.924,35424300,516510.SH,2023-01-30,NA,NA,CNY
0.921,0.924,0.902,0.903,35944400,516510.SH,2023-01-31,NA,NA,CNY
0.901,0.93,0.901,0.929,39090900,516510.SH,2023-02-01,NA,NA,CNY
0.931,0.945,0.922,0.925,36835300,516510.SH,2023-02-02,NA,NA,CNY
0.925,0.954,0.899,0.949,79394740,516510.SH,2023-02-03,NA,NA,CNY
0.946,0.971,0.94,0.957,41252300,516510.SH,2023-02-06,NA,NA,CNY
0.957,0.962,0.943,0.96,62428660,516510.SH,2023-02-07,NA,NA,CNY
0.963,0.963,0.939,0.943,32727200,516510.SH,2023-02-08,NA,NA,CNY
0.936,0.97,0.926,0.969,41706100,516510.SH,2023-02-09,NA,NA,CNY
0.966,0.975,0.948,0.955,44939800,516510.SH,2023-02-10,NA,NA,CNY
0.953,0.973,0.931,0.973,32359500,516510.SH,2023-02-13,NA,NA,CNY
0.973,0.98,0.96,0.965,45254000,516510.SH,2023-02-14,NA,NA,CNY
0.968,1.004,0.964,1.003,67733500,516510.SH,2023-02-15,NA,NA,CNY
1.001,1.018,0.974,0.989,62292400,516510.SH,2023-02-16,NA,NA,CNY
0.985,0.985,0.937,0.938,63180050,516510.SH,2023-02-17,NA,NA,CNY
0.933,0.973,0.933,0.972,50385800,516510.SH,2023-02-20,NA,NA,CNY
0.968,0.986,0.958,0.966,49943600,516510.SH,2023-02-21,NA,NA,CNY
0.958,0.978,0.946,0.973,59051626,516510.SH,2023-02-22,NA,NA,CNY
0.972,0.972,0.943,0.95,57121795,516510.SH,2023-02-23,NA,NA,CNY
0.95,0.969,0.948,0.961,46134300,516510.SH,2023-02-24,NA,NA,CNY
0.952,0.965,0.949,0.952,39666600,516510.SH,2023-02-27,NA,NA,CNY
0.969,0.99,0.959,0.976,63903600,516510.SH,2023-02-28,NA,NA,CNY
0.967,1.022,0.967,1.018,69759800,516510.SH,2023-03-01,NA,NA,CNY
1.013,1.031,1.006,1.024,58924500,516510.SH,2023-03-02,NA,NA,CNY
1.022,1.022,0.99,1.003,59525500,516510.SH,2023-03-03,NA,NA,CNY
1.003,1.008,0.993,1.0,44783200,516510.SH,2023-03-06,NA,NA,CNY
1.001,1.004,0.971,0.975,60698800,516510.SH,2023-03-07,NA,NA,CNY
0.975,0.992,0.972,0.991,49194000,516510.SH,2023-03-08,NA,NA,CNY
0.99,1.006,0.975,0.999,57673000,516510.SH,2023-03-09,NA,NA,CNY
0.989,1.006,0.982,0.99,46227200,516510.SH,2023-03-10,NA,NA,CNY
0.984,1.035,0.976,1.035,67687200,516510.SH,2023-03-13,NA,NA,CNY
1.031,1.031,1.007,1.02,72917100,516510.SH,2023-03-14,NA,NA,CNY
1.027,1.033,0.997,1.0,53727900,516510.SH,2023-03-15,NA,NA,CNY
0.992,1.007,0.981,0.993,47931000,516510.SH,2023-03-16,NA,NA,CNY
1.002,1.048,1.0,1.039,80600650,516510.SH,2023-03-17,NA,NA,CNY
1.042,1.053,1.016,1.019,67747426,516510.SH,2023-03-20,NA,NA,CNY
1.019,1.038,1.005,1.036,75757500,516510.SH,2023-03-21,NA,NA,CNY
1.027,1.056,1.017,1.051,65558100,516510.SH,2023-03-22,NA,NA,CNY
1.045,1.1,1.042,1.096,89621500,516510.SH,2023-03-23,NA,NA,CNY
1.093,1.133,1.088,1.129,64373800,516510.SH,2023-03-24,NA,NA,CNY
1.127,1.164,1.116,1.154,108593900,516510.SH,2023-03-27,NA,NA,CNY
1.148,1.168,1.13,1.141,66796166,516510.SH,2023-03-28,NA,NA,CNY
1.135,1.181,1.116,1.154,75619765,516510.SH,2023-03-29,NA,NA,CNY
1.151,1.151,1.117,1.128,94739771,516510.SH,2023-03-30,NA,NA,CNY
1.12,1.194,1.112,1.189,106292812,516510.SH,2023-03-31,NA,NA,CNY
1.199,1.278,1.199,1.275,108158100,516510.SH,2023-04-03,NA,NA,CNY
1.276,1.295,1.248,1.267,99883900,516510.SH,2023-04-04,NA,NA,CNY
1.231,1.267,1.222,1.241,94882400,516510.SH,2023-04-06,NA,NA,CNY
1.24,1.271,1.225,1.265,92831100,516510.SH,2023-04-07,NA,NA,CNY
1.263,1.263,1.173,1.177,107029400,516510.SH,2023-04-10,NA,NA,CNY
1.172,1.21,1.172,1.204,113608700,516510.SH,2023-04-11,NA,NA,CNY
1.196,1.25,1.194,1.233,108379200,516510.SH,2023-04-12,NA,NA,CNY
1.22,1.23,1.183,1.19,87746700,516510.SH,2023-04-13,NA,NA,CNY
1.189,1.208,1.164,1.196,123606000,516510.SH,2023-04-14,NA,NA,CNY
1.192,1.199,1.167,1.184,56705070,516510.SH,2023-04-17,NA,NA,CNY
1.175,1.226,1.165,1.215,140161753,516510.SH,2023-04-18,NA,NA,CNY
1.2,1.251,1.2,1.217,172573453,516510.SH,2023-04-19,NA,NA,CNY
1.218,1.269,1.218,1.268,87676353,516510.SH,2023-04-20,NA,NA,CNY
1.262,1.265,1.19,1.196,149568000,516510.SH,2023-04-21,NA,NA,CNY
1.185,1.22,1.181,1.198,101476200,516510.SH,2023-04-24,NA,NA,CNY
1.189,1.215,1.169,1.192,95151700,516510.SH,2023-04-25,NA,NA,CNY
1.183,1.195,1.126,1.136,132999400,516510.SH,2023-04-26,NA,NA,CNY
1.114,1.141,1.082,1.1,155887200,516510.SH,2023-04-27,NA,NA,CNY
1.096,1.162,1.096,1.157,124654545,516510.SH,2023-04-28,NA,NA,CNY
1.148,1.162,1.116,1.129,93075200,516510.SH,2023-05-04,NA,NA,CNY
1.126,1.138,1.1,1.116,86471900,516510.SH,2023-05-05,NA,NA,CNY
1.118,1.158,1.106,1.151,173465537,516510.SH,2023-05-08,NA,NA,CNY
1.147,1.175,1.135,1.141,114610900,516510.SH,2023-05-09,NA,NA,CNY
1.137,1.154,1.109,1.124,91242300,516510.SH,2023-05-10,NA,NA,CNY
1.125,1.137,1.095,1.098,79545800,516510.SH,2023-05-11,NA,NA,CNY
1.093,1.114,1.089,1.094,62413142,516510.SH,2023-05-12,NA,NA,CNY
1.093,1.103,1.06,1.097,83195715,516510.SH,2023-05-15,NA,NA,CNY
1.096,1.098,1.055,1.056,67138759,516510.SH,2023-05-16,NA,NA,CNY
1.046,1.078,1.046,1.068,99597300,516510.SH,2023-05-17,NA,NA,CNY
1.072,1.124,1.07,1.121,101594569,516510.SH,2023-05-18,NA,NA,CNY
1.119,1.129,1.1,1.107,75861400,516510.SH,2023-05-19,NA,NA,CNY
1.103,1.111,1.077,1.09,53909357,516510.SH,2023-05-22,NA,NA,CNY
1.088,1.091,1.07,1.071,84213444,516510.SH,2023-05-23,NA,NA,CNY
1.063,1.086,1.056,1.068,66135700,516510.SH,2023-05-24,NA,NA,CNY
1.077,1.095,1.048,1.072,85929600,516510.SH,2023-05-25,NA,NA,CNY
1.072,1.104,1.069,1.096,123137810,516510.SH,2023-05-26,NA,NA,CNY
1.105,1.119,1.096,1.1,213898200,516510.SH,2023-05-29,NA,NA,CNY
1.096,1.153,1.087,1.15,200913509,516510.SH,2023-05-30,NA,NA,CNY
1.151,1.169,1.14,1.166,167159024,516510.SH,2023-05-31,NA,NA,CNY
1.154,1.212,1.151,1.19,158372738,516510.SH,2023-06-01,NA,NA,CNY
1.192,1.203,1.183,1.191,115812200,516510.SH,2023-06-02,NA,NA,CNY
1.19,1.213,1.188,1.198,109074562,516510.SH,2023-06-05,NA,NA,CNY
1.197,1.205,1.154,1.162,168964800,516510.SH,2023-06-06,NA,NA,CNY
1.16,1.184,1.154,1.175,95919510,516510.SH,2023-06-07,NA,NA,CNY
1.16,1.17,1.138,1.163,127490300,516510.SH,2023-06-08,NA,NA,CNY
1.161,1.208,1.156,1.207,155051400,516510.SH,2023-06-09,NA,NA,CNY
1.207,1.225,1.202,1.211,78152600,516510.SH,2023-06-12,NA,NA,CNY
1.203,1.258,1.191,1.245,182124400,516510.SH,2023-06-13,NA,NA,CNY
1.248,1.274,1.231,1.261,160206700,516510.SH,2023-06-14,NA,NA,CNY
1.261,1.27,1.242,1.245,130806500,516510.SH,2023-06-15,NA,NA,CNY
1.237,1.302,1.227,1.301,138405400,516510.SH,2023-06-16,NA,NA,CNY
1.301,1.35,1.291,1.343,128547700,516510.SH,2023-06-19,NA,NA,CNY
1.339,1.391,1.333,1.39,134855400,516510.SH,2023-06-20,NA,NA,CNY
1.37,1.376,1.321,1.322,160131200,516510.SH,2023-06-21,NA,NA,CNY
1.29,1.315,1.233,1.238,170958000,516510.SH,2023-06-26,NA,NA,CNY
1.234,1.259,1.223,1.243,133024434,516510.SH,2023-06-27,NA,NA,CNY
1.226,1.234,1.162,1.193,166713318,516510.SH,2023-06-28,NA,NA,CNY
1.191,1.208,1.175,1.2,128232867,516510.SH,2023-06-29,NA,NA,CNY
1.195,1.217,1.18,1.206,102761000,516510.SH,2023-06-30,NA,NA,CNY
1.2,1.206,1.154,1.194,105806055,516510.SH,2023-07-03,NA,NA,CNY
1.183,1.211,1.183,1.2,81896600,516510.SH,2023-07-04,NA,NA,CNY
1.2,1.205,1.171,1.172,74690500,516510.SH,2023-07-05,NA,NA,CNY
1.161,1.206,1.161,1.181,91587337,516510.SH,2023-07-06,NA,NA,CNY
1.181,1.185,1.133,1.164,101536661,516510.SH,2023-07-07,NA,NA,CNY
1.162,1.168,1.145,1.154,79678461,516510.SH,2023-07-10,NA,NA,CNY
1.149,1.176,1.148,1.162,94449100,516510.SH,2023-07-11,NA,NA,CNY
1.154,1.162,1.115,1.12,92755527,516510.SH,2023-07-12,NA,NA,CNY
1.121,1.144,1.109,1.137,122567910,516510.SH,2023-07-13,NA,NA,CNY
1.14,1.185,1.14,1.168,146000100,516510.SH,2023-07-14,NA,NA,CNY
1.167,1.189,1.16,1.173,80058600,516510.SH,2023-07-17,NA,NA,CNY
1.169,1.175,1.147,1.151,102124166,516510.SH,2023-07-18,NA,NA,CNY
1.155,1.172,1.142,1.149,90211800,516510.SH,2023-07-19,NA,NA,CNY
1.144,1.145,1.098,1.099,118489600,516510.SH,2023-07-20,NA,NA,CNY
1.094,1.106,1.082,1.093,117446426,516510.SH,2023-07-21,NA,NA,CNY
1.086,1.122,1.082,1.099,130611100,516510.SH,2023-07-24,NA,NA,CNY
1.116,1.131,1.101,1.121,125821775,516510.SH,2023-07-25,NA,NA,CNY
1.115,1.117,1.089,1.095,116800222,516510.SH,2023-07-26,NA,NA,CNY
1.094,1.099,1.078,1.082,124029448,516510.SH,2023-07-27,NA,NA,CNY
1.077,1.105,1.075,1.1,163079500,516510.SH,2023-07-28,NA,NA,CNY
1.093,1.118,1.089,1.108,118858600,516510.SH,2023-07-31,NA,NA,CNY
1.1,1.124,1.089,1.117,124567610,516510.SH,2023-08-01,NA,NA,CNY
1.111,1.123,1.107,1.12,80651600,516510.SH,2023-08-02,NA,NA,CNY
1.112,1.125,1.107,1.117,86020800,516510.SH,2023-08-03,NA,NA,CNY
1.119,1.154,1.117,1.147,121652710,516510.SH,2023-08-04,NA,NA,CNY
1.153,1.165,1.142,1.149,168382103,516510.SH,2023-08-07,NA,NA,CNY
1.146,1.154,1.132,1.133,146796400,516510.SH,2023-08-08,NA,NA,CNY
1.125,1.143,1.109,1.11,117183084,516510.SH,2023-08-09,NA,NA,CNY
1.105,1.114,1.095,1.104,96613100,516510.SH,2023-08-10,NA,NA,CNY
1.104,1.112,1.077,1.078,90512480,516510.SH,2023-08-11,NA,NA,CNY
1.067,1.107,1.06,1.106,137808384,516510.SH,2023-08-14,NA,NA,CNY
1.105,1.111,1.076,1.088,111460000,516510.SH,2023-08-15,NA,NA,CNY
1.081,1.087,1.043,1.045,108643051,516510.SH,2023-08-16,NA,NA,CNY
1.04,1.061,1.033,1.056,88320300,516510.SH,2023-08-17,NA,NA,CNY
1.054,1.064,1.019,1.02,141095200,516510.SH,2023-08-18,NA,NA,CNY
1.016,1.042,1.015,1.02,100011051,516510.SH,2023-08-21,NA,NA,CNY
1.034,1.051,1.016,1.05,137925723,516510.SH,2023-08-22,NA,NA,CNY
1.044,1.044,1.008,1.009,100677026,516510.SH,2023-08-23,NA,NA,CNY
1.02,1.025,1.005,1.007,104955800,516510.SH,2023-08-24,NA,NA,CNY
0.992,0.992,0.945,0.953,154798184,516510.SH,2023-08-25,NA,NA,CNY
1.003,1.012,0.958,0.962,124005705,516510.SH,2023-08-28,NA,NA,CNY
0.962,1.006,0.958,1.001,107179200,516510.SH,2023-08-29,NA,NA,CNY
1.002,1.033,1.002,1.026,93206100,516510.SH,2023-08-30,NA,NA,CNY
1.024,1.035,1.017,1.025,86407000,516510.SH,2023-08-31,NA,NA,CNY
1.025,1.025,1.007,1.013,64397497,516510.SH,2023-09-01,NA,NA,CNY
1.021,1.031,1.007,1.03,78678025,516510.SH,2023-09-04,NA,NA,CNY
1.026,1.031,1.01,1.012,59132700,516510.SH,2023-09-05,NA,NA,CNY
1.008,1.015,0.992,1.011,70666100,516510.SH,2023-09-06,NA,NA,CNY
1.006,1.012,0.989,0.991,82936500,516510.SH,2023-09-07,NA,NA,CNY
0.982,0.993,0.975,0.984,75747600,516510.SH,2023-09-08,NA,NA,CNY
0.98,1.024,0.979,1.007,95440359,516510.SH,2023-09-11,NA,NA,CNY
1.004,1.015,1.0,1.006,66783500,516510.SH,2023-09-12,NA,NA,CNY
0.998,1.006,0.969,0.976,76789454,516510.SH,2023-09-13,NA,NA,CNY
0.977,0.982,0.962,0.969,58678250,516510.SH,2023-09-14,NA,NA,CNY
0.971,0.971,0.95,0.956,71420000,516510.SH,2023-09-15,NA,NA,CNY
0.95,0.963,0.948,0.95,60206451,516510.SH,2023-09-18,NA,NA,CNY
0.949,0.949,0.931,0.933,60828422,516510.SH,2023-09-19,NA,NA,CNY
0.932,0.949,0.932,0.934,65553811,516510.SH,2023-09-20,NA,NA,CNY
0.924,0.943,0.924,0.933,81744102,516510.SH,2023-09-21,NA,NA,CNY
0.931,0.979,0.929,0.976,117027519,516510.SH,2023-09-22,NA,NA,CNY
0.977,0.977,0.957,0.96,75887600,516510.SH,2023-09-25,NA,NA,CNY
0.956,0.986,0.956,0.971,74963429,516510.SH,2023-09-26,NA,NA,CNY
0.963,0.976,0.961,0.969,69103400,516510.SH,2023-09-27,NA,NA,CNY
0.971,0.98,0.966,0.974,86053000,516510.SH,2023-09-28,NA,NA,CNY
0.975,0.98,0.964,0.975,71724520,516510.SH,2023-10-09,NA,NA,CNY
0.975,0.987,0.973,0.978,80915320,516510.SH,2023-10-10,NA,NA,CNY
0.976,1.007,0.972,0.996,83131600,516510.SH,2023-10-11,NA,NA,CNY
0.999,1.0,0.978,0.986,74967800,516510.SH,2023-10-12,NA,NA,CNY
0.976,0.981,0.961,0.965,66429900,516510.SH,2023-10-13,NA,NA,CNY
0.961,0.968,0.948,0.952,66548263,516510.SH,2023-10-16,NA,NA,CNY
0.953,0.959,0.941,0.95,59059555,516510.SH,2023-10-17,NA,NA,CNY
0.938,0.942,0.91,0.929,80547806,516510.SH,2023-10-18,NA,NA,CNY
0.92,0.942,0.915,0.916,73618749,516510.SH,2023-10-19,NA,NA,CNY
0.91,0.916,0.886,0.887,72947995,516510.SH,2023-10-20,NA,NA,CNY
0.887,0.89,0.857,0.866,99678692,516510.SH,2023-10-23,NA,NA,CNY
0.874,0.882,0.855,0.868,80172400,516510.SH,2023-10-24,NA,NA,CNY
0.87,0.889,0.864,0.869,76483500,516510.SH,2023-10-25,NA,NA,CNY
0.862,0.878,0.858,0.878,71442200,516510.SH,2023-10-26,NA,NA,CNY
0.871,0.878,0.857,0.874,110218000,516510.SH,2023-10-27,NA,NA,CNY
0.868,0.89,0.866,0.887,91891100,516510.SH,2023-10-30,NA,NA,CNY
0.886,0.888,0.869,0.877,104895300,516510.SH,2023-10-31,NA,NA,CNY
0.879,0.885,0.87,0.871,72960900,516510.SH,2023-11-01,NA,NA,CNY
0.872,0.879,0.86,0.861,85108554,516510.SH,2023-11-02,NA,NA,CNY
0.864,0.887,0.862,0.885,121546800,516510.SH,2023-11-03,NA,NA,CNY
0.889,0.913,0.888,0.912,121800155,516510.SH,2023-11-06,NA,NA,CNY
0.918,0.94,0.908,0.936,127013566,516510.SH,2023-11-07,NA,NA,CNY
0.934,0.955,0.93,0.942,120349666,516510.SH,2023-11-08,NA,NA,CNY
0.943,0.957,0.933,0.948,99633500,516510.SH,2023-11-09,NA,NA,CNY
0.94,0.948,0.933,0.935,77141600,516510.SH,2023-11-10,NA,NA,CNY
0.944,0.972,0.944,0.963,131058949,516510.SH,2023-11-13,NA,NA,CNY
0.964,0.978,0.96,0.971,112148925,516510.SH,2023-11-14,NA,NA,CNY
0.989,0.989,0.962,0.965,105532245,516510.SH,2023-11-15,NA,NA,CNY
0.961,0.974,0.957,0.958,89985754,516510.SH,2023-11-16,NA,NA,CNY
0.952,0.969,0.952,0.967,88258716,516510.SH,2023-11-17,NA,NA,CNY
0.962,0.985,0.957,0.977,116671316,516510.SH,2023-11-20,NA,NA,CNY
0.98,0.98,0.957,0.961,93158023,516510.SH,2023-11-21,NA,NA,CNY
0.956,0.966,0.942,0.944,110842600,516510.SH,2023-11-22,NA,NA,CNY
0.94,0.954,0.928,0.953,94356541,516510.SH,2023-11-23,NA,NA,CNY
0.954,0.955,0.92,0.923,141706579,516510.SH,2023-11-24,NA,NA,CNY
0.917,0.934,0.915,0.926,90234100,516510.SH,2023-11-27,NA,NA,CNY
0.92,0.928,0.915,0.924,74054500,516510.SH,2023-11-28,NA,NA,CNY
0.92,0.926,0.911,0.914,73655500,516510.SH,2023-11-29,NA,NA,CNY
0.907,0.918,0.902,0.909,70128200,516510.SH,2023-11-30,NA,NA,CNY
0.909,0.949,0.907,0.943,129194351,516510.SH,2023-12-01,NA,NA,CNY
0.94,0.963,0.94,0.949,126021582,516510.SH,2023-12-04,NA,NA,CNY
0.942,0.944,0.91,0.912,106374166,516510.SH,2023-12-05,NA,NA,CNY
0.908,0.927,0.901,0.917,98215000,516510.SH,2023-12-06,NA,NA,CNY
0.915,0.941,0.915,0.934,121402200,516510.SH,2023-12-07,NA,NA,CNY
0.935,0.976,0.935,0.97,175431900,516510.SH,2023-12-08,NA,NA,CNY
0.961,0.987,0.951,0.986,181540988,516510.SH,2023-12-11,NA,NA,CNY
0.983,0.988,0.971,0.978,109478075,516510.SH,2023-12-12,NA,NA,CNY
0.978,0.983,0.963,0.964,108047700,516510.SH,2023-12-13,NA,NA,CNY
0.968,0.98,0.957,0.958,85578800,516510.SH,2023-12-14,NA,NA,CNY
0.961,0.963,0.942,0.945,102848000,516510.SH,2023-12-15,NA,NA,CNY
0.938,0.951,0.93,0.932,94039794,516510.SH,2023-12-18,NA,NA,CNY
0.929,0.944,0.924,0.94,82007700,516510.SH,2023-12-19,NA,NA,CNY
0.942,0.942,0.905,0.905,109322500,516510.SH,2023-12-20,NA,NA,CNY
0.897,0.929,0.897,0.919,99339200,516510.SH,2023-12-21,NA,NA,CNY
0.913,0.919,0.89,0.893,138403000,516510.SH,2023-12-22,NA,NA,CNY
0.889,0.904,0.886,0.894,55983280,516510.SH,2023-12-25,NA,NA,CNY
0.89,0.892,0.865,0.873,71240323,516510.SH,2023-12-26,NA,NA,CNY
0.875,0.886,0.874,0.879,69385629,516510.SH,2023-12-27,NA,NA,CNY
0.874,0.906,0.869,0.902,84306875,516510.SH,2023-12-28,NA,NA,CNY
0.901,0.916,0.899,0.915,79676700,516510.SH,2023-12-29,NA,NA,CNY
0.914,0.915,0.894,0.895,66404300,516510.SH,2024-01-02,NA,NA,CNY
0.89,0.894,0.865,0.871,105084000,516510.SH,2024-01-03,NA,NA,CNY
0.871,0.871,0.859,0.863,66012900,516510.SH,2024-01-04,NA,NA,CNY
0.864,0.869,0.838,0.842,85279200,516510.SH,2024-01-05,NA,NA,CNY
0.841,0.841,0.815,0.817,64750600,516510.SH,2024-01-08,NA,NA,CNY
0.823,0.83,0.808,0.814,67105600,516510.SH,2024-01-09,NA,NA,CNY
0.811,0.816,0.794,0.8,69444000,516510.SH,2024-01-10,NA,NA,CNY
0.799,0.826,0.799,0.825,85537594,516510.SH,2024-01-11,NA,NA,CNY
0.822,0.822,0.806,0.807,70045300,516510.SH,2024-01-12,NA,NA,CNY
0.801,0.811,0.797,0.8,66405600,516510.SH,2024-01-15,NA,NA,CNY
0.798,0.798,0.781,0.796,116462000,516510.SH,2024-01-16,NA,NA,CNY
0.797,0.803,0.78,0.78,68790400,516510.SH,2024-01-17,NA,NA,CNY
0.774,0.805,0.769,0.802,120728014,516510.SH,2024-01-18,NA,NA,CNY
0.8,0.804,0.787,0.787,63245740,516510.SH,2024-01-19,NA,NA,CNY
0.791,0.796,0.75,0.76,78184200,516510.SH,2024-01-22,NA,NA,CNY
0.754,0.789,0.752,0.786,106280600,516510.SH,2024-01-23,NA,NA,CNY
0.787,0.794,0.76,0.791,96510238,516510.SH,2024-01-24,NA,NA,CNY
0.79,0.817,0.78,0.816,94041600,516510.SH,2024-01-25,NA,NA,CNY
0.814,0.82,0.799,0.802,75387300,516510.SH,2024-01-26,NA,NA,CNY
0.798,0.8,0.766,0.768,80027100,516510.SH,2024-01-29,NA,NA,CNY
0.762,0.78,0.751,0.754,161998000,516510.SH,2024-01-30,NA,NA,CNY
0.749,0.749,0.716,0.716,88983616,516510.SH,2024-01-31,NA,NA,CNY
0.709,0.753,0.703,0.73,105919700,516510.SH,2024-02-01,NA,NA,CNY
0.728,0.742,0.682,0.706,164388051,516510.SH,2024-02-02,NA,NA,CNY
0.698,0.711,0.657,0.679,107188500,516510.SH,2024-02-05,NA,NA,CNY
0.666,0.738,0.666,0.736,110115661,516510.SH,2024-02-06,NA,NA,CNY
0.734,0.762,0.732,0.752,111195546,516510.SH,2024-02-07,NA,NA,CNY
0.758,0.793,0.758,0.781,80394537,516510.SH,2024-02-08,NA,NA,CNY
0.814,0.836,0.799,0.835,141089362,516510.SH,2024-02-19,NA,NA,CNY
0.827,0.828,0.812,0.825,86592446,516510.SH,2024-02-20,NA,NA,CNY
0.808,0.839,0.806,0.815,160173646,516510.SH,2024-02-21,NA,NA,CNY
0.838,0.857,0.835,0.849,174293276,516510.SH,2024-02-22,NA,NA,CNY
0.857,0.865,0.842,0.852,118947576,516510.SH,2024-02-23,NA,NA,CNY
0.85,0.868,0.842,0.859,98034300,516510.SH,2024-02-26,NA,NA,CNY
0.849,0.915,0.846,0.914,186401130,516510.SH,2024-02-27,NA,NA,CNY
0.921,0.937,0.866,0.869,234848319,516510.SH,2024-02-28,NA,NA,CNY
0.862,0.907,0.861,0.906,190531800,516510.SH,2024-02-29,NA,NA,CNY
0.906,0.957,0.9,0.954,266902438,516510.SH,2024-03-01,NA,NA,CNY
0.971,0.972,0.937,0.96,314335500,516510.SH,2024-03-04,NA,NA,CNY
0.943,0.974,0.94,0.948,217154085,516510.SH,2024-03-05,NA,NA,CNY
0.937,0.953,0.924,0.94,157936402,516510.SH,2024-03-06,NA,NA,CNY
0.942,0.953,0.913,0.916,154469549,516510.SH,2024-03-07,NA,NA,CNY
0.92,0.94,0.907,0.934,162335004,516510.SH,2024-03-08,NA,NA,CNY
0.914,0.946,0.91,0.945,183452800,516510.SH,2024-03-11,NA,NA,CNY
0.943,0.952,0.926,0.938,135720304,516510.SH,2024-03-12,NA,NA,CNY
0.948,0.96,0.938,0.945,147197800,516510.SH,2024-03-13,NA,NA,CNY
0.931,0.945,0.923,0.936,117726200,516510.SH,2024-03-14,NA,NA,CNY
0.929,0.951,0.919,0.949,138287581,516510.SH,2024-03-15,NA,NA,CNY
0.951,0.972,0.948,0.97,120345421,516510.SH,2024-03-18,NA,NA,CNY
0.97,0.971,0.957,0.96,101379500,516510.SH,2024-03-19,NA,NA,CNY
0.954,0.978,0.954,0.977,120497000,516510.SH,2024-03-20,NA,NA,CNY
0.981,0.999,0.972,0.973,107346221,516510.SH,2024-03-21,NA,NA,CNY
0.97,0.986,0.955,0.975,173510971,516510.SH,2024-03-22,NA,NA,CNY
0.978,0.98,0.941,0.943,106956000,516510.SH,2024-03-25,NA,NA,CNY
0.937,0.955,0.907,0.913,159988438,516510.SH,2024-03-26,NA,NA,CNY
0.908,0.913,0.868,0.869,147285835,516510.SH,2024-03-27,NA,NA,CNY
0.869,0.915,0.868,0.91,193346333,516510.SH,2024-03-28,NA,NA,CNY
0.905,0.905,0.882,0.9,119472600,516510.SH,2024-03-29,NA,NA,CNY
0.9,0.924,0.9,0.922,152299758,516510.SH,2024-04-01,NA,NA,CNY
0.92,0.92,0.895,0.901,124478600,516510.SH,2024-04-02,NA,NA,CNY
0.898,0.898,0.87,0.873,139271948,516510.SH,2024-04-03,NA,NA,CNY
0.867,0.883,0.863,0.868,85103900,516510.SH,2024-04-08,NA,NA,CNY
0.865,0.873,0.856,0.871,90785901,516510.SH,2024-04-09,NA,NA,CNY
0.867,0.87,0.841,0.846,100474275,516510.SH,2024-04-10,NA,NA,CNY
0.846,0.868,0.845,0.854,107484745,516510.SH,2024-04-11,NA,NA,CNY
0.856,0.872,0.854,0.856,105910759,516510.SH,2024-04-12,NA,NA,CNY
0.852,0.869,0.845,0.859,92482313,516510.SH,2024-04-15,NA,NA,CNY
0.853,0.858,0.83,0.832,90179214,516510.SH,2024-04-16,NA,NA,CNY
0.839,0.868,0.839,0.867,108085037,516510.SH,2024-04-17,NA,NA,CNY
0.859,0.876,0.848,0.86,179046600,516510.SH,2024-04-18,NA,NA,CNY
0.852,0.858,0.831,0.839,95604455,516510.SH,2024-04-19,NA,NA,CNY
0.811,0.83,0.798,0.825,93216402,516510.SH,2024-04-22,NA,NA,CNY
0.827,0.835,0.819,0.824,68140578,516510.SH,2024-04-23,NA,NA,CNY
0.83,0.865,0.828,0.863,123815392,516510.SH,2024-04-24,NA,NA,CNY
0.854,0.863,0.85,0.852,110338071,516510.SH,2024-04-25,NA,NA,CNY
0.86,0.895,0.86,0.89,188969500,516510.SH,2024-04-26,NA,NA,CNY
0.905,0.919,0.897,0.913,162067700,516510.SH,2024-04-29,NA,NA,CNY
0.915,0.92,0.896,0.906,124917700,516510.SH,2024-04-30,NA,NA,CNY
0.926,0.928,0.903,0.908,100155800,516510.SH,2024-05-06,NA,NA,CNY
0.908,0.917,0.889,0.896,103611000,516510.SH,2024-05-07,NA,NA,CNY
0.888,0.895,0.874,0.875,90491700,516510.SH,2024-05-08,NA,NA,CNY
0.875,0.887,0.874,0.886,94939488,516510.SH,2024-05-09,NA,NA,CNY
0.881,0.885,0.865,0.87,96673876,516510.SH,2024-05-10,NA,NA,CNY
0.863,0.872,0.855,0.858,85745700,516510.SH,2024-05-13,NA,NA,CNY
0.863,0.869,0.85,0.86,77335900,516510.SH,2024-05-14,NA,NA,CNY
0.861,0.864,0.85,0.852,98196400,516510.SH,2024-05-15,NA,NA,CNY
0.858,0.874,0.857,0.863,131104513,516510.SH,2024-05-16,NA,NA,CNY
0.858,0.876,0.852,0.875,94799600,516510.SH,2024-05-17,NA,NA,CNY
0.872,0.892,0.863,0.891,125909800,516510.SH,2024-05-20,NA,NA,CNY
0.886,0.894,0.882,0.884,65398000,516510.SH,2024-05-21,NA,NA,CNY
0.882,0.886,0.872,0.885,104151700,516510.SH,2024-05-22,NA,NA,CNY
0.894,0.895,0.862,0.865,123914000,516510.SH,2024-05-23,NA,NA,CNY
0.864,0.874,0.84,0.842,232128674,516510.SH,2024-05-24,NA,NA,CNY
0.844,0.853,0.832,0.851,95973688,516510.SH,2024-05-27,NA,NA,CNY
0.843,0.853,0.83,0.831,81286200,516510.SH,2024-05-28,NA,NA,CNY
0.835,0.842,0.824,0.828,60255700,516510.SH,2024-05-29,NA,NA,CNY
0.824,0.834,0.815,0.828,70013300,516510.SH,2024-05-30,NA,NA,CNY
0.828,0.844,0.823,0.834,81686500,516510.SH,2024-05-31,NA,NA,CNY
0.833,0.849,0.831,0.844,97427000,516510.SH,2024-06-03,NA,NA,CNY
0.841,0.85,0.836,0.849,70438488,516510.SH,2024-06-04,NA,NA,CNY
0.848,0.856,0.841,0.842,66290300,516510.SH,2024-06-05,NA,NA,CNY
0.848,0.852,0.831,0.834,78843500,516510.SH,2024-06-06,NA,NA,CNY
0.837,0.838,0.818,0.823,82522384,516510.SH,2024-06-07,NA,NA,CNY
0.818,0.838,0.816,0.836,80427600,516510.SH,2024-06-11,NA,NA,CNY
0.836,0.847,0.833,0.842,51132300,516510.SH,2024-06-12,NA,NA,CNY
0.845,0.854,0.838,0.85,67954523,516510.SH,2024-06-13,NA,NA,CNY
0.85,0.882,0.846,0.873,113468989,516510.SH,2024-06-14,NA,NA,CNY
0.871,0.872,0.862,0.865,81047889,516510.SH,2024-06-17,NA,NA,CNY
0.863,0.889,0.861,0.882,100646400,516510.SH,2024-06-18,NA,NA,CNY
0.886,0.887,0.873,0.873,61521700,516510.SH,2024-06-19,NA,NA,CNY
0.868,0.872,0.851,0.852,101067900,516510.SH,2024-06-20,NA,NA,CNY
0.843,0.857,0.84,0.855,57839900,516510.SH,2024-06-21,NA,NA,CNY
0.85,0.852,0.825,0.827,69388422,516510.SH,2024-06-24,NA,NA,CNY
0.822,0.828,0.799,0.806,85609071,516510.SH,2024-06-25,NA,NA,CNY
0.809,0.851,0.806,0.848,100418074,516510.SH,2024-06-26,NA,NA,CNY
0.839,0.844,0.828,0.829,78718091,516510.SH,2024-06-27,NA,NA,CNY
0.828,0.843,0.82,0.823,76378060,516510.SH,2024-06-28,NA,NA,CNY
0.82,0.829,0.808,0.826,68559100,516510.SH,2024-07-01,NA,NA,CNY
0.825,0.839,0.822,0.826,67772500,516510.SH,2024-07-02,NA,NA,CNY
0.826,0.826,0.808,0.81,59809100,516510.SH,2024-07-03,NA,NA,CNY
0.817,0.817,0.795,0.796,75002600,516510.SH,2024-07-04,NA,NA,CNY
0.793,0.806,0.788,0.802,68653525,516510.SH,2024-07-05,NA,NA,CNY
0.798,0.798,0.775,0.778,58460399,516510.SH,2024-07-08,NA,NA,CNY
0.774,0.801,0.772,0.8,88779969,516510.SH,2024-07-09,NA,NA,CNY
0.795,0.804,0.79,0.798,50468869,516510.SH,2024-07-10,NA,NA,CNY
0.81,0.812,0.798,0.808,84407900,516510.SH,2024-07-11,NA,NA,CNY
0.8,0.801,0.794,0.796,50070900,516510.SH,2024-07-12,NA,NA,CNY
0.793,0.793,0.78,0.784,56803100,516510.SH,2024-07-15,NA,NA,CNY
0.782,0.805,0.778,0.801,78562171,516510.SH,2024-07-16,NA,NA,CNY
0.799,0.811,0.794,0.795,65870400,516510.SH,2024-07-17,NA,NA,CNY
0.783,0.792,0.771,0.791,91545823,516510.SH,2024-07-18,NA,NA,CNY
0.786,0.806,0.783,0.8,77179000,516510.SH,2024-07-19,NA,NA,CNY
0.805,0.816,0.803,0.81,66490500,516510.SH,2024-07-22,NA,NA,CNY
0.813,0.813,0.788,0.789,54906467,516510.SH,2024-07-23,NA,NA,CNY
0.783,0.796,0.777,0.78,48856449,516510.SH,2024-07-24,NA,NA,CNY
0.772,0.783,0.767,0.774,52010000,516510.SH,2024-07-25,NA,NA,CNY
0.773,0.782,0.768,0.777,38982500,516510.SH,2024-07-26,NA,NA,CNY
0.778,0.785,0.773,0.777,37589300,516510.SH,2024-07-29,NA,NA,CNY
0.771,0.781,0.767,0.777,39984278,516510.SH,2024-07-30,NA,NA,CNY
0.773,0.809,0.773,0.809,70427100,516510.SH,2024-07-31,NA,NA,CNY
0.814,0.816,0.799,0.803,56593400,516510.SH,2024-08-01,NA,NA,CNY
0.79,0.801,0.78,0.782,47458200,516510.SH,2024-08-02,NA,NA,CNY
0.77,0.787,0.752,0.753,70583200,516510.SH,2024-08-05,NA,NA,CNY
0.763,0.771,0.754,0.763,50654400,516510.SH,2024-08-06,NA,NA,CNY
0.765,0.769,0.757,0.758,45788500,516510.SH,2024-08-07,NA,NA,CNY
0.752,0.76,0.741,0.752,46280700,516510.SH,2024-08-08,NA,NA,CNY
0.758,0.761,0.747,0.747,43824600,516510.SH,2024-08-09,NA,NA,CNY
0.744,0.747,0.736,0.74,40930300,516510.SH,2024-08-12,NA,NA,CNY
0.739,0.745,0.734,0.744,35357700,516510.SH,2024-08-13,NA,NA,CNY
0.747,0.748,0.738,0.738,33830100,516510.SH,2024-08-14,NA,NA,CNY
0.737,0.753,0.733,0.744,46394700,516510.SH,2024-08-15,NA,NA,CNY
0.747,0.751,0.743,0.744,33517200,516510.SH,2024-08-16,NA,NA,CNY
0.745,0.759,0.744,0.752,34301500,516510.SH,2024-08-19,NA,NA,CNY
0.754,0.754,0.734,0.736,43212500,516510.SH,2024-08-20,NA,NA,CNY
0.731,0.742,0.73,0.732,34535969,516510.SH,2024-08-21,NA,NA,CNY
0.731,0.741,0.718,0.719,44128000,516510.SH,2024-08-22,NA,NA,CNY
0.714,0.729,0.714,0.726,34940204,516510.SH,2024-08-23,NA,NA,CNY
0.728,0.729,0.719,0.723,26468900,516510.SH,2024-08-26,NA,NA,CNY
0.719,0.724,0.71,0.712,30418609,516510.SH,2024-08-27,NA,NA,CNY
0.71,0.717,0.704,0.714,37575800,516510.SH,2024-08-28,NA,NA,CNY
0.71,0.722,0.703,0.718,33116300,516510.SH,2024-08-29,NA,NA,CNY
0.717,0.745,0.717,0.737,85004200,516510.SH,2024-08-30,NA,NA,CNY
0.734,0.737,0.708,0.709,54789600,516510.SH,2024-09-02,NA,NA,CNY
0.71,0.722,0.709,0.721,45118500,516510.SH,2024-09-03,NA,NA,CNY
0.713,0.725,0.71,0.717,36310900,516510.SH,2024-09-04,NA,NA,CNY
0.717,0.734,0.717,0.725,42662500,516510.SH,2024-09-05,NA,NA,CNY
0.73,0.73,0.709,0.711,59682600,516510.SH,2024-09-06,NA,NA,CNY
0.705,0.713,0.703,0.708,40769700,516510.SH,2024-09-09,NA,NA,CNY
0.712,0.734,0.702,0.726,100378200,516510.SH,2024-09-10,NA,NA,CNY
0.726,0.732,0.722,0.73,72511300,516510.SH,2024-09-11,NA,NA,CNY
0.736,0.743,0.728,0.729,63260800,516510.SH,2024-09-12,NA,NA,CNY
0.729,0.735,0.727,0.728,42120700,516510.SH,2024-09-13,NA,NA,CNY
0.723,0.731,0.715,0.726,41070600,516510.SH,2024-09-18,NA,NA,CNY
0.728,0.742,0.718,0.738,51216300,516510.SH,2024-09-19,NA,NA,CNY
0.738,0.747,0.737,0.742,61030100,516510.SH,2024-09-20,NA,NA,CNY
0.743,0.755,0.742,0.743,42269600,516510.SH,2024-09-23,NA,NA,CNY
0.749,0.774,0.735,0.773,86360500,516510.SH,2024-09-24,NA,NA,CNY
0.78,0.799,0.776,0.777,71777269,516510.SH,2024-09-25,NA,NA,CNY
0.776,0.811,0.773,0.81,78047360,516510.SH,2024-09-26,NA,NA,CNY
0.82,0.869,0.82,0.866,66018700,516510.SH,2024-09-27,NA,NA,CNY
0.908,0.953,0.908,0.953,129623405,516510.SH,2024-09-30,NA,NA,CNY
1.048,1.048,1.048,1.048,43268705,516510.SH,2024-10-08,NA,NA,CNY
1.079,1.144,1.029,1.058,381790227,516510.SH,2024-10-09,NA,NA,CNY
1.061,1.09,1.01,1.017,222447509,516510.SH,2024-10-10,NA,NA,CNY
0.996,1.008,0.961,0.98,124070534,516510.SH,2024-10-11,NA,NA,CNY
0.967,1.03,0.951,1.028,106597443,516510.SH,2024-10-14,NA,NA,CNY
1.027,1.064,1.007,1.007,121680831,516510.SH,2024-10-15,NA,NA,CNY
0.975,1.015,0.974,0.997,83198943,516510.SH,2024-10-16,NA,NA,CNY
1.013,1.042,1.007,1.018,90698200,516510.SH,2024-10-17,NA,NA,CNY
1.008,1.117,1.001,1.073,149591979,516510.SH,2024-10-18,NA,NA,CNY
1.094,1.114,1.065,1.091,120572950,516510.SH,2024-10-21,NA,NA,CNY
1.085,1.09,1.058,1.073,84162573,516510.SH,2024-10-22,NA,NA,CNY
1.075,1.088,1.053,1.065,103908400,516510.SH,2024-10-23,NA,NA,CNY
1.055,1.064,1.045,1.057,62650700,516510.SH,2024-10-24,NA,NA,CNY
1.057,1.075,1.052,1.063,82952400,516510.SH,2024-10-25,NA,NA,CNY
1.062,1.072,1.051,1.071,97699111,516510.SH,2024-10-28,NA,NA,CNY
1.071,1.097,1.058,1.073,111247879,516510.SH,2024-10-29,NA,NA,CNY
1.067,1.093,1.062,1.09,92262000,516510.SH,2024-10-30,NA,NA,CNY
1.093,1.121,1.076,1.099,92771918,516510.SH,2024-10-31,NA,NA,CNY
1.098,1.099,1.049,1.05,92324424,516510.SH,2024-11-01,NA,NA,CNY
1.048,1.073,1.033,1.072,51443300,516510.SH,2024-11-04,NA,NA,CNY
1.072,1.14,1.069,1.134,86217200,516510.SH,2024-11-05,NA,NA,CNY
1.133,1.159,1.124,1.138,131955600,516510.SH,2024-11-06,NA,NA,CNY
1.113,1.175,1.113,1.173,91670200,516510.SH,2024-11-07,NA,NA,CNY
1.187,1.232,1.187,1.2,91947882,516510.SH,2024-11-08,NA,NA,CNY
1.198,1.275,1.196,1.27,100002100,516510.SH,2024-11-11,NA,NA,CNY
1.296,1.296,1.221,1.238,94556300,516510.SH,2024-11-12,NA,NA,CNY
1.224,1.271,1.224,1.27,133913790,516510.SH,2024-11-13,NA,NA,CNY
1.265,1.265,1.203,1.209,99853190,516510.SH,2024-11-14,NA,NA,CNY
1.203,1.23,1.167,1.172,93799130,516510.SH,2024-11-15,NA,NA,CNY
1.167,1.177,1.09,1.103,128440700,516510.SH,2024-11-18,NA,NA,CNY
1.104,1.136,1.08,1.133,105584090,516510.SH,2024-11-19,NA,NA,CNY
1.126,1.174,1.121,1.157,109614600,516510.SH,2024-11-20,NA,NA,CNY
1.156,1.179,1.14,1.164,86480380,516510.SH,2024-11-21,NA,NA,CNY
1.161,1.185,1.119,1.122,84072600,516510.SH,2024-11-22,NA,NA,CNY
1.122,1.133,1.08,1.111,98329000,516510.SH,2024-11-25,NA,NA,CNY
1.108,1.118,1.088,1.089,60948300,516510.SH,2024-11-26,NA,NA,CNY
1.088,1.124,1.065,1.122,99077075,516510.SH,2024-11-27,NA,NA,CNY
1.122,1.143,1.111,1.114,78046152,516510.SH,2024-11-28,NA,NA,CNY
1.106,1.159,1.106,1.147,94004600,516510.SH,2024-11-29,NA,NA,CNY
1.15,1.169,1.14,1.162,64131160,516510.SH,2024-12-02,NA,NA,CNY
1.161,1.161,1.128,1.14,80469012,516510.SH,2024-12-03,NA,NA,CNY
1.14,1.146,1.121,1.128,78452000,516510.SH,2024-12-04,NA,NA,CNY
1.123,1.155,1.123,1.149,61785100,516510.SH,2024-12-05,NA,NA,CNY
1.156,1.173,1.138,1.156,78047500,516510.SH,2024-12-06,NA,NA,CNY
1.153,1.171,1.133,1.146,56950000,516510.SH,2024-12-09,NA,NA,CNY
1.186,1.2,1.158,1.16,123394300,516510.SH,2024-12-10,NA,NA,CNY
1.156,1.171,1.149,1.167,83850000,516510.SH,2024-12-11,NA,NA,CNY
1.167,1.176,1.152,1.175,65899800,516510.SH,2024-12-12,NA,NA,CNY
1.16,1.173,1.149,1.151,56703300,516510.SH,2024-12-13,NA,NA,CNY
1.153,1.157,1.129,1.134,51688500,516510.SH,2024-12-16,NA,NA,CNY
1.131,1.145,1.118,1.12,45369900,516510.SH,2024-12-17,NA,NA,CNY
1.12,1.141,1.107,1.132,45203300,516510.SH,2024-12-18,NA,NA,CNY
1.117,1.174,1.111,1.172,69932200,516510.SH,2024-12-19,NA,NA,CNY
1.168,1.189,1.153,1.172,87918200,516510.SH,2024-12-20,NA,NA,CNY
1.167,1.179,1.138,1.143,67688300,516510.SH,2024-12-23,NA,NA,CNY
1.147,1.149,1.124,1.144,70432100,516510.SH,2024-12-24,NA,NA,CNY
1.145,1.147,1.126,1.133,62363300,516510.SH,2024-12-25,NA,NA,CNY
1.13,1.169,1.128,1.163,90184900,516510.SH,2024-12-26,NA,NA,CNY
1.163,1.178,1.144,1.147,73488910,516510.SH,2024-12-27,NA,NA,CNY
1.154,1.16,1.135,1.145,50647200,516510.SH,2024-12-30,NA,NA,CNY
1.144,1.149,1.103,1.103,64100056,516510.SH,2024-12-31,NA,NA,CNY
1.103,1.104,1.039,1.052,80051700,516510.SH,2025-01-02,NA,NA,CNY
1.058,1.058,1.007,1.009,127092900,516510.SH,2025-01-03,NA,NA,CNY
1.007,1.025,0.994,1.002,59538820,516510.SH,2025-01-06,NA,NA,CNY
1.007,1.029,1.003,1.029,63363800,516510.SH,2025-01-07,NA,NA,CNY
1.02,1.027,0.984,1.018,83455600,516510.SH,2025-01-08,NA,NA,CNY
1.007,1.034,1.007,1.024,49851700,516510.SH,2025-01-09,NA,NA,CNY
1.019,1.028,0.99,0.993,70047900,516510.SH,2025-01-10,NA,NA,CNY
0.974,1.006,0.974,0.996,57809312,516510.SH,2025-01-13,NA,NA,CNY
1.002,1.055,0.996,1.053,78414400,516510.SH,2025-01-14,NA,NA,CNY
1.053,1.055,1.04,1.043,45688300,516510.SH,2025-01-15,NA,NA,CNY
1.054,1.079,1.042,1.054,66836100,516510.SH,2025-01-16,NA,NA,CNY
1.045,1.066,1.043,1.055,59029200,516510.SH,2025-01-17,NA,NA,CNY
1.065,1.074,1.055,1.063,53904391,516510.SH,2025-01-20,NA,NA,CNY
1.073,1.079,1.06,1.076,62304610,516510.SH,2025-01-21,NA,NA,CNY
1.071,1.091,1.071,1.083,84434104,516510.SH,2025-01-22,NA,NA,CNY
1.092,1.116,1.074,1.074,81827700,516510.SH,2025-01-23,NA,NA,CNY
1.07,1.115,1.069,1.114,79939859,516510.SH,2025-01-24,NA,NA,CNY
1.137,1.137,1.087,1.087,75275000,516510.SH,2025-01-27,NA,NA,CNY
1.124,1.17,1.112,1.153,186967659,516510.SH,2025-02-05,NA,NA,CNY
1.151,1.187,1.14,1.185,122937000,516510.SH,2025-02-06,NA,NA,CNY
1.19,1.259,1.186,1.232,247465160,516510.SH,2025-02-07,NA,NA,CNY
1.244,1.272,1.244,1.269,326722660,516510.SH,2025-02-10,NA,NA,CNY
1.263,1.281,1.243,1.253,242992100,516510.SH,2025-02-11,NA,NA,CNY
1.246,1.294,1.245,1.293,254927921,516510.SH,2025-02-12,NA,NA,CNY
1.29,1.291,1.258,1.266,295249900,516510.SH,2025-02-13,NA,NA,CNY
1.261,1.33,1.26,1.329,332449000,516510.SH,2025-02-14,NA,NA,CNY
1.367,1.384,1.331,1.35,359435700,516510.SH,2025-02-17,NA,NA,CNY
1.337,1.35,1.291,1.298,326354800,516510.SH,2025-02-18,NA,NA,CNY
1.305,1.328,1.286,1.328,404637900,516510.SH,2025-02-19,NA,NA,CNY
1.321,1.332,1.3,1.326,248448100,516510.SH,2025-02-20,NA,NA,CNY
1.349,1.428,1.332,1.425,672484491,516510.SH,2025-02-21,NA,NA,CNY
1.423,1.435,1.391,1.408,447925003,516510.SH,2025-02-24,NA,NA,CNY
1.36,1.416,1.358,1.383,527863700,516510.SH,2025-02-25,NA,NA,CNY
1.383,1.389,1.358,1.386,435091276,516510.SH,2025-02-26,NA,NA,CNY
1.387,1.39,1.323,1.345,571127473,516510.SH,2025-02-27,NA,NA,CNY
1.331,1.332,1.255,1.26,485800227,516510.SH,2025-02-28,NA,NA,CNY
1.269,1.288,1.243,1.266,349549083,516510.SH,2025-03-03,NA,NA,CNY
1.245,1.283,1.243,1.28,268356541,516510.SH,2025-03-04,NA,NA,CNY
1.285,1.304,1.27,1.303,274164407,516510.SH,2025-03-05,NA,NA,CNY
1.321,1.373,1.32,1.368,516520856,516510.SH,2025-03-06,NA,NA,CNY
1.367,1.369,1.327,1.339,492338600,516510.SH,2025-03-07,NA,NA,CNY
1.337,1.337,1.299,1.313,392766200,516510.SH,2025-03-10,NA,NA,CNY
1.29,1.317,1.286,1.315,250744400,516510.SH,2025-03-11,NA,NA,CNY
1.327,1.346,1.319,1.32,399210200,516510.SH,2025-03-12,NA,NA,CNY
1.316,1.319,1.275,1.29,436747053,516510.SH,2025-03-13,NA,NA,CNY
1.282,1.313,1.272,1.312,308724059,516510.SH,2025-03-14,NA,NA,CNY
1.313,1.315,1.3,1.303,184497600,516510.SH,2025-03-17,NA,NA,CNY
1.313,1.325,1.302,1.313,262922500,516510.SH,2025-03-18,NA,NA,CNY
1.311,1.311,1.28,1.285,275950241,516510.SH,2025-03-19,NA,NA,CNY
1.278,1.29,1.264,1.268,295058500,516510.SH,2025-03-20,NA,NA,CNY
1.258,1.26,1.22,1.222,327444300,516510.SH,2025-03-21,NA,NA,CNY
1.22,1.228,1.186,1.213,280695509,516510.SH,2025-03-24,NA,NA,CNY
1.213,1.218,1.183,1.187,240041400,516510.SH,2025-03-25,NA,NA,CNY
1.185,1.199,1.182,1.185,196807300,516510.SH,2025-03-26,NA,NA,CNY
1.182,1.197,1.171,1.18,245073600,516510.SH,2025-03-27,NA,NA,CNY
1.182,1.194,1.175,1.177,177194600,516510.SH,2025-03-28,NA,NA,CNY
1.164,1.183,1.145,1.181,340326300,516510.SH,2025-03-31,NA,NA,CNY
1.183,1.187,1.168,1.169,255698600,516510.SH,2025-04-01,NA,NA,CNY
1.168,1.185,1.166,1.177,214542600,516510.SH,2025-04-02,NA,NA,CNY
1.161,1.182,1.153,1.162,179575900,516510.SH,2025-04-03,NA,NA,CNY
1.068,1.103,1.046,1.046,310423700,516510.SH,2025-04-07,NA,NA,CNY
1.027,1.047,0.992,1.024,307416724,516510.SH,2025-04-08,NA,NA,CNY
1.002,1.068,0.981,1.059,249931838,516510.SH,2025-04-09,NA,NA,CNY
1.089,1.112,1.079,1.08,257597700,516510.SH,2025-04-10,NA,NA,CNY
1.069,1.106,1.068,1.092,209150500,516510.SH,2025-04-11,NA,NA,CNY
1.111,1.116,1.096,1.1,171464100,516510.SH,2025-04-14,NA,NA,CNY
1.095,1.101,1.081,1.09,120673300,516510.SH,2025-04-15,NA,NA,CNY
1.085,1.087,1.062,1.074,116310900,516510.SH,2025-04-16,NA,NA,CNY
1.067,1.097,1.065,1.082,127601125,516510.SH,2025-04-17,NA,NA,CNY
1.078,1.089,1.074,1.081,113020000,516510.SH,2025-04-18,NA,NA,CNY
1.083,1.11,1.072,1.11,152655000,516510.SH,2025-04-21,NA,NA,CNY
1.11,1.11,1.09,1.092,288249500,516510.SH,2025-04-22,NA,NA,CNY
1.101,1.116,1.095,1.106,173731679,516510.SH,2025-04-23,NA,NA,CNY
1.101,1.101,1.074,1.076,292420800,516510.SH,2025-04-24,NA,NA,CNY
1.081,1.102,1.081,1.093,333526600,516510.SH,2025-04-25,NA,NA,CNY
1.094,1.103,1.085,1.088,140179400,516510.SH,2025-04-28,NA,NA,CNY
1.081,1.097,1.073,1.093,95467900,516510.SH,2025-04-29,NA,NA,CNY
1.097,1.124,1.092,1.122,225255800,516510.SH,2025-04-30,NA,NA,CNY
1.139,1.164,1.136,1.161,227611400,516510.SH,2025-05-06,NA,NA,CNY
1.181,1.184,1.138,1.153,256843975,516510.SH,2025-05-07,NA,NA,CNY
1.148,1.17,1.145,1.167,155258700,516510.SH,2025-05-08,NA,NA,CNY
1.163,1.163,1.143,1.143,340678200,516510.SH,2025-05-09,NA,NA,CNY
1.154,1.162,1.149,1.162,184354300,516510.SH,2025-05-12,NA,NA,CNY
1.172,1.174,1.153,1.155,186841200,516510.SH,2025-05-13,NA,NA,CNY
1.159,1.172,1.15,1.165,282157600,516510.SH,2025-05-14,NA,NA,CNY
1.163,1.163,1.123,1.124,291029299,516510.SH,2025-05-15,NA,NA,CNY
1.116,1.13,1.115,1.123,99337900,516510.SH,2025-05-16,NA,NA,CNY
1.121,1.122,1.105,1.12,121563551,516510.SH,2025-05-19,NA,NA,CNY
1.119,1.128,1.11,1.12,172647206,516510.SH,2025-05-20,NA,NA,CNY
1.121,1.123,1.111,1.114,101118260,516510.SH,2025-05-21,NA,NA,CNY
1.11,1.119,1.102,1.104,96426700,516510.SH,2025-05-22,NA,NA,CNY
1.103,1.11,1.082,1.084,169887743,516510.SH,2025-05-23,NA,NA,CNY
1.091,1.104,1.09,1.102,235700053,516510.SH,2025-05-26,NA,NA,CNY
1.099,1.1,1.085,1.09,147198895,516510.SH,2025-05-27,NA,NA,CNY
1.091,1.098,1.081,1.085,101228800,516510.SH,2025-05-28,NA,NA,CNY
1.088,1.115,1.087,1.114,257008685,516510.SH,2025-05-29,NA,NA,CNY
1.11,1.11,1.093,1.096,125280085,516510.SH,2025-05-30,NA,NA,CNY
0.741,0.761,0.741,0.76,1022400,562500.SH,2022-06-06,NA,NA,CNY
0.76,0.768,0.749,0.755,2468300,562500.SH,2022-06-07,NA,NA,CNY
0.737,0.762,0.737,0.752,1439600,562500.SH,2022-06-08,NA,NA,CNY
0.75,0.758,0.735,0.74,1188200,562500.SH,2022-06-09,NA,NA,CNY
0.755,0.756,0.738,0.756,2304200,562500.SH,2022-06-10,NA,NA,CNY
0.756,0.77,0.74,0.768,2153000,562500.SH,2022-06-13,NA,NA,CNY
0.768,0.77,0.736,0.768,2618700,562500.SH,2022-06-14,NA,NA,CNY
0.768,0.77,0.756,0.756,1561800,562500.SH,2022-06-15,NA,NA,CNY
0.756,0.767,0.756,0.76,2795000,562500.SH,2022-06-16,NA,NA,CNY
0.76,0.773,0.754,0.772,2303500,562500.SH,2022-06-17,NA,NA,CNY
0.773,0.79,0.773,0.79,1764800,562500.SH,2022-06-20,NA,NA,CNY
0.798,0.81,0.787,0.796,4341400,562500.SH,2022-06-21,NA,NA,CNY
0.799,0.81,0.781,0.781,5087500,562500.SH,2022-06-22,NA,NA,CNY
0.781,0.808,0.78,0.806,2852900,562500.SH,2022-06-23,NA,NA,CNY
0.811,0.82,0.807,0.819,2096800,562500.SH,2022-06-24,NA,NA,CNY
0.83,0.838,0.815,0.83,6706900,562500.SH,2022-06-27,NA,NA,CNY
0.831,0.851,0.824,0.851,4900800,562500.SH,2022-06-28,NA,NA,CNY
0.878,0.878,0.816,0.822,12599100,562500.SH,2022-06-29,NA,NA,CNY
0.82,0.83,0.813,0.82,10260700,562500.SH,2022-06-30,NA,NA,CNY
0.819,0.823,0.813,0.819,5262900,562500.SH,2022-07-01,NA,NA,CNY
0.815,0.825,0.812,0.822,4718700,562500.SH,2022-07-04,NA,NA,CNY
0.826,0.828,0.804,0.818,5386300,562500.SH,2022-07-05,NA,NA,CNY
0.814,0.825,0.802,0.816,4665600,562500.SH,2022-07-06,NA,NA,CNY
0.82,0.825,0.811,0.82,3853700,562500.SH,2022-07-07,NA,NA,CNY
0.824,0.827,0.818,0.819,4058400,562500.SH,2022-07-08,NA,NA,CNY
0.822,0.823,0.799,0.805,2620500,562500.SH,2022-07-11,NA,NA,CNY
0.801,0.808,0.785,0.785,2492400,562500.SH,2022-07-12,NA,NA,CNY
0.781,0.8,0.781,0.799,4326000,562500.SH,2022-07-13,NA,NA,CNY
0.799,0.82,0.799,0.815,6199200,562500.SH,2022-07-14,NA,NA,CNY
0.811,0.82,0.802,0.802,3913200,562500.SH,2022-07-15,NA,NA,CNY
0.803,0.822,0.768,0.822,4425100,562500.SH,2022-07-18,NA,NA,CNY
0.82,0.82,0.81,0.817,2540900,562500.SH,2022-07-19,NA,NA,CNY
0.817,0.838,0.817,0.838,5842000,562500.SH,2022-07-20,NA,NA,CNY
0.837,0.845,0.83,0.835,6703100,562500.SH,2022-07-21,NA,NA,CNY
0.839,0.849,0.824,0.834,5688600,562500.SH,2022-07-22,NA,NA,CNY
0.833,0.841,0.818,0.822,5047300,562500.SH,2022-07-25,NA,NA,CNY
0.818,0.827,0.809,0.826,3782100,562500.SH,2022-07-26,NA,NA,CNY
0.822,0.853,0.822,0.852,8970000,562500.SH,2022-07-27,NA,NA,CNY
0.858,0.868,0.856,0.862,11145500,562500.SH,2022-07-28,NA,NA,CNY
0.866,0.873,0.857,0.86,10607000,562500.SH,2022-07-29,NA,NA,CNY
0.85,0.878,0.842,0.878,9029400,562500.SH,2022-08-01,NA,NA,CNY
0.884,0.884,0.842,0.863,15525200,562500.SH,2022-08-02,NA,NA,CNY
0.855,0.877,0.837,0.841,9167200,562500.SH,2022-08-03,NA,NA,CNY
0.837,0.851,0.828,0.845,7925300,562500.SH,2022-08-04,NA,NA,CNY
0.85,0.853,0.831,0.846,9226400,562500.SH,2022-08-05,NA,NA,CNY
0.852,0.852,0.832,0.849,8023100,562500.SH,2022-08-08,NA,NA,CNY
0.86,0.86,0.846,0.851,6372700,562500.SH,2022-08-09,NA,NA,CNY
0.854,0.855,0.844,0.852,6829600,562500.SH,2022-08-10,NA,NA,CNY
0.856,0.858,0.844,0.855,6651600,562500.SH,2022-08-11,NA,NA,CNY
0.856,0.87,0.846,0.848,12662500,562500.SH,2022-08-12,NA,NA,CNY
0.837,0.857,0.837,0.855,10711300,562500.SH,2022-08-15,NA,NA,CNY
0.855,0.864,0.849,0.862,8123700,562500.SH,2022-08-16,NA,NA,CNY
0.864,0.868,0.859,0.867,8469800,562500.SH,2022-08-17,NA,NA,CNY
0.867,0.877,0.86,0.876,10404200,562500.SH,2022-08-18,NA,NA,CNY
0.877,0.877,0.848,0.85,15121500,562500.SH,2022-08-19,NA,NA,CNY
0.851,0.851,0.839,0.848,5416900,562500.SH,2022-08-22,NA,NA,CNY
0.85,0.861,0.844,0.855,6770200,562500.SH,2022-08-23,NA,NA,CNY
0.856,0.859,0.815,0.822,11887700,562500.SH,2022-08-24,NA,NA,CNY
0.822,0.825,0.793,0.799,19511400,562500.SH,2022-08-25,NA,NA,CNY
0.803,0.808,0.79,0.793,4826600,562500.SH,2022-08-26,NA,NA,CNY
0.794,0.795,0.78,0.792,5446300,562500.SH,2022-08-29,NA,NA,CNY
0.792,0.799,0.785,0.788,5367500,562500.SH,2022-08-30,NA,NA,CNY
0.785,0.788,0.764,0.765,6800000,562500.SH,2022-08-31,NA,NA,CNY
0.762,0.774,0.755,0.756,4080100,562500.SH,2022-09-01,NA,NA,CNY
0.756,0.765,0.75,0.757,6539700,562500.SH,2022-09-02,NA,NA,CNY
0.758,0.763,0.751,0.754,5560900,562500.SH,2022-09-05,NA,NA,CNY
0.754,0.767,0.751,0.765,6089200,562500.SH,2022-09-06,NA,NA,CNY
0.779,0.782,0.759,0.778,5919600,562500.SH,2022-09-07,NA,NA,CNY
0.779,0.779,0.763,0.769,11306600,562500.SH,2022-09-08,NA,NA,CNY
0.769,0.769,0.76,0.768,5970000,562500.SH,2022-09-09,NA,NA,CNY
0.769,0.778,0.768,0.771,12052800,562500.SH,2022-09-13,NA,NA,CNY
0.767,0.767,0.752,0.757,20691600,562500.SH,2022-09-14,NA,NA,CNY
0.759,0.762,0.721,0.73,27784300,562500.SH,2022-09-15,NA,NA,CNY
0.728,0.735,0.719,0.721,25995700,562500.SH,2022-09-16,NA,NA,CNY
0.723,0.728,0.713,0.717,27980300,562500.SH,2022-09-19,NA,NA,CNY
0.713,0.731,0.713,0.728,34262500,562500.SH,2022-09-20,NA,NA,CNY
0.729,0.729,0.716,0.724,41594900,562500.SH,2022-09-21,NA,NA,CNY
0.728,0.74,0.714,0.722,31662200,562500.SH,2022-09-22,NA,NA,CNY
0.722,0.726,0.701,0.708,34101300,562500.SH,2022-09-23,NA,NA,CNY
0.707,0.717,0.699,0.706,35344200,562500.SH,2022-09-26,NA,NA,CNY
0.71,0.716,0.703,0.715,38129800,562500.SH,2022-09-27,NA,NA,CNY
0.716,0.716,0.694,0.695,35775300,562500.SH,2022-09-28,NA,NA,CNY
0.698,0.708,0.698,0.701,40208400,562500.SH,2022-09-29,NA,NA,CNY
0.701,0.701,0.686,0.688,38474300,562500.SH,2022-09-30,NA,NA,CNY
0.684,0.686,0.663,0.665,29827000,562500.SH,2022-10-10,NA,NA,CNY
0.665,0.678,0.664,0.674,32545800,562500.SH,2022-10-11,NA,NA,CNY
0.673,0.706,0.669,0.705,44201500,562500.SH,2022-10-12,NA,NA,CNY
0.706,0.711,0.697,0.706,44530900,562500.SH,2022-10-13,NA,NA,CNY
0.707,0.725,0.707,0.722,35860600,562500.SH,2022-10-14,NA,NA,CNY
0.722,0.741,0.713,0.741,36114400,562500.SH,2022-10-17,NA,NA,CNY
0.741,0.748,0.734,0.738,36125100,562500.SH,2022-10-18,NA,NA,CNY
0.746,0.747,0.734,0.735,30629300,562500.SH,2022-10-19,NA,NA,CNY
0.735,0.738,0.716,0.729,29397600,562500.SH,2022-10-20,NA,NA,CNY
0.731,0.734,0.721,0.73,30785900,562500.SH,2022-10-21,NA,NA,CNY
0.73,0.745,0.726,0.732,33151100,562500.SH,2022-10-24,NA,NA,CNY
0.732,0.739,0.715,0.733,31576400,562500.SH,2022-10-25,NA,NA,CNY
0.735,0.749,0.727,0.746,31487800,562500.SH,2022-10-26,NA,NA,CNY
0.74,0.757,0.738,0.74,40724100,562500.SH,2022-10-27,NA,NA,CNY
0.738,0.738,0.706,0.711,37423900,562500.SH,2022-10-28,NA,NA,CNY
0.7,0.722,0.699,0.712,40725000,562500.SH,2022-10-31,NA,NA,CNY
0.716,0.734,0.711,0.734,47059100,562500.SH,2022-11-01,NA,NA,CNY
0.726,0.752,0.726,0.748,30459700,562500.SH,2022-11-02,NA,NA,CNY
0.747,0.751,0.739,0.748,29604600,562500.SH,2022-11-03,NA,NA,CNY
0.749,0.764,0.749,0.761,37275600,562500.SH,2022-11-04,NA,NA,CNY
0.762,0.766,0.749,0.754,29326000,562500.SH,2022-11-07,NA,NA,CNY
0.753,0.753,0.745,0.751,30800000,562500.SH,2022-11-08,NA,NA,CNY
0.748,0.755,0.741,0.747,29815100,562500.SH,2022-11-09,NA,NA,CNY
0.744,0.744,0.727,0.732,27852000,562500.SH,2022-11-10,NA,NA,CNY
0.754,0.754,0.741,0.745,27178900,562500.SH,2022-11-11,NA,NA,CNY
0.746,0.749,0.731,0.734,32389800,562500.SH,2022-11-14,NA,NA,CNY
0.734,0.757,0.732,0.757,32068700,562500.SH,2022-11-15,NA,NA,CNY
0.755,0.759,0.747,0.749,27931700,562500.SH,2022-11-16,NA,NA,CNY
0.74,0.747,0.734,0.747,29451000,562500.SH,2022-11-17,NA,NA,CNY
0.747,0.758,0.744,0.749,41178000,562500.SH,2022-11-18,NA,NA,CNY
0.753,0.754,0.74,0.754,33912900,562500.SH,2022-11-21,NA,NA,CNY
0.751,0.754,0.736,0.738,34743200,562500.SH,2022-11-22,NA,NA,CNY
0.735,0.74,0.723,0.737,24930100,562500.SH,2022-11-23,NA,NA,CNY
0.737,0.741,0.728,0.731,25621300,562500.SH,2022-11-24,NA,NA,CNY
0.727,0.727,0.718,0.72,29387400,562500.SH,2022-11-25,NA,NA,CNY
0.719,0.719,0.707,0.715,25786100,562500.SH,2022-11-28,NA,NA,CNY
0.714,0.725,0.714,0.724,29652500,562500.SH,2022-11-29,NA,NA,CNY
0.725,0.726,0.718,0.721,28496800,562500.SH,2022-11-30,NA,NA,CNY
0.745,0.745,0.728,0.729,34496600,562500.SH,2022-12-01,NA,NA,CNY
0.729,0.739,0.725,0.731,22167000,562500.SH,2022-12-02,NA,NA,CNY
0.733,0.738,0.73,0.738,27278400,562500.SH,2022-12-05,NA,NA,CNY
0.737,0.744,0.732,0.738,24502200,562500.SH,2022-12-06,NA,NA,CNY
0.731,0.744,0.731,0.737,22455800,562500.SH,2022-12-07,NA,NA,CNY
0.735,0.737,0.728,0.735,29559900,562500.SH,2022-12-08,NA,NA,CNY
0.733,0.733,0.723,0.729,29726100,562500.SH,2022-12-09,NA,NA,CNY
0.728,0.733,0.721,0.73,30330400,562500.SH,2022-12-12,NA,NA,CNY
0.73,0.73,0.714,0.715,28400700,562500.SH,2022-12-13,NA,NA,CNY
0.717,0.723,0.715,0.717,25568200,562500.SH,2022-12-14,NA,NA,CNY
0.717,0.726,0.717,0.724,25582300,562500.SH,2022-12-15,NA,NA,CNY
0.723,0.723,0.711,0.715,34826800,562500.SH,2022-12-16,NA,NA,CNY
0.715,0.718,0.703,0.705,34868100,562500.SH,2022-12-19,NA,NA,CNY
0.715,0.715,0.699,0.703,31591100,562500.SH,2022-12-20,NA,NA,CNY
0.703,0.703,0.689,0.692,35120700,562500.SH,2022-12-21,NA,NA,CNY
0.695,0.697,0.685,0.688,35537800,562500.SH,2022-12-22,NA,NA,CNY
0.684,0.689,0.676,0.68,34166900,562500.SH,2022-12-23,NA,NA,CNY
0.692,0.7,0.682,0.699,28277200,562500.SH,2022-12-26,NA,NA,CNY
0.699,0.704,0.696,0.703,27322200,562500.SH,2022-12-27,NA,NA,CNY
0.7,0.7,0.691,0.693,23928600,562500.SH,2022-12-28,NA,NA,CNY
0.69,0.699,0.688,0.692,28579500,562500.SH,2022-12-29,NA,NA,CNY
0.693,0.695,0.687,0.687,33855400,562500.SH,2022-12-30,NA,NA,CNY
0.689,0.708,0.686,0.707,27148300,562500.SH,2023-01-03,NA,NA,CNY
0.705,0.707,0.694,0.7,27128500,562500.SH,2023-01-04,NA,NA,CNY
0.698,0.71,0.698,0.709,18636300,562500.SH,2023-01-05,NA,NA,CNY
0.707,0.714,0.705,0.709,25514500,562500.SH,2023-01-06,NA,NA,CNY
0.709,0.721,0.709,0.717,30112900,562500.SH,2023-01-09,NA,NA,CNY
0.718,0.719,0.71,0.718,31961300,562500.SH,2023-01-10,NA,NA,CNY
0.719,0.719,0.705,0.708,30193400,562500.SH,2023-01-11,NA,NA,CNY
0.712,0.718,0.709,0.714,27219600,562500.SH,2023-01-12,NA,NA,CNY
0.718,0.719,0.71,0.717,28710400,562500.SH,2023-01-13,NA,NA,CNY
0.717,0.736,0.717,0.729,32644000,562500.SH,2023-01-16,NA,NA,CNY
0.73,0.74,0.73,0.735,30878500,562500.SH,2023-01-17,NA,NA,CNY
0.737,0.739,0.733,0.737,31822100,562500.SH,2023-01-18,NA,NA,CNY
0.739,0.752,0.734,0.751,36147500,562500.SH,2023-01-19,NA,NA,CNY
0.78,0.78,0.756,0.76,52407500,562500.SH,2023-01-20,NA,NA,CNY
0.77,0.783,0.769,0.778,42306000,562500.SH,2023-01-30,NA,NA,CNY
0.778,0.786,0.772,0.78,35428000,562500.SH,2023-01-31,NA,NA,CNY
0.776,0.797,0.765,0.797,44070900,562500.SH,2023-02-01,NA,NA,CNY
0.799,0.808,0.795,0.795,37188400,562500.SH,2023-02-02,NA,NA,CNY
0.795,0.801,0.785,0.799,41276100,562500.SH,2023-02-03,NA,NA,CNY
0.799,0.805,0.789,0.803,47089900,562500.SH,2023-02-06,NA,NA,CNY
0.801,0.821,0.796,0.818,41038900,562500.SH,2023-02-07,NA,NA,CNY
0.82,0.82,0.808,0.809,38796300,562500.SH,2023-02-08,NA,NA,CNY
0.801,0.825,0.8,0.821,103678700,562500.SH,2023-02-09,NA,NA,CNY
0.816,0.831,0.815,0.818,46518500,562500.SH,2023-02-10,NA,NA,CNY
0.813,0.824,0.812,0.824,37115800,562500.SH,2023-02-13,NA,NA,CNY
0.824,0.829,0.815,0.822,34314300,562500.SH,2023-02-14,NA,NA,CNY
0.817,0.828,0.817,0.828,42194900,562500.SH,2023-02-15,NA,NA,CNY
0.828,0.828,0.8,0.805,51165800,562500.SH,2023-02-16,NA,NA,CNY
0.804,0.808,0.79,0.791,45212300,562500.SH,2023-02-17,NA,NA,CNY
0.791,0.81,0.789,0.81,42339400,562500.SH,2023-02-20,NA,NA,CNY
0.808,0.818,0.804,0.813,34683700,562500.SH,2023-02-21,NA,NA,CNY
0.812,0.815,0.806,0.811,28212800,562500.SH,2023-02-22,NA,NA,CNY
0.812,0.815,0.803,0.808,30699200,562500.SH,2023-02-23,NA,NA,CNY
0.81,0.812,0.802,0.808,25965600,562500.SH,2023-02-24,NA,NA,CNY
0.806,0.809,0.797,0.799,32437600,562500.SH,2023-02-27,NA,NA,CNY
0.8,0.81,0.798,0.809,32833600,562500.SH,2023-02-28,NA,NA,CNY
0.81,0.822,0.806,0.822,46481700,562500.SH,2023-03-01,NA,NA,CNY
0.828,0.835,0.821,0.823,41073100,562500.SH,2023-03-02,NA,NA,CNY
0.818,0.827,0.812,0.819,34132600,562500.SH,2023-03-03,NA,NA,CNY
0.818,0.819,0.808,0.814,31707300,562500.SH,2023-03-06,NA,NA,CNY
0.818,0.818,0.792,0.794,37259200,562500.SH,2023-03-07,NA,NA,CNY
0.789,0.796,0.785,0.796,26492600,562500.SH,2023-03-08,NA,NA,CNY
0.793,0.798,0.791,0.794,21171400,562500.SH,2023-03-09,NA,NA,CNY
0.79,0.793,0.784,0.784,28705400,562500.SH,2023-03-10,NA,NA,CNY
0.781,0.797,0.781,0.796,25611600,562500.SH,2023-03-13,NA,NA,CNY
0.797,0.797,0.776,0.786,31978000,562500.SH,2023-03-14,NA,NA,CNY
0.788,0.799,0.788,0.79,24814700,562500.SH,2023-03-15,NA,NA,CNY
0.787,0.787,0.775,0.777,31033285,562500.SH,2023-03-16,NA,NA,CNY
0.777,0.797,0.777,0.791,30639200,562500.SH,2023-03-17,NA,NA,CNY
0.798,0.798,0.784,0.787,23499800,562500.SH,2023-03-20,NA,NA,CNY
0.784,0.796,0.784,0.796,22481900,562500.SH,2023-03-21,NA,NA,CNY
0.801,0.801,0.794,0.8,35168600,562500.SH,2023-03-22,NA,NA,CNY
0.795,0.818,0.795,0.817,37850700,562500.SH,2023-03-23,NA,NA,CNY
0.817,0.836,0.814,0.836,48514400,562500.SH,2023-03-24,NA,NA,CNY
0.842,0.85,0.831,0.844,55411700,562500.SH,2023-03-27,NA,NA,CNY
0.848,0.85,0.828,0.829,46706200,562500.SH,2023-03-28,NA,NA,CNY
0.831,0.836,0.824,0.829,53162900,562500.SH,2023-03-29,NA,NA,CNY
0.829,0.832,0.819,0.829,35593800,562500.SH,2023-03-30,NA,NA,CNY
0.829,0.844,0.823,0.843,33621200,562500.SH,2023-03-31,NA,NA,CNY
0.847,0.86,0.845,0.859,43430500,562500.SH,2023-04-03,NA,NA,CNY
0.867,0.869,0.838,0.846,49234600,562500.SH,2023-04-04,NA,NA,CNY
0.831,0.846,0.831,0.845,45451600,562500.SH,2023-04-06,NA,NA,CNY
0.846,0.86,0.845,0.857,32723000,562500.SH,2023-04-07,NA,NA,CNY
0.855,0.863,0.84,0.842,40686200,562500.SH,2023-04-10,NA,NA,CNY
0.84,0.846,0.83,0.84,45457000,562500.SH,2023-04-11,NA,NA,CNY
0.84,0.848,0.833,0.848,28278400,562500.SH,2023-04-12,NA,NA,CNY
0.846,0.847,0.825,0.826,36584700,562500.SH,2023-04-13,NA,NA,CNY
0.823,0.831,0.82,0.829,35325600,562500.SH,2023-04-14,NA,NA,CNY
0.828,0.836,0.823,0.829,50729500,562500.SH,2023-04-17,NA,NA,CNY
0.832,0.832,0.821,0.824,26460800,562500.SH,2023-04-18,NA,NA,CNY
0.82,0.825,0.813,0.814,36631500,562500.SH,2023-04-19,NA,NA,CNY
0.815,0.823,0.808,0.823,35238700,562500.SH,2023-04-20,NA,NA,CNY
0.82,0.83,0.788,0.791,40461400,562500.SH,2023-04-21,NA,NA,CNY
0.794,0.794,0.774,0.776,51971600,562500.SH,2023-04-24,NA,NA,CNY
0.787,0.787,0.757,0.767,27796300,562500.SH,2023-04-25,NA,NA,CNY
0.767,0.779,0.762,0.765,33323300,562500.SH,2023-04-26,NA,NA,CNY
0.765,0.768,0.76,0.766,35766400,562500.SH,2023-04-27,NA,NA,CNY
0.772,0.788,0.77,0.788,44551200,562500.SH,2023-04-28,NA,NA,CNY
0.788,0.794,0.785,0.793,47293300,562500.SH,2023-05-04,NA,NA,CNY
0.793,0.793,0.775,0.777,32335000,562500.SH,2023-05-05,NA,NA,CNY
0.778,0.795,0.778,0.793,64800387,562500.SH,2023-05-08,NA,NA,CNY
0.794,0.794,0.779,0.781,39269100,562500.SH,2023-05-09,NA,NA,CNY
0.781,0.797,0.78,0.793,34266500,562500.SH,2023-05-10,NA,NA,CNY
0.794,0.794,0.781,0.787,26854500,562500.SH,2023-05-11,NA,NA,CNY
0.787,0.795,0.775,0.776,50696300,562500.SH,2023-05-12,NA,NA,CNY
0.781,0.789,0.774,0.789,27707900,562500.SH,2023-05-15,NA,NA,CNY
0.788,0.791,0.778,0.781,23572400,562500.SH,2023-05-16,NA,NA,CNY
0.777,0.787,0.777,0.787,23031100,562500.SH,2023-05-17,NA,NA,CNY
0.79,0.81,0.789,0.808,57539900,562500.SH,2023-05-18,NA,NA,CNY
0.814,0.815,0.804,0.806,54926300,562500.SH,2023-05-19,NA,NA,CNY
0.808,0.812,0.803,0.812,55354800,562500.SH,2023-05-22,NA,NA,CNY
0.809,0.816,0.804,0.805,51541700,562500.SH,2023-05-23,NA,NA,CNY
0.799,0.811,0.795,0.8,54074400,562500.SH,2023-05-24,NA,NA,CNY
0.796,0.804,0.789,0.799,51052000,562500.SH,2023-05-25,NA,NA,CNY
0.798,0.805,0.785,0.801,53362200,562500.SH,2023-05-26,NA,NA,CNY
0.8,0.804,0.786,0.789,51839100,562500.SH,2023-05-29,NA,NA,CNY
0.786,0.802,0.786,0.802,38155400,562500.SH,2023-05-30,NA,NA,CNY
0.807,0.807,0.793,0.799,41336800,562500.SH,2023-05-31,NA,NA,CNY
0.798,0.822,0.794,0.82,65944600,562500.SH,2023-06-01,NA,NA,CNY
0.823,0.823,0.81,0.814,54858300,562500.SH,2023-06-02,NA,NA,CNY
0.811,0.818,0.808,0.811,129220100,562500.SH,2023-06-05,NA,NA,CNY
0.81,0.811,0.784,0.788,62734630,562500.SH,2023-06-06,NA,NA,CNY
0.785,0.793,0.785,0.788,39446900,562500.SH,2023-06-07,NA,NA,CNY
0.782,0.787,0.775,0.779,31434300,562500.SH,2023-06-08,NA,NA,CNY
0.778,0.786,0.773,0.784,39569400,562500.SH,2023-06-09,NA,NA,CNY
0.779,0.799,0.779,0.794,30202600,562500.SH,2023-06-12,NA,NA,CNY
0.795,0.805,0.79,0.804,58095600,562500.SH,2023-06-13,NA,NA,CNY
0.806,0.808,0.799,0.805,59459200,562500.SH,2023-06-14,NA,NA,CNY
0.805,0.834,0.801,0.833,73555900,562500.SH,2023-06-15,NA,NA,CNY
0.844,0.846,0.833,0.845,74097600,562500.SH,2023-06-16,NA,NA,CNY
0.85,0.86,0.838,0.86,63755700,562500.SH,2023-06-19,NA,NA,CNY
0.859,0.883,0.853,0.878,82432600,562500.SH,2023-06-20,NA,NA,CNY
0.878,0.887,0.861,0.862,98745300,562500.SH,2023-06-21,NA,NA,CNY
0.85,0.876,0.845,0.848,124923300,562500.SH,2023-06-26,NA,NA,CNY
0.851,0.855,0.841,0.853,76472000,562500.SH,2023-06-27,NA,NA,CNY
0.853,0.859,0.825,0.85,106884747,562500.SH,2023-06-28,NA,NA,CNY
0.85,0.874,0.848,0.87,107515730,562500.SH,2023-06-29,NA,NA,CNY
0.867,0.875,0.862,0.872,112796800,562500.SH,2023-06-30,NA,NA,CNY
0.877,0.885,0.861,0.862,115591000,562500.SH,2023-07-03,NA,NA,CNY
0.861,0.877,0.86,0.875,172509400,562500.SH,2023-07-04,NA,NA,CNY
0.868,0.886,0.865,0.867,218499700,562500.SH,2023-07-05,NA,NA,CNY
0.86,0.874,0.86,0.864,86327300,562500.SH,2023-07-06,NA,NA,CNY
0.862,0.863,0.85,0.853,102933600,562500.SH,2023-07-07,NA,NA,CNY
0.855,0.856,0.84,0.843,89079300,562500.SH,2023-07-10,NA,NA,CNY
0.839,0.859,0.839,0.859,67148700,562500.SH,2023-07-11,NA,NA,CNY
0.859,0.863,0.849,0.851,65178600,562500.SH,2023-07-12,NA,NA,CNY
0.851,0.858,0.846,0.856,73161003,562500.SH,2023-07-13,NA,NA,CNY
0.858,0.862,0.852,0.852,59099652,562500.SH,2023-07-14,NA,NA,CNY
0.85,0.854,0.846,0.853,50866430,562500.SH,2023-07-17,NA,NA,CNY
0.852,0.858,0.848,0.849,72016700,562500.SH,2023-07-18,NA,NA,CNY
0.845,0.852,0.842,0.846,55255700,562500.SH,2023-07-19,NA,NA,CNY
0.85,0.851,0.83,0.831,111875700,562500.SH,2023-07-20,NA,NA,CNY
0.827,0.833,0.82,0.825,111955770,562500.SH,2023-07-21,NA,NA,CNY
0.818,0.83,0.818,0.821,35946370,562500.SH,2023-07-24,NA,NA,CNY
0.831,0.834,0.826,0.831,39625100,562500.SH,2023-07-25,NA,NA,CNY
0.828,0.832,0.821,0.823,54221600,562500.SH,2023-07-26,NA,NA,CNY
0.823,0.829,0.815,0.816,45547200,562500.SH,2023-07-27,NA,NA,CNY
0.812,0.825,0.81,0.823,54987500,562500.SH,2023-07-28,NA,NA,CNY
0.828,0.837,0.823,0.832,39978100,562500.SH,2023-07-31,NA,NA,CNY
0.832,0.832,0.821,0.825,42152881,562500.SH,2023-08-01,NA,NA,CNY
0.822,0.832,0.822,0.83,39363900,562500.SH,2023-08-02,NA,NA,CNY
0.826,0.832,0.824,0.831,37483200,562500.SH,2023-08-03,NA,NA,CNY
0.833,0.845,0.831,0.842,53634000,562500.SH,2023-08-04,NA,NA,CNY
0.842,0.844,0.836,0.842,40934100,562500.SH,2023-08-07,NA,NA,CNY
0.841,0.844,0.83,0.83,70885700,562500.SH,2023-08-08,NA,NA,CNY
0.827,0.831,0.822,0.822,38375400,562500.SH,2023-08-09,NA,NA,CNY
0.822,0.827,0.819,0.823,58220700,562500.SH,2023-08-10,NA,NA,CNY
0.823,0.823,0.807,0.807,43696700,562500.SH,2023-08-11,NA,NA,CNY
0.802,0.809,0.797,0.809,34570000,562500.SH,2023-08-14,NA,NA,CNY
0.81,0.811,0.796,0.805,51869900,562500.SH,2023-08-15,NA,NA,CNY
0.8,0.803,0.786,0.787,42446600,562500.SH,2023-08-16,NA,NA,CNY
0.784,0.808,0.78,0.807,48446693,562500.SH,2023-08-17,NA,NA,CNY
0.815,0.816,0.792,0.792,47236800,562500.SH,2023-08-18,NA,NA,CNY
0.788,0.797,0.78,0.781,39953900,562500.SH,2023-08-21,NA,NA,CNY
0.78,0.791,0.772,0.79,40655500,562500.SH,2023-08-22,NA,NA,CNY
0.783,0.788,0.77,0.771,37411400,562500.SH,2023-08-23,NA,NA,CNY
0.771,0.778,0.765,0.77,36484100,562500.SH,2023-08-24,NA,NA,CNY
0.765,0.766,0.75,0.751,39362600,562500.SH,2023-08-25,NA,NA,CNY
0.781,0.79,0.753,0.755,43713200,562500.SH,2023-08-28,NA,NA,CNY
0.754,0.796,0.752,0.79,110210000,562500.SH,2023-08-29,NA,NA,CNY
0.79,0.809,0.786,0.8,120599300,562500.SH,2023-08-30,NA,NA,CNY
0.804,0.805,0.796,0.801,78323400,562500.SH,2023-08-31,NA,NA,CNY
0.797,0.804,0.793,0.801,49124100,562500.SH,2023-09-01,NA,NA,CNY
0.8,0.806,0.796,0.806,62517300,562500.SH,2023-09-04,NA,NA,CNY
0.807,0.808,0.8,0.803,41746600,562500.SH,2023-09-05,NA,NA,CNY
0.796,0.802,0.793,0.802,45784600,562500.SH,2023-09-06,NA,NA,CNY
0.802,0.802,0.782,0.783,57710200,562500.SH,2023-09-07,NA,NA,CNY
0.78,0.792,0.776,0.788,48142400,562500.SH,2023-09-08,NA,NA,CNY
0.785,0.799,0.782,0.794,32418800,562500.SH,2023-09-11,NA,NA,CNY
0.793,0.796,0.788,0.793,55616400,562500.SH,2023-09-12,NA,NA,CNY
0.793,0.793,0.772,0.779,44552100,562500.SH,2023-09-13,NA,NA,CNY
0.773,0.779,0.768,0.773,47091600,562500.SH,2023-09-14,NA,NA,CNY
0.775,0.776,0.763,0.768,50429900,562500.SH,2023-09-15,NA,NA,CNY
0.768,0.778,0.761,0.77,38444300,562500.SH,2023-09-18,NA,NA,CNY
0.768,0.769,0.76,0.76,32322800,562500.SH,2023-09-19,NA,NA,CNY
0.76,0.763,0.754,0.755,21645600,562500.SH,2023-09-20,NA,NA,CNY
0.756,0.757,0.748,0.751,28086000,562500.SH,2023-09-21,NA,NA,CNY
0.747,0.773,0.747,0.771,47618800,562500.SH,2023-09-22,NA,NA,CNY
0.774,0.781,0.771,0.773,36292800,562500.SH,2023-09-25,NA,NA,CNY
0.773,0.789,0.768,0.785,57296700,562500.SH,2023-09-26,NA,NA,CNY
0.787,0.791,0.78,0.785,41063100,562500.SH,2023-09-27,NA,NA,CNY
0.782,0.787,0.778,0.784,53209500,562500.SH,2023-09-28,NA,NA,CNY
0.786,0.787,0.775,0.785,38656000,562500.SH,2023-10-09,NA,NA,CNY
0.782,0.787,0.777,0.779,34355500,562500.SH,2023-10-10,NA,NA,CNY
0.779,0.792,0.778,0.79,40834600,562500.SH,2023-10-11,NA,NA,CNY
0.792,0.792,0.78,0.785,53214600,562500.SH,2023-10-12,NA,NA,CNY
0.778,0.781,0.771,0.773,51580800,562500.SH,2023-10-13,NA,NA,CNY
0.769,0.773,0.759,0.763,38697000,562500.SH,2023-10-16,NA,NA,CNY
0.764,0.765,0.756,0.763,35166600,562500.SH,2023-10-17,NA,NA,CNY
0.764,0.764,0.749,0.755,36889000,562500.SH,2023-10-18,NA,NA,CNY
0.751,0.758,0.749,0.751,40795100,562500.SH,2023-10-19,NA,NA,CNY
0.749,0.751,0.734,0.737,44216000,562500.SH,2023-10-20,NA,NA,CNY
0.736,0.744,0.717,0.722,53555200,562500.SH,2023-10-23,NA,NA,CNY
0.718,0.728,0.714,0.723,44221200,562500.SH,2023-10-24,NA,NA,CNY
0.728,0.734,0.722,0.722,45748345,562500.SH,2023-10-25,NA,NA,CNY
0.721,0.729,0.713,0.729,45566300,562500.SH,2023-10-26,NA,NA,CNY
0.722,0.737,0.717,0.735,56347600,562500.SH,2023-10-27,NA,NA,CNY
0.731,0.746,0.73,0.744,49529300,562500.SH,2023-10-30,NA,NA,CNY
0.745,0.745,0.731,0.736,41457100,562500.SH,2023-10-31,NA,NA,CNY
0.739,0.739,0.731,0.731,34848900,562500.SH,2023-11-01,NA,NA,CNY
0.733,0.737,0.721,0.721,37184700,562500.SH,2023-11-02,NA,NA,CNY
0.735,0.751,0.731,0.748,164462900,562500.SH,2023-11-03,NA,NA,CNY
0.756,0.767,0.751,0.765,114310900,562500.SH,2023-11-06,NA,NA,CNY
0.764,0.772,0.76,0.767,84313336,562500.SH,2023-11-07,NA,NA,CNY
0.767,0.771,0.761,0.768,98729300,562500.SH,2023-11-08,NA,NA,CNY
0.764,0.771,0.764,0.766,59088700,562500.SH,2023-11-09,NA,NA,CNY
0.76,0.766,0.759,0.762,44657500,562500.SH,2023-11-10,NA,NA,CNY
0.765,0.771,0.762,0.767,57269300,562500.SH,2023-11-13,NA,NA,CNY
0.763,0.772,0.763,0.77,57703200,562500.SH,2023-11-14,NA,NA,CNY
0.78,0.783,0.771,0.776,65079200,562500.SH,2023-11-15,NA,NA,CNY
0.778,0.778,0.764,0.764,58068400,562500.SH,2023-11-16,NA,NA,CNY
0.758,0.773,0.757,0.772,45034800,562500.SH,2023-11-17,NA,NA,CNY
0.773,0.787,0.771,0.785,78859700,562500.SH,2023-11-20,NA,NA,CNY
0.786,0.79,0.773,0.775,71900200,562500.SH,2023-11-21,NA,NA,CNY
0.769,0.776,0.758,0.759,55916800,562500.SH,2023-11-22,NA,NA,CNY
0.759,0.772,0.756,0.771,61854800,562500.SH,2023-11-23,NA,NA,CNY
0.765,0.771,0.758,0.76,59805000,562500.SH,2023-11-24,NA,NA,CNY
0.75,0.761,0.75,0.761,50424386,562500.SH,2023-11-27,NA,NA,CNY
0.759,0.768,0.757,0.766,47954000,562500.SH,2023-11-28,NA,NA,CNY
0.766,0.773,0.763,0.764,49745000,562500.SH,2023-11-29,NA,NA,CNY
0.763,0.771,0.756,0.761,51702000,562500.SH,2023-11-30,NA,NA,CNY
0.759,0.765,0.751,0.765,46936100,562500.SH,2023-12-01,NA,NA,CNY
0.766,0.766,0.757,0.757,73312700,562500.SH,2023-12-04,NA,NA,CNY
0.755,0.756,0.734,0.734,55831500,562500.SH,2023-12-05,NA,NA,CNY
0.731,0.74,0.73,0.733,54181200,562500.SH,2023-12-06,NA,NA,CNY
0.73,0.737,0.725,0.733,69009600,562500.SH,2023-12-07,NA,NA,CNY
0.733,0.742,0.733,0.737,61850900,562500.SH,2023-12-08,NA,NA,CNY
0.737,0.751,0.727,0.751,61117800,562500.SH,2023-12-11,NA,NA,CNY
0.749,0.751,0.743,0.747,44340950,562500.SH,2023-12-12,NA,NA,CNY
0.746,0.759,0.743,0.748,73909400,562500.SH,2023-12-13,NA,NA,CNY
0.747,0.754,0.74,0.741,61944900,562500.SH,2023-12-14,NA,NA,CNY
0.741,0.744,0.732,0.734,109676400,562500.SH,2023-12-15,NA,NA,CNY
0.73,0.733,0.721,0.723,49213900,562500.SH,2023-12-18,NA,NA,CNY
0.723,0.73,0.719,0.729,54873299,562500.SH,2023-12-19,NA,NA,CNY
0.731,0.731,0.715,0.715,48310500,562500.SH,2023-12-20,NA,NA,CNY
0.715,0.727,0.707,0.724,69486513,562500.SH,2023-12-21,NA,NA,CNY
0.728,0.728,0.713,0.716,53595300,562500.SH,2023-12-22,NA,NA,CNY
0.712,0.723,0.712,0.72,43281800,562500.SH,2023-12-25,NA,NA,CNY
0.72,0.72,0.7,0.705,53920300,562500.SH,2023-12-26,NA,NA,CNY
0.705,0.711,0.7,0.71,39565500,562500.SH,2023-12-27,NA,NA,CNY
0.707,0.732,0.705,0.729,63400400,562500.SH,2023-12-28,NA,NA,CNY
0.729,0.74,0.728,0.74,62196200,562500.SH,2023-12-29,NA,NA,CNY
0.741,0.742,0.728,0.728,48151600,562500.SH,2024-01-02,NA,NA,CNY
0.727,0.727,0.71,0.718,75366300,562500.SH,2024-01-03,NA,NA,CNY
0.715,0.716,0.702,0.705,64996700,562500.SH,2024-01-04,NA,NA,CNY
0.709,0.71,0.688,0.693,68256900,562500.SH,2024-01-05,NA,NA,CNY
0.693,0.693,0.673,0.673,62386200,562500.SH,2024-01-08,NA,NA,CNY
0.673,0.691,0.673,0.684,78621900,562500.SH,2024-01-09,NA,NA,CNY
0.677,0.686,0.671,0.674,66724500,562500.SH,2024-01-10,NA,NA,CNY
0.674,0.689,0.671,0.687,54833700,562500.SH,2024-01-11,NA,NA,CNY
0.683,0.688,0.678,0.68,44551100,562500.SH,2024-01-12,NA,NA,CNY
0.675,0.681,0.668,0.674,47872600,562500.SH,2024-01-15,NA,NA,CNY
0.677,0.678,0.663,0.674,46320200,562500.SH,2024-01-16,NA,NA,CNY
0.671,0.672,0.651,0.652,60444600,562500.SH,2024-01-17,NA,NA,CNY
0.649,0.656,0.636,0.652,73057638,562500.SH,2024-01-18,NA,NA,CNY
0.652,0.657,0.645,0.646,50809600,562500.SH,2024-01-19,NA,NA,CNY
0.641,0.648,0.609,0.615,90258964,562500.SH,2024-01-22,NA,NA,CNY
0.61,0.631,0.608,0.626,67621700,562500.SH,2024-01-23,NA,NA,CNY
0.635,0.635,0.612,0.632,64467200,562500.SH,2024-01-24,NA,NA,CNY
0.633,0.649,0.626,0.647,60304900,562500.SH,2024-01-25,NA,NA,CNY
0.645,0.649,0.637,0.639,50828500,562500.SH,2024-01-26,NA,NA,CNY
0.64,0.643,0.618,0.619,57028900,562500.SH,2024-01-29,NA,NA,CNY
0.615,0.631,0.609,0.61,55940238,562500.SH,2024-01-30,NA,NA,CNY
0.607,0.612,0.586,0.588,59719500,562500.SH,2024-01-31,NA,NA,CNY
0.582,0.605,0.58,0.594,55257400,562500.SH,2024-02-01,NA,NA,CNY
0.593,0.601,0.56,0.578,74615930,562500.SH,2024-02-02,NA,NA,CNY
0.569,0.576,0.54,0.556,107006600,562500.SH,2024-02-05,NA,NA,CNY
0.554,0.59,0.542,0.588,76170700,562500.SH,2024-02-06,NA,NA,CNY
0.586,0.612,0.584,0.602,76409417,562500.SH,2024-02-07,NA,NA,CNY
0.608,0.63,0.606,0.629,91970238,562500.SH,2024-02-08,NA,NA,CNY
0.647,0.647,0.629,0.642,78168200,562500.SH,2024-02-19,NA,NA,CNY
0.637,0.648,0.63,0.647,55256415,562500.SH,2024-02-20,NA,NA,CNY
0.636,0.66,0.636,0.646,74803800,562500.SH,2024-02-21,NA,NA,CNY
0.641,0.658,0.641,0.657,55211400,562500.SH,2024-02-22,NA,NA,CNY
0.659,0.672,0.652,0.672,73741600,562500.SH,2024-02-23,NA,NA,CNY
0.693,0.709,0.689,0.699,309653300,562500.SH,2024-02-26,NA,NA,CNY
0.7,0.721,0.691,0.72,250727600,562500.SH,2024-02-27,NA,NA,CNY
0.721,0.724,0.674,0.675,241049908,562500.SH,2024-02-28,NA,NA,CNY
0.67,0.709,0.667,0.709,156727300,562500.SH,2024-02-29,NA,NA,CNY
0.71,0.729,0.707,0.727,187317537,562500.SH,2024-03-01,NA,NA,CNY
0.733,0.733,0.713,0.727,158652900,562500.SH,2024-03-04,NA,NA,CNY
0.716,0.735,0.716,0.725,142803185,562500.SH,2024-03-05,NA,NA,CNY
0.72,0.739,0.718,0.736,161190600,562500.SH,2024-03-06,NA,NA,CNY
0.747,0.751,0.723,0.725,212788400,562500.SH,2024-03-07,NA,NA,CNY
0.72,0.737,0.716,0.735,129221199,562500.SH,2024-03-08,NA,NA,CNY
0.729,0.743,0.726,0.742,104090724,562500.SH,2024-03-11,NA,NA,CNY
0.74,0.749,0.736,0.746,94806400,562500.SH,2024-03-12,NA,NA,CNY
0.747,0.751,0.74,0.745,124119826,562500.SH,2024-03-13,NA,NA,CNY
0.746,0.752,0.728,0.738,127008826,562500.SH,2024-03-14,NA,NA,CNY
0.737,0.756,0.733,0.755,181366400,562500.SH,2024-03-15,NA,NA,CNY
0.759,0.767,0.752,0.766,173581000,562500.SH,2024-03-18,NA,NA,CNY
0.76,0.761,0.75,0.75,132423864,562500.SH,2024-03-19,NA,NA,CNY
0.75,0.756,0.745,0.755,112328000,562500.SH,2024-03-20,NA,NA,CNY
0.757,0.761,0.747,0.748,100539400,562500.SH,2024-03-21,NA,NA,CNY
0.747,0.749,0.732,0.736,109098500,562500.SH,2024-03-22,NA,NA,CNY
0.733,0.744,0.719,0.72,99184492,562500.SH,2024-03-25,NA,NA,CNY
0.718,0.723,0.706,0.715,127101200,562500.SH,2024-03-26,NA,NA,CNY
0.723,0.723,0.688,0.689,124808000,562500.SH,2024-03-27,NA,NA,CNY
0.687,0.721,0.687,0.716,249337500,562500.SH,2024-03-28,NA,NA,CNY
0.715,0.72,0.706,0.72,93248700,562500.SH,2024-03-29,NA,NA,CNY
0.723,0.73,0.722,0.729,99513711,562500.SH,2024-04-01,NA,NA,CNY
0.729,0.73,0.714,0.72,92452800,562500.SH,2024-04-02,NA,NA,CNY
0.719,0.719,0.701,0.704,90338800,562500.SH,2024-04-03,NA,NA,CNY
0.707,0.71,0.69,0.691,72512700,562500.SH,2024-04-08,NA,NA,CNY
0.69,0.697,0.686,0.697,61819300,562500.SH,2024-04-09,NA,NA,CNY
0.695,0.7,0.681,0.686,66650910,562500.SH,2024-04-10,NA,NA,CNY
0.681,0.699,0.68,0.691,85421100,562500.SH,2024-04-11,NA,NA,CNY
0.691,0.697,0.685,0.686,67954045,562500.SH,2024-04-12,NA,NA,CNY
0.683,0.69,0.67,0.681,99165700,562500.SH,2024-04-15,NA,NA,CNY
0.68,0.68,0.649,0.651,80910100,562500.SH,2024-04-16,NA,NA,CNY
0.657,0.685,0.657,0.685,125934700,562500.SH,2024-04-17,NA,NA,CNY
0.684,0.694,0.675,0.685,73329166,562500.SH,2024-04-18,NA,NA,CNY
0.678,0.682,0.669,0.676,71821600,562500.SH,2024-04-19,NA,NA,CNY
0.666,0.68,0.663,0.674,44384500,562500.SH,2024-04-22,NA,NA,CNY
0.675,0.677,0.665,0.671,64795000,562500.SH,2024-04-23,NA,NA,CNY
0.674,0.685,0.673,0.685,75037600,562500.SH,2024-04-24,NA,NA,CNY
0.684,0.687,0.679,0.681,53587700,562500.SH,2024-04-25,NA,NA,CNY
0.683,0.701,0.681,0.699,94635900,562500.SH,2024-04-26,NA,NA,CNY
0.714,0.725,0.706,0.724,160349200,562500.SH,2024-04-29,NA,NA,CNY
0.72,0.721,0.71,0.712,95716900,562500.SH,2024-04-30,NA,NA,CNY
0.725,0.73,0.723,0.728,211424400,562500.SH,2024-05-06,NA,NA,CNY
0.728,0.734,0.723,0.728,80742600,562500.SH,2024-05-07,NA,NA,CNY
0.723,0.726,0.713,0.714,75287200,562500.SH,2024-05-08,NA,NA,CNY
0.714,0.724,0.713,0.722,86418200,562500.SH,2024-05-09,NA,NA,CNY
0.724,0.725,0.712,0.717,105464300,562500.SH,2024-05-10,NA,NA,CNY
0.71,0.714,0.704,0.709,59077100,562500.SH,2024-05-13,NA,NA,CNY
0.712,0.72,0.708,0.71,76413600,562500.SH,2024-05-14,NA,NA,CNY
0.707,0.712,0.702,0.703,56991200,562500.SH,2024-05-15,NA,NA,CNY
0.705,0.708,0.696,0.699,74782100,562500.SH,2024-05-16,NA,NA,CNY
0.701,0.707,0.695,0.707,52910690,562500.SH,2024-05-17,NA,NA,CNY
0.704,0.711,0.698,0.705,78661800,562500.SH,2024-05-20,NA,NA,CNY
0.705,0.705,0.697,0.699,46136500,562500.SH,2024-05-21,NA,NA,CNY
0.699,0.704,0.696,0.703,52613800,562500.SH,2024-05-22,NA,NA,CNY
0.703,0.703,0.689,0.691,68236492,562500.SH,2024-05-23,NA,NA,CNY
0.691,0.692,0.676,0.677,55302500,562500.SH,2024-05-24,NA,NA,CNY
0.68,0.686,0.669,0.684,58335200,562500.SH,2024-05-27,NA,NA,CNY
0.683,0.685,0.675,0.677,48065500,562500.SH,2024-05-28,NA,NA,CNY
0.677,0.681,0.671,0.675,46145500,562500.SH,2024-05-29,NA,NA,CNY
0.674,0.682,0.668,0.678,48845500,562500.SH,2024-05-30,NA,NA,CNY
0.679,0.687,0.679,0.684,60637700,562500.SH,2024-05-31,NA,NA,CNY
0.684,0.691,0.676,0.682,58990900,562500.SH,2024-06-03,NA,NA,CNY
0.68,0.681,0.67,0.68,71405800,562500.SH,2024-06-04,NA,NA,CNY
0.681,0.683,0.671,0.671,84350900,562500.SH,2024-06-05,NA,NA,CNY
0.674,0.675,0.656,0.659,83274036,562500.SH,2024-06-06,NA,NA,CNY
0.662,0.665,0.651,0.655,74046000,562500.SH,2024-06-07,NA,NA,CNY
0.653,0.661,0.642,0.661,63351300,562500.SH,2024-06-11,NA,NA,CNY
0.66,0.673,0.659,0.669,87118200,562500.SH,2024-06-12,NA,NA,CNY
0.666,0.676,0.665,0.672,81953700,562500.SH,2024-06-13,NA,NA,CNY
0.673,0.673,0.665,0.67,82348600,562500.SH,2024-06-14,NA,NA,CNY
0.667,0.673,0.659,0.669,67352600,562500.SH,2024-06-17,NA,NA,CNY
0.667,0.675,0.665,0.674,58099000,562500.SH,2024-06-18,NA,NA,CNY
0.674,0.674,0.661,0.663,67576664,562500.SH,2024-06-19,NA,NA,CNY
0.658,0.663,0.648,0.649,67653700,562500.SH,2024-06-20,NA,NA,CNY
0.647,0.651,0.643,0.648,49158700,562500.SH,2024-06-21,NA,NA,CNY
0.646,0.647,0.628,0.629,57718800,562500.SH,2024-06-24,NA,NA,CNY
0.631,0.638,0.623,0.629,63949500,562500.SH,2024-06-25,NA,NA,CNY
0.628,0.645,0.622,0.643,97206900,562500.SH,2024-06-26,NA,NA,CNY
0.64,0.642,0.629,0.63,68477500,562500.SH,2024-06-27,NA,NA,CNY
0.629,0.642,0.628,0.635,48154726,562500.SH,2024-06-28,NA,NA,CNY
0.634,0.634,0.622,0.632,59700526,562500.SH,2024-07-01,NA,NA,CNY
0.631,0.636,0.622,0.626,45649000,562500.SH,2024-07-02,NA,NA,CNY
0.624,0.625,0.616,0.618,68037300,562500.SH,2024-07-03,NA,NA,CNY
0.621,0.628,0.61,0.613,77102400,562500.SH,2024-07-04,NA,NA,CNY
0.61,0.614,0.601,0.611,66188400,562500.SH,2024-07-05,NA,NA,CNY
0.611,0.611,0.589,0.592,84261800,562500.SH,2024-07-08,NA,NA,CNY
0.59,0.607,0.584,0.606,107516800,562500.SH,2024-07-09,NA,NA,CNY
0.604,0.611,0.602,0.605,56132300,562500.SH,2024-07-10,NA,NA,CNY
0.616,0.618,0.608,0.617,66679100,562500.SH,2024-07-11,NA,NA,CNY
0.615,0.615,0.607,0.61,52272400,562500.SH,2024-07-12,NA,NA,CNY
0.607,0.607,0.593,0.595,76574700,562500.SH,2024-07-15,NA,NA,CNY
0.592,0.602,0.59,0.601,55547800,562500.SH,2024-07-16,NA,NA,CNY
0.6,0.6,0.592,0.594,58121600,562500.SH,2024-07-17,NA,NA,CNY
0.59,0.598,0.584,0.598,72289500,562500.SH,2024-07-18,NA,NA,CNY
0.596,0.606,0.593,0.602,101583700,562500.SH,2024-07-19,NA,NA,CNY
0.605,0.606,0.598,0.604,64354700,562500.SH,2024-07-22,NA,NA,CNY
0.606,0.607,0.582,0.583,104740800,562500.SH,2024-07-23,NA,NA,CNY
0.582,0.584,0.571,0.572,67664800,562500.SH,2024-07-24,NA,NA,CNY
0.569,0.576,0.565,0.569,59896600,562500.SH,2024-07-25,NA,NA,CNY
0.571,0.583,0.57,0.581,75163700,562500.SH,2024-07-26,NA,NA,CNY
0.579,0.581,0.573,0.574,40097900,562500.SH,2024-07-29,NA,NA,CNY
0.571,0.577,0.565,0.576,59696000,562500.SH,2024-07-30,NA,NA,CNY
0.575,0.607,0.573,0.606,151980900,562500.SH,2024-07-31,NA,NA,CNY
0.611,0.611,0.599,0.603,125578600,562500.SH,2024-08-01,NA,NA,CNY
0.597,0.603,0.587,0.589,93139100,562500.SH,2024-08-02,NA,NA,CNY
0.58,0.594,0.57,0.571,102627400,562500.SH,2024-08-05,NA,NA,CNY
0.576,0.581,0.569,0.576,73053500,562500.SH,2024-08-06,NA,NA,CNY
0.577,0.581,0.574,0.576,71967900,562500.SH,2024-08-07,NA,NA,CNY
0.572,0.576,0.562,0.572,90055600,562500.SH,2024-08-08,NA,NA,CNY
0.573,0.579,0.568,0.569,71399800,562500.SH,2024-08-09,NA,NA,CNY
0.567,0.568,0.56,0.563,58289800,562500.SH,2024-08-12,NA,NA,CNY
0.564,0.565,0.556,0.564,53832700,562500.SH,2024-08-13,NA,NA,CNY
0.563,0.563,0.556,0.558,48756800,562500.SH,2024-08-14,NA,NA,CNY
0.556,0.571,0.555,0.565,87780100,562500.SH,2024-08-15,NA,NA,CNY
0.566,0.568,0.563,0.565,52490000,562500.SH,2024-08-16,NA,NA,CNY
0.565,0.567,0.56,0.562,60154600,562500.SH,2024-08-19,NA,NA,CNY
0.562,0.562,0.55,0.552,76842400,562500.SH,2024-08-20,NA,NA,CNY
0.552,0.558,0.551,0.553,52201900,562500.SH,2024-08-21,NA,NA,CNY
0.553,0.554,0.541,0.542,65290000,562500.SH,2024-08-22,NA,NA,CNY
0.542,0.547,0.539,0.546,89801000,562500.SH,2024-08-23,NA,NA,CNY
0.548,0.553,0.546,0.549,39323300,562500.SH,2024-08-26,NA,NA,CNY
0.549,0.549,0.54,0.542,38167600,562500.SH,2024-08-27,NA,NA,CNY
0.543,0.549,0.54,0.547,57810000,562500.SH,2024-08-28,NA,NA,CNY
0.544,0.564,0.543,0.56,102456400,562500.SH,2024-08-29,NA,NA,CNY
0.558,0.577,0.557,0.57,123371200,562500.SH,2024-08-30,NA,NA,CNY
0.568,0.57,0.554,0.554,66925800,562500.SH,2024-09-02,NA,NA,CNY
0.553,0.567,0.553,0.563,53222400,562500.SH,2024-09-03,NA,NA,CNY
0.559,0.569,0.557,0.563,49995900,562500.SH,2024-09-04,NA,NA,CNY
0.565,0.571,0.562,0.567,55173100,562500.SH,2024-09-05,NA,NA,CNY
0.568,0.569,0.555,0.556,66943100,562500.SH,2024-09-06,NA,NA,CNY
0.553,0.558,0.548,0.552,89571100,562500.SH,2024-09-09,NA,NA,CNY
0.55,0.562,0.546,0.558,65375800,562500.SH,2024-09-10,NA,NA,CNY
0.559,0.563,0.554,0.562,51054600,562500.SH,2024-09-11,NA,NA,CNY
0.562,0.568,0.558,0.558,54271900,562500.SH,2024-09-12,NA,NA,CNY
0.559,0.56,0.551,0.551,56021900,562500.SH,2024-09-13,NA,NA,CNY
0.551,0.557,0.546,0.555,56446200,562500.SH,2024-09-18,NA,NA,CNY
0.556,0.567,0.552,0.563,113245600,562500.SH,2024-09-19,NA,NA,CNY
0.564,0.564,0.555,0.558,68058800,562500.SH,2024-09-20,NA,NA,CNY
0.56,0.564,0.555,0.557,65898700,562500.SH,2024-09-23,NA,NA,CNY
0.559,0.58,0.553,0.58,177373900,562500.SH,2024-09-24,NA,NA,CNY
0.583,0.594,0.578,0.579,210756700,562500.SH,2024-09-25,NA,NA,CNY
0.576,0.605,0.574,0.604,178733500,562500.SH,2024-09-26,NA,NA,CNY
0.613,0.646,0.611,0.644,131379500,562500.SH,2024-09-27,NA,NA,CNY
0.676,0.708,0.659,0.708,216447400,562500.SH,2024-09-30,NA,NA,CNY
0.779,0.779,0.739,0.779,255097937,562500.SH,2024-10-08,NA,NA,CNY
0.773,0.783,0.724,0.733,361916599,562500.SH,2024-10-09,NA,NA,CNY
0.744,0.755,0.713,0.721,168560900,562500.SH,2024-10-10,NA,NA,CNY
0.711,0.72,0.672,0.681,175073100,562500.SH,2024-10-11,NA,NA,CNY
0.681,0.697,0.666,0.696,130213600,562500.SH,2024-10-14,NA,NA,CNY
0.695,0.704,0.681,0.683,115231600,562500.SH,2024-10-15,NA,NA,CNY
0.668,0.686,0.667,0.674,74604000,562500.SH,2024-10-16,NA,NA,CNY
0.675,0.693,0.675,0.677,99714900,562500.SH,2024-10-17,NA,NA,CNY
0.672,0.735,0.672,0.716,146456600,562500.SH,2024-10-18,NA,NA,CNY
0.725,0.741,0.712,0.725,182223622,562500.SH,2024-10-21,NA,NA,CNY
0.721,0.733,0.713,0.725,95273700,562500.SH,2024-10-22,NA,NA,CNY
0.725,0.731,0.715,0.72,107083100,562500.SH,2024-10-23,NA,NA,CNY
0.715,0.719,0.706,0.711,85722900,562500.SH,2024-10-24,NA,NA,CNY
0.711,0.731,0.711,0.723,122452600,562500.SH,2024-10-25,NA,NA,CNY
0.723,0.732,0.717,0.731,104819700,562500.SH,2024-10-28,NA,NA,CNY
0.735,0.738,0.721,0.723,119651900,562500.SH,2024-10-29,NA,NA,CNY
0.722,0.731,0.711,0.721,73542100,562500.SH,2024-10-30,NA,NA,CNY
0.72,0.725,0.703,0.721,100620100,562500.SH,2024-10-31,NA,NA,CNY
0.715,0.719,0.697,0.698,114173600,562500.SH,2024-11-01,NA,NA,CNY
0.71,0.747,0.703,0.743,330049300,562500.SH,2024-11-04,NA,NA,CNY
0.743,0.769,0.731,0.766,443868300,562500.SH,2024-11-05,NA,NA,CNY
0.767,0.792,0.765,0.779,369217000,562500.SH,2024-11-06,NA,NA,CNY
0.772,0.788,0.762,0.787,278987900,562500.SH,2024-11-07,NA,NA,CNY
0.796,0.809,0.783,0.788,257366200,562500.SH,2024-11-08,NA,NA,CNY
0.786,0.829,0.779,0.824,336401400,562500.SH,2024-11-11,NA,NA,CNY
0.84,0.84,0.791,0.803,339811500,562500.SH,2024-11-12,NA,NA,CNY
0.795,0.815,0.781,0.811,231517100,562500.SH,2024-11-13,NA,NA,CNY
0.81,0.811,0.781,0.783,194808200,562500.SH,2024-11-14,NA,NA,CNY
0.781,0.794,0.767,0.768,208930900,562500.SH,2024-11-15,NA,NA,CNY
0.771,0.774,0.732,0.74,243704100,562500.SH,2024-11-18,NA,NA,CNY
0.743,0.774,0.739,0.773,269330900,562500.SH,2024-11-19,NA,NA,CNY
0.773,0.798,0.767,0.794,394264100,562500.SH,2024-11-20,NA,NA,CNY
0.793,0.798,0.78,0.788,276797600,562500.SH,2024-11-21,NA,NA,CNY
0.784,0.794,0.756,0.76,254397700,562500.SH,2024-11-22,NA,NA,CNY
0.76,0.765,0.744,0.761,208811071,562500.SH,2024-11-25,NA,NA,CNY
0.759,0.76,0.738,0.74,196387200,562500.SH,2024-11-26,NA,NA,CNY
0.734,0.759,0.727,0.758,224311829,562500.SH,2024-11-27,NA,NA,CNY
0.76,0.76,0.744,0.746,181566500,562500.SH,2024-11-28,NA,NA,CNY
0.742,0.798,0.741,0.789,563149200,562500.SH,2024-11-29,NA,NA,CNY
0.798,0.821,0.791,0.814,808853300,562500.SH,2024-12-02,NA,NA,CNY
0.815,0.818,0.801,0.811,579376400,562500.SH,2024-12-03,NA,NA,CNY
0.805,0.838,0.804,0.823,630309490,562500.SH,2024-12-04,NA,NA,CNY
0.819,0.849,0.818,0.837,466912100,562500.SH,2024-12-05,NA,NA,CNY
0.837,0.852,0.822,0.841,603717800,562500.SH,2024-12-06,NA,NA,CNY
0.833,0.859,0.83,0.842,536389700,562500.SH,2024-12-09,NA,NA,CNY
0.868,0.896,0.854,0.876,850697600,562500.SH,2024-12-10,NA,NA,CNY
0.87,0.872,0.85,0.864,763523000,562500.SH,2024-12-11,NA,NA,CNY
0.861,0.861,0.843,0.857,520689800,562500.SH,2024-12-12,NA,NA,CNY
0.848,0.857,0.835,0.838,522926400,562500.SH,2024-12-13,NA,NA,CNY
0.837,0.839,0.818,0.822,354656946,562500.SH,2024-12-16,NA,NA,CNY
0.82,0.823,0.799,0.802,402350600,562500.SH,2024-12-17,NA,NA,CNY
0.806,0.813,0.794,0.809,531332900,562500.SH,2024-12-18,NA,NA,CNY
0.798,0.82,0.795,0.815,490421500,562500.SH,2024-12-19,NA,NA,CNY
0.813,0.837,0.811,0.827,688551800,562500.SH,2024-12-20,NA,NA,CNY
0.824,0.828,0.796,0.797,825676200,562500.SH,2024-12-23,NA,NA,CNY
0.801,0.814,0.798,0.81,490699800,562500.SH,2024-12-24,NA,NA,CNY
0.812,0.813,0.796,0.804,447560500,562500.SH,2024-12-25,NA,NA,CNY
0.804,0.821,0.797,0.818,567669900,562500.SH,2024-12-26,NA,NA,CNY
0.818,0.822,0.803,0.806,817222910,562500.SH,2024-12-27,NA,NA,CNY
0.804,0.814,0.796,0.805,361568900,562500.SH,2024-12-30,NA,NA,CNY
0.804,0.808,0.777,0.778,533511700,562500.SH,2024-12-31,NA,NA,CNY
0.776,0.787,0.753,0.76,601733799,562500.SH,2025-01-02,NA,NA,CNY
0.763,0.766,0.732,0.734,458775799,562500.SH,2025-01-03,NA,NA,CNY
0.733,0.737,0.722,0.728,319486200,562500.SH,2025-01-06,NA,NA,CNY
0.732,0.748,0.728,0.747,390738900,562500.SH,2025-01-07,NA,NA,CNY
0.744,0.768,0.723,0.758,636263600,562500.SH,2025-01-08,NA,NA,CNY
0.753,0.772,0.751,0.767,539258605,562500.SH,2025-01-09,NA,NA,CNY
0.764,0.788,0.76,0.761,654934100,562500.SH,2025-01-10,NA,NA,CNY
0.75,0.78,0.748,0.764,604349300,562500.SH,2025-01-13,NA,NA,CNY
0.762,0.817,0.761,0.816,1399030000,562500.SH,2025-01-14,NA,NA,CNY
0.816,0.816,0.803,0.808,786267800,562500.SH,2025-01-15,NA,NA,CNY
0.811,0.829,0.8,0.809,1127465800,562500.SH,2025-01-16,NA,NA,CNY
0.802,0.817,0.802,0.81,643527794,562500.SH,2025-01-17,NA,NA,CNY
0.818,0.82,0.805,0.809,581140500,562500.SH,2025-01-20,NA,NA,CNY
0.814,0.831,0.81,0.831,1093751300,562500.SH,2025-01-21,NA,NA,CNY
0.825,0.825,0.816,0.819,777891916,562500.SH,2025-01-22,NA,NA,CNY
0.826,0.844,0.82,0.821,963672016,562500.SH,2025-01-23,NA,NA,CNY
0.816,0.844,0.816,0.843,861851914,562500.SH,2025-01-24,NA,NA,CNY
0.845,0.847,0.816,0.817,898374700,562500.SH,2025-01-27,NA,NA,CNY
0.832,0.858,0.83,0.852,1086108900,562500.SH,2025-02-05,NA,NA,CNY
0.847,0.906,0.843,0.9,1363093600,562500.SH,2025-02-06,NA,NA,CNY
0.898,0.912,0.882,0.9,1698977810,562500.SH,2025-02-07,NA,NA,CNY
0.895,0.907,0.886,0.906,998364450,562500.SH,2025-02-10,NA,NA,CNY
0.904,0.915,0.895,0.906,835464600,562500.SH,2025-02-11,NA,NA,CNY
0.902,0.924,0.9,0.917,968233815,562500.SH,2025-02-12,NA,NA,CNY
0.916,0.92,0.891,0.892,1216822000,562500.SH,2025-02-13,NA,NA,CNY
0.884,0.901,0.881,0.897,902542700,562500.SH,2025-02-14,NA,NA,CNY
0.899,0.919,0.896,0.918,1176013900,562500.SH,2025-02-17,NA,NA,CNY
0.917,0.923,0.894,0.899,1314775400,562500.SH,2025-02-18,NA,NA,CNY
0.896,0.962,0.896,0.961,1794344546,562500.SH,2025-02-19,NA,NA,CNY
0.962,0.983,0.95,0.974,1472692400,562500.SH,2025-02-20,NA,NA,CNY
0.968,1.014,0.968,1.011,1538713900,562500.SH,2025-02-21,NA,NA,CNY
1.012,1.028,0.985,1.008,1831866300,562500.SH,2025-02-24,NA,NA,CNY
0.986,1.031,0.981,1.014,1886680512,562500.SH,2025-02-25,NA,NA,CNY
1.014,1.053,1.008,1.028,2317727365,562500.SH,2025-02-26,NA,NA,CNY
1.021,1.033,0.994,1.021,2175830658,562500.SH,2025-02-27,NA,NA,CNY
1.007,1.009,0.942,0.944,2805913396,562500.SH,2025-02-28,NA,NA,CNY
0.94,0.96,0.925,0.934,1546029760,562500.SH,2025-03-03,NA,NA,CNY
0.924,0.96,0.924,0.956,1583973922,562500.SH,2025-03-04,NA,NA,CNY
0.954,0.972,0.951,0.97,1326182022,562500.SH,2025-03-05,NA,NA,CNY
0.98,1.004,0.974,0.997,1670995797,562500.SH,2025-03-06,NA,NA,CNY
0.991,1.008,0.985,0.994,1519062912,562500.SH,2025-03-07,NA,NA,CNY
0.999,1.013,0.99,1.004,1400601200,562500.SH,2025-03-10,NA,NA,CNY
0.985,1.006,0.977,0.997,1582648513,562500.SH,2025-03-11,NA,NA,CNY
1.002,1.007,0.986,0.988,1177444700,562500.SH,2025-03-12,NA,NA,CNY
0.985,0.988,0.942,0.949,1908926800,562500.SH,2025-03-13,NA,NA,CNY
0.943,0.976,0.939,0.97,1527927324,562500.SH,2025-03-14,NA,NA,CNY
0.968,0.977,0.957,0.974,1177855352,562500.SH,2025-03-17,NA,NA,CNY
0.978,0.987,0.974,0.986,1174551400,562500.SH,2025-03-18,NA,NA,CNY
0.982,0.99,0.97,0.982,1160662614,562500.SH,2025-03-19,NA,NA,CNY
0.977,0.987,0.967,0.973,1037212588,562500.SH,2025-03-20,NA,NA,CNY
0.968,0.969,0.94,0.942,1246075081,562500.SH,2025-03-21,NA,NA,CNY
0.94,0.946,0.911,0.936,1173577281,562500.SH,2025-03-24,NA,NA,CNY
0.934,0.943,0.917,0.918,813153679,562500.SH,2025-03-25,NA,NA,CNY
0.915,0.942,0.914,0.928,834991700,562500.SH,2025-03-26,NA,NA,CNY
0.926,0.939,0.914,0.924,844677300,562500.SH,2025-03-27,NA,NA,CNY
0.924,0.929,0.913,0.913,583734100,562500.SH,2025-03-28,NA,NA,CNY
0.905,0.905,0.88,0.9,1223238400,562500.SH,2025-03-31,NA,NA,CNY
0.901,0.905,0.891,0.893,685604200,562500.SH,2025-04-01,NA,NA,CNY
0.891,0.907,0.89,0.903,728898100,562500.SH,2025-04-02,NA,NA,CNY
0.891,0.905,0.878,0.883,815870679,562500.SH,2025-04-03,NA,NA,CNY
0.812,0.83,0.795,0.795,924602000,562500.SH,2025-04-07,NA,NA,CNY
0.771,0.778,0.732,0.753,1744383700,562500.SH,2025-04-08,NA,NA,CNY
0.734,0.779,0.704,0.773,2193884571,562500.SH,2025-04-09,NA,NA,CNY
0.793,0.819,0.793,0.797,2022154400,562500.SH,2025-04-10,NA,NA,CNY
0.787,0.819,0.784,0.812,1400745900,562500.SH,2025-04-11,NA,NA,CNY
0.822,0.827,0.811,0.814,973844300,562500.SH,2025-04-14,NA,NA,CNY
0.813,0.816,0.8,0.809,752724000,562500.SH,2025-04-15,NA,NA,CNY
0.805,0.808,0.788,0.8,682163000,562500.SH,2025-04-16,NA,NA,CNY
0.795,0.808,0.793,0.797,593778403,562500.SH,2025-04-17,NA,NA,CNY
0.793,0.799,0.788,0.797,523521303,562500.SH,2025-04-18,NA,NA,CNY
0.792,0.819,0.787,0.818,1214249900,562500.SH,2025-04-21,NA,NA,CNY
0.817,0.819,0.808,0.811,1002530700,562500.SH,2025-04-22,NA,NA,CNY
0.818,0.843,0.817,0.837,1408048400,562500.SH,2025-04-23,NA,NA,CNY
0.837,0.845,0.826,0.828,1306374600,562500.SH,2025-04-24,NA,NA,CNY
0.83,0.837,0.823,0.832,1117092500,562500.SH,2025-04-25,NA,NA,CNY
0.832,0.837,0.818,0.82,696889700,562500.SH,2025-04-28,NA,NA,CNY
0.82,0.835,0.816,0.832,812324899,562500.SH,2025-04-29,NA,NA,CNY
0.834,0.862,0.831,0.858,1224842998,562500.SH,2025-04-30,NA,NA,CNY
0.866,0.879,0.861,0.878,1128617500,562500.SH,2025-05-06,NA,NA,CNY
0.896,0.896,0.865,0.877,1381426400,562500.SH,2025-05-07,NA,NA,CNY
0.873,0.887,0.872,0.885,1198986400,562500.SH,2025-05-08,NA,NA,CNY
0.882,0.883,0.861,0.871,1165646300,562500.SH,2025-05-09,NA,NA,CNY
0.879,0.897,0.879,0.896,1281827300,562500.SH,2025-05-12,NA,NA,CNY
0.905,0.908,0.886,0.886,1212683200,562500.SH,2025-05-13,NA,NA,CNY
0.886,0.894,0.88,0.886,912265902,562500.SH,2025-05-14,NA,NA,CNY
0.886,0.886,0.866,0.868,915784787,562500.SH,2025-05-15,NA,NA,CNY
0.864,0.883,0.863,0.872,790547497,562500.SH,2025-05-16,NA,NA,CNY
0.868,0.871,0.854,0.868,793713964,562500.SH,2025-05-19,NA,NA,CNY
0.867,0.874,0.858,0.871,546054756,562500.SH,2025-05-20,NA,NA,CNY
0.868,0.869,0.859,0.865,614269372,562500.SH,2025-05-21,NA,NA,CNY
0.861,0.868,0.854,0.855,563398100,562500.SH,2025-05-22,NA,NA,CNY
0.855,0.865,0.846,0.847,814285964,562500.SH,2025-05-23,NA,NA,CNY
0.846,0.851,0.842,0.849,480525480,562500.SH,2025-05-26,NA,NA,CNY
0.847,0.847,0.833,0.837,660822400,562500.SH,2025-05-27,NA,NA,CNY
0.837,0.842,0.831,0.834,426009700,562500.SH,2025-05-28,NA,NA,CNY
0.834,0.849,0.834,0.845,771546657,562500.SH,2025-05-29,NA,NA,CNY
0.844,0.844,0.826,0.828,646688700,562500.SH,2025-05-30,NA,NA,CNY
0.57,0.58,0.565,0.578,139073354,159740.SZ,2022-06-06,NA,NA,CNY
0.586,0.598,0.58,0.588,159583222,159740.SZ,2022-06-07,NA,NA,CNY
0.598,0.613,0.598,0.612,372760407,159740.SZ,2022-06-08,NA,NA,CNY
0.627,0.629,0.598,0.601,338824600,159740.SZ,2022-06-09,NA,NA,CNY
0.59,0.619,0.589,0.616,214098400,159740.SZ,2022-06-10,NA,NA,CNY
0.602,0.612,0.592,0.596,185107109,159740.SZ,2022-06-13,NA,NA,CNY
0.588,0.602,0.581,0.599,210208102,159740.SZ,2022-06-14,NA,NA,CNY
0.608,0.613,0.601,0.603,252182902,159740.SZ,2022-06-15,NA,NA,CNY
0.61,0.614,0.588,0.59,174084104,159740.SZ,2022-06-16,NA,NA,CNY
0.581,0.601,0.58,0.596,192331604,159740.SZ,2022-06-17,NA,NA,CNY
0.599,0.599,0.587,0.598,137315604,159740.SZ,2022-06-20,NA,NA,CNY
0.603,0.61,0.595,0.607,135869311,159740.SZ,2022-06-21,NA,NA,CNY
0.612,0.612,0.592,0.593,137250001,159740.SZ,2022-06-22,NA,NA,CNY
0.597,0.604,0.588,0.603,163506900,159740.SZ,2022-06-23,NA,NA,CNY
0.609,0.625,0.606,0.623,157337400,159740.SZ,2022-06-24,NA,NA,CNY
0.639,0.656,0.629,0.648,207204065,159740.SZ,2022-06-27,NA,NA,CNY
0.651,0.658,0.635,0.656,212796402,159740.SZ,2022-06-28,NA,NA,CNY
0.648,0.656,0.628,0.631,289584500,159740.SZ,2022-06-29,NA,NA,CNY
0.633,0.64,0.618,0.626,261774000,159740.SZ,2022-06-30,NA,NA,CNY
0.63,0.63,0.617,0.62,61826500,159740.SZ,2022-07-01,NA,NA,CNY
0.621,0.63,0.617,0.628,167655901,159740.SZ,2022-07-04,NA,NA,CNY
0.634,0.64,0.623,0.628,216140301,159740.SZ,2022-07-05,NA,NA,CNY
0.628,0.632,0.606,0.611,270114240,159740.SZ,2022-07-06,NA,NA,CNY
0.609,0.616,0.599,0.613,210507403,159740.SZ,2022-07-07,NA,NA,CNY
0.621,0.625,0.614,0.616,152895279,159740.SZ,2022-07-08,NA,NA,CNY
0.609,0.609,0.59,0.592,248848670,159740.SZ,2022-07-11,NA,NA,CNY
0.587,0.594,0.582,0.586,195408100,159740.SZ,2022-07-12,NA,NA,CNY
0.589,0.597,0.586,0.591,116954000,159740.SZ,2022-07-13,NA,NA,CNY
0.592,0.598,0.587,0.592,134048402,159740.SZ,2022-07-14,NA,NA,CNY
0.585,0.59,0.576,0.576,206141501,159740.SZ,2022-07-15,NA,NA,CNY
0.582,0.592,0.57,0.592,178739800,159740.SZ,2022-07-18,NA,NA,CNY
0.588,0.591,0.58,0.584,118777500,159740.SZ,2022-07-19,NA,NA,CNY
0.593,0.598,0.592,0.594,178111700,159740.SZ,2022-07-20,NA,NA,CNY
0.59,0.599,0.589,0.593,129269100,159740.SZ,2022-07-21,NA,NA,CNY
0.599,0.604,0.591,0.596,90765301,159740.SZ,2022-07-22,NA,NA,CNY
0.592,0.592,0.581,0.586,115999800,159740.SZ,2022-07-25,NA,NA,CNY
0.59,0.597,0.586,0.594,281462700,159740.SZ,2022-07-26,NA,NA,CNY
0.589,0.592,0.585,0.586,73075000,159740.SZ,2022-07-27,NA,NA,CNY
0.59,0.594,0.587,0.587,99937300,159740.SZ,2022-07-28,NA,NA,CNY
0.589,0.589,0.558,0.56,274388200,159740.SZ,2022-07-29,NA,NA,CNY
0.554,0.564,0.551,0.561,128276600,159740.SZ,2022-08-01,NA,NA,CNY
0.552,0.552,0.536,0.542,156817469,159740.SZ,2022-08-02,NA,NA,CNY
0.551,0.557,0.546,0.547,184247405,159740.SZ,2022-08-03,NA,NA,CNY
0.56,0.567,0.558,0.565,134264200,159740.SZ,2022-08-04,NA,NA,CNY
0.57,0.571,0.564,0.57,154154800,159740.SZ,2022-08-05,NA,NA,CNY
0.565,0.568,0.559,0.562,115565800,159740.SZ,2022-08-08,NA,NA,CNY
0.56,0.563,0.552,0.558,117709805,159740.SZ,2022-08-09,NA,NA,CNY
0.554,0.555,0.536,0.539,218278500,159740.SZ,2022-08-10,NA,NA,CNY
0.547,0.557,0.547,0.556,166444400,159740.SZ,2022-08-11,NA,NA,CNY
0.561,0.563,0.557,0.561,136807904,159740.SZ,2022-08-12,NA,NA,CNY
0.557,0.568,0.556,0.561,93412300,159740.SZ,2022-08-15,NA,NA,CNY
0.564,0.566,0.543,0.548,132293800,159740.SZ,2022-08-16,NA,NA,CNY
0.554,0.556,0.546,0.552,139055929,159740.SZ,2022-08-17,NA,NA,CNY
0.551,0.552,0.545,0.546,109155501,159740.SZ,2022-08-18,NA,NA,CNY
0.542,0.553,0.542,0.546,87667912,159740.SZ,2022-08-19,NA,NA,CNY
0.543,0.549,0.541,0.546,139247000,159740.SZ,2022-08-22,NA,NA,CNY
0.547,0.55,0.541,0.543,151554901,159740.SZ,2022-08-23,NA,NA,CNY
0.545,0.546,0.529,0.531,159292454,159740.SZ,2022-08-24,NA,NA,CNY
0.539,0.553,0.535,0.552,187274400,159740.SZ,2022-08-25,NA,NA,CNY
0.569,0.569,0.56,0.562,241339200,159740.SZ,2022-08-26,NA,NA,CNY
0.559,0.566,0.555,0.562,173004300,159740.SZ,2022-08-29,NA,NA,CNY
0.562,0.562,0.545,0.555,225185100,159740.SZ,2022-08-30,NA,NA,CNY
0.547,0.574,0.546,0.564,276457200,159740.SZ,2022-08-31,NA,NA,CNY
0.561,0.567,0.552,0.553,239581100,159740.SZ,2022-09-01,NA,NA,CNY
0.556,0.559,0.544,0.548,203901400,159740.SZ,2022-09-02,NA,NA,CNY
0.54,0.543,0.535,0.54,190386300,159740.SZ,2022-09-05,NA,NA,CNY
0.542,0.545,0.535,0.541,195616101,159740.SZ,2022-09-06,NA,NA,CNY
0.533,0.535,0.529,0.535,255086700,159740.SZ,2022-09-07,NA,NA,CNY
0.537,0.54,0.531,0.531,186211300,159740.SZ,2022-09-08,NA,NA,CNY
0.531,0.543,0.53,0.541,243316304,159740.SZ,2022-09-09,NA,NA,CNY
0.544,0.546,0.54,0.54,160109004,159740.SZ,2022-09-13,NA,NA,CNY
0.529,0.532,0.525,0.529,172096300,159740.SZ,2022-09-14,NA,NA,CNY
0.529,0.531,0.525,0.527,164699100,159740.SZ,2022-09-15,NA,NA,CNY
0.525,0.528,0.52,0.521,162957600,159740.SZ,2022-09-16,NA,NA,CNY
0.517,0.518,0.505,0.507,173225400,159740.SZ,2022-09-19,NA,NA,CNY
0.512,0.521,0.512,0.517,146589700,159740.SZ,2022-09-20,NA,NA,CNY
0.512,0.513,0.505,0.507,207650904,159740.SZ,2022-09-21,NA,NA,CNY
0.494,0.501,0.49,0.494,225120400,159740.SZ,2022-09-22,NA,NA,CNY
0.493,0.497,0.488,0.49,222597700,159740.SZ,2022-09-23,NA,NA,CNY
0.482,0.502,0.482,0.493,231671900,159740.SZ,2022-09-26,NA,NA,CNY
0.496,0.498,0.489,0.498,206562000,159740.SZ,2022-09-27,NA,NA,CNY
0.494,0.495,0.486,0.486,192721300,159740.SZ,2022-09-28,NA,NA,CNY
0.494,0.496,0.472,0.477,181453597,159740.SZ,2022-09-29,NA,NA,CNY
0.477,0.479,0.461,0.466,330516796,159740.SZ,2022-09-30,NA,NA,CNY
0.465,0.468,0.459,0.46,160096606,159740.SZ,2022-10-10,NA,NA,CNY
0.46,0.462,0.448,0.452,281841493,159740.SZ,2022-10-11,NA,NA,CNY
0.448,0.464,0.432,0.458,505470105,159740.SZ,2022-10-12,NA,NA,CNY
0.449,0.451,0.439,0.439,402627598,159740.SZ,2022-10-13,NA,NA,CNY
0.445,0.456,0.443,0.445,664126900,159740.SZ,2022-10-14,NA,NA,CNY
0.435,0.439,0.428,0.437,632847511,159740.SZ,2022-10-17,NA,NA,CNY
0.448,0.453,0.441,0.452,717684298,159740.SZ,2022-10-18,NA,NA,CNY
0.45,0.453,0.44,0.44,555109500,159740.SZ,2022-10-19,NA,NA,CNY
0.426,0.437,0.42,0.428,1018423700,159740.SZ,2022-10-20,NA,NA,CNY
0.43,0.434,0.426,0.428,554490600,159740.SZ,2022-10-21,NA,NA,CNY
0.42,0.424,0.39,0.391,1490459000,159740.SZ,2022-10-24,NA,NA,CNY
0.392,0.41,0.381,0.398,1990841511,159740.SZ,2022-10-25,NA,NA,CNY
0.399,0.417,0.394,0.403,1491610572,159740.SZ,2022-10-26,NA,NA,CNY
0.418,0.42,0.407,0.407,995834892,159740.SZ,2022-10-27,NA,NA,CNY
0.403,0.407,0.385,0.386,1109274400,159740.SZ,2022-10-28,NA,NA,CNY
0.387,0.406,0.385,0.395,1266554379,159740.SZ,2022-10-31,NA,NA,CNY
0.401,0.431,0.4,0.425,1764845548,159740.SZ,2022-11-01,NA,NA,CNY
0.419,0.436,0.416,0.429,1420494181,159740.SZ,2022-11-02,NA,NA,CNY
0.421,0.429,0.418,0.42,833642092,159740.SZ,2022-11-03,NA,NA,CNY
0.424,0.461,0.424,0.45,1844307672,159740.SZ,2022-11-04,NA,NA,CNY
0.437,0.47,0.436,0.463,1589053200,159740.SZ,2022-11-07,NA,NA,CNY
0.465,0.468,0.455,0.458,965584300,159740.SZ,2022-11-08,NA,NA,CNY
0.459,0.465,0.445,0.445,1058454500,159740.SZ,2022-11-09,NA,NA,CNY
0.439,0.442,0.436,0.436,827755600,159740.SZ,2022-11-10,NA,NA,CNY
0.479,0.479,0.458,0.466,1648592350,159740.SZ,2022-11-11,NA,NA,CNY
0.482,0.488,0.471,0.473,1582704638,159740.SZ,2022-11-14,NA,NA,CNY
0.471,0.509,0.468,0.505,1873415558,159740.SZ,2022-11-15,NA,NA,CNY
0.508,0.519,0.498,0.502,1440200200,159740.SZ,2022-11-16,NA,NA,CNY
0.5,0.503,0.486,0.5,1125650258,159740.SZ,2022-11-17,NA,NA,CNY
0.516,0.524,0.501,0.503,1376350771,159740.SZ,2022-11-18,NA,NA,CNY
0.492,0.497,0.481,0.495,877107100,159740.SZ,2022-11-21,NA,NA,CNY
0.493,0.496,0.473,0.475,1103224280,159740.SZ,2022-11-22,NA,NA,CNY
0.479,0.488,0.473,0.485,1128086100,159740.SZ,2022-11-23,NA,NA,CNY
0.489,0.493,0.481,0.483,693307718,159740.SZ,2022-11-24,NA,NA,CNY
0.486,0.486,0.473,0.477,692185300,159740.SZ,2022-11-25,NA,NA,CNY
0.457,0.471,0.456,0.466,1099202100,159740.SZ,2022-11-28,NA,NA,CNY
0.478,0.496,0.477,0.494,1427183908,159740.SZ,2022-11-29,NA,NA,CNY
0.497,0.506,0.494,0.503,885591710,159740.SZ,2022-11-30,NA,NA,CNY
0.53,0.537,0.517,0.52,1320504462,159740.SZ,2022-12-01,NA,NA,CNY
0.517,0.529,0.514,0.517,912389900,159740.SZ,2022-12-02,NA,NA,CNY
0.539,0.559,0.532,0.558,1261790190,159740.SZ,2022-12-05,NA,NA,CNY
0.546,0.567,0.544,0.548,1049633869,159740.SZ,2022-12-06,NA,NA,CNY
0.551,0.572,0.545,0.545,1405116351,159740.SZ,2022-12-07,NA,NA,CNY
0.541,0.561,0.54,0.559,1152147700,159740.SZ,2022-12-08,NA,NA,CNY
0.566,0.581,0.558,0.575,1407116109,159740.SZ,2022-12-09,NA,NA,CNY
0.566,0.573,0.555,0.556,959660600,159740.SZ,2022-12-12,NA,NA,CNY
0.556,0.567,0.552,0.559,988551401,159740.SZ,2022-12-13,NA,NA,CNY
0.566,0.569,0.551,0.562,969014841,159740.SZ,2022-12-14,NA,NA,CNY
0.559,0.561,0.547,0.549,819443000,159740.SZ,2022-12-15,NA,NA,CNY
0.545,0.557,0.538,0.551,1145868400,159740.SZ,2022-12-16,NA,NA,CNY
0.555,0.567,0.544,0.547,1026164775,159740.SZ,2022-12-19,NA,NA,CNY
0.54,0.542,0.524,0.527,1001775600,159740.SZ,2022-12-20,NA,NA,CNY
0.532,0.536,0.528,0.529,635071000,159740.SZ,2022-12-21,NA,NA,CNY
0.546,0.559,0.543,0.555,951481303,159740.SZ,2022-12-22,NA,NA,CNY
0.546,0.556,0.544,0.548,802805963,159740.SZ,2022-12-23,NA,NA,CNY
0.545,0.545,0.539,0.54,145285301,159740.SZ,2022-12-26,NA,NA,CNY
0.545,0.553,0.543,0.553,237456000,159740.SZ,2022-12-27,NA,NA,CNY
0.551,0.564,0.549,0.553,798175586,159740.SZ,2022-12-28,NA,NA,CNY
0.545,0.551,0.54,0.542,657276803,159740.SZ,2022-12-29,NA,NA,CNY
0.554,0.556,0.544,0.545,618645700,159740.SZ,2022-12-30,NA,NA,CNY
0.54,0.554,0.528,0.551,949894545,159740.SZ,2023-01-03,NA,NA,CNY
0.56,0.575,0.556,0.575,1207282122,159740.SZ,2023-01-04,NA,NA,CNY
0.595,0.599,0.582,0.583,1021257069,159740.SZ,2023-01-05,NA,NA,CNY
0.591,0.592,0.57,0.574,808587302,159740.SZ,2023-01-06,NA,NA,CNY
0.581,0.59,0.576,0.586,671128693,159740.SZ,2023-01-09,NA,NA,CNY
0.583,0.586,0.575,0.583,568344302,159740.SZ,2023-01-10,NA,NA,CNY
0.588,0.595,0.582,0.583,701696299,159740.SZ,2023-01-11,NA,NA,CNY
0.585,0.587,0.565,0.569,828491845,159740.SZ,2023-01-12,NA,NA,CNY
0.572,0.576,0.566,0.576,582433038,159740.SZ,2023-01-13,NA,NA,CNY
0.58,0.582,0.566,0.568,763516698,159740.SZ,2023-01-16,NA,NA,CNY
0.57,0.581,0.567,0.571,649085793,159740.SZ,2023-01-17,NA,NA,CNY
0.571,0.579,0.567,0.574,639608794,159740.SZ,2023-01-18,NA,NA,CNY
0.569,0.573,0.564,0.57,541006951,159740.SZ,2023-01-19,NA,NA,CNY
0.574,0.584,0.574,0.581,494307300,159740.SZ,2023-01-20,NA,NA,CNY
0.605,0.608,0.584,0.585,864810200,159740.SZ,2023-01-30,NA,NA,CNY
0.585,0.59,0.569,0.57,631515430,159740.SZ,2023-01-31,NA,NA,CNY
0.579,0.595,0.575,0.593,752753068,159740.SZ,2023-02-01,NA,NA,CNY
0.602,0.605,0.594,0.598,667560500,159740.SZ,2023-02-02,NA,NA,CNY
0.59,0.594,0.581,0.589,609260963,159740.SZ,2023-02-03,NA,NA,CNY
0.576,0.578,0.566,0.569,709514117,159740.SZ,2023-02-06,NA,NA,CNY
0.572,0.584,0.571,0.576,642696575,159740.SZ,2023-02-07,NA,NA,CNY
0.576,0.578,0.564,0.566,682973277,159740.SZ,2023-02-08,NA,NA,CNY
0.56,0.582,0.558,0.581,1070267800,159740.SZ,2023-02-09,NA,NA,CNY
0.576,0.578,0.56,0.561,870699401,159740.SZ,2023-02-10,NA,NA,CNY
0.555,0.565,0.551,0.561,666694805,159740.SZ,2023-02-13,NA,NA,CNY
0.564,0.565,0.557,0.558,412342239,159740.SZ,2023-02-14,NA,NA,CNY
0.559,0.562,0.549,0.554,561453401,159740.SZ,2023-02-15,NA,NA,CNY
0.559,0.575,0.558,0.563,1023407084,159740.SZ,2023-02-16,NA,NA,CNY
0.562,0.568,0.552,0.552,625319928,159740.SZ,2023-02-17,NA,NA,CNY
0.551,0.561,0.546,0.56,720759112,159740.SZ,2023-02-20,NA,NA,CNY
0.555,0.558,0.542,0.545,842335400,159740.SZ,2023-02-21,NA,NA,CNY
0.538,0.542,0.532,0.535,756321661,159740.SZ,2023-02-22,NA,NA,CNY
0.535,0.545,0.534,0.539,800529934,159740.SZ,2023-02-23,NA,NA,CNY
0.535,0.538,0.527,0.529,902493800,159740.SZ,2023-02-24,NA,NA,CNY
0.522,0.53,0.519,0.521,834347702,159740.SZ,2023-02-27,NA,NA,CNY
0.526,0.529,0.514,0.518,731445136,159740.SZ,2023-02-28,NA,NA,CNY
0.519,0.544,0.518,0.543,1221139428,159740.SZ,2023-03-01,NA,NA,CNY
0.535,0.539,0.532,0.535,864013500,159740.SZ,2023-03-02,NA,NA,CNY
0.547,0.552,0.54,0.55,881113923,159740.SZ,2023-03-03,NA,NA,CNY
0.545,0.55,0.54,0.547,772320500,159740.SZ,2023-03-06,NA,NA,CNY
0.544,0.555,0.533,0.535,1032507400,159740.SZ,2023-03-07,NA,NA,CNY
0.529,0.53,0.521,0.524,940144000,159740.SZ,2023-03-08,NA,NA,CNY
0.525,0.528,0.521,0.524,494575241,159740.SZ,2023-03-09,NA,NA,CNY
0.511,0.512,0.498,0.498,860056972,159740.SZ,2023-03-10,NA,NA,CNY
0.502,0.514,0.501,0.507,990047801,159740.SZ,2023-03-13,NA,NA,CNY
0.503,0.508,0.493,0.496,812996300,159740.SZ,2023-03-14,NA,NA,CNY
0.505,0.511,0.5,0.501,676685134,159740.SZ,2023-03-15,NA,NA,CNY
0.496,0.507,0.495,0.496,809413031,159740.SZ,2023-03-16,NA,NA,CNY
0.507,0.516,0.505,0.512,1005954600,159740.SZ,2023-03-17,NA,NA,CNY
0.513,0.515,0.498,0.5,669826600,159740.SZ,2023-03-20,NA,NA,CNY
0.507,0.511,0.503,0.511,674007099,159740.SZ,2023-03-21,NA,NA,CNY
0.519,0.527,0.518,0.52,760553200,159740.SZ,2023-03-22,NA,NA,CNY
0.517,0.535,0.516,0.535,946059260,159740.SZ,2023-03-23,NA,NA,CNY
0.537,0.552,0.535,0.54,989264800,159740.SZ,2023-03-24,NA,NA,CNY
0.543,0.544,0.529,0.537,1078080289,159740.SZ,2023-03-27,NA,NA,CNY
0.537,0.541,0.53,0.536,755041301,159740.SZ,2023-03-28,NA,NA,CNY
0.56,0.561,0.549,0.554,1578833498,159740.SZ,2023-03-29,NA,NA,CNY
0.556,0.561,0.548,0.554,692206900,159740.SZ,2023-03-30,NA,NA,CNY
0.564,0.565,0.554,0.557,661148816,159740.SZ,2023-03-31,NA,NA,CNY
0.556,0.559,0.551,0.556,590450916,159740.SZ,2023-04-03,NA,NA,CNY
0.554,0.555,0.546,0.551,651588000,159740.SZ,2023-04-04,NA,NA,CNY
0.542,0.549,0.541,0.544,554427600,159740.SZ,2023-04-06,NA,NA,CNY
0.55,0.554,0.55,0.553,191190700,159740.SZ,2023-04-07,NA,NA,CNY
0.554,0.555,0.552,0.553,138288903,159740.SZ,2023-04-10,NA,NA,CNY
0.555,0.56,0.544,0.548,597179900,159740.SZ,2023-04-11,NA,NA,CNY
0.55,0.552,0.54,0.542,371272470,159740.SZ,2023-04-12,NA,NA,CNY
0.53,0.538,0.528,0.533,699003570,159740.SZ,2023-04-13,NA,NA,CNY
0.54,0.543,0.532,0.537,624507200,159740.SZ,2023-04-14,NA,NA,CNY
0.534,0.551,0.534,0.551,867289903,159740.SZ,2023-04-17,NA,NA,CNY
0.548,0.551,0.543,0.545,682636301,159740.SZ,2023-04-18,NA,NA,CNY
0.545,0.546,0.535,0.537,370542300,159740.SZ,2023-04-19,NA,NA,CNY
0.535,0.538,0.533,0.534,438326300,159740.SZ,2023-04-20,NA,NA,CNY
0.531,0.532,0.518,0.518,534669100,159740.SZ,2023-04-21,NA,NA,CNY
0.519,0.523,0.51,0.511,564475000,159740.SZ,2023-04-24,NA,NA,CNY
0.513,0.514,0.496,0.5,646274300,159740.SZ,2023-04-25,NA,NA,CNY
0.497,0.513,0.497,0.508,743385800,159740.SZ,2023-04-26,NA,NA,CNY
0.506,0.507,0.501,0.504,473535800,159740.SZ,2023-04-27,NA,NA,CNY
0.508,0.517,0.508,0.514,451833406,159740.SZ,2023-04-28,NA,NA,CNY
0.506,0.51,0.501,0.504,535465400,159740.SZ,2023-05-04,NA,NA,CNY
0.511,0.516,0.507,0.51,611273718,159740.SZ,2023-05-05,NA,NA,CNY
0.512,0.516,0.508,0.512,473430801,159740.SZ,2023-05-08,NA,NA,CNY
0.511,0.512,0.499,0.499,659484586,159740.SZ,2023-05-09,NA,NA,CNY
0.5,0.502,0.494,0.502,543683700,159740.SZ,2023-05-10,NA,NA,CNY
0.508,0.51,0.5,0.501,473973320,159740.SZ,2023-05-11,NA,NA,CNY
0.513,0.516,0.507,0.508,638506399,159740.SZ,2023-05-12,NA,NA,CNY
0.505,0.519,0.504,0.515,630925002,159740.SZ,2023-05-15,NA,NA,CNY
0.523,0.524,0.517,0.519,336874439,159740.SZ,2023-05-16,NA,NA,CNY
0.522,0.524,0.516,0.517,335381102,159740.SZ,2023-05-17,NA,NA,CNY
0.518,0.523,0.515,0.517,518497475,159740.SZ,2023-05-18,NA,NA,CNY
0.513,0.515,0.509,0.511,438857400,159740.SZ,2023-05-19,NA,NA,CNY
0.511,0.522,0.508,0.521,608448400,159740.SZ,2023-05-22,NA,NA,CNY
0.521,0.525,0.511,0.512,425015000,159740.SZ,2023-05-23,NA,NA,CNY
0.508,0.51,0.504,0.505,505722600,159740.SZ,2023-05-24,NA,NA,CNY
0.499,0.503,0.488,0.494,650768331,159740.SZ,2023-05-25,NA,NA,CNY
0.49,0.492,0.487,0.492,144667500,159740.SZ,2023-05-26,NA,NA,CNY
0.499,0.501,0.487,0.49,516152378,159740.SZ,2023-05-29,NA,NA,CNY
0.491,0.497,0.488,0.496,532932602,159740.SZ,2023-05-30,NA,NA,CNY
0.49,0.491,0.48,0.482,559682800,159740.SZ,2023-05-31,NA,NA,CNY
0.485,0.498,0.484,0.488,884687122,159740.SZ,2023-06-01,NA,NA,CNY
0.499,0.513,0.498,0.511,701176900,159740.SZ,2023-06-02,NA,NA,CNY
0.509,0.515,0.507,0.512,513583401,159740.SZ,2023-06-05,NA,NA,CNY
0.513,0.522,0.509,0.51,813480496,159740.SZ,2023-06-06,NA,NA,CNY
0.522,0.525,0.519,0.524,545424512,159740.SZ,2023-06-07,NA,NA,CNY
0.523,0.524,0.516,0.52,556593500,159740.SZ,2023-06-08,NA,NA,CNY
0.524,0.528,0.517,0.528,581566500,159740.SZ,2023-06-09,NA,NA,CNY
0.528,0.53,0.522,0.528,486323844,159740.SZ,2023-06-12,NA,NA,CNY
0.527,0.546,0.527,0.541,898331700,159740.SZ,2023-06-13,NA,NA,CNY
0.545,0.553,0.542,0.542,669854900,159740.SZ,2023-06-14,NA,NA,CNY
0.553,0.559,0.552,0.558,978218200,159740.SZ,2023-06-15,NA,NA,CNY
0.564,0.57,0.56,0.566,1310039300,159740.SZ,2023-06-16,NA,NA,CNY
0.563,0.565,0.551,0.557,710226917,159740.SZ,2023-06-19,NA,NA,CNY
0.56,0.562,0.546,0.548,536713547,159740.SZ,2023-06-20,NA,NA,CNY
0.538,0.542,0.534,0.535,513009200,159740.SZ,2023-06-21,NA,NA,CNY
0.523,0.531,0.521,0.526,578047247,159740.SZ,2023-06-26,NA,NA,CNY
0.527,0.539,0.527,0.538,561279400,159740.SZ,2023-06-27,NA,NA,CNY
0.537,0.542,0.531,0.542,554300000,159740.SZ,2023-06-28,NA,NA,CNY
0.541,0.542,0.533,0.535,580660300,159740.SZ,2023-06-29,NA,NA,CNY
0.532,0.537,0.53,0.532,571401258,159740.SZ,2023-06-30,NA,NA,CNY
0.536,0.55,0.535,0.55,1074919917,159740.SZ,2023-07-03,NA,NA,CNY
0.548,0.555,0.544,0.55,591725500,159740.SZ,2023-07-04,NA,NA,CNY
0.55,0.553,0.542,0.544,383169259,159740.SZ,2023-07-05,NA,NA,CNY
0.541,0.55,0.532,0.535,596253800,159740.SZ,2023-07-06,NA,NA,CNY
0.532,0.537,0.524,0.53,660063801,159740.SZ,2023-07-07,NA,NA,CNY
0.541,0.544,0.532,0.534,509785300,159740.SZ,2023-07-10,NA,NA,CNY
0.544,0.547,0.538,0.543,482613303,159740.SZ,2023-07-11,NA,NA,CNY
0.546,0.554,0.544,0.548,580181500,159740.SZ,2023-07-12,NA,NA,CNY
0.56,0.569,0.56,0.567,724657357,159740.SZ,2023-07-13,NA,NA,CNY
0.573,0.575,0.563,0.565,620067800,159740.SZ,2023-07-14,NA,NA,CNY
0.561,0.563,0.555,0.558,127679808,159740.SZ,2023-07-17,NA,NA,CNY
0.565,0.565,0.555,0.556,402213400,159740.SZ,2023-07-18,NA,NA,CNY
0.549,0.558,0.546,0.558,533351900,159740.SZ,2023-07-19,NA,NA,CNY
0.559,0.564,0.548,0.549,618763996,159740.SZ,2023-07-20,NA,NA,CNY
0.548,0.558,0.546,0.552,405113844,159740.SZ,2023-07-21,NA,NA,CNY
0.546,0.552,0.54,0.542,394729400,159740.SZ,2023-07-24,NA,NA,CNY
0.563,0.569,0.56,0.569,640270904,159740.SZ,2023-07-25,NA,NA,CNY
0.567,0.569,0.563,0.568,371308200,159740.SZ,2023-07-26,NA,NA,CNY
0.577,0.585,0.575,0.58,681929798,159740.SZ,2023-07-27,NA,NA,CNY
0.577,0.602,0.576,0.6,799181556,159740.SZ,2023-07-28,NA,NA,CNY
0.619,0.629,0.612,0.616,860394639,159740.SZ,2023-07-31,NA,NA,CNY
0.618,0.629,0.607,0.609,767997320,159740.SZ,2023-08-01,NA,NA,CNY
0.608,0.614,0.591,0.592,714664744,159740.SZ,2023-08-02,NA,NA,CNY
0.591,0.603,0.59,0.601,796868700,159740.SZ,2023-08-03,NA,NA,CNY
0.609,0.614,0.6,0.604,851843200,159740.SZ,2023-08-04,NA,NA,CNY
0.601,0.609,0.596,0.606,563562811,159740.SZ,2023-08-07,NA,NA,CNY
0.598,0.602,0.591,0.594,612139800,159740.SZ,2023-08-08,NA,NA,CNY
0.586,0.594,0.583,0.589,673007400,159740.SZ,2023-08-09,NA,NA,CNY
0.587,0.592,0.583,0.591,594153400,159740.SZ,2023-08-10,NA,NA,CNY
0.595,0.595,0.58,0.58,632505300,159740.SZ,2023-08-11,NA,NA,CNY
0.568,0.571,0.564,0.57,720128424,159740.SZ,2023-08-14,NA,NA,CNY
0.571,0.578,0.568,0.573,744072514,159740.SZ,2023-08-15,NA,NA,CNY
0.566,0.572,0.562,0.563,634435600,159740.SZ,2023-08-16,NA,NA,CNY
0.555,0.572,0.552,0.572,1399082024,159740.SZ,2023-08-17,NA,NA,CNY
0.565,0.567,0.548,0.548,898400605,159740.SZ,2023-08-18,NA,NA,CNY
0.544,0.549,0.535,0.537,860014676,159740.SZ,2023-08-21,NA,NA,CNY
0.542,0.552,0.534,0.548,1122814608,159740.SZ,2023-08-22,NA,NA,CNY
0.545,0.552,0.539,0.543,987110300,159740.SZ,2023-08-23,NA,NA,CNY
0.55,0.565,0.549,0.562,1391752134,159740.SZ,2023-08-24,NA,NA,CNY
0.554,0.557,0.55,0.552,1136469704,159740.SZ,2023-08-25,NA,NA,CNY
0.577,0.585,0.56,0.561,1402106404,159740.SZ,2023-08-28,NA,NA,CNY
0.565,0.576,0.563,0.573,1280061600,159740.SZ,2023-08-29,NA,NA,CNY
0.58,0.584,0.569,0.569,1123486964,159740.SZ,2023-08-30,NA,NA,CNY
0.573,0.577,0.563,0.564,1148148173,159740.SZ,2023-08-31,NA,NA,CNY
0.567,0.568,0.564,0.567,251508635,159740.SZ,2023-09-01,NA,NA,CNY
0.575,0.58,0.57,0.578,1012005761,159740.SZ,2023-09-04,NA,NA,CNY
0.576,0.577,0.566,0.568,791014794,159740.SZ,2023-09-05,NA,NA,CNY
0.564,0.566,0.557,0.562,869571042,159740.SZ,2023-09-06,NA,NA,CNY
0.564,0.565,0.553,0.553,826528375,159740.SZ,2023-09-07,NA,NA,CNY
0.545,0.547,0.543,0.546,231214073,159740.SZ,2023-09-08,NA,NA,CNY
0.542,0.551,0.54,0.548,1077117400,159740.SZ,2023-09-11,NA,NA,CNY
0.547,0.555,0.545,0.55,625433900,159740.SZ,2023-09-12,NA,NA,CNY
0.551,0.552,0.543,0.546,598929917,159740.SZ,2023-09-13,NA,NA,CNY
0.547,0.55,0.543,0.548,616175636,159740.SZ,2023-09-14,NA,NA,CNY
0.549,0.555,0.543,0.55,819448841,159740.SZ,2023-09-15,NA,NA,CNY
0.544,0.547,0.54,0.54,958964211,159740.SZ,2023-09-18,NA,NA,CNY
0.539,0.54,0.532,0.536,672299011,159740.SZ,2023-09-19,NA,NA,CNY
0.533,0.534,0.527,0.528,700007800,159740.SZ,2023-09-20,NA,NA,CNY
0.523,0.525,0.516,0.517,713644449,159740.SZ,2023-09-21,NA,NA,CNY
0.514,0.535,0.514,0.533,1423352848,159740.SZ,2023-09-22,NA,NA,CNY
0.532,0.533,0.522,0.522,619922088,159740.SZ,2023-09-25,NA,NA,CNY
0.521,0.522,0.515,0.517,521922508,159740.SZ,2023-09-26,NA,NA,CNY
0.516,0.524,0.516,0.518,565516200,159740.SZ,2023-09-27,NA,NA,CNY
0.519,0.521,0.508,0.509,716715400,159740.SZ,2023-09-28,NA,NA,CNY
0.513,0.518,0.51,0.516,525427940,159740.SZ,2023-10-09,NA,NA,CNY
0.52,0.528,0.52,0.521,623421860,159740.SZ,2023-10-10,NA,NA,CNY
0.532,0.535,0.528,0.532,688018200,159740.SZ,2023-10-11,NA,NA,CNY
0.541,0.542,0.537,0.539,406893900,159740.SZ,2023-10-12,NA,NA,CNY
0.525,0.53,0.521,0.525,587189100,159740.SZ,2023-10-13,NA,NA,CNY
0.521,0.523,0.511,0.514,553699520,159740.SZ,2023-10-16,NA,NA,CNY
0.518,0.519,0.514,0.517,459917700,159740.SZ,2023-10-17,NA,NA,CNY
0.513,0.514,0.507,0.507,655733000,159740.SZ,2023-10-18,NA,NA,CNY
0.499,0.503,0.497,0.498,572910500,159740.SZ,2023-10-19,NA,NA,CNY
0.494,0.5,0.494,0.496,528411400,159740.SZ,2023-10-20,NA,NA,CNY
0.492,0.493,0.486,0.488,326207200,159740.SZ,2023-10-23,NA,NA,CNY
0.492,0.495,0.484,0.491,855715902,159740.SZ,2023-10-24,NA,NA,CNY
0.509,0.511,0.498,0.5,982273900,159740.SZ,2023-10-25,NA,NA,CNY
0.498,0.503,0.494,0.5,621101704,159740.SZ,2023-10-26,NA,NA,CNY
0.503,0.515,0.501,0.512,926825275,159740.SZ,2023-10-27,NA,NA,CNY
0.507,0.518,0.506,0.515,746778300,159740.SZ,2023-10-30,NA,NA,CNY
0.514,0.514,0.504,0.507,662615300,159740.SZ,2023-10-31,NA,NA,CNY
0.509,0.51,0.5,0.505,685381949,159740.SZ,2023-11-01,NA,NA,CNY
0.513,0.52,0.51,0.51,848493073,159740.SZ,2023-11-02,NA,NA,CNY
0.518,0.528,0.515,0.527,889282000,159740.SZ,2023-11-03,NA,NA,CNY
0.537,0.548,0.536,0.546,941016201,159740.SZ,2023-11-06,NA,NA,CNY
0.54,0.547,0.538,0.541,699508621,159740.SZ,2023-11-07,NA,NA,CNY
0.539,0.546,0.536,0.538,820293100,159740.SZ,2023-11-08,NA,NA,CNY
0.54,0.545,0.537,0.54,731258995,159740.SZ,2023-11-09,NA,NA,CNY
0.53,0.532,0.523,0.524,704480800,159740.SZ,2023-11-10,NA,NA,CNY
0.527,0.532,0.525,0.53,494537100,159740.SZ,2023-11-13,NA,NA,CNY
0.538,0.539,0.53,0.533,589035116,159740.SZ,2023-11-14,NA,NA,CNY
0.546,0.551,0.542,0.55,837927948,159740.SZ,2023-11-15,NA,NA,CNY
0.556,0.556,0.538,0.544,959829687,159740.SZ,2023-11-16,NA,NA,CNY
0.534,0.538,0.531,0.535,760407200,159740.SZ,2023-11-17,NA,NA,CNY
0.539,0.545,0.535,0.543,940243600,159740.SZ,2023-11-20,NA,NA,CNY
0.551,0.553,0.538,0.54,867810600,159740.SZ,2023-11-21,NA,NA,CNY
0.537,0.542,0.534,0.535,682159463,159740.SZ,2023-11-22,NA,NA,CNY
0.537,0.545,0.536,0.545,841425100,159740.SZ,2023-11-23,NA,NA,CNY
0.542,0.544,0.538,0.539,428501700,159740.SZ,2023-11-24,NA,NA,CNY
0.541,0.542,0.531,0.539,684863419,159740.SZ,2023-11-27,NA,NA,CNY
0.536,0.54,0.532,0.535,616228275,159740.SZ,2023-11-28,NA,NA,CNY
0.534,0.535,0.518,0.52,926154462,159740.SZ,2023-11-29,NA,NA,CNY
0.52,0.522,0.513,0.52,863810695,159740.SZ,2023-11-30,NA,NA,CNY
0.518,0.519,0.51,0.515,729639000,159740.SZ,2023-12-01,NA,NA,CNY
0.515,0.516,0.501,0.501,919237507,159740.SZ,2023-12-04,NA,NA,CNY
0.5,0.501,0.488,0.489,982173900,159740.SZ,2023-12-05,NA,NA,CNY
0.492,0.505,0.491,0.5,1195485100,159740.SZ,2023-12-06,NA,NA,CNY
0.497,0.498,0.491,0.496,838870580,159740.SZ,2023-12-07,NA,NA,CNY
0.497,0.502,0.492,0.496,1086427592,159740.SZ,2023-12-08,NA,NA,CNY
0.489,0.493,0.482,0.491,1408933900,159740.SZ,2023-12-11,NA,NA,CNY
0.492,0.5,0.49,0.5,830646202,159740.SZ,2023-12-12,NA,NA,CNY
0.494,0.496,0.489,0.49,768151568,159740.SZ,2023-12-13,NA,NA,CNY
0.497,0.501,0.492,0.493,897725800,159740.SZ,2023-12-14,NA,NA,CNY
0.499,0.509,0.497,0.502,1341023404,159740.SZ,2023-12-15,NA,NA,CNY
0.498,0.501,0.495,0.496,802722300,159740.SZ,2023-12-18,NA,NA,CNY
0.494,0.498,0.49,0.495,649363832,159740.SZ,2023-12-19,NA,NA,CNY
0.5,0.502,0.495,0.497,748901731,159740.SZ,2023-12-20,NA,NA,CNY
0.49,0.497,0.489,0.496,947333800,159740.SZ,2023-12-21,NA,NA,CNY
0.499,0.503,0.471,0.472,1809062521,159740.SZ,2023-12-22,NA,NA,CNY
0.478,0.48,0.475,0.477,279820900,159740.SZ,2023-12-25,NA,NA,CNY
0.476,0.477,0.474,0.475,163655203,159740.SZ,2023-12-26,NA,NA,CNY
0.482,0.484,0.478,0.484,752043949,159740.SZ,2023-12-27,NA,NA,CNY
0.484,0.503,0.483,0.499,978698769,159740.SZ,2023-12-28,NA,NA,CNY
0.498,0.501,0.493,0.496,767849300,159740.SZ,2023-12-29,NA,NA,CNY
0.502,0.503,0.491,0.492,695935000,159740.SZ,2024-01-02,NA,NA,CNY
0.487,0.488,0.483,0.486,539343200,159740.SZ,2024-01-03,NA,NA,CNY
0.488,0.489,0.483,0.487,483868699,159740.SZ,2024-01-04,NA,NA,CNY
0.484,0.489,0.477,0.479,722234300,159740.SZ,2024-01-05,NA,NA,CNY
0.477,0.478,0.464,0.464,693563000,159740.SZ,2024-01-08,NA,NA,CNY
0.467,0.473,0.462,0.463,799824408,159740.SZ,2024-01-09,NA,NA,CNY
0.46,0.465,0.456,0.456,666848894,159740.SZ,2024-01-10,NA,NA,CNY
0.458,0.472,0.458,0.47,986675049,159740.SZ,2024-01-11,NA,NA,CNY
0.464,0.471,0.462,0.464,653301901,159740.SZ,2024-01-12,NA,NA,CNY
0.462,0.462,0.452,0.455,849519302,159740.SZ,2024-01-15,NA,NA,CNY
0.45,0.457,0.443,0.446,928626500,159740.SZ,2024-01-16,NA,NA,CNY
0.442,0.443,0.42,0.42,1501529300,159740.SZ,2024-01-17,NA,NA,CNY
0.423,0.429,0.418,0.428,1450983848,159740.SZ,2024-01-18,NA,NA,CNY
0.425,0.43,0.416,0.416,1073420904,159740.SZ,2024-01-19,NA,NA,CNY
0.42,0.423,0.4,0.404,1186553750,159740.SZ,2024-01-22,NA,NA,CNY
0.407,0.426,0.407,0.421,1968211220,159740.SZ,2024-01-23,NA,NA,CNY
0.429,0.434,0.418,0.43,1877745710,159740.SZ,2024-01-24,NA,NA,CNY
0.434,0.441,0.427,0.44,1627238838,159740.SZ,2024-01-25,NA,NA,CNY
0.436,0.437,0.422,0.426,1359330600,159740.SZ,2024-01-26,NA,NA,CNY
0.428,0.433,0.423,0.425,1083278600,159740.SZ,2024-01-29,NA,NA,CNY
0.417,0.421,0.411,0.413,917840200,159740.SZ,2024-01-30,NA,NA,CNY
0.409,0.414,0.399,0.4,1252856300,159740.SZ,2024-01-31,NA,NA,CNY
0.403,0.416,0.4,0.408,1666980159,159740.SZ,2024-02-01,NA,NA,CNY
0.416,0.421,0.4,0.406,1517278707,159740.SZ,2024-02-02,NA,NA,CNY
0.399,0.412,0.398,0.406,1827062010,159740.SZ,2024-02-05,NA,NA,CNY
0.407,0.432,0.407,0.431,1904145000,159740.SZ,2024-02-06,NA,NA,CNY
0.435,0.44,0.421,0.423,1873408805,159740.SZ,2024-02-07,NA,NA,CNY
0.422,0.429,0.419,0.422,1302642573,159740.SZ,2024-02-08,NA,NA,CNY
0.436,0.438,0.429,0.434,978319628,159740.SZ,2024-02-19,NA,NA,CNY
0.437,0.437,0.427,0.432,812522900,159740.SZ,2024-02-20,NA,NA,CNY
0.429,0.454,0.428,0.448,1589373608,159740.SZ,2024-02-21,NA,NA,CNY
0.445,0.451,0.441,0.45,1153253500,159740.SZ,2024-02-22,NA,NA,CNY
0.45,0.458,0.447,0.453,1192885091,159740.SZ,2024-02-23,NA,NA,CNY
0.45,0.456,0.448,0.45,874681700,159740.SZ,2024-02-26,NA,NA,CNY
0.454,0.459,0.448,0.459,1303236700,159740.SZ,2024-02-27,NA,NA,CNY
0.467,0.47,0.453,0.454,1318702376,159740.SZ,2024-02-28,NA,NA,CNY
0.449,0.46,0.449,0.458,1520340901,159740.SZ,2024-02-29,NA,NA,CNY
0.45,0.463,0.449,0.461,1609904526,159740.SZ,2024-03-01,NA,NA,CNY
0.462,0.464,0.455,0.457,1141127186,159740.SZ,2024-03-04,NA,NA,CNY
0.449,0.451,0.442,0.443,1057626900,159740.SZ,2024-03-05,NA,NA,CNY
0.442,0.457,0.441,0.45,1362832900,159740.SZ,2024-03-06,NA,NA,CNY
0.453,0.456,0.442,0.443,1006117800,159740.SZ,2024-03-07,NA,NA,CNY
0.446,0.453,0.445,0.451,923621800,159740.SZ,2024-03-08,NA,NA,CNY
0.452,0.459,0.451,0.459,1004043304,159740.SZ,2024-03-11,NA,NA,CNY
0.464,0.48,0.461,0.479,1602668109,159740.SZ,2024-03-12,NA,NA,CNY
0.48,0.488,0.479,0.481,1180131400,159740.SZ,2024-03-13,NA,NA,CNY
0.483,0.487,0.471,0.473,909360600,159740.SZ,2024-03-14,NA,NA,CNY
0.465,0.469,0.461,0.468,940758545,159740.SZ,2024-03-15,NA,NA,CNY
0.467,0.476,0.465,0.476,1259401800,159740.SZ,2024-03-18,NA,NA,CNY
0.469,0.472,0.464,0.466,912008300,159740.SZ,2024-03-19,NA,NA,CNY
0.468,0.471,0.463,0.47,830362000,159740.SZ,2024-03-20,NA,NA,CNY
0.477,0.481,0.473,0.475,1175166305,159740.SZ,2024-03-21,NA,NA,CNY
0.467,0.469,0.456,0.459,1227727552,159740.SZ,2024-03-22,NA,NA,CNY
0.461,0.464,0.454,0.455,723210856,159740.SZ,2024-03-25,NA,NA,CNY
0.459,0.463,0.455,0.462,884483819,159740.SZ,2024-03-26,NA,NA,CNY
0.456,0.457,0.451,0.452,884248800,159740.SZ,2024-03-27,NA,NA,CNY
0.452,0.468,0.452,0.462,1159381800,159740.SZ,2024-03-28,NA,NA,CNY
0.465,0.466,0.463,0.465,199549400,159740.SZ,2024-03-29,NA,NA,CNY
0.466,0.472,0.465,0.472,396030000,159740.SZ,2024-04-01,NA,NA,CNY
0.475,0.475,0.467,0.468,971059300,159740.SZ,2024-04-02,NA,NA,CNY
0.469,0.47,0.46,0.46,656912500,159740.SZ,2024-04-03,NA,NA,CNY
0.456,0.464,0.454,0.457,712321126,159740.SZ,2024-04-08,NA,NA,CNY
0.459,0.466,0.458,0.462,740951600,159740.SZ,2024-04-09,NA,NA,CNY
0.467,0.474,0.465,0.469,982764904,159740.SZ,2024-04-10,NA,NA,CNY
0.461,0.471,0.46,0.469,883607202,159740.SZ,2024-04-11,NA,NA,CNY
0.466,0.471,0.461,0.462,552305800,159740.SZ,2024-04-12,NA,NA,CNY
0.456,0.459,0.45,0.457,1196690500,159740.SZ,2024-04-15,NA,NA,CNY
0.45,0.453,0.442,0.442,1080604500,159740.SZ,2024-04-16,NA,NA,CNY
0.444,0.449,0.442,0.445,763808200,159740.SZ,2024-04-17,NA,NA,CNY
0.444,0.452,0.441,0.446,982167300,159740.SZ,2024-04-18,NA,NA,CNY
0.442,0.443,0.432,0.436,948794500,159740.SZ,2024-04-19,NA,NA,CNY
0.44,0.449,0.438,0.444,785278500,159740.SZ,2024-04-22,NA,NA,CNY
0.45,0.457,0.447,0.456,847512200,159740.SZ,2024-04-23,NA,NA,CNY
0.462,0.473,0.46,0.473,836844400,159740.SZ,2024-04-24,NA,NA,CNY
0.472,0.479,0.467,0.47,1051767400,159740.SZ,2024-04-25,NA,NA,CNY
0.473,0.494,0.472,0.49,1080372700,159740.SZ,2024-04-26,NA,NA,CNY
0.494,0.503,0.49,0.49,1294964602,159740.SZ,2024-04-29,NA,NA,CNY
0.493,0.496,0.486,0.488,928952800,159740.SZ,2024-04-30,NA,NA,CNY
0.52,0.529,0.518,0.529,1269918108,159740.SZ,2024-05-06,NA,NA,CNY
0.525,0.528,0.516,0.518,845751201,159740.SZ,2024-05-07,NA,NA,CNY
0.517,0.524,0.51,0.512,1067976001,159740.SZ,2024-05-08,NA,NA,CNY
0.513,0.523,0.513,0.522,944993305,159740.SZ,2024-05-09,NA,NA,CNY
0.526,0.53,0.517,0.522,1106678953,159740.SZ,2024-05-10,NA,NA,CNY
0.518,0.533,0.517,0.532,1026769400,159740.SZ,2024-05-13,NA,NA,CNY
0.54,0.545,0.536,0.537,929572900,159740.SZ,2024-05-14,NA,NA,CNY
0.536,0.537,0.533,0.534,217230300,159740.SZ,2024-05-15,NA,NA,CNY
0.541,0.542,0.533,0.54,981439190,159740.SZ,2024-05-16,NA,NA,CNY
0.547,0.552,0.541,0.544,956579404,159740.SZ,2024-05-17,NA,NA,CNY
0.547,0.551,0.546,0.548,755026279,159740.SZ,2024-05-20,NA,NA,CNY
0.542,0.543,0.526,0.528,761770700,159740.SZ,2024-05-21,NA,NA,CNY
0.53,0.535,0.525,0.531,875905906,159740.SZ,2024-05-22,NA,NA,CNY
0.528,0.528,0.519,0.52,612200782,159740.SZ,2024-05-23,NA,NA,CNY
0.515,0.519,0.503,0.504,901679702,159740.SZ,2024-05-24,NA,NA,CNY
0.506,0.515,0.5,0.514,1115983300,159740.SZ,2024-05-27,NA,NA,CNY
0.514,0.521,0.51,0.511,865642600,159740.SZ,2024-05-28,NA,NA,CNY
0.508,0.509,0.499,0.503,802777400,159740.SZ,2024-05-29,NA,NA,CNY
0.499,0.508,0.498,0.499,856128902,159740.SZ,2024-05-30,NA,NA,CNY
0.507,0.511,0.497,0.497,957255100,159740.SZ,2024-05-31,NA,NA,CNY
0.5,0.508,0.498,0.504,797767300,159740.SZ,2024-06-03,NA,NA,CNY
0.5,0.508,0.499,0.507,635912600,159740.SZ,2024-06-04,NA,NA,CNY
0.506,0.515,0.505,0.506,768187000,159740.SZ,2024-06-05,NA,NA,CNY
0.514,0.517,0.507,0.509,882991200,159740.SZ,2024-06-06,NA,NA,CNY
0.513,0.514,0.501,0.503,817487004,159740.SZ,2024-06-07,NA,NA,CNY
0.498,0.504,0.495,0.502,820539404,159740.SZ,2024-06-11,NA,NA,CNY
0.499,0.503,0.494,0.495,1054269800,159740.SZ,2024-06-12,NA,NA,CNY
0.5,0.502,0.494,0.497,899297900,159740.SZ,2024-06-13,NA,NA,CNY
0.498,0.499,0.494,0.497,889070600,159740.SZ,2024-06-14,NA,NA,CNY
0.492,0.5,0.49,0.496,744896700,159740.SZ,2024-06-17,NA,NA,CNY
0.498,0.502,0.494,0.496,797401800,159740.SZ,2024-06-18,NA,NA,CNY
0.5,0.51,0.498,0.509,902194000,159740.SZ,2024-06-19,NA,NA,CNY
0.511,0.513,0.502,0.504,740528500,159740.SZ,2024-06-20,NA,NA,CNY
0.5,0.5,0.492,0.495,694717301,159740.SZ,2024-06-21,NA,NA,CNY
0.492,0.493,0.486,0.486,535862400,159740.SZ,2024-06-24,NA,NA,CNY
0.493,0.495,0.485,0.486,717650100,159740.SZ,2024-06-25,NA,NA,CNY
0.487,0.496,0.486,0.494,780758200,159740.SZ,2024-06-26,NA,NA,CNY
0.49,0.491,0.48,0.481,683794500,159740.SZ,2024-06-27,NA,NA,CNY
0.477,0.485,0.476,0.478,773342901,159740.SZ,2024-06-28,NA,NA,CNY
0.475,0.477,0.472,0.477,263654400,159740.SZ,2024-07-01,NA,NA,CNY
0.475,0.484,0.474,0.476,609102800,159740.SZ,2024-07-02,NA,NA,CNY
0.479,0.487,0.477,0.485,769963300,159740.SZ,2024-07-03,NA,NA,CNY
0.492,0.496,0.486,0.489,678178800,159740.SZ,2024-07-04,NA,NA,CNY
0.488,0.491,0.48,0.483,642124898,159740.SZ,2024-07-05,NA,NA,CNY
0.481,0.485,0.475,0.477,469100700,159740.SZ,2024-07-08,NA,NA,CNY
0.477,0.486,0.475,0.484,832055900,159740.SZ,2024-07-09,NA,NA,CNY
0.488,0.493,0.482,0.484,730791000,159740.SZ,2024-07-10,NA,NA,CNY
0.488,0.495,0.486,0.495,907347000,159740.SZ,2024-07-11,NA,NA,CNY
0.501,0.506,0.499,0.505,743262100,159740.SZ,2024-07-12,NA,NA,CNY
0.501,0.501,0.492,0.493,528679500,159740.SZ,2024-07-15,NA,NA,CNY
0.488,0.49,0.485,0.49,613885300,159740.SZ,2024-07-16,NA,NA,CNY
0.491,0.494,0.488,0.492,553567700,159740.SZ,2024-07-17,NA,NA,CNY
0.486,0.489,0.482,0.489,579131300,159740.SZ,2024-07-18,NA,NA,CNY
0.482,0.485,0.478,0.48,623587600,159740.SZ,2024-07-19,NA,NA,CNY
0.481,0.488,0.478,0.487,657821200,159740.SZ,2024-07-22,NA,NA,CNY
0.489,0.49,0.478,0.478,479726900,159740.SZ,2024-07-23,NA,NA,CNY
0.478,0.481,0.469,0.469,505317500,159740.SZ,2024-07-24,NA,NA,CNY
0.467,0.468,0.46,0.461,584943000,159740.SZ,2024-07-25,NA,NA,CNY
0.464,0.468,0.461,0.466,576664801,159740.SZ,2024-07-26,NA,NA,CNY
0.471,0.473,0.467,0.469,631744800,159740.SZ,2024-07-29,NA,NA,CNY
0.467,0.467,0.46,0.461,449681500,159740.SZ,2024-07-30,NA,NA,CNY
0.461,0.475,0.46,0.475,877559200,159740.SZ,2024-07-31,NA,NA,CNY
0.472,0.473,0.468,0.469,585964900,159740.SZ,2024-08-01,NA,NA,CNY
0.461,0.465,0.454,0.456,741191800,159740.SZ,2024-08-02,NA,NA,CNY
0.45,0.461,0.442,0.445,1074049100,159740.SZ,2024-08-05,NA,NA,CNY
0.455,0.458,0.446,0.451,858960200,159740.SZ,2024-08-06,NA,NA,CNY
0.453,0.46,0.451,0.455,1005437700,159740.SZ,2024-08-07,NA,NA,CNY
0.45,0.46,0.447,0.455,852627348,159740.SZ,2024-08-08,NA,NA,CNY
0.462,0.467,0.46,0.46,818768000,159740.SZ,2024-08-09,NA,NA,CNY
0.461,0.462,0.455,0.461,559678256,159740.SZ,2024-08-12,NA,NA,CNY
0.461,0.464,0.457,0.461,670801400,159740.SZ,2024-08-13,NA,NA,CNY
0.463,0.464,0.454,0.454,585023700,159740.SZ,2024-08-14,NA,NA,CNY
0.452,0.461,0.45,0.454,1001502500,159740.SZ,2024-08-15,NA,NA,CNY
0.46,0.465,0.459,0.464,870595900,159740.SZ,2024-08-16,NA,NA,CNY
0.47,0.477,0.469,0.471,695798700,159740.SZ,2024-08-19,NA,NA,CNY
0.475,0.475,0.466,0.467,509802852,159740.SZ,2024-08-20,NA,NA,CNY
0.458,0.46,0.453,0.459,639854999,159740.SZ,2024-08-21,NA,NA,CNY
0.465,0.467,0.46,0.467,626363600,159740.SZ,2024-08-22,NA,NA,CNY
0.462,0.464,0.46,0.462,446190700,159740.SZ,2024-08-23,NA,NA,CNY
0.466,0.47,0.464,0.467,631551800,159740.SZ,2024-08-26,NA,NA,CNY
0.461,0.467,0.459,0.466,631731600,159740.SZ,2024-08-27,NA,NA,CNY
0.464,0.465,0.458,0.461,627687700,159740.SZ,2024-08-28,NA,NA,CNY
0.454,0.462,0.45,0.461,786507700,159740.SZ,2024-08-29,NA,NA,CNY
0.463,0.481,0.462,0.475,1153131300,159740.SZ,2024-08-30,NA,NA,CNY
0.47,0.471,0.463,0.463,692985700,159740.SZ,2024-09-02,NA,NA,CNY
0.464,0.472,0.463,0.466,794844500,159740.SZ,2024-09-03,NA,NA,CNY
0.461,0.466,0.459,0.462,562065400,159740.SZ,2024-09-04,NA,NA,CNY
0.463,0.467,0.461,0.463,567667504,159740.SZ,2024-09-05,NA,NA,CNY
0.464,0.465,0.459,0.459,201933400,159740.SZ,2024-09-06,NA,NA,CNY
0.459,0.461,0.455,0.456,469491301,159740.SZ,2024-09-09,NA,NA,CNY
0.46,0.463,0.455,0.461,735167700,159740.SZ,2024-09-10,NA,NA,CNY
0.458,0.462,0.457,0.459,642560404,159740.SZ,2024-09-11,NA,NA,CNY
0.464,0.469,0.464,0.466,763613800,159740.SZ,2024-09-12,NA,NA,CNY
0.465,0.471,0.463,0.464,575537700,159740.SZ,2024-09-13,NA,NA,CNY
0.47,0.472,0.468,0.472,386635500,159740.SZ,2024-09-18,NA,NA,CNY
0.473,0.488,0.47,0.486,1478086200,159740.SZ,2024-09-19,NA,NA,CNY
0.486,0.496,0.483,0.489,1375458805,159740.SZ,2024-09-20,NA,NA,CNY
0.491,0.498,0.489,0.489,1027252700,159740.SZ,2024-09-23,NA,NA,CNY
0.503,0.516,0.497,0.516,1806399100,159740.SZ,2024-09-24,NA,NA,CNY
0.534,0.537,0.514,0.517,1832481798,159740.SZ,2024-09-25,NA,NA,CNY
0.524,0.552,0.521,0.552,2329865301,159740.SZ,2024-09-26,NA,NA,CNY
0.569,0.599,0.568,0.584,4394122853,159740.SZ,2024-09-27,NA,NA,CNY
0.62,0.642,0.598,0.642,3687883742,159740.SZ,2024-09-30,NA,NA,CNY
0.706,0.706,0.62,0.656,7754372193,159740.SZ,2024-10-08,NA,NA,CNY
0.655,0.661,0.608,0.61,6343255478,159740.SZ,2024-10-09,NA,NA,CNY
0.628,0.643,0.621,0.626,4905284407,159740.SZ,2024-10-10,NA,NA,CNY
0.624,0.625,0.601,0.606,1375953008,159740.SZ,2024-10-11,NA,NA,CNY
0.615,0.625,0.599,0.619,4446427204,159740.SZ,2024-10-14,NA,NA,CNY
0.616,0.623,0.592,0.593,3362925550,159740.SZ,2024-10-15,NA,NA,CNY
0.585,0.601,0.584,0.59,3486458900,159740.SZ,2024-10-16,NA,NA,CNY
0.598,0.607,0.585,0.585,3246182078,159740.SZ,2024-10-17,NA,NA,CNY
0.583,0.625,0.58,0.61,6664931293,159740.SZ,2024-10-18,NA,NA,CNY
0.612,0.618,0.6,0.601,4508735023,159740.SZ,2024-10-21,NA,NA,CNY
0.604,0.61,0.6,0.604,2748291801,159740.SZ,2024-10-22,NA,NA,CNY
0.606,0.623,0.603,0.614,3143365071,159740.SZ,2024-10-23,NA,NA,CNY
0.608,0.61,0.6,0.601,2030724515,159740.SZ,2024-10-24,NA,NA,CNY
0.601,0.613,0.601,0.604,2732021034,159740.SZ,2024-10-25,NA,NA,CNY
0.607,0.614,0.604,0.612,2024042908,159740.SZ,2024-10-28,NA,NA,CNY
0.622,0.627,0.615,0.616,2267453800,159740.SZ,2024-10-29,NA,NA,CNY
0.612,0.615,0.601,0.603,2248123600,159740.SZ,2024-10-30,NA,NA,CNY
0.604,0.611,0.6,0.603,2324556204,159740.SZ,2024-10-31,NA,NA,CNY
0.601,0.606,0.595,0.597,2263014700,159740.SZ,2024-11-01,NA,NA,CNY
0.6,0.606,0.598,0.602,1587831000,159740.SZ,2024-11-04,NA,NA,CNY
0.598,0.619,0.598,0.618,2552804700,159740.SZ,2024-11-05,NA,NA,CNY
0.618,0.622,0.605,0.61,2814336100,159740.SZ,2024-11-06,NA,NA,CNY
0.608,0.625,0.605,0.625,2771315700,159740.SZ,2024-11-07,NA,NA,CNY
0.639,0.648,0.626,0.628,2843909303,159740.SZ,2024-11-08,NA,NA,CNY
0.61,0.627,0.609,0.625,2402637202,159740.SZ,2024-11-11,NA,NA,CNY
0.623,0.632,0.604,0.606,2680395499,159740.SZ,2024-11-12,NA,NA,CNY
0.599,0.602,0.593,0.6,2090308900,159740.SZ,2024-11-13,NA,NA,CNY
0.595,0.604,0.583,0.585,2032635300,159740.SZ,2024-11-14,NA,NA,CNY
0.587,0.595,0.582,0.586,2140298400,159740.SZ,2024-11-15,NA,NA,CNY
0.593,0.596,0.585,0.589,1778866700,159740.SZ,2024-11-18,NA,NA,CNY
0.594,0.597,0.588,0.595,1497648900,159740.SZ,2024-11-19,NA,NA,CNY
0.592,0.6,0.591,0.596,1469753305,159740.SZ,2024-11-20,NA,NA,CNY
0.595,0.597,0.59,0.591,1267701201,159740.SZ,2024-11-21,NA,NA,CNY
0.591,0.595,0.574,0.574,1597669901,159740.SZ,2024-11-22,NA,NA,CNY
0.578,0.58,0.568,0.572,1392933903,159740.SZ,2024-11-25,NA,NA,CNY
0.57,0.577,0.57,0.572,1250353700,159740.SZ,2024-11-26,NA,NA,CNY
0.573,0.586,0.569,0.586,1628630700,159740.SZ,2024-11-27,NA,NA,CNY
0.59,0.591,0.581,0.582,1258471700,159740.SZ,2024-11-28,NA,NA,CNY
0.584,0.598,0.582,0.586,2110982342,159740.SZ,2024-11-29,NA,NA,CNY
0.588,0.598,0.587,0.594,1436872700,159740.SZ,2024-12-02,NA,NA,CNY
0.597,0.599,0.588,0.595,1381628600,159740.SZ,2024-12-03,NA,NA,CNY
0.596,0.6,0.592,0.594,1146374701,159740.SZ,2024-12-04,NA,NA,CNY
0.589,0.592,0.587,0.589,863802700,159740.SZ,2024-12-05,NA,NA,CNY
0.592,0.601,0.588,0.599,1438734300,159740.SZ,2024-12-06,NA,NA,CNY
0.597,0.605,0.595,0.6,997895300,159740.SZ,2024-12-09,NA,NA,CNY
0.64,0.646,0.617,0.618,2664367302,159740.SZ,2024-12-10,NA,NA,CNY
0.62,0.623,0.608,0.61,1202194701,159740.SZ,2024-12-11,NA,NA,CNY
0.612,0.625,0.608,0.622,1740917337,159740.SZ,2024-12-12,NA,NA,CNY
0.613,0.615,0.603,0.604,1488643790,159740.SZ,2024-12-13,NA,NA,CNY
0.604,0.606,0.592,0.594,1132719400,159740.SZ,2024-12-16,NA,NA,CNY
0.592,0.603,0.588,0.593,1495813300,159740.SZ,2024-12-17,NA,NA,CNY
0.599,0.604,0.597,0.601,1034902000,159740.SZ,2024-12-18,NA,NA,CNY
0.594,0.601,0.592,0.601,1296608400,159740.SZ,2024-12-19,NA,NA,CNY
0.598,0.604,0.597,0.6,1300773983,159740.SZ,2024-12-20,NA,NA,CNY
0.602,0.605,0.597,0.6,1161591348,159740.SZ,2024-12-23,NA,NA,CNY
0.601,0.608,0.6,0.608,1060015615,159740.SZ,2024-12-24,NA,NA,CNY
0.608,0.61,0.606,0.607,323906900,159740.SZ,2024-12-25,NA,NA,CNY
0.608,0.609,0.606,0.607,296789600,159740.SZ,2024-12-26,NA,NA,CNY
0.609,0.615,0.608,0.609,1242991297,159740.SZ,2024-12-27,NA,NA,CNY
0.611,0.613,0.604,0.608,1037607000,159740.SZ,2024-12-30,NA,NA,CNY
0.603,0.606,0.595,0.595,907021101,159740.SZ,2024-12-31,NA,NA,CNY
0.595,0.598,0.585,0.587,1433185814,159740.SZ,2025-01-02,NA,NA,CNY
0.59,0.599,0.584,0.59,1440797302,159740.SZ,2025-01-03,NA,NA,CNY
0.596,0.6,0.59,0.592,1084038100,159740.SZ,2025-01-06,NA,NA,CNY
0.587,0.594,0.578,0.584,1445217500,159740.SZ,2025-01-07,NA,NA,CNY
0.587,0.59,0.576,0.581,1471140500,159740.SZ,2025-01-08,NA,NA,CNY
0.581,0.589,0.58,0.584,1151290200,159740.SZ,2025-01-09,NA,NA,CNY
0.584,0.589,0.576,0.576,1114753200,159740.SZ,2025-01-10,NA,NA,CNY
0.572,0.574,0.565,0.57,937235100,159740.SZ,2025-01-13,NA,NA,CNY
0.573,0.592,0.572,0.589,1527625600,159740.SZ,2025-01-14,NA,NA,CNY
0.586,0.593,0.583,0.589,908211700,159740.SZ,2025-01-15,NA,NA,CNY
0.596,0.606,0.589,0.596,1352356400,159740.SZ,2025-01-16,NA,NA,CNY
0.594,0.604,0.592,0.602,1086382100,159740.SZ,2025-01-17,NA,NA,CNY
0.612,0.623,0.611,0.617,1487061402,159740.SZ,2025-01-20,NA,NA,CNY
0.622,0.632,0.617,0.627,1478923860,159740.SZ,2025-01-21,NA,NA,CNY
0.622,0.625,0.611,0.612,1188441300,159740.SZ,2025-01-22,NA,NA,CNY
0.618,0.624,0.603,0.604,1715955257,159740.SZ,2025-01-23,NA,NA,CNY
0.608,0.624,0.607,0.622,1525276670,159740.SZ,2025-01-24,NA,NA,CNY
0.629,0.635,0.627,0.629,1120812515,159740.SZ,2025-01-27,NA,NA,CNY
0.661,0.666,0.65,0.658,1927834592,159740.SZ,2025-02-05,NA,NA,CNY
0.659,0.675,0.658,0.674,1551245100,159740.SZ,2025-02-06,NA,NA,CNY
0.676,0.697,0.675,0.691,2541118771,159740.SZ,2025-02-07,NA,NA,CNY
0.696,0.709,0.696,0.706,2238399500,159740.SZ,2025-02-10,NA,NA,CNY
0.71,0.711,0.692,0.694,1890890039,159740.SZ,2025-02-11,NA,NA,CNY
0.698,0.709,0.692,0.707,2695636282,159740.SZ,2025-02-12,NA,NA,CNY
0.713,0.737,0.71,0.716,3137385101,159740.SZ,2025-02-13,NA,NA,CNY
0.712,0.732,0.711,0.732,3095631522,159740.SZ,2025-02-14,NA,NA,CNY
0.751,0.76,0.727,0.742,3134904479,159740.SZ,2025-02-17,NA,NA,CNY
0.742,0.766,0.74,0.75,3167534311,159740.SZ,2025-02-18,NA,NA,CNY
0.747,0.764,0.742,0.763,2435884210,159740.SZ,2025-02-19,NA,NA,CNY
0.754,0.761,0.736,0.742,2256865623,159740.SZ,2025-02-20,NA,NA,CNY
0.759,0.78,0.753,0.779,2564105011,159740.SZ,2025-02-21,NA,NA,CNY
0.78,0.794,0.771,0.784,2588915835,159740.SZ,2025-02-24,NA,NA,CNY
0.753,0.783,0.749,0.767,2888069202,159740.SZ,2025-02-25,NA,NA,CNY
0.778,0.809,0.776,0.808,2880371265,159740.SZ,2025-02-26,NA,NA,CNY
0.809,0.824,0.781,0.801,4264011965,159740.SZ,2025-02-27,NA,NA,CNY
0.798,0.799,0.748,0.75,4011840801,159740.SZ,2025-02-28,NA,NA,CNY
0.76,0.769,0.737,0.743,3462480843,159740.SZ,2025-03-03,NA,NA,CNY
0.729,0.755,0.724,0.75,3918330300,159740.SZ,2025-03-04,NA,NA,CNY
0.756,0.772,0.752,0.771,3554285873,159740.SZ,2025-03-05,NA,NA,CNY
0.795,0.817,0.795,0.812,3554878418,159740.SZ,2025-03-06,NA,NA,CNY
0.806,0.834,0.8,0.808,4723628100,159740.SZ,2025-03-07,NA,NA,CNY
0.808,0.818,0.785,0.793,3637126244,159740.SZ,2025-03-10,NA,NA,CNY
0.776,0.803,0.771,0.795,4257158722,159740.SZ,2025-03-11,NA,NA,CNY
0.814,0.815,0.783,0.784,3359918601,159740.SZ,2025-03-12,NA,NA,CNY
0.789,0.792,0.761,0.77,3078535500,159740.SZ,2025-03-13,NA,NA,CNY
0.782,0.795,0.77,0.791,3895957988,159740.SZ,2025-03-14,NA,NA,CNY
0.795,0.797,0.783,0.79,2159044701,159740.SZ,2025-03-17,NA,NA,CNY
0.807,0.814,0.802,0.812,2788851157,159740.SZ,2025-03-18,NA,NA,CNY
0.81,0.817,0.802,0.811,2161323147,159740.SZ,2025-03-19,NA,NA,CNY
0.805,0.806,0.786,0.787,2412387400,159740.SZ,2025-03-20,NA,NA,CNY
0.78,0.789,0.757,0.762,2642329700,159740.SZ,2025-03-21,NA,NA,CNY
0.762,0.767,0.755,0.764,1953715300,159740.SZ,2025-03-24,NA,NA,CNY
0.759,0.766,0.743,0.744,1912442900,159740.SZ,2025-03-25,NA,NA,CNY
0.747,0.757,0.746,0.749,1803833900,159740.SZ,2025-03-26,NA,NA,CNY
0.753,0.769,0.742,0.757,2567723510,159740.SZ,2025-03-27,NA,NA,CNY
0.759,0.762,0.738,0.743,2147470600,159740.SZ,2025-03-28,NA,NA,CNY
0.736,0.739,0.722,0.729,1806559952,159740.SZ,2025-03-31,NA,NA,CNY
0.735,0.744,0.731,0.735,2528460700,159740.SZ,2025-04-01,NA,NA,CNY
0.73,0.744,0.727,0.734,2160139098,159740.SZ,2025-04-02,NA,NA,CNY
0.72,0.73,0.714,0.72,2510667402,159740.SZ,2025-04-03,NA,NA,CNY
0.658,0.674,0.648,0.648,2321689700,159740.SZ,2025-04-07,NA,NA,CNY
0.642,0.65,0.603,0.618,5777141152,159740.SZ,2025-04-08,NA,NA,CNY
0.596,0.64,0.589,0.631,7451390213,159740.SZ,2025-04-09,NA,NA,CNY
0.665,0.685,0.656,0.66,6009893100,159740.SZ,2025-04-10,NA,NA,CNY
0.653,0.679,0.645,0.67,5832690200,159740.SZ,2025-04-11,NA,NA,CNY
0.686,0.69,0.676,0.677,3833980300,159740.SZ,2025-04-14,NA,NA,CNY
0.683,0.686,0.67,0.674,2702620100,159740.SZ,2025-04-15,NA,NA,CNY
0.667,0.669,0.648,0.656,2620384000,159740.SZ,2025-04-16,NA,NA,CNY
0.653,0.669,0.651,0.661,3164788000,159740.SZ,2025-04-17,NA,NA,CNY
0.656,0.658,0.654,0.657,709724200,159740.SZ,2025-04-18,NA,NA,CNY
0.655,0.665,0.654,0.665,738498500,159740.SZ,2025-04-21,NA,NA,CNY
0.664,0.67,0.656,0.665,2855141500,159740.SZ,2025-04-22,NA,NA,CNY
0.689,0.69,0.678,0.686,2775529590,159740.SZ,2025-04-23,NA,NA,CNY
0.685,0.688,0.67,0.673,2447558500,159740.SZ,2025-04-24,NA,NA,CNY
0.681,0.69,0.678,0.681,2738224200,159740.SZ,2025-04-25,NA,NA,CNY
0.68,0.682,0.674,0.68,1694799700,159740.SZ,2025-04-28,NA,NA,CNY
0.68,0.689,0.676,0.679,2106570100,159740.SZ,2025-04-29,NA,NA,CNY
0.68,0.687,0.677,0.685,2268267600,159740.SZ,2025-04-30,NA,NA,CNY
0.702,0.707,0.698,0.707,2963978510,159740.SZ,2025-05-06,NA,NA,CNY
0.722,0.726,0.702,0.705,3323739810,159740.SZ,2025-05-07,NA,NA,CNY
0.7,0.712,0.698,0.703,2551289200,159740.SZ,2025-05-08,NA,NA,CNY
0.703,0.704,0.691,0.695,2207598500,159740.SZ,2025-05-09,NA,NA,CNY
0.712,0.714,0.701,0.712,3076052100,159740.SZ,2025-05-12,NA,NA,CNY
0.722,0.723,0.706,0.707,2333124300,159740.SZ,2025-05-13,NA,NA,CNY
0.714,0.722,0.712,0.719,2532296248,159740.SZ,2025-05-14,NA,NA,CNY
0.716,0.722,0.708,0.709,1938132300,159740.SZ,2025-05-15,NA,NA,CNY
0.702,0.709,0.702,0.706,1688129400,159740.SZ,2025-05-16,NA,NA,CNY
0.702,0.707,0.693,0.703,1930581767,159740.SZ,2025-05-19,NA,NA,CNY
0.706,0.713,0.702,0.711,1827996900,159740.SZ,2025-05-20,NA,NA,CNY
0.71,0.716,0.71,0.71,1641612900,159740.SZ,2025-05-21,NA,NA,CNY
0.71,0.712,0.7,0.701,1661364234,159740.SZ,2025-05-22,NA,NA,CNY
0.702,0.708,0.696,0.697,1894077800,159740.SZ,2025-05-23,NA,NA,CNY
0.695,0.696,0.685,0.688,1696761100,159740.SZ,2025-05-26,NA,NA,CNY
0.684,0.691,0.681,0.69,1585662800,159740.SZ,2025-05-27,NA,NA,CNY
0.693,0.695,0.685,0.688,1176833700,159740.SZ,2025-05-28,NA,NA,CNY
0.691,0.707,0.689,0.703,2414023600,159740.SZ,2025-05-29,NA,NA,CNY
0.696,0.697,0.687,0.688,1541556200,159740.SZ,2025-05-30,NA,NA,CNY
0.30433333333333,0.31166666666667,0.30333333333333,0.31066666666667,180465400,515050.SH,2022-06-06,NA,NA,CNY
0.31,0.31066666666667,0.30533333333333,0.30733333333333,111400100,515050.SH,2022-06-07,NA,NA,CNY
0.307,0.31,0.30266666666667,0.307,135862800,515050.SH,2022-06-08,NA,NA,CNY
0.30533333333333,0.306,0.29633333333333,0.298,113097700,515050.SH,2022-06-09,NA,NA,CNY
0.296,0.303,0.29533333333333,0.30233333333333,95721800,515050.SH,2022-06-10,NA,NA,CNY
0.30033333333333,0.303,0.29833333333333,0.30166666666667,95420300,515050.SH,2022-06-13,NA,NA,CNY
0.298,0.29866666666667,0.28766666666667,0.29833333333333,158602900,515050.SH,2022-06-14,NA,NA,CNY
0.29766666666667,0.30566666666667,0.29733333333333,0.30066666666667,145479300,515050.SH,2022-06-15,NA,NA,CNY
0.301,0.30633333333333,0.301,0.30266666666667,109780200,515050.SH,2022-06-16,NA,NA,CNY
0.3,0.30433333333333,0.296,0.304,116223639,515050.SH,2022-06-17,NA,NA,CNY
0.304,0.30733333333333,0.302,0.30533333333333,100593400,515050.SH,2022-06-20,NA,NA,CNY
0.30533333333333,0.309,0.30266666666667,0.30566666666667,120930100,515050.SH,2022-06-21,NA,NA,CNY
0.306,0.30766666666667,0.29466666666667,0.296,149395448,515050.SH,2022-06-22,NA,NA,CNY
0.29466666666667,0.30166666666667,0.294,0.30133333333333,123283800,515050.SH,2022-06-23,NA,NA,CNY
0.30133333333333,0.30666666666667,0.301,0.30566666666667,128759500,515050.SH,2022-06-24,NA,NA,CNY
0.30733333333333,0.31033333333333,0.30666666666667,0.30966666666667,180527800,515050.SH,2022-06-27,NA,NA,CNY
0.30866666666667,0.31733333333333,0.30433333333333,0.317,192363100,515050.SH,2022-06-28,NA,NA,CNY
0.31666666666667,0.31933333333333,0.30933333333333,0.30966666666667,212005000,515050.SH,2022-06-29,NA,NA,CNY
0.30866666666667,0.315,0.308,0.31333333333333,104917300,515050.SH,2022-06-30,NA,NA,CNY
0.31333333333333,0.316,0.31033333333333,0.31133333333333,122383892,515050.SH,2022-07-01,NA,NA,CNY
0.30966666666667,0.31,0.30333333333333,0.30633333333333,115617200,515050.SH,2022-07-04,NA,NA,CNY
0.30633333333333,0.30733333333333,0.297,0.30133333333333,190978454,515050.SH,2022-07-05,NA,NA,CNY
0.3,0.305,0.29766666666667,0.30066666666667,137585854,515050.SH,2022-07-06,NA,NA,CNY
0.3,0.30366666666667,0.29666666666667,0.30266666666667,132051200,515050.SH,2022-07-07,NA,NA,CNY
0.30266666666667,0.31,0.30266666666667,0.30633333333333,146595284,515050.SH,2022-07-08,NA,NA,CNY
0.304,0.306,0.297,0.299,115891700,515050.SH,2022-07-11,NA,NA,CNY
0.298,0.3,0.29433333333333,0.29466666666667,93452200,515050.SH,2022-07-12,NA,NA,CNY
0.29466666666667,0.29566666666667,0.29,0.292,111015000,515050.SH,2022-07-13,NA,NA,CNY
0.29166666666667,0.297,0.29,0.295,92209200,515050.SH,2022-07-14,NA,NA,CNY
0.29366666666667,0.30133333333333,0.29366666666667,0.296,116454800,515050.SH,2022-07-15,NA,NA,CNY
0.296,0.3,0.291,0.29966666666667,85206100,515050.SH,2022-07-18,NA,NA,CNY
0.29766666666667,0.30266666666667,0.29733333333333,0.30266666666667,113091500,515050.SH,2022-07-19,NA,NA,CNY
0.30333333333333,0.30566666666667,0.302,0.30433333333333,80268400,515050.SH,2022-07-20,NA,NA,CNY
0.30233333333333,0.308,0.30133333333333,0.30533333333333,123875900,515050.SH,2022-07-21,NA,NA,CNY
0.30533333333333,0.30666666666667,0.299,0.30233333333333,105237700,515050.SH,2022-07-22,NA,NA,CNY
0.30133333333333,0.30166666666667,0.29566666666667,0.29566666666667,122395900,515050.SH,2022-07-25,NA,NA,CNY
0.29566666666667,0.29833333333333,0.29466666666667,0.298,209711600,515050.SH,2022-07-26,NA,NA,CNY
0.29766666666667,0.29866666666667,0.296,0.29766666666667,43977088,515050.SH,2022-07-27,NA,NA,CNY
0.299,0.308,0.29866666666667,0.30633333333333,138276788,515050.SH,2022-07-28,NA,NA,CNY
0.30666666666667,0.307,0.30233333333333,0.303,105842104,515050.SH,2022-07-29,NA,NA,CNY
0.30233333333333,0.312,0.29866666666667,0.31166666666667,372967065,515050.SH,2022-08-01,NA,NA,CNY
0.30666666666667,0.30866666666667,0.30166666666667,0.30533333333333,141053800,515050.SH,2022-08-02,NA,NA,CNY
0.305,0.31066666666667,0.303,0.30366666666667,122288455,515050.SH,2022-08-03,NA,NA,CNY
0.304,0.30833333333333,0.30366666666667,0.30566666666667,129492851,515050.SH,2022-08-04,NA,NA,CNY
0.30633333333333,0.317,0.30566666666667,0.317,217604900,515050.SH,2022-08-05,NA,NA,CNY
0.31733333333333,0.31766666666667,0.313,0.31666666666667,148940900,515050.SH,2022-08-08,NA,NA,CNY
0.31566666666667,0.317,0.31166666666667,0.31666666666667,80961648,515050.SH,2022-08-09,NA,NA,CNY
0.31533333333333,0.31666666666667,0.31033333333333,0.31133333333333,77345600,515050.SH,2022-08-10,NA,NA,CNY
0.31333333333333,0.32266666666667,0.31333333333333,0.32233333333333,129314017,515050.SH,2022-08-11,NA,NA,CNY
0.32233333333333,0.32266666666667,0.31733333333333,0.31833333333333,85100700,515050.SH,2022-08-12,NA,NA,CNY
0.31666666666667,0.318,0.31433333333333,0.315,277635101,515050.SH,2022-08-15,NA,NA,CNY
0.315,0.317,0.31233333333333,0.31366666666667,96954416,515050.SH,2022-08-16,NA,NA,CNY
0.31333333333333,0.321,0.312,0.32,115005700,515050.SH,2022-08-17,NA,NA,CNY
0.31966666666667,0.325,0.317,0.32366666666667,134496090,515050.SH,2022-08-18,NA,NA,CNY
0.32333333333333,0.327,0.31666666666667,0.31733333333333,115358700,515050.SH,2022-08-19,NA,NA,CNY
0.31533333333333,0.32233333333333,0.31333333333333,0.31966666666667,78014700,515050.SH,2022-08-22,NA,NA,CNY
0.319,0.32,0.31566666666667,0.317,99144400,515050.SH,2022-08-23,NA,NA,CNY
0.31733333333333,0.31733333333333,0.304,0.305,176809100,515050.SH,2022-08-24,NA,NA,CNY
0.30533333333333,0.30733333333333,0.301,0.30533333333333,172654900,515050.SH,2022-08-25,NA,NA,CNY
0.30666666666667,0.31033333333333,0.303,0.304,135024100,515050.SH,2022-08-26,NA,NA,CNY
0.3,0.30533333333333,0.29866666666667,0.303,71220100,515050.SH,2022-08-29,NA,NA,CNY
0.30266666666667,0.30566666666667,0.3,0.30233333333333,70927104,515050.SH,2022-08-30,NA,NA,CNY
0.30033333333333,0.30366666666667,0.29566666666667,0.29766666666667,88615604,515050.SH,2022-08-31,NA,NA,CNY
0.297,0.298,0.29233333333333,0.293,157179300,515050.SH,2022-09-01,NA,NA,CNY
0.29333333333333,0.30033333333333,0.29333333333333,0.29833333333333,164138501,515050.SH,2022-09-02,NA,NA,CNY
0.29766666666667,0.29866666666667,0.29333333333333,0.29666666666667,86507500,515050.SH,2022-09-05,NA,NA,CNY
0.29666666666667,0.29866666666667,0.29433333333333,0.29833333333333,214829600,515050.SH,2022-09-06,NA,NA,CNY
0.29733333333333,0.30233333333333,0.297,0.30066666666667,78722400,515050.SH,2022-09-07,NA,NA,CNY
0.30066666666667,0.30133333333333,0.296,0.296,63676500,515050.SH,2022-09-08,NA,NA,CNY
0.29633333333333,0.297,0.29333333333333,0.29633333333333,86235300,515050.SH,2022-09-09,NA,NA,CNY
0.298,0.30233333333333,0.29633333333333,0.297,167189900,515050.SH,2022-09-13,NA,NA,CNY
0.293,0.295,0.29166666666667,0.29333333333333,76594100,515050.SH,2022-09-14,NA,NA,CNY
0.294,0.29433333333333,0.28333333333333,0.28533333333333,124891300,515050.SH,2022-09-15,NA,NA,CNY
0.284,0.287,0.28033333333333,0.28066666666667,97768950,515050.SH,2022-09-16,NA,NA,CNY
0.28,0.28066666666667,0.27466666666667,0.27533333333333,146424350,515050.SH,2022-09-19,NA,NA,CNY
0.27633333333333,0.27866666666667,0.27333333333333,0.275,89227100,515050.SH,2022-09-20,NA,NA,CNY
0.27433333333333,0.27433333333333,0.269,0.272,71299200,515050.SH,2022-09-21,NA,NA,CNY
0.26966666666667,0.27233333333333,0.26733333333333,0.26833333333333,95407700,515050.SH,2022-09-22,NA,NA,CNY
0.268,0.26966666666667,0.26133333333333,0.264,102908500,515050.SH,2022-09-23,NA,NA,CNY
0.26166666666667,0.266,0.261,0.26233333333333,71884000,515050.SH,2022-09-26,NA,NA,CNY
0.26233333333333,0.26666666666667,0.262,0.266,103362000,515050.SH,2022-09-27,NA,NA,CNY
0.26533333333333,0.26533333333333,0.257,0.25733333333333,95305100,515050.SH,2022-09-28,NA,NA,CNY
0.25833333333333,0.26133333333333,0.25566666666667,0.25733333333333,80817000,515050.SH,2022-09-29,NA,NA,CNY
0.256,0.25733333333333,0.25166666666667,0.25266666666667,96525600,515050.SH,2022-09-30,NA,NA,CNY
0.25166666666667,0.25166666666667,0.24166666666667,0.242,187338700,515050.SH,2022-10-10,NA,NA,CNY
0.242,0.244,0.24066666666667,0.24266666666667,84014308,515050.SH,2022-10-11,NA,NA,CNY
0.242,0.25066666666667,0.23933333333333,0.25066666666667,108562735,515050.SH,2022-10-12,NA,NA,CNY
0.25033333333333,0.254,0.249,0.25133333333333,90020100,515050.SH,2022-10-13,NA,NA,CNY
0.25333333333333,0.25833333333333,0.252,0.258,86306250,515050.SH,2022-10-14,NA,NA,CNY
0.25533333333333,0.26133333333333,0.255,0.26033333333333,88222700,515050.SH,2022-10-17,NA,NA,CNY
0.26133333333333,0.26233333333333,0.258,0.25933333333333,65566800,515050.SH,2022-10-18,NA,NA,CNY
0.259,0.25966666666667,0.25666666666667,0.257,55604712,515050.SH,2022-10-19,NA,NA,CNY
0.25633333333333,0.262,0.25333333333333,0.25933333333333,95869900,515050.SH,2022-10-20,NA,NA,CNY
0.25766666666667,0.259,0.255,0.25566666666667,79988900,515050.SH,2022-10-21,NA,NA,CNY
0.255,0.26133333333333,0.25033333333333,0.25266666666667,91065100,515050.SH,2022-10-24,NA,NA,CNY
0.25066666666667,0.255,0.249,0.25166666666667,68906100,515050.SH,2022-10-25,NA,NA,CNY
0.25133333333333,0.259,0.25,0.257,84493000,515050.SH,2022-10-26,NA,NA,CNY
0.258,0.26066666666667,0.256,0.25666666666667,103506300,515050.SH,2022-10-27,NA,NA,CNY
0.25466666666667,0.256,0.246,0.24766666666667,103312800,515050.SH,2022-10-28,NA,NA,CNY
0.246,0.25633333333333,0.245,0.25366666666667,84871900,515050.SH,2022-10-31,NA,NA,CNY
0.25366666666667,0.25933333333333,0.25233333333333,0.259,77889500,515050.SH,2022-11-01,NA,NA,CNY
0.261,0.26533333333333,0.26066666666667,0.26533333333333,150668000,515050.SH,2022-11-02,NA,NA,CNY
0.26233333333333,0.267,0.26133333333333,0.26666666666667,124605500,515050.SH,2022-11-03,NA,NA,CNY
0.267,0.273,0.266,0.272,115074100,515050.SH,2022-11-04,NA,NA,CNY
0.272,0.27566666666667,0.27066666666667,0.27366666666667,90567100,515050.SH,2022-11-07,NA,NA,CNY
0.27366666666667,0.27366666666667,0.26866666666667,0.27066666666667,113515003,515050.SH,2022-11-08,NA,NA,CNY
0.26933333333333,0.27133333333333,0.26666666666667,0.26733333333333,96345900,515050.SH,2022-11-09,NA,NA,CNY
0.26433333333333,0.26666666666667,0.25966666666667,0.26166666666667,86058200,515050.SH,2022-11-10,NA,NA,CNY
0.26833333333333,0.26933333333333,0.26466666666667,0.26533333333333,92054700,515050.SH,2022-11-11,NA,NA,CNY
0.26466666666667,0.27,0.26466666666667,0.26633333333333,66373900,515050.SH,2022-11-14,NA,NA,CNY
0.265,0.28066666666667,0.265,0.28033333333333,196540400,515050.SH,2022-11-15,NA,NA,CNY
0.279,0.282,0.27733333333333,0.27833333333333,79657900,515050.SH,2022-11-16,NA,NA,CNY
0.27766666666667,0.28333333333333,0.27333333333333,0.28266666666667,118160500,515050.SH,2022-11-17,NA,NA,CNY
0.28233333333333,0.284,0.27833333333333,0.27866666666667,87108400,515050.SH,2022-11-18,NA,NA,CNY
0.27766666666667,0.27833333333333,0.27333333333333,0.27733333333333,51000600,515050.SH,2022-11-21,NA,NA,CNY
0.27733333333333,0.27933333333333,0.27333333333333,0.275,61596500,515050.SH,2022-11-22,NA,NA,CNY
0.27466666666667,0.275,0.269,0.272,89583064,515050.SH,2022-11-23,NA,NA,CNY
0.27266666666667,0.275,0.26833333333333,0.26933333333333,82289900,515050.SH,2022-11-24,NA,NA,CNY
0.26966666666667,0.272,0.26633333333333,0.26666666666667,80506700,515050.SH,2022-11-25,NA,NA,CNY
0.26366666666667,0.264,0.26133333333333,0.26266666666667,87089100,515050.SH,2022-11-28,NA,NA,CNY
0.26266666666667,0.26833333333333,0.26266666666667,0.267,116617900,515050.SH,2022-11-29,NA,NA,CNY
0.26733333333333,0.269,0.26533333333333,0.26733333333333,59839644,515050.SH,2022-11-30,NA,NA,CNY
0.26933333333333,0.274,0.26933333333333,0.27166666666667,116880644,515050.SH,2022-12-01,NA,NA,CNY
0.271,0.27333333333333,0.26966666666667,0.27,66650500,515050.SH,2022-12-02,NA,NA,CNY
0.27,0.27233333333333,0.26866666666667,0.272,78439183,515050.SH,2022-12-05,NA,NA,CNY
0.27066666666667,0.27633333333333,0.27033333333333,0.274,77379583,515050.SH,2022-12-06,NA,NA,CNY
0.27333333333333,0.27466666666667,0.27133333333333,0.27166666666667,184338200,515050.SH,2022-12-07,NA,NA,CNY
0.27166666666667,0.27166666666667,0.26866666666667,0.269,57555500,515050.SH,2022-12-08,NA,NA,CNY
0.26933333333333,0.27,0.26766666666667,0.269,66400800,515050.SH,2022-12-09,NA,NA,CNY
0.269,0.27666666666667,0.26766666666667,0.275,125512088,515050.SH,2022-12-12,NA,NA,CNY
0.27333333333333,0.275,0.27066666666667,0.271,60847888,515050.SH,2022-12-13,NA,NA,CNY
0.27466666666667,0.27466666666667,0.26966666666667,0.27033333333333,56886388,515050.SH,2022-12-14,NA,NA,CNY
0.26966666666667,0.27466666666667,0.269,0.27266666666667,63411500,515050.SH,2022-12-15,NA,NA,CNY
0.272,0.272,0.26833333333333,0.26966666666667,56502100,515050.SH,2022-12-16,NA,NA,CNY
0.26966666666667,0.27,0.26266666666667,0.264,96324963,515050.SH,2022-12-19,NA,NA,CNY
0.26333333333333,0.26566666666667,0.261,0.263,75595900,515050.SH,2022-12-20,NA,NA,CNY
0.26233333333333,0.26466666666667,0.25933333333333,0.26133333333333,84197000,515050.SH,2022-12-21,NA,NA,CNY
0.26166666666667,0.264,0.25966666666667,0.26033333333333,51745100,515050.SH,2022-12-22,NA,NA,CNY
0.25933333333333,0.26066666666667,0.257,0.25833333333333,52684900,515050.SH,2022-12-23,NA,NA,CNY
0.26033333333333,0.265,0.25866666666667,0.26366666666667,51529694,515050.SH,2022-12-26,NA,NA,CNY
0.26466666666667,0.26666666666667,0.263,0.26633333333333,51158900,515050.SH,2022-12-27,NA,NA,CNY
0.266,0.266,0.262,0.26266666666667,54474492,515050.SH,2022-12-28,NA,NA,CNY
0.26233333333333,0.265,0.26133333333333,0.26333333333333,61399892,515050.SH,2022-12-29,NA,NA,CNY
0.264,0.26566666666667,0.263,0.26333333333333,37592600,515050.SH,2022-12-30,NA,NA,CNY
0.262,0.27033333333333,0.26066666666667,0.26966666666667,124109144,515050.SH,2023-01-03,NA,NA,CNY
0.26933333333333,0.27066666666667,0.26433333333333,0.26633333333333,69189200,515050.SH,2023-01-04,NA,NA,CNY
0.26666666666667,0.27266666666667,0.26633333333333,0.27166666666667,102927000,515050.SH,2023-01-05,NA,NA,CNY
0.27133333333333,0.27266666666667,0.26933333333333,0.27,63534600,515050.SH,2023-01-06,NA,NA,CNY
0.27,0.274,0.26966666666667,0.271,57214800,515050.SH,2023-01-09,NA,NA,CNY
0.27133333333333,0.274,0.27,0.27233333333333,63048600,515050.SH,2023-01-10,NA,NA,CNY
0.27266666666667,0.275,0.27,0.27066666666667,114055800,515050.SH,2023-01-11,NA,NA,CNY
0.27066666666667,0.27266666666667,0.26966666666667,0.272,59986818,515050.SH,2023-01-12,NA,NA,CNY
0.272,0.272,0.26933333333333,0.27133333333333,49508700,515050.SH,2023-01-13,NA,NA,CNY
0.27033333333333,0.279,0.27033333333333,0.277,106848600,515050.SH,2023-01-16,NA,NA,CNY
0.277,0.28266666666667,0.27666666666667,0.28033333333333,95329500,515050.SH,2023-01-17,NA,NA,CNY
0.28066666666667,0.28266666666667,0.27966666666667,0.28166666666667,70990500,515050.SH,2023-01-18,NA,NA,CNY
0.28133333333333,0.285,0.28066666666667,0.285,58314500,515050.SH,2023-01-19,NA,NA,CNY
0.285,0.288,0.285,0.28733333333333,95471400,515050.SH,2023-01-20,NA,NA,CNY
0.29033333333333,0.29466666666667,0.29033333333333,0.29266666666667,109051400,515050.SH,2023-01-30,NA,NA,CNY
0.29266666666667,0.29266666666667,0.28766666666667,0.28866666666667,80560600,515050.SH,2023-01-31,NA,NA,CNY
0.28833333333333,0.29266666666667,0.288,0.29266666666667,88102150,515050.SH,2023-02-01,NA,NA,CNY
0.293,0.297,0.29233333333333,0.293,143064320,515050.SH,2023-02-02,NA,NA,CNY
0.29433333333333,0.29766666666667,0.29033333333333,0.29733333333333,119157350,515050.SH,2023-02-03,NA,NA,CNY
0.296,0.297,0.29233333333333,0.294,115651400,515050.SH,2023-02-06,NA,NA,CNY
0.29333333333333,0.29566666666667,0.29233333333333,0.29433333333333,72255700,515050.SH,2023-02-07,NA,NA,CNY
0.29533333333333,0.297,0.29033333333333,0.29066666666667,62677200,515050.SH,2023-02-08,NA,NA,CNY
0.29,0.30033333333333,0.28866666666667,0.3,123895144,515050.SH,2023-02-09,NA,NA,CNY
0.3,0.305,0.29866666666667,0.3,100729400,515050.SH,2023-02-10,NA,NA,CNY
0.29966666666667,0.30366666666667,0.29833333333333,0.30366666666667,70250300,515050.SH,2023-02-13,NA,NA,CNY
0.30366666666667,0.305,0.30033333333333,0.302,54916900,515050.SH,2023-02-14,NA,NA,CNY
0.30233333333333,0.30733333333333,0.30066666666667,0.307,87329400,515050.SH,2023-02-15,NA,NA,CNY
0.30666666666667,0.31266666666667,0.3,0.30233333333333,137331400,515050.SH,2023-02-16,NA,NA,CNY
0.302,0.30266666666667,0.291,0.292,108304680,515050.SH,2023-02-17,NA,NA,CNY
0.29,0.29666666666667,0.28966666666667,0.296,69626500,515050.SH,2023-02-20,NA,NA,CNY
0.296,0.3,0.29433333333333,0.297,73057544,515050.SH,2023-02-21,NA,NA,CNY
0.296,0.29666666666667,0.29233333333333,0.29533333333333,58361600,515050.SH,2023-02-22,NA,NA,CNY
0.295,0.29633333333333,0.292,0.29366666666667,58956600,515050.SH,2023-02-23,NA,NA,CNY
0.29366666666667,0.29633333333333,0.29133333333333,0.29366666666667,52234100,515050.SH,2023-02-24,NA,NA,CNY
0.293,0.29333333333333,0.28966666666667,0.29033333333333,52694600,515050.SH,2023-02-27,NA,NA,CNY
0.293,0.29833333333333,0.29066666666667,0.29466666666667,81640000,515050.SH,2023-02-28,NA,NA,CNY
0.294,0.301,0.29333333333333,0.30066666666667,98655760,515050.SH,2023-03-01,NA,NA,CNY
0.3,0.30333333333333,0.299,0.29966666666667,147751700,515050.SH,2023-03-02,NA,NA,CNY
0.3,0.3,0.295,0.29866666666667,67414500,515050.SH,2023-03-03,NA,NA,CNY
0.299,0.30166666666667,0.29866666666667,0.29933333333333,55217100,515050.SH,2023-03-06,NA,NA,CNY
0.299,0.29933333333333,0.28966666666667,0.29133333333333,100425400,515050.SH,2023-03-07,NA,NA,CNY
0.28966666666667,0.29366666666667,0.289,0.29266666666667,78167800,515050.SH,2023-03-08,NA,NA,CNY
0.292,0.29833333333333,0.29166666666667,0.29733333333333,87486800,515050.SH,2023-03-09,NA,NA,CNY
0.29433333333333,0.29633333333333,0.292,0.29266666666667,70161600,515050.SH,2023-03-10,NA,NA,CNY
0.291,0.297,0.29033333333333,0.297,119753600,515050.SH,2023-03-13,NA,NA,CNY
0.29533333333333,0.296,0.28933333333333,0.29466666666667,82461100,515050.SH,2023-03-14,NA,NA,CNY
0.29533333333333,0.298,0.29366666666667,0.294,83944600,515050.SH,2023-03-15,NA,NA,CNY
0.29266666666667,0.294,0.29,0.29033333333333,74708200,515050.SH,2023-03-16,NA,NA,CNY
0.29266666666667,0.29933333333333,0.29266666666667,0.298,137321200,515050.SH,2023-03-17,NA,NA,CNY
0.29833333333333,0.30566666666667,0.29833333333333,0.302,135678300,515050.SH,2023-03-20,NA,NA,CNY
0.301,0.304,0.29966666666667,0.303,102541300,515050.SH,2023-03-21,NA,NA,CNY
0.30366666666667,0.31433333333333,0.30266666666667,0.31433333333333,201605397,515050.SH,2023-03-22,NA,NA,CNY
0.31333333333333,0.32566666666667,0.31166666666667,0.325,228943185,515050.SH,2023-03-23,NA,NA,CNY
0.32533333333333,0.331,0.32366666666667,0.33066666666667,176333300,515050.SH,2023-03-24,NA,NA,CNY
0.33033333333333,0.33333333333333,0.323,0.32933333333333,285164801,515050.SH,2023-03-27,NA,NA,CNY
0.327,0.327,0.31966666666667,0.32,96084501,515050.SH,2023-03-28,NA,NA,CNY
0.31933333333333,0.32733333333333,0.31833333333333,0.324,147393719,515050.SH,2023-03-29,NA,NA,CNY
0.324,0.32733333333333,0.317,0.323,95434419,515050.SH,2023-03-30,NA,NA,CNY
0.32266666666667,0.32833333333333,0.31833333333333,0.32766666666667,166373800,515050.SH,2023-03-31,NA,NA,CNY
0.32933333333333,0.34066666666667,0.32933333333333,0.33933333333333,190590400,515050.SH,2023-04-03,NA,NA,CNY
0.33866666666667,0.34566666666667,0.33766666666667,0.34266666666667,169904100,515050.SH,2023-04-04,NA,NA,CNY
0.33966666666667,0.35533333333333,0.33833333333333,0.35166666666667,232621146,515050.SH,2023-04-06,NA,NA,CNY
0.35166666666667,0.35533333333333,0.34933333333333,0.35366666666667,161565427,515050.SH,2023-04-07,NA,NA,CNY
0.35433333333333,0.35833333333333,0.34066666666667,0.34233333333333,210553500,515050.SH,2023-04-10,NA,NA,CNY
0.34266666666667,0.346,0.33766666666667,0.34233333333333,104515500,515050.SH,2023-04-11,NA,NA,CNY
0.342,0.355,0.34033333333333,0.35266666666667,121200779,515050.SH,2023-04-12,NA,NA,CNY
0.35,0.35066666666667,0.33666666666667,0.339,131935121,515050.SH,2023-04-13,NA,NA,CNY
0.33966666666667,0.342,0.331,0.34033333333333,160081401,515050.SH,2023-04-14,NA,NA,CNY
0.34,0.34,0.33333333333333,0.33666666666667,86905721,515050.SH,2023-04-17,NA,NA,CNY
0.33566666666667,0.343,0.33066666666667,0.33933333333333,107447522,515050.SH,2023-04-18,NA,NA,CNY
0.33833333333333,0.34366666666667,0.33466666666667,0.33533333333333,99942122,515050.SH,2023-04-19,NA,NA,CNY
0.33666666666667,0.34566666666667,0.33633333333333,0.34533333333333,140999600,515050.SH,2023-04-20,NA,NA,CNY
0.346,0.34633333333333,0.32933333333333,0.33133333333333,115622500,515050.SH,2023-04-21,NA,NA,CNY
0.32933333333333,0.33466666666667,0.32766666666667,0.33066666666667,106801400,515050.SH,2023-04-24,NA,NA,CNY
0.32833333333333,0.32933333333333,0.31533333333333,0.31966666666667,102511500,515050.SH,2023-04-25,NA,NA,CNY
0.31666666666667,0.31966666666667,0.30633333333333,0.31,107021800,515050.SH,2023-04-26,NA,NA,CNY
0.30733333333333,0.31,0.30033333333333,0.30333333333333,154763100,515050.SH,2023-04-27,NA,NA,CNY
0.30366666666667,0.31166666666667,0.302,0.31166666666667,103861561,515050.SH,2023-04-28,NA,NA,CNY
0.31,0.31166666666667,0.30266666666667,0.305,139387500,515050.SH,2023-05-04,NA,NA,CNY
0.304,0.30533333333333,0.29766666666667,0.29966666666667,87316400,515050.SH,2023-05-05,NA,NA,CNY
0.29966666666667,0.30366666666667,0.29766666666667,0.30233333333333,85856400,515050.SH,2023-05-08,NA,NA,CNY
0.30366666666667,0.30733333333333,0.30033333333333,0.301,120186100,515050.SH,2023-05-09,NA,NA,CNY
0.29966666666667,0.30366666666667,0.29433333333333,0.298,92055300,515050.SH,2023-05-10,NA,NA,CNY
0.298,0.29933333333333,0.296,0.29666666666667,59816400,515050.SH,2023-05-11,NA,NA,CNY
0.296,0.29866666666667,0.29333333333333,0.294,61565100,515050.SH,2023-05-12,NA,NA,CNY
0.295,0.297,0.28866666666667,0.297,78661400,515050.SH,2023-05-15,NA,NA,CNY
0.29666666666667,0.29833333333333,0.292,0.295,68534900,515050.SH,2023-05-16,NA,NA,CNY
0.294,0.30066666666667,0.29366666666667,0.29966666666667,77164199,515050.SH,2023-05-17,NA,NA,CNY
0.301,0.31033333333333,0.301,0.30766666666667,184833400,515050.SH,2023-05-18,NA,NA,CNY
0.30733333333333,0.31233333333333,0.30633333333333,0.309,98977400,515050.SH,2023-05-19,NA,NA,CNY
0.31,0.31166666666667,0.30233333333333,0.30533333333333,84824345,515050.SH,2023-05-22,NA,NA,CNY
0.305,0.305,0.29966666666667,0.29966666666667,71406800,515050.SH,2023-05-23,NA,NA,CNY
0.29766666666667,0.304,0.296,0.29933333333333,79915200,515050.SH,2023-05-24,NA,NA,CNY
0.30266666666667,0.30966666666667,0.29866666666667,0.305,107351155,515050.SH,2023-05-25,NA,NA,CNY
0.30466666666667,0.30933333333333,0.30333333333333,0.309,106043855,515050.SH,2023-05-26,NA,NA,CNY
0.31066666666667,0.31566666666667,0.30966666666667,0.31066666666667,89808900,515050.SH,2023-05-29,NA,NA,CNY
0.31066666666667,0.31833333333333,0.30633333333333,0.318,101355500,515050.SH,2023-05-30,NA,NA,CNY
0.31733333333333,0.322,0.31433333333333,0.32133333333333,91160500,515050.SH,2023-05-31,NA,NA,CNY
0.32033333333333,0.32833333333333,0.318,0.325,107519876,515050.SH,2023-06-01,NA,NA,CNY
0.32633333333333,0.32833333333333,0.32366666666667,0.32566666666667,87659100,515050.SH,2023-06-02,NA,NA,CNY
0.325,0.33066666666667,0.32366666666667,0.32766666666667,77869200,515050.SH,2023-06-05,NA,NA,CNY
0.326,0.326,0.31533333333333,0.316,97156100,515050.SH,2023-06-06,NA,NA,CNY
0.31533333333333,0.32166666666667,0.31533333333333,0.31966666666667,76056300,515050.SH,2023-06-07,NA,NA,CNY
0.31866666666667,0.31933333333333,0.312,0.31566666666667,74342808,515050.SH,2023-06-08,NA,NA,CNY
0.316,0.326,0.31433333333333,0.326,120092500,515050.SH,2023-06-09,NA,NA,CNY
0.326,0.33333333333333,0.326,0.33166666666667,90420300,515050.SH,2023-06-12,NA,NA,CNY
0.33266666666667,0.34,0.32866666666667,0.339,124110945,515050.SH,2023-06-13,NA,NA,CNY
0.339,0.346,0.33666666666667,0.343,129711600,515050.SH,2023-06-14,NA,NA,CNY
0.34266666666667,0.34966666666667,0.34266666666667,0.34433333333333,114581937,515050.SH,2023-06-15,NA,NA,CNY
0.34333333333333,0.35733333333333,0.34166666666667,0.35633333333333,228126200,515050.SH,2023-06-16,NA,NA,CNY
0.35733333333333,0.36966666666667,0.35566666666667,0.368,260657700,515050.SH,2023-06-19,NA,NA,CNY
0.36633333333333,0.374,0.36333333333333,0.37366666666667,223731814,515050.SH,2023-06-20,NA,NA,CNY
0.372,0.372,0.35866666666667,0.359,167750345,515050.SH,2023-06-21,NA,NA,CNY
0.357,0.35833333333333,0.34366666666667,0.34633333333333,157419200,515050.SH,2023-06-26,NA,NA,CNY
0.34366666666667,0.351,0.34366666666667,0.34966666666667,119079657,515050.SH,2023-06-27,NA,NA,CNY
0.34966666666667,0.34966666666667,0.33266666666667,0.33966666666667,107941802,515050.SH,2023-06-28,NA,NA,CNY
0.339,0.351,0.33833333333333,0.34866666666667,84903448,515050.SH,2023-06-29,NA,NA,CNY
0.35,0.35833333333333,0.347,0.356,95041148,515050.SH,2023-06-30,NA,NA,CNY
0.35666666666667,0.36066666666667,0.34933333333333,0.35666666666667,89467800,515050.SH,2023-07-03,NA,NA,CNY
0.35566666666667,0.366,0.35033333333333,0.363,109389500,515050.SH,2023-07-04,NA,NA,CNY
0.36233333333333,0.364,0.35533333333333,0.35533333333333,69599200,515050.SH,2023-07-05,NA,NA,CNY
0.354,0.36366666666667,0.35233333333333,0.35733333333333,76792600,515050.SH,2023-07-06,NA,NA,CNY
0.35733333333333,0.35733333333333,0.346,0.353,76038600,515050.SH,2023-07-07,NA,NA,CNY
0.353,0.35533333333333,0.34766666666667,0.35033333333333,61513000,515050.SH,2023-07-10,NA,NA,CNY
0.35,0.36066666666667,0.35,0.36066666666667,90382600,515050.SH,2023-07-11,NA,NA,CNY
0.36,0.36,0.347,0.34833333333333,79749400,515050.SH,2023-07-12,NA,NA,CNY
0.34833333333333,0.36,0.34833333333333,0.359,90229254,515050.SH,2023-07-13,NA,NA,CNY
0.361,0.36733333333333,0.35966666666667,0.364,104339600,515050.SH,2023-07-14,NA,NA,CNY
0.36166666666667,0.369,0.36066666666667,0.36466666666667,96555800,515050.SH,2023-07-17,NA,NA,CNY
0.36633333333333,0.368,0.35933333333333,0.35933333333333,85247800,515050.SH,2023-07-18,NA,NA,CNY
0.358,0.36166666666667,0.35466666666667,0.35633333333333,64739700,515050.SH,2023-07-19,NA,NA,CNY
0.35666666666667,0.35766666666667,0.34033333333333,0.342,97068400,515050.SH,2023-07-20,NA,NA,CNY
0.339,0.341,0.33433333333333,0.33766666666667,79105600,515050.SH,2023-07-21,NA,NA,CNY
0.33566666666667,0.34666666666667,0.335,0.34166666666667,82050200,515050.SH,2023-07-24,NA,NA,CNY
0.343,0.34833333333333,0.34066666666667,0.346,90637300,515050.SH,2023-07-25,NA,NA,CNY
0.346,0.346,0.337,0.33966666666667,71871100,515050.SH,2023-07-26,NA,NA,CNY
0.339,0.34033333333333,0.33333333333333,0.334,74379600,515050.SH,2023-07-27,NA,NA,CNY
0.334,0.33833333333333,0.33233333333333,0.33666666666667,74592100,515050.SH,2023-07-28,NA,NA,CNY
0.33666666666667,0.34066666666667,0.33366666666667,0.338,63395100,515050.SH,2023-07-31,NA,NA,CNY
0.33733333333333,0.34433333333333,0.33466666666667,0.344,75991600,515050.SH,2023-08-01,NA,NA,CNY
0.34266666666667,0.34466666666667,0.34033333333333,0.34366666666667,63136200,515050.SH,2023-08-02,NA,NA,CNY
0.34166666666667,0.34566666666667,0.33866666666667,0.34233333333333,56792500,515050.SH,2023-08-03,NA,NA,CNY
0.34133333333333,0.349,0.34133333333333,0.349,90519400,515050.SH,2023-08-04,NA,NA,CNY
0.34933333333333,0.35433333333333,0.34533333333333,0.347,81024000,515050.SH,2023-08-07,NA,NA,CNY
0.346,0.35,0.34433333333333,0.34466666666667,108016300,515050.SH,2023-08-08,NA,NA,CNY
0.34366666666667,0.344,0.335,0.335,102840300,515050.SH,2023-08-09,NA,NA,CNY
0.33433333333333,0.336,0.33166666666667,0.33333333333333,66964600,515050.SH,2023-08-10,NA,NA,CNY
0.33366666666667,0.33566666666667,0.32766666666667,0.32766666666667,46950900,515050.SH,2023-08-11,NA,NA,CNY
0.32633333333333,0.32866666666667,0.322,0.32766666666667,63181100,515050.SH,2023-08-14,NA,NA,CNY
0.329,0.33233333333333,0.322,0.32566666666667,40804800,515050.SH,2023-08-15,NA,NA,CNY
0.32266666666667,0.324,0.31733333333333,0.31833333333333,48268200,515050.SH,2023-08-16,NA,NA,CNY
0.31766666666667,0.32066666666667,0.31266666666667,0.32,41526700,515050.SH,2023-08-17,NA,NA,CNY
0.32,0.32,0.31,0.31033333333333,81927400,515050.SH,2023-08-18,NA,NA,CNY
0.31,0.31333333333333,0.308,0.309,40421600,515050.SH,2023-08-21,NA,NA,CNY
0.31033333333333,0.319,0.308,0.31866666666667,59787000,515050.SH,2023-08-22,NA,NA,CNY
0.31733333333333,0.31733333333333,0.30833333333333,0.30933333333333,49475600,515050.SH,2023-08-23,NA,NA,CNY
0.31166666666667,0.317,0.309,0.31133333333333,68422200,515050.SH,2023-08-24,NA,NA,CNY
0.31,0.31,0.297,0.29933333333333,72733700,515050.SH,2023-08-25,NA,NA,CNY
0.31633333333333,0.31766666666667,0.303,0.30366666666667,133182200,515050.SH,2023-08-28,NA,NA,CNY
0.303,0.316,0.30266666666667,0.31366666666667,81047357,515050.SH,2023-08-29,NA,NA,CNY
0.31666666666667,0.32333333333333,0.316,0.31766666666667,72523300,515050.SH,2023-08-30,NA,NA,CNY
0.31766666666667,0.32066666666667,0.315,0.318,110757507,515050.SH,2023-08-31,NA,NA,CNY
0.31866666666667,0.32,0.313,0.31533333333333,73178400,515050.SH,2023-09-01,NA,NA,CNY
0.31766666666667,0.31933333333333,0.314,0.319,47841300,515050.SH,2023-09-04,NA,NA,CNY
0.31933333333333,0.31966666666667,0.31333333333333,0.314,97544400,515050.SH,2023-09-05,NA,NA,CNY
0.31266666666667,0.31566666666667,0.30933333333333,0.31466666666667,44026300,515050.SH,2023-09-06,NA,NA,CNY
0.313,0.313,0.30666666666667,0.307,96036000,515050.SH,2023-09-07,NA,NA,CNY
0.306,0.308,0.303,0.30666666666667,79039600,515050.SH,2023-09-08,NA,NA,CNY
0.30866666666667,0.316,0.305,0.312,59629700,515050.SH,2023-09-11,NA,NA,CNY
0.311,0.316,0.31033333333333,0.31366666666667,39935300,515050.SH,2023-09-12,NA,NA,CNY
0.31333333333333,0.31333333333333,0.30233333333333,0.305,130576600,515050.SH,2023-09-13,NA,NA,CNY
0.30333333333333,0.308,0.30133333333333,0.303,136895500,515050.SH,2023-09-14,NA,NA,CNY
0.30366666666667,0.305,0.299,0.30033333333333,57519400,515050.SH,2023-09-15,NA,NA,CNY
0.29966666666667,0.30466666666667,0.298,0.3,56698700,515050.SH,2023-09-18,NA,NA,CNY
0.30066666666667,0.30066666666667,0.29533333333333,0.29766666666667,49579700,515050.SH,2023-09-19,NA,NA,CNY
0.29733333333333,0.30133333333333,0.29633333333333,0.29633333333333,39019700,515050.SH,2023-09-20,NA,NA,CNY
0.29566666666667,0.3,0.29533333333333,0.297,39149100,515050.SH,2023-09-21,NA,NA,CNY
0.29666666666667,0.311,0.296,0.31066666666667,107251700,515050.SH,2023-09-22,NA,NA,CNY
0.311,0.31133333333333,0.30533333333333,0.30566666666667,58001700,515050.SH,2023-09-25,NA,NA,CNY
0.30533333333333,0.311,0.30533333333333,0.30633333333333,51819500,515050.SH,2023-09-26,NA,NA,CNY
0.30533333333333,0.30833333333333,0.30466666666667,0.30633333333333,44977300,515050.SH,2023-09-27,NA,NA,CNY
0.30666666666667,0.31,0.30666666666667,0.30966666666667,48594500,515050.SH,2023-09-28,NA,NA,CNY
0.30833333333333,0.315,0.30766666666667,0.31366666666667,51486500,515050.SH,2023-10-09,NA,NA,CNY
0.314,0.31566666666667,0.312,0.31366666666667,50970200,515050.SH,2023-10-10,NA,NA,CNY
0.31366666666667,0.32033333333333,0.31233333333333,0.31866666666667,74048100,515050.SH,2023-10-11,NA,NA,CNY
0.32,0.32033333333333,0.31533333333333,0.31733333333333,55460100,515050.SH,2023-10-12,NA,NA,CNY
0.31633333333333,0.31733333333333,0.31266666666667,0.314,42296058,515050.SH,2023-10-13,NA,NA,CNY
0.31433333333333,0.31433333333333,0.30666666666667,0.309,45728500,515050.SH,2023-10-16,NA,NA,CNY
0.30766666666667,0.30933333333333,0.30533333333333,0.308,50460300,515050.SH,2023-10-17,NA,NA,CNY
0.30666666666667,0.307,0.29733333333333,0.301,64355800,515050.SH,2023-10-18,NA,NA,CNY
0.3,0.30366666666667,0.297,0.29766666666667,59046400,515050.SH,2023-10-19,NA,NA,CNY
0.29666666666667,0.29866666666667,0.28866666666667,0.289,70029800,515050.SH,2023-10-20,NA,NA,CNY
0.287,0.289,0.283,0.285,108144022,515050.SH,2023-10-23,NA,NA,CNY
0.28466666666667,0.29033333333333,0.28233333333333,0.287,60865200,515050.SH,2023-10-24,NA,NA,CNY
0.28833333333333,0.28866666666667,0.28433333333333,0.28566666666667,64427000,515050.SH,2023-10-25,NA,NA,CNY
0.28466666666667,0.28866666666667,0.28266666666667,0.28866666666667,46722200,515050.SH,2023-10-26,NA,NA,CNY
0.28733333333333,0.29366666666667,0.28566666666667,0.293,56364870,515050.SH,2023-10-27,NA,NA,CNY
0.29166666666667,0.305,0.29166666666667,0.30366666666667,80802630,515050.SH,2023-10-30,NA,NA,CNY
0.30433333333333,0.305,0.299,0.301,54869900,515050.SH,2023-10-31,NA,NA,CNY
0.30066666666667,0.30266666666667,0.29733333333333,0.29833333333333,42940000,515050.SH,2023-11-01,NA,NA,CNY
0.298,0.30066666666667,0.29433333333333,0.295,37820300,515050.SH,2023-11-02,NA,NA,CNY
0.294,0.302,0.294,0.30066666666667,52679400,515050.SH,2023-11-03,NA,NA,CNY
0.303,0.311,0.303,0.309,88170000,515050.SH,2023-11-06,NA,NA,CNY
0.30933333333333,0.31466666666667,0.30633333333333,0.31233333333333,65713500,515050.SH,2023-11-07,NA,NA,CNY
0.31133333333333,0.314,0.30933333333333,0.31166666666667,78966700,515050.SH,2023-11-08,NA,NA,CNY
0.31033333333333,0.31433333333333,0.30866666666667,0.31,50382500,515050.SH,2023-11-09,NA,NA,CNY
0.30833333333333,0.31233333333333,0.30766666666667,0.31,48946200,515050.SH,2023-11-10,NA,NA,CNY
0.312,0.316,0.31166666666667,0.31333333333333,69261122,515050.SH,2023-11-13,NA,NA,CNY
0.31233333333333,0.31733333333333,0.312,0.31466666666667,53498200,515050.SH,2023-11-14,NA,NA,CNY
0.31733333333333,0.31966666666667,0.313,0.31633333333333,49278700,515050.SH,2023-11-15,NA,NA,CNY
0.31533333333333,0.316,0.31066666666667,0.31133333333333,45326400,515050.SH,2023-11-16,NA,NA,CNY
0.31,0.315,0.31,0.31466666666667,47708500,515050.SH,2023-11-17,NA,NA,CNY
0.314,0.31466666666667,0.30966666666667,0.312,48999300,515050.SH,2023-11-20,NA,NA,CNY
0.31266666666667,0.31366666666667,0.30766666666667,0.30833333333333,53511400,515050.SH,2023-11-21,NA,NA,CNY
0.30833333333333,0.30833333333333,0.30233333333333,0.30233333333333,49429800,515050.SH,2023-11-22,NA,NA,CNY
0.30233333333333,0.30733333333333,0.29966666666667,0.307,52304200,515050.SH,2023-11-23,NA,NA,CNY
0.30633333333333,0.30633333333333,0.29933333333333,0.30066666666667,66439100,515050.SH,2023-11-24,NA,NA,CNY
0.295,0.303,0.295,0.30133333333333,39649300,515050.SH,2023-11-27,NA,NA,CNY
0.30033333333333,0.30333333333333,0.29933333333333,0.302,35955900,515050.SH,2023-11-28,NA,NA,CNY
0.30266666666667,0.30333333333333,0.30033333333333,0.30133333333333,39453800,515050.SH,2023-11-29,NA,NA,CNY
0.30066666666667,0.30133333333333,0.29766666666667,0.29966666666667,46232732,515050.SH,2023-11-30,NA,NA,CNY
0.29966666666667,0.305,0.298,0.304,65327100,515050.SH,2023-12-01,NA,NA,CNY
0.30466666666667,0.30566666666667,0.30066666666667,0.30133333333333,50829500,515050.SH,2023-12-04,NA,NA,CNY
0.30033333333333,0.30233333333333,0.29333333333333,0.29366666666667,73076200,515050.SH,2023-12-05,NA,NA,CNY
0.29333333333333,0.29566666666667,0.29233333333333,0.29366666666667,54169489,515050.SH,2023-12-06,NA,NA,CNY
0.29266666666667,0.29633333333333,0.292,0.295,57604188,515050.SH,2023-12-07,NA,NA,CNY
0.295,0.308,0.295,0.30633333333333,168827902,515050.SH,2023-12-08,NA,NA,CNY
0.304,0.311,0.301,0.31033333333333,69039000,515050.SH,2023-12-11,NA,NA,CNY
0.309,0.312,0.30733333333333,0.30966666666667,41956924,515050.SH,2023-12-12,NA,NA,CNY
0.30866666666667,0.31166666666667,0.307,0.30766666666667,61189164,515050.SH,2023-12-13,NA,NA,CNY
0.30933333333333,0.31266666666667,0.30533333333333,0.30566666666667,137586114,515050.SH,2023-12-14,NA,NA,CNY
0.30533333333333,0.30833333333333,0.30233333333333,0.304,47865014,515050.SH,2023-12-15,NA,NA,CNY
0.30233333333333,0.30433333333333,0.30033333333333,0.301,43485600,515050.SH,2023-12-18,NA,NA,CNY
0.301,0.305,0.299,0.303,43328800,515050.SH,2023-12-19,NA,NA,CNY
0.303,0.30333333333333,0.29666666666667,0.29666666666667,47719500,515050.SH,2023-12-20,NA,NA,CNY
0.296,0.30233333333333,0.29333333333333,0.29933333333333,44115192,515050.SH,2023-12-21,NA,NA,CNY
0.29866666666667,0.3,0.29366666666667,0.295,60077700,515050.SH,2023-12-22,NA,NA,CNY
0.29366666666667,0.29833333333333,0.29366666666667,0.297,33896800,515050.SH,2023-12-25,NA,NA,CNY
0.297,0.29733333333333,0.289,0.291,49815900,515050.SH,2023-12-26,NA,NA,CNY
0.29166666666667,0.29366666666667,0.29033333333333,0.29333333333333,51299900,515050.SH,2023-12-27,NA,NA,CNY
0.293,0.301,0.29133333333333,0.3,84676700,515050.SH,2023-12-28,NA,NA,CNY
0.29866666666667,0.30733333333333,0.29866666666667,0.306,69426200,515050.SH,2023-12-29,NA,NA,CNY
0.307,0.30733333333333,0.29966666666667,0.30033333333333,88603200,515050.SH,2024-01-02,NA,NA,CNY
0.30033333333333,0.30033333333333,0.29066666666667,0.29333333333333,91321768,515050.SH,2024-01-03,NA,NA,CNY
0.293,0.293,0.28733333333333,0.289,60150200,515050.SH,2024-01-04,NA,NA,CNY
0.288,0.29066666666667,0.281,0.28333333333333,73604400,515050.SH,2024-01-05,NA,NA,CNY
0.28233333333333,0.28233333333333,0.275,0.27533333333333,54190632,515050.SH,2024-01-08,NA,NA,CNY
0.27733333333333,0.28033333333333,0.27433333333333,0.277,52781000,515050.SH,2024-01-09,NA,NA,CNY
0.27633333333333,0.27666666666667,0.27033333333333,0.27266666666667,53722758,515050.SH,2024-01-10,NA,NA,CNY
0.27333333333333,0.278,0.272,0.27766666666667,64270200,515050.SH,2024-01-11,NA,NA,CNY
0.27733333333333,0.27733333333333,0.272,0.27266666666667,62990600,515050.SH,2024-01-12,NA,NA,CNY
0.27233333333333,0.27533333333333,0.26933333333333,0.273,43134800,515050.SH,2024-01-15,NA,NA,CNY
0.272,0.273,0.26766666666667,0.272,55188600,515050.SH,2024-01-16,NA,NA,CNY
0.272,0.272,0.26366666666667,0.264,58858900,515050.SH,2024-01-17,NA,NA,CNY
0.26366666666667,0.272,0.26,0.27166666666667,88286900,515050.SH,2024-01-18,NA,NA,CNY
0.27166666666667,0.27466666666667,0.27033333333333,0.271,48993318,515050.SH,2024-01-19,NA,NA,CNY
0.27133333333333,0.274,0.26,0.263,57971700,515050.SH,2024-01-22,NA,NA,CNY
0.261,0.26933333333333,0.26,0.26666666666667,80567100,515050.SH,2024-01-23,NA,NA,CNY
0.26966666666667,0.26966666666667,0.258,0.267,78968700,515050.SH,2024-01-24,NA,NA,CNY
0.26633333333333,0.275,0.26433333333333,0.27433333333333,89027600,515050.SH,2024-01-25,NA,NA,CNY
0.27433333333333,0.27433333333333,0.265,0.266,90823961,515050.SH,2024-01-26,NA,NA,CNY
0.266,0.266,0.25266666666667,0.254,141954600,515050.SH,2024-01-29,NA,NA,CNY
0.25266666666667,0.25466666666667,0.24633333333333,0.24733333333333,52519400,515050.SH,2024-01-30,NA,NA,CNY
0.24733333333333,0.24833333333333,0.23933333333333,0.23933333333333,60318800,515050.SH,2024-01-31,NA,NA,CNY
0.23666666666667,0.251,0.23633333333333,0.24633333333333,88154900,515050.SH,2024-02-01,NA,NA,CNY
0.24533333333333,0.24933333333333,0.23133333333333,0.23866666666667,90015300,515050.SH,2024-02-02,NA,NA,CNY
0.23733333333333,0.244,0.226,0.23833333333333,114558300,515050.SH,2024-02-05,NA,NA,CNY
0.236,0.25466666666667,0.23366666666667,0.254,131387200,515050.SH,2024-02-06,NA,NA,CNY
0.25433333333333,0.26166666666667,0.253,0.25933333333333,93236500,515050.SH,2024-02-07,NA,NA,CNY
0.26166666666667,0.27366666666667,0.26133333333333,0.268,96265900,515050.SH,2024-02-08,NA,NA,CNY
0.27166666666667,0.27933333333333,0.26966666666667,0.279,122030422,515050.SH,2024-02-19,NA,NA,CNY
0.27666666666667,0.27933333333333,0.273,0.27766666666667,70943288,515050.SH,2024-02-20,NA,NA,CNY
0.276,0.28066666666667,0.27166666666667,0.275,68776922,515050.SH,2024-02-21,NA,NA,CNY
0.278,0.28233333333333,0.27566666666667,0.281,68275200,515050.SH,2024-02-22,NA,NA,CNY
0.283,0.28466666666667,0.27866666666667,0.282,64852600,515050.SH,2024-02-23,NA,NA,CNY
0.281,0.28633333333333,0.279,0.28333333333333,66463500,515050.SH,2024-02-26,NA,NA,CNY
0.283,0.30133333333333,0.281,0.301,117946000,515050.SH,2024-02-27,NA,NA,CNY
0.30133333333333,0.30333333333333,0.28466666666667,0.285,106332800,515050.SH,2024-02-28,NA,NA,CNY
0.28466666666667,0.29833333333333,0.28433333333333,0.298,73550900,515050.SH,2024-02-29,NA,NA,CNY
0.3,0.31066666666667,0.29933333333333,0.30966666666667,173194200,515050.SH,2024-03-01,NA,NA,CNY
0.31266666666667,0.318,0.30666666666667,0.31533333333333,156554491,515050.SH,2024-03-04,NA,NA,CNY
0.31166666666667,0.32066666666667,0.30833333333333,0.31233333333333,129721591,515050.SH,2024-03-05,NA,NA,CNY
0.309,0.315,0.30566666666667,0.311,104125791,515050.SH,2024-03-06,NA,NA,CNY
0.312,0.31633333333333,0.30466666666667,0.305,89622191,515050.SH,2024-03-07,NA,NA,CNY
0.307,0.31833333333333,0.30533333333333,0.318,139097647,515050.SH,2024-03-08,NA,NA,CNY
0.31333333333333,0.31966666666667,0.30866666666667,0.31966666666667,96058300,515050.SH,2024-03-11,NA,NA,CNY
0.31666666666667,0.32266666666667,0.31366666666667,0.317,83109787,515050.SH,2024-03-12,NA,NA,CNY
0.32166666666667,0.32466666666667,0.31633333333333,0.31666666666667,105824547,515050.SH,2024-03-13,NA,NA,CNY
0.31266666666667,0.317,0.30933333333333,0.31433333333333,105446300,515050.SH,2024-03-14,NA,NA,CNY
0.31033333333333,0.321,0.31,0.32,93544167,515050.SH,2024-03-15,NA,NA,CNY
0.32066666666667,0.32833333333333,0.32066666666667,0.32833333333333,91436248,515050.SH,2024-03-18,NA,NA,CNY
0.32766666666667,0.333,0.32433333333333,0.32866666666667,97926100,515050.SH,2024-03-19,NA,NA,CNY
0.32733333333333,0.33233333333333,0.32433333333333,0.328,77746500,515050.SH,2024-03-20,NA,NA,CNY
0.32833333333333,0.33166666666667,0.324,0.32466666666667,66188460,515050.SH,2024-03-21,NA,NA,CNY
0.32466666666667,0.328,0.31966666666667,0.32433333333333,93668360,515050.SH,2024-03-22,NA,NA,CNY
0.322,0.324,0.314,0.31466666666667,67913560,515050.SH,2024-03-25,NA,NA,CNY
0.31433333333333,0.31966666666667,0.30866666666667,0.311,85843721,515050.SH,2024-03-26,NA,NA,CNY
0.31,0.31066666666667,0.29833333333333,0.29866666666667,86579200,515050.SH,2024-03-27,NA,NA,CNY
0.29833333333333,0.31133333333333,0.298,0.30733333333333,116708651,515050.SH,2024-03-28,NA,NA,CNY
0.30666666666667,0.309,0.30066666666667,0.30866666666667,82960391,515050.SH,2024-03-29,NA,NA,CNY
0.31,0.31533333333333,0.30866666666667,0.315,80371400,515050.SH,2024-04-01,NA,NA,CNY
0.31466666666667,0.315,0.307,0.30933333333333,68937791,515050.SH,2024-04-02,NA,NA,CNY
0.30933333333333,0.30933333333333,0.30133333333333,0.30333333333333,55824137,515050.SH,2024-04-03,NA,NA,CNY
0.30233333333333,0.306,0.301,0.302,49826800,515050.SH,2024-04-08,NA,NA,CNY
0.302,0.30333333333333,0.29766666666667,0.30166666666667,63601742,515050.SH,2024-04-09,NA,NA,CNY
0.30066666666667,0.30233333333333,0.291,0.293,74904300,515050.SH,2024-04-10,NA,NA,CNY
0.29233333333333,0.29833333333333,0.29233333333333,0.29366666666667,64332300,515050.SH,2024-04-11,NA,NA,CNY
0.29433333333333,0.30566666666667,0.29433333333333,0.29966666666667,83593300,515050.SH,2024-04-12,NA,NA,CNY
0.29933333333333,0.30333333333333,0.29666666666667,0.30066666666667,60763400,515050.SH,2024-04-15,NA,NA,CNY
0.30133333333333,0.30133333333333,0.29033333333333,0.29133333333333,78454934,515050.SH,2024-04-16,NA,NA,CNY
0.29433333333333,0.30266666666667,0.293,0.302,75352334,515050.SH,2024-04-17,NA,NA,CNY
0.301,0.307,0.29533333333333,0.302,85751219,515050.SH,2024-04-18,NA,NA,CNY
0.29966666666667,0.3,0.29033333333333,0.295,71421600,515050.SH,2024-04-19,NA,NA,CNY
0.292,0.292,0.28,0.28866666666667,73565119,515050.SH,2024-04-22,NA,NA,CNY
0.29066666666667,0.29333333333333,0.287,0.28866666666667,68233900,515050.SH,2024-04-23,NA,NA,CNY
0.29066666666667,0.3,0.28866666666667,0.29933333333333,85636100,515050.SH,2024-04-24,NA,NA,CNY
0.298,0.302,0.29666666666667,0.29833333333333,45120600,515050.SH,2024-04-25,NA,NA,CNY
0.30166666666667,0.313,0.30133333333333,0.31233333333333,166260500,515050.SH,2024-04-26,NA,NA,CNY
0.314,0.321,0.31366666666667,0.32033333333333,123247300,515050.SH,2024-04-29,NA,NA,CNY
0.32033333333333,0.323,0.317,0.318,69060200,515050.SH,2024-04-30,NA,NA,CNY
0.324,0.32533333333333,0.32066666666667,0.32166666666667,85806500,515050.SH,2024-05-06,NA,NA,CNY
0.322,0.32566666666667,0.317,0.32,80716500,515050.SH,2024-05-07,NA,NA,CNY
0.31733333333333,0.31966666666667,0.312,0.31266666666667,62445300,515050.SH,2024-05-08,NA,NA,CNY
0.31166666666667,0.315,0.311,0.31466666666667,63614100,515050.SH,2024-05-09,NA,NA,CNY
0.31433333333333,0.31433333333333,0.30766666666667,0.31033333333333,71520400,515050.SH,2024-05-10,NA,NA,CNY
0.31,0.31533333333333,0.30833333333333,0.312,81302500,515050.SH,2024-05-13,NA,NA,CNY
0.31266666666667,0.31733333333333,0.30966666666667,0.31166666666667,89933400,515050.SH,2024-05-14,NA,NA,CNY
0.31,0.31466666666667,0.30866666666667,0.309,51446100,515050.SH,2024-05-15,NA,NA,CNY
0.314,0.31833333333333,0.313,0.315,100114400,515050.SH,2024-05-16,NA,NA,CNY
0.314,0.31833333333333,0.311,0.31766666666667,68310700,515050.SH,2024-05-17,NA,NA,CNY
0.31766666666667,0.32133333333333,0.31366666666667,0.321,100391800,515050.SH,2024-05-20,NA,NA,CNY
0.32,0.32133333333333,0.31766666666667,0.319,59766800,515050.SH,2024-05-21,NA,NA,CNY
0.31833333333333,0.32066666666667,0.31566666666667,0.32066666666667,70986000,515050.SH,2024-05-22,NA,NA,CNY
0.32166666666667,0.32266666666667,0.314,0.316,59089000,515050.SH,2024-05-23,NA,NA,CNY
0.315,0.32066666666667,0.307,0.30866666666667,84885900,515050.SH,2024-05-24,NA,NA,CNY
0.31166666666667,0.31233333333333,0.30633333333333,0.312,52998000,515050.SH,2024-05-27,NA,NA,CNY
0.31233333333333,0.31266666666667,0.306,0.30666666666667,50884600,515050.SH,2024-05-28,NA,NA,CNY
0.307,0.30933333333333,0.30433333333333,0.305,41888100,515050.SH,2024-05-29,NA,NA,CNY
0.304,0.31,0.30133333333333,0.30833333333333,61516500,515050.SH,2024-05-30,NA,NA,CNY
0.30766666666667,0.314,0.30566666666667,0.30866666666667,51586000,515050.SH,2024-05-31,NA,NA,CNY
0.30833333333333,0.31866666666667,0.308,0.31533333333333,116620200,515050.SH,2024-06-03,NA,NA,CNY
0.31433333333333,0.31733333333333,0.312,0.31633333333333,73266500,515050.SH,2024-06-04,NA,NA,CNY
0.31533333333333,0.319,0.31433333333333,0.31433333333333,61692500,515050.SH,2024-06-05,NA,NA,CNY
0.31666666666667,0.324,0.31666666666667,0.31766666666667,120786500,515050.SH,2024-06-06,NA,NA,CNY
0.317,0.319,0.30833333333333,0.31133333333333,92562146,515050.SH,2024-06-07,NA,NA,CNY
0.30966666666667,0.31466666666667,0.308,0.31433333333333,57619800,515050.SH,2024-06-11,NA,NA,CNY
0.31533333333333,0.32266666666667,0.31533333333333,0.31833333333333,96493900,515050.SH,2024-06-12,NA,NA,CNY
0.32,0.32766666666667,0.31933333333333,0.324,117710288,515050.SH,2024-06-13,NA,NA,CNY
0.323,0.33766666666667,0.32133333333333,0.33466666666667,183929300,515050.SH,2024-06-14,NA,NA,CNY
0.336,0.34466666666667,0.334,0.342,157217899,515050.SH,2024-06-17,NA,NA,CNY
0.342,0.353,0.342,0.34933333333333,140870100,515050.SH,2024-06-18,NA,NA,CNY
0.351,0.35166666666667,0.344,0.346,108747800,515050.SH,2024-06-19,NA,NA,CNY
0.346,0.34733333333333,0.339,0.33933333333333,97264300,515050.SH,2024-06-20,NA,NA,CNY
0.33366666666667,0.344,0.33333333333333,0.34266666666667,121924700,515050.SH,2024-06-21,NA,NA,CNY
0.33766666666667,0.344,0.33266666666667,0.33333333333333,87152200,515050.SH,2024-06-24,NA,NA,CNY
0.33,0.332,0.322,0.324,95208700,515050.SH,2024-06-25,NA,NA,CNY
0.32666666666667,0.33666666666667,0.32533333333333,0.33566666666667,153101800,515050.SH,2024-06-26,NA,NA,CNY
0.33266666666667,0.339,0.33,0.33033333333333,110059800,515050.SH,2024-06-27,NA,NA,CNY
0.32866666666667,0.34166666666667,0.32866666666667,0.33766666666667,128125062,515050.SH,2024-06-28,NA,NA,CNY
0.338,0.34166666666667,0.33133333333333,0.34,126085900,515050.SH,2024-07-01,NA,NA,CNY
0.34,0.34233333333333,0.335,0.33633333333333,79853600,515050.SH,2024-07-02,NA,NA,CNY
0.33566666666667,0.337,0.33033333333333,0.33266666666667,104252200,515050.SH,2024-07-03,NA,NA,CNY
0.335,0.339,0.33133333333333,0.33166666666667,86226800,515050.SH,2024-07-04,NA,NA,CNY
0.33166666666667,0.333,0.32466666666667,0.33133333333333,99033400,515050.SH,2024-07-05,NA,NA,CNY
0.33,0.33566666666667,0.33,0.33066666666667,78087000,515050.SH,2024-07-08,NA,NA,CNY
0.331,0.35033333333333,0.32933333333333,0.34866666666667,211666700,515050.SH,2024-07-09,NA,NA,CNY
0.34733333333333,0.35533333333333,0.34733333333333,0.354,159228740,515050.SH,2024-07-10,NA,NA,CNY
0.358,0.35966666666667,0.348,0.356,189127300,515050.SH,2024-07-11,NA,NA,CNY
0.34866666666667,0.351,0.34533333333333,0.34933333333333,125603800,515050.SH,2024-07-12,NA,NA,CNY
0.34866666666667,0.34966666666667,0.34366666666667,0.347,105103700,515050.SH,2024-07-15,NA,NA,CNY
0.34733333333333,0.35666666666667,0.34533333333333,0.356,146170765,515050.SH,2024-07-16,NA,NA,CNY
0.35366666666667,0.35433333333333,0.34466666666667,0.345,131239800,515050.SH,2024-07-17,NA,NA,CNY
0.34066666666667,0.34166666666667,0.33,0.34166666666667,141794000,515050.SH,2024-07-18,NA,NA,CNY
0.337,0.343,0.33633333333333,0.33833333333333,107534100,515050.SH,2024-07-19,NA,NA,CNY
0.33766666666667,0.341,0.33533333333333,0.339,98311700,515050.SH,2024-07-22,NA,NA,CNY
0.34,0.34033333333333,0.32766666666667,0.328,93631700,515050.SH,2024-07-23,NA,NA,CNY
0.32766666666667,0.33266666666667,0.323,0.32433333333333,87733000,515050.SH,2024-07-24,NA,NA,CNY
0.319,0.32,0.31233333333333,0.31566666666667,97940100,515050.SH,2024-07-25,NA,NA,CNY
0.315,0.32266666666667,0.31466666666667,0.32066666666667,86693000,515050.SH,2024-07-26,NA,NA,CNY
0.32066666666667,0.327,0.31666666666667,0.323,91831707,515050.SH,2024-07-29,NA,NA,CNY
0.32,0.322,0.31666666666667,0.31933333333333,80420000,515050.SH,2024-07-30,NA,NA,CNY
0.31766666666667,0.32966666666667,0.31766666666667,0.32933333333333,108770700,515050.SH,2024-07-31,NA,NA,CNY
0.333,0.33566666666667,0.328,0.328,77751700,515050.SH,2024-08-01,NA,NA,CNY
0.322,0.32466666666667,0.31533333333333,0.31633333333333,97644500,515050.SH,2024-08-02,NA,NA,CNY
0.31233333333333,0.31233333333333,0.29766666666667,0.29833333333333,132186533,515050.SH,2024-08-05,NA,NA,CNY
0.30333333333333,0.30666666666667,0.3,0.304,68573147,515050.SH,2024-08-06,NA,NA,CNY
0.303,0.30633333333333,0.301,0.30266666666667,59945185,515050.SH,2024-08-07,NA,NA,CNY
0.30166666666667,0.305,0.29666666666667,0.30166666666667,63554076,515050.SH,2024-08-08,NA,NA,CNY
0.30433333333333,0.309,0.30433333333333,0.30466666666667,78833100,515050.SH,2024-08-09,NA,NA,CNY
0.30433333333333,0.30666666666667,0.30233333333333,0.30433333333333,47079500,515050.SH,2024-08-12,NA,NA,CNY
0.30566666666667,0.309,0.30366666666667,0.30766666666667,45746300,515050.SH,2024-08-13,NA,NA,CNY
0.30933333333333,0.30966666666667,0.30566666666667,0.306,42291700,515050.SH,2024-08-14,NA,NA,CNY
0.30466666666667,0.30933333333333,0.304,0.30666666666667,54127700,515050.SH,2024-08-15,NA,NA,CNY
0.30766666666667,0.31266666666667,0.30766666666667,0.30933333333333,57518800,515050.SH,2024-08-16,NA,NA,CNY
0.30866666666667,0.31366666666667,0.30833333333333,0.309,44170600,515050.SH,2024-08-19,NA,NA,CNY
0.30966666666667,0.31133333333333,0.30433333333333,0.30566666666667,45645500,515050.SH,2024-08-20,NA,NA,CNY
0.304,0.31133333333333,0.30333333333333,0.307,45312700,515050.SH,2024-08-21,NA,NA,CNY
0.307,0.308,0.30133333333333,0.303,47817600,515050.SH,2024-08-22,NA,NA,CNY
0.30166666666667,0.304,0.29933333333333,0.303,31737400,515050.SH,2024-08-23,NA,NA,CNY
0.303,0.304,0.298,0.29933333333333,48276200,515050.SH,2024-08-26,NA,NA,CNY
0.29766666666667,0.29766666666667,0.29233333333333,0.29333333333333,48474300,515050.SH,2024-08-27,NA,NA,CNY
0.29333333333333,0.29733333333333,0.29233333333333,0.29433333333333,47281000,515050.SH,2024-08-28,NA,NA,CNY
0.294,0.296,0.28533333333333,0.29433333333333,77277136,515050.SH,2024-08-29,NA,NA,CNY
0.29333333333333,0.308,0.29266666666667,0.305,109413957,515050.SH,2024-08-30,NA,NA,CNY
0.304,0.30466666666667,0.29433333333333,0.29466666666667,76943554,515050.SH,2024-09-02,NA,NA,CNY
0.29333333333333,0.29833333333333,0.29333333333333,0.297,41923500,515050.SH,2024-09-03,NA,NA,CNY
0.29266666666667,0.294,0.288,0.29233333333333,65365100,515050.SH,2024-09-04,NA,NA,CNY
0.292,0.298,0.292,0.29433333333333,54960438,515050.SH,2024-09-05,NA,NA,CNY
0.29533333333333,0.29533333333333,0.28666666666667,0.287,58567100,515050.SH,2024-09-06,NA,NA,CNY
0.28633333333333,0.28733333333333,0.28366666666667,0.286,49447253,515050.SH,2024-09-09,NA,NA,CNY
0.286,0.29233333333333,0.28266666666667,0.29033333333333,60146212,515050.SH,2024-09-10,NA,NA,CNY
0.28966666666667,0.292,0.287,0.28866666666667,46729589,515050.SH,2024-09-11,NA,NA,CNY
0.29166666666667,0.295,0.28833333333333,0.28833333333333,53365144,515050.SH,2024-09-12,NA,NA,CNY
0.288,0.29566666666667,0.288,0.29166666666667,89652082,515050.SH,2024-09-13,NA,NA,CNY
0.29066666666667,0.29066666666667,0.285,0.28766666666667,52015800,515050.SH,2024-09-18,NA,NA,CNY
0.288,0.29066666666667,0.28366666666667,0.288,72837436,515050.SH,2024-09-19,NA,NA,CNY
0.28866666666667,0.29133333333333,0.28633333333333,0.288,56294430,515050.SH,2024-09-20,NA,NA,CNY
0.288,0.294,0.286,0.29,69053400,515050.SH,2024-09-23,NA,NA,CNY
0.292,0.30566666666667,0.28866666666667,0.30533333333333,132906981,515050.SH,2024-09-24,NA,NA,CNY
0.30666666666667,0.31366666666667,0.30466666666667,0.30566666666667,111486395,515050.SH,2024-09-25,NA,NA,CNY
0.30433333333333,0.31566666666667,0.30366666666667,0.315,106538900,515050.SH,2024-09-26,NA,NA,CNY
0.31666666666667,0.33466666666667,0.31566666666667,0.33033333333333,86540100,515050.SH,2024-09-27,NA,NA,CNY
0.34333333333333,0.36333333333333,0.33933333333333,0.36333333333333,262223540,515050.SH,2024-09-30,NA,NA,CNY
0.39966666666667,0.39966666666667,0.37733333333333,0.39966666666667,260084073,515050.SH,2024-10-08,NA,NA,CNY
0.399,0.41366666666667,0.379,0.38533333333333,296753537,515050.SH,2024-10-09,NA,NA,CNY
0.38333333333333,0.39333333333333,0.37166666666667,0.37966666666667,174240701,515050.SH,2024-10-10,NA,NA,CNY
0.37466666666667,0.37733333333333,0.35833333333333,0.36433333333333,151004990,515050.SH,2024-10-11,NA,NA,CNY
0.36166666666667,0.37566666666667,0.35633333333333,0.37533333333333,190382911,515050.SH,2024-10-14,NA,NA,CNY
0.37466666666667,0.383,0.367,0.367,123072500,515050.SH,2024-10-15,NA,NA,CNY
0.35666666666667,0.36333333333333,0.35366666666667,0.35633333333333,104969300,515050.SH,2024-10-16,NA,NA,CNY
0.35766666666667,0.365,0.35733333333333,0.358,89566100,515050.SH,2024-10-17,NA,NA,CNY
0.35766666666667,0.39366666666667,0.35733333333333,0.38366666666667,219080353,515050.SH,2024-10-18,NA,NA,CNY
0.38833333333333,0.401,0.381,0.38866666666667,179643879,515050.SH,2024-10-21,NA,NA,CNY
0.389,0.39333333333333,0.383,0.39133333333333,131023400,515050.SH,2024-10-22,NA,NA,CNY
0.38633333333333,0.391,0.38133333333333,0.38366666666667,123381780,515050.SH,2024-10-23,NA,NA,CNY
0.38266666666667,0.39066666666667,0.37766666666667,0.38366666666667,134371400,515050.SH,2024-10-24,NA,NA,CNY
0.38533333333333,0.38966666666667,0.381,0.386,103471100,515050.SH,2024-10-25,NA,NA,CNY
0.38566666666667,0.38666666666667,0.37833333333333,0.38333333333333,65778434,515050.SH,2024-10-28,NA,NA,CNY
0.38333333333333,0.38933333333333,0.37766666666667,0.381,94854914,515050.SH,2024-10-29,NA,NA,CNY
0.38,0.38433333333333,0.375,0.37866666666667,75704315,515050.SH,2024-10-30,NA,NA,CNY
0.37633333333333,0.384,0.37233333333333,0.38,103050290,515050.SH,2024-10-31,NA,NA,CNY
0.377,0.37966666666667,0.36966666666667,0.37,115160800,515050.SH,2024-11-01,NA,NA,CNY
0.37033333333333,0.381,0.37033333333333,0.37833333333333,65087700,515050.SH,2024-11-04,NA,NA,CNY
0.37766666666667,0.39266666666667,0.376,0.39133333333333,122990400,515050.SH,2024-11-05,NA,NA,CNY
0.39266666666667,0.395,0.38333333333333,0.38633333333333,139350176,515050.SH,2024-11-06,NA,NA,CNY
0.383,0.39066666666667,0.37933333333333,0.39033333333333,111036400,515050.SH,2024-11-07,NA,NA,CNY
0.394,0.40433333333333,0.391,0.392,169695800,515050.SH,2024-11-08,NA,NA,CNY
0.39166666666667,0.408,0.388,0.407,198828600,515050.SH,2024-11-11,NA,NA,CNY
0.406,0.41033333333333,0.39733333333333,0.40166666666667,177578690,515050.SH,2024-11-12,NA,NA,CNY
0.39966666666667,0.40766666666667,0.396,0.40733333333333,143890309,515050.SH,2024-11-13,NA,NA,CNY
0.406,0.407,0.38933333333333,0.39033333333333,88421800,515050.SH,2024-11-14,NA,NA,CNY
0.39066666666667,0.395,0.378,0.37833333333333,89679800,515050.SH,2024-11-15,NA,NA,CNY
0.378,0.37866666666667,0.362,0.36466666666667,130645100,515050.SH,2024-11-18,NA,NA,CNY
0.366,0.37266666666667,0.361,0.37233333333333,102001800,515050.SH,2024-11-19,NA,NA,CNY
0.371,0.378,0.37033333333333,0.37566666666667,69968600,515050.SH,2024-11-20,NA,NA,CNY
0.374,0.375,0.369,0.37266666666667,65907900,515050.SH,2024-11-21,NA,NA,CNY
0.37233333333333,0.37666666666667,0.359,0.36033333333333,86760800,515050.SH,2024-11-22,NA,NA,CNY
0.36,0.36066666666667,0.34533333333333,0.352,105074800,515050.SH,2024-11-25,NA,NA,CNY
0.354,0.35633333333333,0.351,0.35166666666667,78675200,515050.SH,2024-11-26,NA,NA,CNY
0.35166666666667,0.36166666666667,0.34733333333333,0.36166666666667,98517600,515050.SH,2024-11-27,NA,NA,CNY
0.362,0.362,0.355,0.356,64143600,515050.SH,2024-11-28,NA,NA,CNY
0.35566666666667,0.36566666666667,0.354,0.36133333333333,83587200,515050.SH,2024-11-29,NA,NA,CNY
0.36133333333333,0.371,0.36133333333333,0.37033333333333,107095800,515050.SH,2024-12-02,NA,NA,CNY
0.37033333333333,0.37033333333333,0.36233333333333,0.36633333333333,95015000,515050.SH,2024-12-03,NA,NA,CNY
0.365,0.36733333333333,0.35933333333333,0.361,69990600,515050.SH,2024-12-04,NA,NA,CNY
0.36166666666667,0.36733333333333,0.36033333333333,0.36466666666667,62244700,515050.SH,2024-12-05,NA,NA,CNY
0.365,0.37166666666667,0.36466666666667,0.37033333333333,145149200,515050.SH,2024-12-06,NA,NA,CNY
0.37,0.37,0.36166666666667,0.365,83946700,515050.SH,2024-12-09,NA,NA,CNY
0.37466666666667,0.37666666666667,0.367,0.36733333333333,127954200,515050.SH,2024-12-10,NA,NA,CNY
0.36733333333333,0.37466666666667,0.36566666666667,0.37333333333333,93115000,515050.SH,2024-12-11,NA,NA,CNY
0.37333333333333,0.378,0.37233333333333,0.37733333333333,123697300,515050.SH,2024-12-12,NA,NA,CNY
0.37533333333333,0.37733333333333,0.37033333333333,0.37133333333333,96219000,515050.SH,2024-12-13,NA,NA,CNY
0.37066666666667,0.37266666666667,0.367,0.369,44936200,515050.SH,2024-12-16,NA,NA,CNY
0.36833333333333,0.37966666666667,0.36833333333333,0.37166666666667,83860400,515050.SH,2024-12-17,NA,NA,CNY
0.37066666666667,0.37766666666667,0.367,0.37533333333333,82585300,515050.SH,2024-12-18,NA,NA,CNY
0.37233333333333,0.39,0.37133333333333,0.38933333333333,150326400,515050.SH,2024-12-19,NA,NA,CNY
0.38733333333333,0.395,0.385,0.38966666666667,175622950,515050.SH,2024-12-20,NA,NA,CNY
0.39066666666667,0.39333333333333,0.382,0.38266666666667,190140000,515050.SH,2024-12-23,NA,NA,CNY
0.38266666666667,0.38633333333333,0.37733333333333,0.38633333333333,78456500,515050.SH,2024-12-24,NA,NA,CNY
0.386,0.39133333333333,0.38466666666667,0.38733333333333,101510100,515050.SH,2024-12-25,NA,NA,CNY
0.38666666666667,0.40433333333333,0.38433333333333,0.40366666666667,223159229,515050.SH,2024-12-26,NA,NA,CNY
0.403,0.40466666666667,0.395,0.39666666666667,137562400,515050.SH,2024-12-27,NA,NA,CNY
0.39666666666667,0.40166666666667,0.39166666666667,0.39466666666667,140879600,515050.SH,2024-12-30,NA,NA,CNY
0.398,0.398,0.38,0.38033333333333,155189600,515050.SH,2024-12-31,NA,NA,CNY
0.38066666666667,0.38066666666667,0.36266666666667,0.367,143974100,515050.SH,2025-01-02,NA,NA,CNY
0.365,0.36766666666667,0.35733333333333,0.35866666666667,84240600,515050.SH,2025-01-03,NA,NA,CNY
0.35866666666667,0.36533333333333,0.353,0.35666666666667,114460200,515050.SH,2025-01-06,NA,NA,CNY
0.35666666666667,0.36833333333333,0.35633333333333,0.368,133108700,515050.SH,2025-01-07,NA,NA,CNY
0.364,0.36833333333333,0.35366666666667,0.36466666666667,123057100,515050.SH,2025-01-08,NA,NA,CNY
0.363,0.37166666666667,0.36233333333333,0.369,101396300,515050.SH,2025-01-09,NA,NA,CNY
0.36666666666667,0.36833333333333,0.35833333333333,0.35833333333333,104672600,515050.SH,2025-01-10,NA,NA,CNY
0.35466666666667,0.36166666666667,0.35333333333333,0.356,73819500,515050.SH,2025-01-13,NA,NA,CNY
0.357,0.37433333333333,0.35166666666667,0.37333333333333,117291300,515050.SH,2025-01-14,NA,NA,CNY
0.37266666666667,0.37266666666667,0.36666666666667,0.36766666666667,61219500,515050.SH,2025-01-15,NA,NA,CNY
0.369,0.37566666666667,0.36566666666667,0.37233333333333,134456450,515050.SH,2025-01-16,NA,NA,CNY
0.371,0.38066666666667,0.37,0.37733333333333,107089943,515050.SH,2025-01-17,NA,NA,CNY
0.37866666666667,0.388,0.37866666666667,0.38366666666667,98237600,515050.SH,2025-01-20,NA,NA,CNY
0.38666666666667,0.396,0.38466666666667,0.393,104778050,515050.SH,2025-01-21,NA,NA,CNY
0.39066666666667,0.40466666666667,0.39066666666667,0.401,181780650,515050.SH,2025-01-22,NA,NA,CNY
0.40333333333333,0.40833333333333,0.392,0.39366666666667,141741821,515050.SH,2025-01-23,NA,NA,CNY
0.391,0.404,0.39033333333333,0.40333333333333,142011400,515050.SH,2025-01-24,NA,NA,CNY
0.40133333333333,0.40166666666667,0.38333333333333,0.38366666666667,116294900,515050.SH,2025-01-27,NA,NA,CNY
0.386,0.38633333333333,0.37366666666667,0.37633333333333,147492900,515050.SH,2025-02-05,NA,NA,CNY
0.376,0.39133333333333,0.376,0.39066666666667,226506500,515050.SH,2025-02-06,NA,NA,CNY
0.39066666666667,0.406,0.39033333333333,0.39866666666667,230989000,515050.SH,2025-02-07,NA,NA,CNY
0.399,0.40166666666667,0.396,0.40066666666667,224225401,515050.SH,2025-02-10,NA,NA,CNY
0.40233333333333,0.40433333333333,0.397,0.40066666666667,97859900,515050.SH,2025-02-11,NA,NA,CNY
0.40033333333333,0.41,0.39933333333333,0.41,168483400,515050.SH,2025-02-12,NA,NA,CNY
0.40866666666667,0.409,0.39766666666667,0.39833333333333,129095600,515050.SH,2025-02-13,NA,NA,CNY
0.397,0.403,0.39666666666667,0.40066666666667,106475800,515050.SH,2025-02-14,NA,NA,CNY
0.40166666666667,0.414,0.40166666666667,0.41133333333333,174054337,515050.SH,2025-02-17,NA,NA,CNY
0.41,0.41166666666667,0.399,0.40066666666667,121614000,515050.SH,2025-02-18,NA,NA,CNY
0.40066666666667,0.40933333333333,0.39966666666667,0.40933333333333,84636300,515050.SH,2025-02-19,NA,NA,CNY
0.40933333333333,0.41366666666667,0.40566666666667,0.412,100580989,515050.SH,2025-02-20,NA,NA,CNY
0.414,0.431,0.41333333333333,0.42933333333333,239215233,515050.SH,2025-02-21,NA,NA,CNY
0.428,0.42966666666667,0.42133333333333,0.42466666666667,108442000,515050.SH,2025-02-24,NA,NA,CNY
0.41666666666667,0.42666666666667,0.41466666666667,0.42066666666667,144361970,515050.SH,2025-02-25,NA,NA,CNY
0.42066666666667,0.42166666666667,0.413,0.42133333333333,104700800,515050.SH,2025-02-26,NA,NA,CNY
0.42133333333333,0.42266666666667,0.40433333333333,0.41166666666667,106536337,515050.SH,2025-02-27,NA,NA,CNY
0.40366666666667,0.408,0.38766666666667,0.389,161978781,515050.SH,2025-02-28,NA,NA,CNY
0.38966666666667,0.391,0.37833333333333,0.382,177448472,515050.SH,2025-03-03,NA,NA,CNY
0.37633333333333,0.38633333333333,0.375,0.386,120504036,515050.SH,2025-03-04,NA,NA,CNY
0.386,0.39133333333333,0.38433333333333,0.38966666666667,87012800,515050.SH,2025-03-05,NA,NA,CNY
0.39133333333333,0.399,0.39133333333333,0.39766666666667,109445200,515050.SH,2025-03-06,NA,NA,CNY
0.39733333333333,0.39733333333333,0.38833333333333,0.39033333333333,138575200,515050.SH,2025-03-07,NA,NA,CNY
0.39,0.392,0.38566666666667,0.38966666666667,108517100,515050.SH,2025-03-10,NA,NA,CNY
0.38566666666667,0.38933333333333,0.383,0.38833333333333,66853300,515050.SH,2025-03-11,NA,NA,CNY
0.38866666666667,0.39766666666667,0.38766666666667,0.39266666666667,105465700,515050.SH,2025-03-12,NA,NA,CNY
0.39266666666667,0.39366666666667,0.38166666666667,0.385,104790600,515050.SH,2025-03-13,NA,NA,CNY
0.38466666666667,0.395,0.38266666666667,0.39366666666667,122858600,515050.SH,2025-03-14,NA,NA,CNY
0.39433333333333,0.39533333333333,0.39133333333333,0.39366666666667,60811500,515050.SH,2025-03-17,NA,NA,CNY
0.39466666666667,0.40133333333333,0.39266666666667,0.39966666666667,100717200,515050.SH,2025-03-18,NA,NA,CNY
0.39766666666667,0.39766666666667,0.38966666666667,0.39166666666667,87298300,515050.SH,2025-03-19,NA,NA,CNY
0.39133333333333,0.39233333333333,0.38666666666667,0.38733333333333,80441800,515050.SH,2025-03-20,NA,NA,CNY
0.38633333333333,0.388,0.378,0.379,147737400,515050.SH,2025-03-21,NA,NA,CNY
0.379,0.38233333333333,0.37333333333333,0.38033333333333,86849900,515050.SH,2025-03-24,NA,NA,CNY
0.38133333333333,0.38233333333333,0.37266666666667,0.37333333333333,74604056,515050.SH,2025-03-25,NA,NA,CNY
0.373,0.37666666666667,0.372,0.37233333333333,73007017,515050.SH,2025-03-26,NA,NA,CNY
0.37233333333333,0.37533333333333,0.36666666666667,0.371,82765565,515050.SH,2025-03-27,NA,NA,CNY
0.373,0.373,0.37,0.37066666666667,60668300,515050.SH,2025-03-28,NA,NA,CNY
0.37033333333333,0.37033333333333,0.36366666666667,0.36933333333333,70931299,515050.SH,2025-03-31,NA,NA,CNY
0.36966666666667,0.37166666666667,0.36733333333333,0.36833333333333,51477500,515050.SH,2025-04-01,NA,NA,CNY
0.36933333333333,0.373,0.36833333333333,0.37,66089517,515050.SH,2025-04-02,NA,NA,CNY
0.36566666666667,0.36633333333333,0.352,0.35433333333333,151980300,515050.SH,2025-04-03,NA,NA,CNY
0.33166666666667,0.33333333333333,0.319,0.319,62807800,515050.SH,2025-04-07,NA,NA,CNY
0.30233333333333,0.318,0.29366666666667,0.30133333333333,207506700,515050.SH,2025-04-08,NA,NA,CNY
0.29233333333333,0.30666666666667,0.285,0.30533333333333,153560233,515050.SH,2025-04-09,NA,NA,CNY
0.32066666666667,0.32666666666667,0.31766666666667,0.31833333333333,742152500,515050.SH,2025-04-10,NA,NA,CNY
0.31466666666667,0.32933333333333,0.31366666666667,0.32533333333333,165198800,515050.SH,2025-04-11,NA,NA,CNY
0.337,0.338,0.32566666666667,0.327,287016814,515050.SH,2025-04-14,NA,NA,CNY
0.32566666666667,0.327,0.32,0.32266666666667,93844088,515050.SH,2025-04-15,NA,NA,CNY
0.32033333333333,0.32133333333333,0.31166666666667,0.316,151494934,515050.SH,2025-04-16,NA,NA,CNY
0.31433333333333,0.31966666666667,0.313,0.31566666666667,93240652,515050.SH,2025-04-17,NA,NA,CNY
0.31533333333333,0.32066666666667,0.31466666666667,0.31966666666667,69657800,515050.SH,2025-04-18,NA,NA,CNY
0.31966666666667,0.326,0.31733333333333,0.32566666666667,162414420,515050.SH,2025-04-21,NA,NA,CNY
0.324,0.32466666666667,0.32166666666667,0.322,93897900,515050.SH,2025-04-22,NA,NA,CNY
0.32666666666667,0.333,0.32566666666667,0.33,229530400,515050.SH,2025-04-23,NA,NA,CNY
0.33033333333333,0.33033333333333,0.323,0.32433333333333,72644938,515050.SH,2025-04-24,NA,NA,CNY
0.326,0.33333333333333,0.325,0.33033333333333,291503300,515050.SH,2025-04-25,NA,NA,CNY
0.33,0.33,0.32533333333333,0.326,67604200,515050.SH,2025-04-28,NA,NA,CNY
0.32566666666667,0.327,0.32266666666667,0.32666666666667,56050900,515050.SH,2025-04-29,NA,NA,CNY
0.32766666666667,0.332,0.32566666666667,0.33133333333333,78975468,515050.SH,2025-04-30,NA,NA,CNY
0.33333333333333,0.342,0.333,0.34166666666667,103736351,515050.SH,2025-05-06,NA,NA,CNY
0.34633333333333,0.34833333333333,0.338,0.341,159436400,515050.SH,2025-05-07,NA,NA,CNY
0.341,0.35266666666667,0.34066666666667,0.35166666666667,140515800,515050.SH,2025-05-08,NA,NA,CNY
0.35,0.35,0.343,0.34566666666667,109204900,515050.SH,2025-05-09,NA,NA,CNY
0.353,0.35566666666667,0.35,0.35533333333333,148189968,515050.SH,2025-05-12,NA,NA,CNY
0.361,0.36166666666667,0.35166666666667,0.35266666666667,102055033,515050.SH,2025-05-13,NA,NA,CNY
0.35333333333333,0.35866666666667,0.35166666666667,0.35466666666667,95313400,515050.SH,2025-05-14,NA,NA,CNY
0.353,0.35333333333333,0.34466666666667,0.345,97079900,515050.SH,2025-05-15,NA,NA,CNY
0.34366666666667,0.34833333333333,0.34333333333333,0.34566666666667,55073400,515050.SH,2025-05-16,NA,NA,CNY
0.345,0.34566666666667,0.341,0.345,59480500,515050.SH,2025-05-19,NA,NA,CNY
0.345,0.34833333333333,0.342,0.34666666666667,55125400,515050.SH,2025-05-20,NA,NA,CNY
0.34566666666667,0.34633333333333,0.34233333333333,0.344,64874700,515050.SH,2025-05-21,NA,NA,CNY
0.343,0.34633333333333,0.34166666666667,0.34233333333333,66078000,515050.SH,2025-05-22,NA,NA,CNY
0.342,0.34366666666667,0.336,0.33633333333333,78102989,515050.SH,2025-05-23,NA,NA,CNY
0.33466666666667,0.33933333333333,0.33466666666667,0.33833333333333,56538239,515050.SH,2025-05-26,NA,NA,CNY
0.33833333333333,0.33833333333333,0.331,0.33266666666667,106073600,515050.SH,2025-05-27,NA,NA,CNY
0.333,0.33666666666667,0.333,0.33466666666667,60108900,515050.SH,2025-05-28,NA,NA,CNY
0.337,0.34566666666667,0.33533333333333,0.34466666666667,221510012,515050.SH,2025-05-29,NA,NA,CNY
0.342,0.342,0.337,0.34,71981239,515050.SH,2025-05-30,NA,NA,CNY
0.804,0.816,0.788,0.815,867765890,512690.SH,2022-06-06,NA,NA,CNY
0.815,0.835,0.81,0.826,1141668812,512690.SH,2022-06-07,NA,NA,CNY
0.825,0.849,0.823,0.84,963920385,512690.SH,2022-06-08,NA,NA,CNY
0.838,0.849,0.824,0.825,566349531,512690.SH,2022-06-09,NA,NA,CNY
0.818,0.839,0.816,0.837,586744824,512690.SH,2022-06-10,NA,NA,CNY
0.828,0.831,0.813,0.821,657294746,512690.SH,2022-06-13,NA,NA,CNY
0.812,0.834,0.808,0.833,579604208,512690.SH,2022-06-14,NA,NA,CNY
0.834,0.851,0.824,0.838,951895177,512690.SH,2022-06-15,NA,NA,CNY
0.843,0.855,0.834,0.838,647100226,512690.SH,2022-06-16,NA,NA,CNY
0.831,0.861,0.829,0.86,837824836,512690.SH,2022-06-17,NA,NA,CNY
0.863,0.886,0.853,0.875,763608581,512690.SH,2022-06-20,NA,NA,CNY
0.87,0.886,0.864,0.87,733397591,512690.SH,2022-06-21,NA,NA,CNY
0.873,0.875,0.855,0.857,531756570,512690.SH,2022-06-22,NA,NA,CNY
0.858,0.87,0.852,0.866,606095340,512690.SH,2022-06-23,NA,NA,CNY
0.868,0.886,0.864,0.882,783596424,512690.SH,2022-06-24,NA,NA,CNY
0.888,0.911,0.887,0.901,777029312,512690.SH,2022-06-27,NA,NA,CNY
0.902,0.909,0.893,0.908,529334094,512690.SH,2022-06-28,NA,NA,CNY
0.904,0.913,0.892,0.897,777046700,512690.SH,2022-06-29,NA,NA,CNY
0.901,0.944,0.899,0.933,1016811541,512690.SH,2022-06-30,NA,NA,CNY
0.934,0.938,0.913,0.926,839274535,512690.SH,2022-07-01,NA,NA,CNY
0.919,0.924,0.906,0.922,679133724,512690.SH,2022-07-04,NA,NA,CNY
0.922,0.931,0.902,0.913,797940929,512690.SH,2022-07-05,NA,NA,CNY
0.908,0.911,0.88,0.888,1025737902,512690.SH,2022-07-06,NA,NA,CNY
0.885,0.892,0.871,0.887,763849195,512690.SH,2022-07-07,NA,NA,CNY
0.892,0.902,0.885,0.891,692259128,512690.SH,2022-07-08,NA,NA,CNY
0.881,0.883,0.862,0.871,742441293,512690.SH,2022-07-11,NA,NA,CNY
0.867,0.878,0.856,0.863,740422164,512690.SH,2022-07-12,NA,NA,CNY
0.864,0.875,0.86,0.87,640645404,512690.SH,2022-07-13,NA,NA,CNY
0.866,0.873,0.857,0.863,712097400,512690.SH,2022-07-14,NA,NA,CNY
0.861,0.888,0.857,0.866,996519916,512690.SH,2022-07-15,NA,NA,CNY
0.862,0.867,0.841,0.861,830693649,512690.SH,2022-07-18,NA,NA,CNY
0.858,0.865,0.851,0.862,611863200,512690.SH,2022-07-19,NA,NA,CNY
0.865,0.874,0.864,0.868,767947846,512690.SH,2022-07-20,NA,NA,CNY
0.862,0.87,0.856,0.857,533276705,512690.SH,2022-07-21,NA,NA,CNY
0.864,0.867,0.849,0.853,540764305,512690.SH,2022-07-22,NA,NA,CNY
0.852,0.865,0.844,0.863,623644300,512690.SH,2022-07-25,NA,NA,CNY
0.864,0.88,0.863,0.871,666671200,512690.SH,2022-07-26,NA,NA,CNY
0.868,0.868,0.855,0.856,596297500,512690.SH,2022-07-27,NA,NA,CNY
0.859,0.866,0.852,0.854,586434517,512690.SH,2022-07-28,NA,NA,CNY
0.85,0.851,0.821,0.825,1068250157,512690.SH,2022-07-29,NA,NA,CNY
0.824,0.845,0.824,0.838,811195679,512690.SH,2022-08-01,NA,NA,CNY
0.829,0.839,0.821,0.826,627895300,512690.SH,2022-08-02,NA,NA,CNY
0.83,0.838,0.822,0.825,517565099,512690.SH,2022-08-03,NA,NA,CNY
0.828,0.842,0.824,0.841,596311155,512690.SH,2022-08-04,NA,NA,CNY
0.841,0.847,0.834,0.844,587786190,512690.SH,2022-08-05,NA,NA,CNY
0.839,0.849,0.835,0.839,467124658,512690.SH,2022-08-08,NA,NA,CNY
0.836,0.84,0.831,0.838,375350321,512690.SH,2022-08-09,NA,NA,CNY
0.837,0.843,0.821,0.825,727995888,512690.SH,2022-08-10,NA,NA,CNY
0.829,0.84,0.826,0.84,698952088,512690.SH,2022-08-11,NA,NA,CNY
0.838,0.852,0.836,0.849,785606300,512690.SH,2022-08-12,NA,NA,CNY
0.844,0.852,0.837,0.839,635298201,512690.SH,2022-08-15,NA,NA,CNY
0.841,0.845,0.833,0.834,523421001,512690.SH,2022-08-16,NA,NA,CNY
0.836,0.844,0.826,0.842,590633499,512690.SH,2022-08-17,NA,NA,CNY
0.837,0.838,0.823,0.828,966847806,512690.SH,2022-08-18,NA,NA,CNY
0.825,0.834,0.821,0.824,533040156,512690.SH,2022-08-19,NA,NA,CNY
0.822,0.831,0.817,0.828,517659400,512690.SH,2022-08-22,NA,NA,CNY
0.826,0.829,0.812,0.815,795232600,512690.SH,2022-08-23,NA,NA,CNY
0.814,0.82,0.806,0.808,707232791,512690.SH,2022-08-24,NA,NA,CNY
0.811,0.827,0.809,0.826,919552262,512690.SH,2022-08-25,NA,NA,CNY
0.832,0.853,0.832,0.839,1122497467,512690.SH,2022-08-26,NA,NA,CNY
0.835,0.846,0.826,0.827,691912104,512690.SH,2022-08-29,NA,NA,CNY
0.827,0.828,0.815,0.823,640745899,512690.SH,2022-08-30,NA,NA,CNY
0.82,0.845,0.818,0.841,1000078083,512690.SH,2022-08-31,NA,NA,CNY
0.838,0.838,0.826,0.826,806358257,512690.SH,2022-09-01,NA,NA,CNY
0.827,0.829,0.808,0.813,982291374,512690.SH,2022-09-02,NA,NA,CNY
0.808,0.808,0.788,0.795,1076103056,512690.SH,2022-09-05,NA,NA,CNY
0.796,0.802,0.79,0.8,634240012,512690.SH,2022-09-06,NA,NA,CNY
0.797,0.797,0.787,0.79,737419936,512690.SH,2022-09-07,NA,NA,CNY
0.791,0.802,0.791,0.792,611732973,512690.SH,2022-09-08,NA,NA,CNY
0.793,0.802,0.788,0.801,660382040,512690.SH,2022-09-09,NA,NA,CNY
0.807,0.817,0.8,0.812,784806632,512690.SH,2022-09-13,NA,NA,CNY
0.802,0.809,0.801,0.804,451995169,512690.SH,2022-09-14,NA,NA,CNY
0.805,0.817,0.803,0.809,621588500,512690.SH,2022-09-15,NA,NA,CNY
0.806,0.812,0.791,0.792,554436452,512690.SH,2022-09-16,NA,NA,CNY
0.79,0.811,0.783,0.8,505084558,512690.SH,2022-09-19,NA,NA,CNY
0.802,0.813,0.795,0.811,581108414,512690.SH,2022-09-20,NA,NA,CNY
0.808,0.816,0.801,0.803,443330300,512690.SH,2022-09-21,NA,NA,CNY
0.799,0.802,0.791,0.791,447422900,512690.SH,2022-09-22,NA,NA,CNY
0.79,0.803,0.79,0.796,515814900,512690.SH,2022-09-23,NA,NA,CNY
0.79,0.816,0.788,0.809,751193830,512690.SH,2022-09-26,NA,NA,CNY
0.812,0.838,0.803,0.838,770627600,512690.SH,2022-09-27,NA,NA,CNY
0.835,0.845,0.829,0.83,596740071,512690.SH,2022-09-28,NA,NA,CNY
0.839,0.841,0.822,0.828,591998076,512690.SH,2022-09-29,NA,NA,CNY
0.833,0.841,0.824,0.825,515211940,512690.SH,2022-09-30,NA,NA,CNY
0.825,0.826,0.778,0.779,759208913,512690.SH,2022-10-10,NA,NA,CNY
0.779,0.786,0.763,0.784,515691618,512690.SH,2022-10-11,NA,NA,CNY
0.783,0.783,0.753,0.778,740312449,512690.SH,2022-10-12,NA,NA,CNY
0.77,0.776,0.761,0.765,539779958,512690.SH,2022-10-13,NA,NA,CNY
0.77,0.787,0.766,0.783,732401837,512690.SH,2022-10-14,NA,NA,CNY
0.777,0.779,0.763,0.771,609405341,512690.SH,2022-10-17,NA,NA,CNY
0.775,0.78,0.764,0.767,708805838,512690.SH,2022-10-18,NA,NA,CNY
0.763,0.764,0.74,0.742,1042540861,512690.SH,2022-10-19,NA,NA,CNY
0.734,0.758,0.73,0.749,819565011,512690.SH,2022-10-20,NA,NA,CNY
0.746,0.747,0.733,0.737,583757333,512690.SH,2022-10-21,NA,NA,CNY
0.727,0.729,0.691,0.695,1668343206,512690.SH,2022-10-24,NA,NA,CNY
0.684,0.703,0.682,0.692,866556713,512690.SH,2022-10-25,NA,NA,CNY
0.695,0.708,0.691,0.695,855834917,512690.SH,2022-10-26,NA,NA,CNY
0.697,0.699,0.662,0.664,1338249200,512690.SH,2022-10-27,NA,NA,CNY
0.661,0.673,0.655,0.658,974058252,512690.SH,2022-10-28,NA,NA,CNY
0.651,0.66,0.641,0.65,859472286,512690.SH,2022-10-31,NA,NA,CNY
0.655,0.695,0.655,0.694,1666937856,512690.SH,2022-11-01,NA,NA,CNY
0.69,0.724,0.685,0.709,1429319399,512690.SH,2022-11-02,NA,NA,CNY
0.698,0.705,0.695,0.702,586298582,512690.SH,2022-11-03,NA,NA,CNY
0.7,0.745,0.698,0.736,1319208612,512690.SH,2022-11-04,NA,NA,CNY
0.728,0.743,0.723,0.74,834851423,512690.SH,2022-11-07,NA,NA,CNY
0.738,0.745,0.721,0.728,576079182,512690.SH,2022-11-08,NA,NA,CNY
0.728,0.733,0.714,0.716,664935297,512690.SH,2022-11-09,NA,NA,CNY
0.711,0.729,0.71,0.727,699511288,512690.SH,2022-11-10,NA,NA,CNY
0.75,0.755,0.733,0.746,1004118281,512690.SH,2022-11-11,NA,NA,CNY
0.749,0.763,0.736,0.739,852098560,512690.SH,2022-11-14,NA,NA,CNY
0.738,0.766,0.733,0.758,1006917524,512690.SH,2022-11-15,NA,NA,CNY
0.755,0.77,0.751,0.76,605771205,512690.SH,2022-11-16,NA,NA,CNY
0.758,0.765,0.744,0.753,608440322,512690.SH,2022-11-17,NA,NA,CNY
0.755,0.763,0.75,0.753,574673095,512690.SH,2022-11-18,NA,NA,CNY
0.744,0.744,0.727,0.734,608514300,512690.SH,2022-11-21,NA,NA,CNY
0.733,0.749,0.731,0.736,582063734,512690.SH,2022-11-22,NA,NA,CNY
0.733,0.739,0.73,0.732,495103117,512690.SH,2022-11-23,NA,NA,CNY
0.735,0.741,0.72,0.725,576326022,512690.SH,2022-11-24,NA,NA,CNY
0.725,0.728,0.716,0.724,615787537,512690.SH,2022-11-25,NA,NA,CNY
0.709,0.726,0.697,0.724,775099574,512690.SH,2022-11-28,NA,NA,CNY
0.735,0.759,0.734,0.758,1198336963,512690.SH,2022-11-29,NA,NA,CNY
0.752,0.763,0.748,0.754,522060452,512690.SH,2022-11-30,NA,NA,CNY
0.78,0.799,0.777,0.778,1432083205,512690.SH,2022-12-01,NA,NA,CNY
0.779,0.792,0.774,0.78,617850600,512690.SH,2022-12-02,NA,NA,CNY
0.795,0.8,0.788,0.795,646628143,512690.SH,2022-12-05,NA,NA,CNY
0.79,0.837,0.788,0.818,1063721501,512690.SH,2022-12-06,NA,NA,CNY
0.815,0.834,0.807,0.817,811983443,512690.SH,2022-12-07,NA,NA,CNY
0.815,0.827,0.808,0.822,586785085,512690.SH,2022-12-08,NA,NA,CNY
0.821,0.85,0.815,0.85,963745251,512690.SH,2022-12-09,NA,NA,CNY
0.845,0.855,0.833,0.835,641467773,512690.SH,2022-12-12,NA,NA,CNY
0.835,0.85,0.826,0.844,683625817,512690.SH,2022-12-13,NA,NA,CNY
0.838,0.875,0.838,0.868,873200563,512690.SH,2022-12-14,NA,NA,CNY
0.875,0.882,0.856,0.859,736572258,512690.SH,2022-12-15,NA,NA,CNY
0.853,0.868,0.85,0.863,505213657,512690.SH,2022-12-16,NA,NA,CNY
0.865,0.872,0.848,0.852,737472618,512690.SH,2022-12-19,NA,NA,CNY
0.85,0.85,0.81,0.82,822789346,512690.SH,2022-12-20,NA,NA,CNY
0.822,0.836,0.822,0.83,495571748,512690.SH,2022-12-21,NA,NA,CNY
0.836,0.865,0.834,0.852,759220703,512690.SH,2022-12-22,NA,NA,CNY
0.845,0.868,0.84,0.857,635003967,512690.SH,2022-12-23,NA,NA,CNY
0.856,0.859,0.842,0.845,603271002,512690.SH,2022-12-26,NA,NA,CNY
0.856,0.866,0.846,0.861,667771495,512690.SH,2022-12-27,NA,NA,CNY
0.856,0.86,0.846,0.855,435447972,512690.SH,2022-12-28,NA,NA,CNY
0.848,0.85,0.838,0.846,626150769,512690.SH,2022-12-29,NA,NA,CNY
0.851,0.857,0.845,0.85,474091500,512690.SH,2022-12-30,NA,NA,CNY
0.85,0.854,0.83,0.838,653430597,512690.SH,2023-01-03,NA,NA,CNY
0.837,0.846,0.83,0.837,501693200,512690.SH,2023-01-04,NA,NA,CNY
0.845,0.884,0.842,0.881,1387465991,512690.SH,2023-01-05,NA,NA,CNY
0.88,0.884,0.866,0.879,1222836261,512690.SH,2023-01-06,NA,NA,CNY
0.883,0.905,0.875,0.903,877484603,512690.SH,2023-01-09,NA,NA,CNY
0.899,0.913,0.894,0.904,990263136,512690.SH,2023-01-10,NA,NA,CNY
0.905,0.91,0.892,0.9,774818670,512690.SH,2023-01-11,NA,NA,CNY
0.902,0.908,0.891,0.894,462160080,512690.SH,2023-01-12,NA,NA,CNY
0.894,0.924,0.894,0.921,789874550,512690.SH,2023-01-13,NA,NA,CNY
0.921,0.95,0.921,0.936,867924684,512690.SH,2023-01-16,NA,NA,CNY
0.939,0.94,0.918,0.924,757156316,512690.SH,2023-01-17,NA,NA,CNY
0.927,0.941,0.914,0.916,695040327,512690.SH,2023-01-18,NA,NA,CNY
0.915,0.918,0.902,0.914,634957172,512690.SH,2023-01-19,NA,NA,CNY
0.918,0.928,0.906,0.909,547607313,512690.SH,2023-01-20,NA,NA,CNY
0.929,0.934,0.911,0.926,826533736,512690.SH,2023-01-30,NA,NA,CNY
0.924,0.929,0.896,0.899,695786602,512690.SH,2023-01-31,NA,NA,CNY
0.9,0.906,0.886,0.904,901986600,512690.SH,2023-02-01,NA,NA,CNY
0.908,0.922,0.9,0.914,615114346,512690.SH,2023-02-02,NA,NA,CNY
0.905,0.911,0.89,0.906,809389814,512690.SH,2023-02-03,NA,NA,CNY
0.887,0.897,0.875,0.89,1101376565,512690.SH,2023-02-06,NA,NA,CNY
0.89,0.899,0.885,0.889,442548100,512690.SH,2023-02-07,NA,NA,CNY
0.891,0.893,0.879,0.882,571054200,512690.SH,2023-02-08,NA,NA,CNY
0.881,0.914,0.88,0.912,1047093016,512690.SH,2023-02-09,NA,NA,CNY
0.912,0.922,0.905,0.917,626641085,512690.SH,2023-02-10,NA,NA,CNY
0.914,0.959,0.913,0.951,951821092,512690.SH,2023-02-13,NA,NA,CNY
0.952,0.96,0.939,0.945,425661903,512690.SH,2023-02-14,NA,NA,CNY
0.946,0.958,0.94,0.945,792298810,512690.SH,2023-02-15,NA,NA,CNY
0.943,0.968,0.937,0.952,822709996,512690.SH,2023-02-16,NA,NA,CNY
0.947,0.968,0.936,0.938,859740726,512690.SH,2023-02-17,NA,NA,CNY
0.937,0.961,0.931,0.96,738670457,512690.SH,2023-02-20,NA,NA,CNY
0.96,0.96,0.939,0.946,585875204,512690.SH,2023-02-21,NA,NA,CNY
0.941,0.957,0.936,0.944,473790304,512690.SH,2023-02-22,NA,NA,CNY
0.944,0.95,0.927,0.933,616911125,512690.SH,2023-02-23,NA,NA,CNY
0.933,0.933,0.911,0.92,608225100,512690.SH,2023-02-24,NA,NA,CNY
0.913,0.937,0.911,0.932,492494177,512690.SH,2023-02-27,NA,NA,CNY
0.934,0.939,0.922,0.932,418582300,512690.SH,2023-02-28,NA,NA,CNY
0.932,0.945,0.923,0.941,550042809,512690.SH,2023-03-01,NA,NA,CNY
0.94,0.943,0.935,0.938,463072500,512690.SH,2023-03-02,NA,NA,CNY
0.942,0.95,0.926,0.931,631328089,512690.SH,2023-03-03,NA,NA,CNY
0.931,0.94,0.918,0.931,494239235,512690.SH,2023-03-06,NA,NA,CNY
0.928,0.932,0.912,0.913,431998631,512690.SH,2023-03-07,NA,NA,CNY
0.908,0.919,0.902,0.908,451691856,512690.SH,2023-03-08,NA,NA,CNY
0.907,0.912,0.886,0.9,626573856,512690.SH,2023-03-09,NA,NA,CNY
0.892,0.907,0.886,0.886,626640656,512690.SH,2023-03-10,NA,NA,CNY
0.888,0.91,0.887,0.904,532943700,512690.SH,2023-03-13,NA,NA,CNY
0.905,0.907,0.886,0.896,616284600,512690.SH,2023-03-14,NA,NA,CNY
0.905,0.907,0.883,0.885,481183243,512690.SH,2023-03-15,NA,NA,CNY
0.881,0.897,0.876,0.883,462528882,512690.SH,2023-03-16,NA,NA,CNY
0.891,0.893,0.865,0.869,636294006,512690.SH,2023-03-17,NA,NA,CNY
0.868,0.87,0.851,0.857,497846102,512690.SH,2023-03-20,NA,NA,CNY
0.861,0.889,0.856,0.886,580142304,512690.SH,2023-03-21,NA,NA,CNY
0.888,0.9,0.88,0.882,577457400,512690.SH,2023-03-22,NA,NA,CNY
0.878,0.902,0.876,0.892,767150491,512690.SH,2023-03-23,NA,NA,CNY
0.892,0.903,0.885,0.892,490459614,512690.SH,2023-03-24,NA,NA,CNY
0.894,0.895,0.88,0.884,614609191,512690.SH,2023-03-27,NA,NA,CNY
0.886,0.906,0.886,0.903,658631289,512690.SH,2023-03-28,NA,NA,CNY
0.908,0.914,0.898,0.912,995693376,512690.SH,2023-03-29,NA,NA,CNY
0.911,0.926,0.905,0.924,1069975979,512690.SH,2023-03-30,NA,NA,CNY
0.927,0.939,0.919,0.92,662570999,512690.SH,2023-03-31,NA,NA,CNY
0.919,0.926,0.908,0.918,727099300,512690.SH,2023-04-03,NA,NA,CNY
0.917,0.927,0.908,0.925,785947339,512690.SH,2023-04-04,NA,NA,CNY
0.919,0.924,0.901,0.904,969626145,512690.SH,2023-04-06,NA,NA,CNY
0.902,0.912,0.894,0.9,770786100,512690.SH,2023-04-07,NA,NA,CNY
0.895,0.895,0.863,0.885,1158563386,512690.SH,2023-04-10,NA,NA,CNY
0.88,0.885,0.866,0.869,1114055644,512690.SH,2023-04-11,NA,NA,CNY
0.869,0.871,0.844,0.847,1157817102,512690.SH,2023-04-12,NA,NA,CNY
0.845,0.858,0.839,0.854,887988085,512690.SH,2023-04-13,NA,NA,CNY
0.855,0.858,0.841,0.843,747290119,512690.SH,2023-04-14,NA,NA,CNY
0.849,0.867,0.848,0.856,1026567625,512690.SH,2023-04-17,NA,NA,CNY
0.856,0.864,0.853,0.857,593668887,512690.SH,2023-04-18,NA,NA,CNY
0.858,0.859,0.846,0.852,528311563,512690.SH,2023-04-19,NA,NA,CNY
0.853,0.854,0.835,0.839,681496735,512690.SH,2023-04-20,NA,NA,CNY
0.842,0.848,0.832,0.833,652048392,512690.SH,2023-04-21,NA,NA,CNY
0.833,0.834,0.814,0.817,710776272,512690.SH,2023-04-24,NA,NA,CNY
0.821,0.833,0.813,0.832,835098943,512690.SH,2023-04-25,NA,NA,CNY
0.832,0.837,0.82,0.832,609091970,512690.SH,2023-04-26,NA,NA,CNY
0.829,0.841,0.822,0.835,648607870,512690.SH,2023-04-27,NA,NA,CNY
0.839,0.849,0.833,0.84,758999160,512690.SH,2023-04-28,NA,NA,CNY
0.843,0.851,0.826,0.828,648655835,512690.SH,2023-05-04,NA,NA,CNY
0.829,0.84,0.825,0.837,503855312,512690.SH,2023-05-05,NA,NA,CNY
0.84,0.843,0.824,0.825,711071617,512690.SH,2023-05-08,NA,NA,CNY
0.823,0.841,0.816,0.828,685777484,512690.SH,2023-05-09,NA,NA,CNY
0.825,0.826,0.815,0.819,468946560,512690.SH,2023-05-10,NA,NA,CNY
0.822,0.827,0.815,0.816,363772100,512690.SH,2023-05-11,NA,NA,CNY
0.814,0.821,0.803,0.804,525986288,512690.SH,2023-05-12,NA,NA,CNY
0.802,0.813,0.798,0.813,510218953,512690.SH,2023-05-15,NA,NA,CNY
0.814,0.815,0.801,0.805,506074800,512690.SH,2023-05-16,NA,NA,CNY
0.803,0.804,0.792,0.794,536942361,512690.SH,2023-05-17,NA,NA,CNY
0.796,0.8,0.788,0.791,517766075,512690.SH,2023-05-18,NA,NA,CNY
0.789,0.806,0.78,0.804,902531463,512690.SH,2023-05-19,NA,NA,CNY
0.8,0.831,0.79,0.826,1179436067,512690.SH,2023-05-22,NA,NA,CNY
0.822,0.828,0.811,0.812,680849156,512690.SH,2023-05-23,NA,NA,CNY
0.808,0.809,0.797,0.799,582118784,512690.SH,2023-05-24,NA,NA,CNY
0.793,0.798,0.785,0.79,600953772,512690.SH,2023-05-25,NA,NA,CNY
0.791,0.799,0.782,0.79,539186228,512690.SH,2023-05-26,NA,NA,CNY
0.79,0.794,0.778,0.784,514198855,512690.SH,2023-05-29,NA,NA,CNY
0.784,0.788,0.768,0.775,632607946,512690.SH,2023-05-30,NA,NA,CNY
0.769,0.772,0.752,0.758,857428520,512690.SH,2023-05-31,NA,NA,CNY
0.755,0.779,0.755,0.762,725126324,512690.SH,2023-06-01,NA,NA,CNY
0.766,0.781,0.759,0.781,804075131,512690.SH,2023-06-02,NA,NA,CNY
0.776,0.78,0.762,0.765,665502500,512690.SH,2023-06-05,NA,NA,CNY
0.765,0.775,0.756,0.762,644709508,512690.SH,2023-06-06,NA,NA,CNY
0.764,0.769,0.749,0.75,580728339,512690.SH,2023-06-07,NA,NA,CNY
0.75,0.762,0.747,0.758,542703374,512690.SH,2023-06-08,NA,NA,CNY
0.76,0.764,0.753,0.755,541926800,512690.SH,2023-06-09,NA,NA,CNY
0.754,0.787,0.75,0.781,934499838,512690.SH,2023-06-12,NA,NA,CNY
0.778,0.792,0.776,0.787,828323667,512690.SH,2023-06-13,NA,NA,CNY
0.79,0.814,0.789,0.808,981146867,512690.SH,2023-06-14,NA,NA,CNY
0.808,0.824,0.805,0.821,759488606,512690.SH,2023-06-15,NA,NA,CNY
0.823,0.834,0.819,0.83,713116945,512690.SH,2023-06-16,NA,NA,CNY
0.827,0.831,0.803,0.811,806990968,512690.SH,2023-06-19,NA,NA,CNY
0.808,0.814,0.796,0.8,587729316,512690.SH,2023-06-20,NA,NA,CNY
0.798,0.803,0.787,0.788,640121024,512690.SH,2023-06-21,NA,NA,CNY
0.78,0.782,0.763,0.766,841354265,512690.SH,2023-06-26,NA,NA,CNY
0.771,0.78,0.762,0.778,791836824,512690.SH,2023-06-27,NA,NA,CNY
0.775,0.786,0.772,0.78,692674064,512690.SH,2023-06-28,NA,NA,CNY
0.779,0.78,0.763,0.767,867715744,512690.SH,2023-06-29,NA,NA,CNY
0.768,0.772,0.76,0.764,583909547,512690.SH,2023-06-30,NA,NA,CNY
0.765,0.785,0.759,0.784,1062299168,512690.SH,2023-07-03,NA,NA,CNY
0.782,0.79,0.776,0.789,690960836,512690.SH,2023-07-04,NA,NA,CNY
0.788,0.789,0.772,0.775,842351236,512690.SH,2023-07-05,NA,NA,CNY
0.771,0.782,0.765,0.767,751210759,512690.SH,2023-07-06,NA,NA,CNY
0.764,0.77,0.761,0.764,490725795,512690.SH,2023-07-07,NA,NA,CNY
0.768,0.778,0.765,0.768,624858155,512690.SH,2023-07-10,NA,NA,CNY
0.771,0.772,0.763,0.769,558874200,512690.SH,2023-07-11,NA,NA,CNY
0.77,0.776,0.767,0.769,599284643,512690.SH,2023-07-12,NA,NA,CNY
0.775,0.8,0.775,0.799,1340311935,512690.SH,2023-07-13,NA,NA,CNY
0.801,0.805,0.791,0.795,721996130,512690.SH,2023-07-14,NA,NA,CNY
0.791,0.792,0.779,0.785,730310230,512690.SH,2023-07-17,NA,NA,CNY
0.787,0.787,0.779,0.782,500109100,512690.SH,2023-07-18,NA,NA,CNY
0.778,0.785,0.773,0.779,826590982,512690.SH,2023-07-19,NA,NA,CNY
0.781,0.792,0.775,0.777,841766120,512690.SH,2023-07-20,NA,NA,CNY
0.779,0.802,0.774,0.795,1182214074,512690.SH,2023-07-21,NA,NA,CNY
0.79,0.791,0.783,0.786,874555907,512690.SH,2023-07-24,NA,NA,CNY
0.809,0.829,0.806,0.826,1736037461,512690.SH,2023-07-25,NA,NA,CNY
0.824,0.832,0.817,0.825,941493952,512690.SH,2023-07-26,NA,NA,CNY
0.827,0.845,0.822,0.833,1545781781,512690.SH,2023-07-27,NA,NA,CNY
0.828,0.854,0.826,0.852,1162607090,512690.SH,2023-07-28,NA,NA,CNY
0.859,0.885,0.848,0.852,1598540647,512690.SH,2023-07-31,NA,NA,CNY
0.848,0.861,0.838,0.843,1010164444,512690.SH,2023-08-01,NA,NA,CNY
0.839,0.849,0.834,0.84,697492239,512690.SH,2023-08-02,NA,NA,CNY
0.837,0.849,0.829,0.847,998410568,512690.SH,2023-08-03,NA,NA,CNY
0.856,0.861,0.845,0.847,907770991,512690.SH,2023-08-04,NA,NA,CNY
0.841,0.845,0.831,0.834,807668500,512690.SH,2023-08-07,NA,NA,CNY
0.832,0.842,0.828,0.838,704173131,512690.SH,2023-08-08,NA,NA,CNY
0.836,0.84,0.832,0.839,770428854,512690.SH,2023-08-09,NA,NA,CNY
0.837,0.837,0.826,0.835,775703036,512690.SH,2023-08-10,NA,NA,CNY
0.836,0.838,0.813,0.814,740650350,512690.SH,2023-08-11,NA,NA,CNY
0.804,0.807,0.794,0.805,860213322,512690.SH,2023-08-14,NA,NA,CNY
0.805,0.809,0.796,0.804,684611800,512690.SH,2023-08-15,NA,NA,CNY
0.799,0.808,0.797,0.802,596734176,512690.SH,2023-08-16,NA,NA,CNY
0.798,0.821,0.795,0.819,1041582061,512690.SH,2023-08-17,NA,NA,CNY
0.818,0.82,0.799,0.8,692325000,512690.SH,2023-08-18,NA,NA,CNY
0.796,0.811,0.793,0.8,720010552,512690.SH,2023-08-21,NA,NA,CNY
0.803,0.805,0.788,0.799,1196850566,512690.SH,2023-08-22,NA,NA,CNY
0.797,0.8,0.784,0.784,1029064905,512690.SH,2023-08-23,NA,NA,CNY
0.788,0.811,0.785,0.806,1070257038,512690.SH,2023-08-24,NA,NA,CNY
0.801,0.805,0.796,0.802,796649123,512690.SH,2023-08-25,NA,NA,CNY
0.85,0.852,0.797,0.801,1615152490,512690.SH,2023-08-28,NA,NA,CNY
0.796,0.817,0.794,0.814,1061026281,512690.SH,2023-08-29,NA,NA,CNY
0.813,0.818,0.807,0.811,788414452,512690.SH,2023-08-30,NA,NA,CNY
0.809,0.81,0.802,0.807,612003034,512690.SH,2023-08-31,NA,NA,CNY
0.813,0.826,0.813,0.821,984731966,512690.SH,2023-09-01,NA,NA,CNY
0.829,0.851,0.828,0.847,1321107920,512690.SH,2023-09-04,NA,NA,CNY
0.843,0.847,0.834,0.836,842583083,512690.SH,2023-09-05,NA,NA,CNY
0.833,0.838,0.829,0.836,568737112,512690.SH,2023-09-06,NA,NA,CNY
0.832,0.834,0.82,0.822,803723449,512690.SH,2023-09-07,NA,NA,CNY
0.818,0.824,0.813,0.818,584655516,512690.SH,2023-09-08,NA,NA,CNY
0.817,0.833,0.813,0.825,718311871,512690.SH,2023-09-11,NA,NA,CNY
0.823,0.824,0.817,0.818,443552509,512690.SH,2023-09-12,NA,NA,CNY
0.821,0.83,0.813,0.821,805242944,512690.SH,2023-09-13,NA,NA,CNY
0.82,0.824,0.809,0.815,700081266,512690.SH,2023-09-14,NA,NA,CNY
0.817,0.819,0.802,0.803,888633418,512690.SH,2023-09-15,NA,NA,CNY
0.803,0.814,0.797,0.812,626058663,512690.SH,2023-09-18,NA,NA,CNY
0.81,0.81,0.798,0.806,490318411,512690.SH,2023-09-19,NA,NA,CNY
0.803,0.806,0.8,0.8,280687900,512690.SH,2023-09-20,NA,NA,CNY
0.799,0.799,0.785,0.786,1033532208,512690.SH,2023-09-21,NA,NA,CNY
0.781,0.802,0.781,0.801,635479088,512690.SH,2023-09-22,NA,NA,CNY
0.8,0.801,0.792,0.795,472696363,512690.SH,2023-09-25,NA,NA,CNY
0.794,0.797,0.785,0.786,404859158,512690.SH,2023-09-26,NA,NA,CNY
0.788,0.796,0.782,0.788,565301149,512690.SH,2023-09-27,NA,NA,CNY
0.79,0.791,0.777,0.778,501027350,512690.SH,2023-09-28,NA,NA,CNY
0.778,0.778,0.764,0.774,1328614139,512690.SH,2023-10-09,NA,NA,CNY
0.778,0.785,0.765,0.767,617921914,512690.SH,2023-10-10,NA,NA,CNY
0.77,0.773,0.765,0.766,510163008,512690.SH,2023-10-11,NA,NA,CNY
0.772,0.775,0.764,0.768,643589539,512690.SH,2023-10-12,NA,NA,CNY
0.762,0.763,0.747,0.751,661725929,512690.SH,2023-10-13,NA,NA,CNY
0.75,0.75,0.737,0.741,679603373,512690.SH,2023-10-16,NA,NA,CNY
0.742,0.745,0.733,0.74,519861428,512690.SH,2023-10-17,NA,NA,CNY
0.738,0.748,0.735,0.738,524755840,512690.SH,2023-10-18,NA,NA,CNY
0.732,0.732,0.712,0.714,1009557999,512690.SH,2023-10-19,NA,NA,CNY
0.709,0.723,0.708,0.711,800629726,512690.SH,2023-10-20,NA,NA,CNY
0.708,0.723,0.705,0.712,690736336,512690.SH,2023-10-23,NA,NA,CNY
0.714,0.721,0.705,0.716,668456431,512690.SH,2023-10-24,NA,NA,CNY
0.729,0.743,0.729,0.735,1099617316,512690.SH,2023-10-25,NA,NA,CNY
0.728,0.742,0.727,0.742,566498362,512690.SH,2023-10-26,NA,NA,CNY
0.738,0.754,0.736,0.751,654849253,512690.SH,2023-10-27,NA,NA,CNY
0.749,0.762,0.748,0.76,788737001,512690.SH,2023-10-30,NA,NA,CNY
0.76,0.763,0.753,0.761,654362900,512690.SH,2023-10-31,NA,NA,CNY
0.8,0.806,0.774,0.775,1628933296,512690.SH,2023-11-01,NA,NA,CNY
0.773,0.777,0.762,0.762,525072409,512690.SH,2023-11-02,NA,NA,CNY
0.764,0.776,0.761,0.771,554161554,512690.SH,2023-11-03,NA,NA,CNY
0.777,0.778,0.764,0.773,765395847,512690.SH,2023-11-06,NA,NA,CNY
0.771,0.771,0.762,0.767,530342198,512690.SH,2023-11-07,NA,NA,CNY
0.764,0.769,0.76,0.764,534068700,512690.SH,2023-11-08,NA,NA,CNY
0.763,0.768,0.759,0.765,408101450,512690.SH,2023-11-09,NA,NA,CNY
0.76,0.762,0.751,0.754,532251700,512690.SH,2023-11-10,NA,NA,CNY
0.756,0.757,0.744,0.747,475194739,512690.SH,2023-11-13,NA,NA,CNY
0.748,0.755,0.746,0.75,463901701,512690.SH,2023-11-14,NA,NA,CNY
0.758,0.76,0.751,0.755,711109543,512690.SH,2023-11-15,NA,NA,CNY
0.755,0.757,0.746,0.746,465753822,512690.SH,2023-11-16,NA,NA,CNY
0.743,0.747,0.738,0.743,482891524,512690.SH,2023-11-17,NA,NA,CNY
0.744,0.75,0.736,0.745,730088700,512690.SH,2023-11-20,NA,NA,CNY
0.749,0.76,0.744,0.757,903787432,512690.SH,2023-11-21,NA,NA,CNY
0.754,0.758,0.749,0.75,513263200,512690.SH,2023-11-22,NA,NA,CNY
0.748,0.751,0.742,0.751,478154711,512690.SH,2023-11-23,NA,NA,CNY
0.75,0.753,0.745,0.747,380550716,512690.SH,2023-11-24,NA,NA,CNY
0.747,0.748,0.731,0.735,603026226,512690.SH,2023-11-27,NA,NA,CNY
0.736,0.741,0.729,0.734,498880841,512690.SH,2023-11-28,NA,NA,CNY
0.733,0.735,0.724,0.735,460202931,512690.SH,2023-11-29,NA,NA,CNY
0.733,0.74,0.73,0.739,537193632,512690.SH,2023-11-30,NA,NA,CNY
0.738,0.738,0.722,0.728,624359402,512690.SH,2023-12-01,NA,NA,CNY
0.728,0.728,0.716,0.717,567719148,512690.SH,2023-12-04,NA,NA,CNY
0.714,0.715,0.7,0.701,582349036,512690.SH,2023-12-05,NA,NA,CNY
0.698,0.708,0.696,0.704,511813201,512690.SH,2023-12-06,NA,NA,CNY
0.703,0.703,0.694,0.7,448924200,512690.SH,2023-12-07,NA,NA,CNY
0.701,0.707,0.696,0.704,561003403,512690.SH,2023-12-08,NA,NA,CNY
0.694,0.695,0.678,0.695,890357506,512690.SH,2023-12-11,NA,NA,CNY
0.69,0.7,0.688,0.699,524111943,512690.SH,2023-12-12,NA,NA,CNY
0.697,0.697,0.673,0.674,1171100325,512690.SH,2023-12-13,NA,NA,CNY
0.678,0.681,0.661,0.662,744422550,512690.SH,2023-12-14,NA,NA,CNY
0.664,0.678,0.663,0.665,765457590,512690.SH,2023-12-15,NA,NA,CNY
0.661,0.668,0.656,0.662,397797611,512690.SH,2023-12-18,NA,NA,CNY
0.663,0.668,0.657,0.665,419952081,512690.SH,2023-12-19,NA,NA,CNY
0.665,0.667,0.654,0.655,560672403,512690.SH,2023-12-20,NA,NA,CNY
0.651,0.67,0.65,0.668,727232325,512690.SH,2023-12-21,NA,NA,CNY
0.668,0.672,0.661,0.666,586425523,512690.SH,2023-12-22,NA,NA,CNY
0.664,0.672,0.663,0.672,508260500,512690.SH,2023-12-25,NA,NA,CNY
0.672,0.672,0.663,0.668,356264100,512690.SH,2023-12-26,NA,NA,CNY
0.667,0.671,0.661,0.667,573292600,512690.SH,2023-12-27,NA,NA,CNY
0.667,0.699,0.665,0.695,1202940824,512690.SH,2023-12-28,NA,NA,CNY
0.693,0.7,0.687,0.692,685472773,512690.SH,2023-12-29,NA,NA,CNY
0.69,0.691,0.672,0.673,710615700,512690.SH,2024-01-02,NA,NA,CNY
0.671,0.676,0.664,0.669,626206500,512690.SH,2024-01-03,NA,NA,CNY
0.669,0.669,0.652,0.656,903361425,512690.SH,2024-01-04,NA,NA,CNY
0.653,0.659,0.646,0.648,574821800,512690.SH,2024-01-05,NA,NA,CNY
0.648,0.65,0.637,0.637,541233974,512690.SH,2024-01-08,NA,NA,CNY
0.64,0.645,0.634,0.638,496067076,512690.SH,2024-01-09,NA,NA,CNY
0.637,0.651,0.631,0.643,605836400,512690.SH,2024-01-10,NA,NA,CNY
0.643,0.651,0.638,0.648,536069297,512690.SH,2024-01-11,NA,NA,CNY
0.645,0.65,0.64,0.643,455590575,512690.SH,2024-01-12,NA,NA,CNY
0.639,0.646,0.636,0.637,439861400,512690.SH,2024-01-15,NA,NA,CNY
0.637,0.644,0.632,0.639,455817212,512690.SH,2024-01-16,NA,NA,CNY
0.637,0.637,0.618,0.619,624112652,512690.SH,2024-01-17,NA,NA,CNY
0.616,0.632,0.61,0.631,720285125,512690.SH,2024-01-18,NA,NA,CNY
0.627,0.638,0.625,0.633,548190772,512690.SH,2024-01-19,NA,NA,CNY
0.632,0.632,0.614,0.617,582217678,512690.SH,2024-01-22,NA,NA,CNY
0.617,0.624,0.611,0.619,508229000,512690.SH,2024-01-23,NA,NA,CNY
0.622,0.625,0.604,0.62,615164015,512690.SH,2024-01-24,NA,NA,CNY
0.618,0.635,0.614,0.633,821045330,512690.SH,2024-01-25,NA,NA,CNY
0.629,0.639,0.627,0.632,495784135,512690.SH,2024-01-26,NA,NA,CNY
0.632,0.647,0.631,0.636,765005906,512690.SH,2024-01-29,NA,NA,CNY
0.63,0.631,0.611,0.612,551489437,512690.SH,2024-01-30,NA,NA,CNY
0.61,0.617,0.603,0.604,443646112,512690.SH,2024-01-31,NA,NA,CNY
0.603,0.611,0.598,0.605,405766100,512690.SH,2024-02-01,NA,NA,CNY
0.605,0.618,0.584,0.602,670865194,512690.SH,2024-02-02,NA,NA,CNY
0.595,0.608,0.585,0.598,696798704,512690.SH,2024-02-05,NA,NA,CNY
0.598,0.629,0.596,0.628,828200900,512690.SH,2024-02-06,NA,NA,CNY
0.628,0.642,0.624,0.64,651564981,512690.SH,2024-02-07,NA,NA,CNY
0.643,0.65,0.634,0.641,600875940,512690.SH,2024-02-08,NA,NA,CNY
0.653,0.656,0.637,0.642,534524860,512690.SH,2024-02-19,NA,NA,CNY
0.641,0.644,0.629,0.634,358846335,512690.SH,2024-02-20,NA,NA,CNY
0.632,0.675,0.63,0.666,1123653020,512690.SH,2024-02-21,NA,NA,CNY
0.66,0.669,0.656,0.667,593569238,512690.SH,2024-02-22,NA,NA,CNY
0.665,0.679,0.661,0.671,586571440,512690.SH,2024-02-23,NA,NA,CNY
0.667,0.674,0.659,0.661,414230274,512690.SH,2024-02-26,NA,NA,CNY
0.658,0.666,0.656,0.665,509561322,512690.SH,2024-02-27,NA,NA,CNY
0.663,0.669,0.655,0.655,698338438,512690.SH,2024-02-28,NA,NA,CNY
0.652,0.672,0.65,0.671,721858711,512690.SH,2024-02-29,NA,NA,CNY
0.667,0.675,0.662,0.672,465700200,512690.SH,2024-03-01,NA,NA,CNY
0.67,0.671,0.661,0.665,550035250,512690.SH,2024-03-04,NA,NA,CNY
0.66,0.674,0.66,0.673,678387885,512690.SH,2024-03-05,NA,NA,CNY
0.669,0.671,0.66,0.663,449057943,512690.SH,2024-03-06,NA,NA,CNY
0.662,0.667,0.658,0.659,448700346,512690.SH,2024-03-07,NA,NA,CNY
0.658,0.662,0.649,0.655,544783343,512690.SH,2024-03-08,NA,NA,CNY
0.654,0.672,0.654,0.672,684125258,512690.SH,2024-03-11,NA,NA,CNY
0.672,0.706,0.672,0.704,1307439284,512690.SH,2024-03-12,NA,NA,CNY
0.7,0.706,0.694,0.701,588818473,512690.SH,2024-03-13,NA,NA,CNY
0.697,0.71,0.693,0.699,551288696,512690.SH,2024-03-14,NA,NA,CNY
0.696,0.71,0.695,0.704,446233717,512690.SH,2024-03-15,NA,NA,CNY
0.701,0.704,0.694,0.704,451837336,512690.SH,2024-03-18,NA,NA,CNY
0.702,0.718,0.698,0.712,699289574,512690.SH,2024-03-19,NA,NA,CNY
0.708,0.712,0.705,0.709,341971178,512690.SH,2024-03-20,NA,NA,CNY
0.71,0.719,0.707,0.712,401381538,512690.SH,2024-03-21,NA,NA,CNY
0.711,0.711,0.691,0.696,514194043,512690.SH,2024-03-22,NA,NA,CNY
0.692,0.695,0.684,0.689,374658975,512690.SH,2024-03-25,NA,NA,CNY
0.69,0.702,0.688,0.7,542203088,512690.SH,2024-03-26,NA,NA,CNY
0.699,0.702,0.689,0.691,399623539,512690.SH,2024-03-27,NA,NA,CNY
0.688,0.7,0.686,0.692,388378800,512690.SH,2024-03-28,NA,NA,CNY
0.69,0.695,0.686,0.691,339131500,512690.SH,2024-03-29,NA,NA,CNY
0.695,0.717,0.694,0.71,696742696,512690.SH,2024-04-01,NA,NA,CNY
0.709,0.711,0.703,0.706,442883831,512690.SH,2024-04-02,NA,NA,CNY
0.709,0.714,0.701,0.706,394427191,512690.SH,2024-04-03,NA,NA,CNY
0.701,0.701,0.677,0.678,615023908,512690.SH,2024-04-08,NA,NA,CNY
0.675,0.683,0.673,0.679,334122200,512690.SH,2024-04-09,NA,NA,CNY
0.678,0.679,0.664,0.668,542450000,512690.SH,2024-04-10,NA,NA,CNY
0.664,0.669,0.662,0.669,371355060,512690.SH,2024-04-11,NA,NA,CNY
0.668,0.673,0.656,0.658,391718349,512690.SH,2024-04-12,NA,NA,CNY
0.656,0.681,0.655,0.678,565524853,512690.SH,2024-04-15,NA,NA,CNY
0.675,0.677,0.664,0.666,374093900,512690.SH,2024-04-16,NA,NA,CNY
0.666,0.67,0.663,0.669,353972904,512690.SH,2024-04-17,NA,NA,CNY
0.667,0.678,0.661,0.67,414138700,512690.SH,2024-04-18,NA,NA,CNY
0.665,0.666,0.655,0.659,419313043,512690.SH,2024-04-19,NA,NA,CNY
0.663,0.678,0.662,0.673,456118500,512690.SH,2024-04-22,NA,NA,CNY
0.673,0.683,0.671,0.683,523430698,512690.SH,2024-04-23,NA,NA,CNY
0.683,0.685,0.675,0.684,400498200,512690.SH,2024-04-24,NA,NA,CNY
0.68,0.683,0.675,0.68,246233100,512690.SH,2024-04-25,NA,NA,CNY
0.682,0.698,0.682,0.695,447049799,512690.SH,2024-04-26,NA,NA,CNY
0.692,0.712,0.689,0.701,713861300,512690.SH,2024-04-29,NA,NA,CNY
0.701,0.711,0.698,0.699,396699000,512690.SH,2024-04-30,NA,NA,CNY
0.709,0.733,0.709,0.724,873115285,512690.SH,2024-05-06,NA,NA,CNY
0.724,0.729,0.716,0.727,438926800,512690.SH,2024-05-07,NA,NA,CNY
0.725,0.727,0.716,0.719,373304900,512690.SH,2024-05-08,NA,NA,CNY
0.718,0.723,0.717,0.72,408612800,512690.SH,2024-05-09,NA,NA,CNY
0.723,0.726,0.711,0.716,359197200,512690.SH,2024-05-10,NA,NA,CNY
0.711,0.711,0.698,0.701,509625011,512690.SH,2024-05-13,NA,NA,CNY
0.7,0.707,0.698,0.704,319234700,512690.SH,2024-05-14,NA,NA,CNY
0.703,0.706,0.7,0.7,252217900,512690.SH,2024-05-15,NA,NA,CNY
0.703,0.713,0.695,0.708,506365654,512690.SH,2024-05-16,NA,NA,CNY
0.708,0.719,0.705,0.719,712153145,512690.SH,2024-05-17,NA,NA,CNY
0.72,0.733,0.72,0.722,556581200,512690.SH,2024-05-20,NA,NA,CNY
0.718,0.723,0.713,0.718,442305600,512690.SH,2024-05-21,NA,NA,CNY
0.717,0.719,0.707,0.711,409702000,512690.SH,2024-05-22,NA,NA,CNY
0.711,0.713,0.7,0.701,333913500,512690.SH,2024-05-23,NA,NA,CNY
0.7,0.701,0.691,0.692,325321600,512690.SH,2024-05-24,NA,NA,CNY
0.693,0.697,0.689,0.693,443674200,512690.SH,2024-05-27,NA,NA,CNY
0.692,0.693,0.684,0.685,356938000,512690.SH,2024-05-28,NA,NA,CNY
0.684,0.689,0.68,0.683,362901800,512690.SH,2024-05-29,NA,NA,CNY
0.68,0.681,0.67,0.672,504641300,512690.SH,2024-05-30,NA,NA,CNY
0.673,0.678,0.673,0.674,344117200,512690.SH,2024-05-31,NA,NA,CNY
0.674,0.678,0.667,0.671,425759900,512690.SH,2024-06-03,NA,NA,CNY
0.671,0.68,0.668,0.679,490005000,512690.SH,2024-06-04,NA,NA,CNY
0.677,0.682,0.67,0.671,465453800,512690.SH,2024-06-05,NA,NA,CNY
0.671,0.673,0.66,0.664,638371004,512690.SH,2024-06-06,NA,NA,CNY
0.666,0.667,0.653,0.656,453624300,512690.SH,2024-06-07,NA,NA,CNY
0.652,0.653,0.637,0.643,669976400,512690.SH,2024-06-11,NA,NA,CNY
0.64,0.647,0.639,0.641,496354660,512690.SH,2024-06-12,NA,NA,CNY
0.642,0.642,0.63,0.632,540981286,512690.SH,2024-06-13,NA,NA,CNY
0.63,0.636,0.62,0.635,814396798,512690.SH,2024-06-14,NA,NA,CNY
0.628,0.636,0.62,0.634,676702802,512690.SH,2024-06-17,NA,NA,CNY
0.631,0.639,0.623,0.626,825185944,512690.SH,2024-06-18,NA,NA,CNY
0.626,0.63,0.62,0.623,546333100,512690.SH,2024-06-19,NA,NA,CNY
0.623,0.628,0.617,0.617,579565055,512690.SH,2024-06-20,NA,NA,CNY
0.615,0.617,0.603,0.606,687912400,512690.SH,2024-06-21,NA,NA,CNY
0.595,0.616,0.591,0.607,752109400,512690.SH,2024-06-24,NA,NA,CNY
0.607,0.615,0.602,0.607,628047500,512690.SH,2024-06-25,NA,NA,CNY
0.604,0.611,0.602,0.61,459164700,512690.SH,2024-06-26,NA,NA,CNY
0.608,0.609,0.598,0.6,491486000,512690.SH,2024-06-27,NA,NA,CNY
0.597,0.603,0.588,0.59,699566454,512690.SH,2024-06-28,NA,NA,CNY
0.589,0.592,0.577,0.586,584789954,512690.SH,2024-07-01,NA,NA,CNY
0.583,0.602,0.581,0.595,754224954,512690.SH,2024-07-02,NA,NA,CNY
0.595,0.597,0.588,0.59,408620600,512690.SH,2024-07-03,NA,NA,CNY
0.59,0.593,0.58,0.58,430736800,512690.SH,2024-07-04,NA,NA,CNY
0.578,0.584,0.57,0.575,575609800,512690.SH,2024-07-05,NA,NA,CNY
0.572,0.574,0.558,0.559,562733900,512690.SH,2024-07-08,NA,NA,CNY
0.56,0.57,0.554,0.566,636244100,512690.SH,2024-07-09,NA,NA,CNY
0.563,0.576,0.561,0.565,526963500,512690.SH,2024-07-10,NA,NA,CNY
0.572,0.587,0.568,0.582,857488500,512690.SH,2024-07-11,NA,NA,CNY
0.584,0.59,0.58,0.587,578487600,512690.SH,2024-07-12,NA,NA,CNY
0.585,0.592,0.583,0.585,426521100,512690.SH,2024-07-15,NA,NA,CNY
0.583,0.588,0.579,0.585,380940100,512690.SH,2024-07-16,NA,NA,CNY
0.584,0.599,0.581,0.599,668290800,512690.SH,2024-07-17,NA,NA,CNY
0.596,0.607,0.594,0.597,606455149,512690.SH,2024-07-18,NA,NA,CNY
0.594,0.61,0.591,0.609,937035844,512690.SH,2024-07-19,NA,NA,CNY
0.608,0.609,0.593,0.594,907488698,512690.SH,2024-07-22,NA,NA,CNY
0.594,0.595,0.571,0.572,727056970,512690.SH,2024-07-23,NA,NA,CNY
0.569,0.575,0.562,0.564,633808098,512690.SH,2024-07-24,NA,NA,CNY
0.562,0.57,0.56,0.564,478861999,512690.SH,2024-07-25,NA,NA,CNY
0.565,0.572,0.561,0.563,550841200,512690.SH,2024-07-26,NA,NA,CNY
0.563,0.565,0.555,0.555,491544500,512690.SH,2024-07-29,NA,NA,CNY
0.551,0.554,0.543,0.553,732651700,512690.SH,2024-07-30,NA,NA,CNY
0.552,0.576,0.551,0.572,987464000,512690.SH,2024-07-31,NA,NA,CNY
0.571,0.572,0.557,0.559,890252000,512690.SH,2024-08-01,NA,NA,CNY
0.554,0.563,0.553,0.556,568356741,512690.SH,2024-08-02,NA,NA,CNY
0.554,0.575,0.553,0.564,1045994600,512690.SH,2024-08-05,NA,NA,CNY
0.566,0.573,0.561,0.568,601873295,512690.SH,2024-08-06,NA,NA,CNY
0.566,0.574,0.563,0.571,576274200,512690.SH,2024-08-07,NA,NA,CNY
0.569,0.59,0.568,0.581,865909100,512690.SH,2024-08-08,NA,NA,CNY
0.586,0.589,0.577,0.578,562043700,512690.SH,2024-08-09,NA,NA,CNY
0.575,0.578,0.572,0.575,285896800,512690.SH,2024-08-12,NA,NA,CNY
0.575,0.575,0.564,0.568,351426000,512690.SH,2024-08-13,NA,NA,CNY
0.568,0.568,0.558,0.56,317696700,512690.SH,2024-08-14,NA,NA,CNY
0.558,0.569,0.557,0.563,397881957,512690.SH,2024-08-15,NA,NA,CNY
0.562,0.563,0.557,0.56,349748200,512690.SH,2024-08-16,NA,NA,CNY
0.56,0.57,0.556,0.557,510729500,512690.SH,2024-08-19,NA,NA,CNY
0.558,0.558,0.549,0.551,370778801,512690.SH,2024-08-20,NA,NA,CNY
0.549,0.552,0.546,0.546,248643000,512690.SH,2024-08-21,NA,NA,CNY
0.546,0.547,0.533,0.537,451593500,512690.SH,2024-08-22,NA,NA,CNY
0.536,0.543,0.535,0.537,300182900,512690.SH,2024-08-23,NA,NA,CNY
0.538,0.541,0.531,0.533,354285100,512690.SH,2024-08-26,NA,NA,CNY
0.532,0.534,0.525,0.531,664047900,512690.SH,2024-08-27,NA,NA,CNY
0.527,0.528,0.51,0.517,748349300,512690.SH,2024-08-28,NA,NA,CNY
0.515,0.533,0.514,0.529,954412038,512690.SH,2024-08-29,NA,NA,CNY
0.527,0.554,0.524,0.547,802378514,512690.SH,2024-08-30,NA,NA,CNY
0.542,0.542,0.525,0.526,583647800,512690.SH,2024-09-02,NA,NA,CNY
0.526,0.537,0.526,0.533,451670900,512690.SH,2024-09-03,NA,NA,CNY
0.529,0.536,0.527,0.528,259980800,512690.SH,2024-09-04,NA,NA,CNY
0.527,0.532,0.526,0.53,316290100,512690.SH,2024-09-05,NA,NA,CNY
0.53,0.53,0.521,0.521,272657900,512690.SH,2024-09-06,NA,NA,CNY
0.518,0.52,0.511,0.513,404469788,512690.SH,2024-09-09,NA,NA,CNY
0.514,0.521,0.512,0.516,467209300,512690.SH,2024-09-10,NA,NA,CNY
0.514,0.518,0.509,0.512,393654100,512690.SH,2024-09-11,NA,NA,CNY
0.513,0.515,0.501,0.502,711142800,512690.SH,2024-09-12,NA,NA,CNY
0.501,0.502,0.489,0.49,688679200,512690.SH,2024-09-13,NA,NA,CNY
0.488,0.49,0.48,0.485,553871100,512690.SH,2024-09-18,NA,NA,CNY
0.486,0.507,0.482,0.498,1186563608,512690.SH,2024-09-19,NA,NA,CNY
0.495,0.499,0.491,0.499,549442700,512690.SH,2024-09-20,NA,NA,CNY
0.498,0.51,0.498,0.5,587540300,512690.SH,2024-09-23,NA,NA,CNY
0.508,0.531,0.501,0.53,1564751202,512690.SH,2024-09-24,NA,NA,CNY
0.537,0.549,0.532,0.533,963752580,512690.SH,2024-09-25,NA,NA,CNY
0.531,0.586,0.53,0.586,1987141461,512690.SH,2024-09-26,NA,NA,CNY
0.617,0.645,0.606,0.645,1582541186,512690.SH,2024-09-27,NA,NA,CNY
0.71,0.71,0.654,0.71,2967942734,512690.SH,2024-09-30,NA,NA,CNY
0.781,0.781,0.67,0.727,4729433391,512690.SH,2024-10-08,NA,NA,CNY
0.69,0.69,0.654,0.654,2807967815,512690.SH,2024-10-09,NA,NA,CNY
0.639,0.669,0.632,0.652,1755393030,512690.SH,2024-10-10,NA,NA,CNY
0.64,0.652,0.622,0.631,1309268262,512690.SH,2024-10-11,NA,NA,CNY
0.631,0.642,0.617,0.638,1253764520,512690.SH,2024-10-14,NA,NA,CNY
0.633,0.637,0.615,0.615,996277140,512690.SH,2024-10-15,NA,NA,CNY
0.606,0.62,0.603,0.609,1160866416,512690.SH,2024-10-16,NA,NA,CNY
0.614,0.616,0.595,0.596,1324701476,512690.SH,2024-10-17,NA,NA,CNY
0.591,0.627,0.589,0.616,2274040740,512690.SH,2024-10-18,NA,NA,CNY
0.611,0.62,0.605,0.616,1678624378,512690.SH,2024-10-21,NA,NA,CNY
0.613,0.629,0.612,0.626,1709159800,512690.SH,2024-10-22,NA,NA,CNY
0.626,0.642,0.62,0.635,1791603090,512690.SH,2024-10-23,NA,NA,CNY
0.63,0.633,0.62,0.622,1157476689,512690.SH,2024-10-24,NA,NA,CNY
0.621,0.634,0.619,0.627,1271448100,512690.SH,2024-10-25,NA,NA,CNY
0.631,0.645,0.622,0.644,1971429360,512690.SH,2024-10-28,NA,NA,CNY
0.642,0.65,0.626,0.627,1455604500,512690.SH,2024-10-29,NA,NA,CNY
0.622,0.629,0.612,0.618,1197210000,512690.SH,2024-10-30,NA,NA,CNY
0.613,0.621,0.608,0.614,1031560300,512690.SH,2024-10-31,NA,NA,CNY
0.612,0.63,0.611,0.623,1350535309,512690.SH,2024-11-01,NA,NA,CNY
0.627,0.632,0.618,0.631,1190239600,512690.SH,2024-11-04,NA,NA,CNY
0.628,0.647,0.624,0.647,2203158611,512690.SH,2024-11-05,NA,NA,CNY
0.646,0.651,0.636,0.643,2042159673,512690.SH,2024-11-06,NA,NA,CNY
0.64,0.707,0.638,0.706,3663442651,512690.SH,2024-11-07,NA,NA,CNY
0.719,0.719,0.675,0.678,4019401501,512690.SH,2024-11-08,NA,NA,CNY
0.666,0.674,0.655,0.674,3051471500,512690.SH,2024-11-11,NA,NA,CNY
0.674,0.687,0.664,0.668,2898190107,512690.SH,2024-11-12,NA,NA,CNY
0.662,0.673,0.66,0.669,1900601800,512690.SH,2024-11-13,NA,NA,CNY
0.665,0.673,0.658,0.659,1918850900,512690.SH,2024-11-14,NA,NA,CNY
0.657,0.667,0.65,0.652,1815321000,512690.SH,2024-11-15,NA,NA,CNY
0.653,0.658,0.64,0.642,1655655776,512690.SH,2024-11-18,NA,NA,CNY
0.646,0.649,0.626,0.643,1657193500,512690.SH,2024-11-19,NA,NA,CNY
0.64,0.648,0.635,0.645,1334951188,512690.SH,2024-11-20,NA,NA,CNY
0.643,0.647,0.638,0.642,1044104700,512690.SH,2024-11-21,NA,NA,CNY
0.642,0.645,0.619,0.62,1953476271,512690.SH,2024-11-22,NA,NA,CNY
0.62,0.631,0.615,0.622,1072986471,512690.SH,2024-11-25,NA,NA,CNY
0.618,0.633,0.616,0.625,1265475200,512690.SH,2024-11-26,NA,NA,CNY
0.623,0.639,0.618,0.636,1314898699,512690.SH,2024-11-27,NA,NA,CNY
0.632,0.636,0.627,0.628,882819000,512690.SH,2024-11-28,NA,NA,CNY
0.631,0.648,0.63,0.637,1691064400,512690.SH,2024-11-29,NA,NA,CNY
0.636,0.643,0.632,0.64,1132735100,512690.SH,2024-12-02,NA,NA,CNY
0.64,0.641,0.634,0.638,861430500,512690.SH,2024-12-03,NA,NA,CNY
0.637,0.638,0.63,0.631,1016153119,512690.SH,2024-12-04,NA,NA,CNY
0.63,0.632,0.626,0.63,886490438,512690.SH,2024-12-05,NA,NA,CNY
0.631,0.64,0.629,0.636,1131505856,512690.SH,2024-12-06,NA,NA,CNY
0.635,0.642,0.631,0.634,932188456,512690.SH,2024-12-09,NA,NA,CNY
0.663,0.67,0.645,0.646,2789389715,512690.SH,2024-12-10,NA,NA,CNY
0.642,0.66,0.641,0.653,1516337372,512690.SH,2024-12-11,NA,NA,CNY
0.65,0.669,0.648,0.669,2257939274,512690.SH,2024-12-12,NA,NA,CNY
0.663,0.663,0.646,0.647,1899250867,512690.SH,2024-12-13,NA,NA,CNY
0.646,0.647,0.632,0.634,1118563967,512690.SH,2024-12-16,NA,NA,CNY
0.635,0.643,0.631,0.636,941052100,512690.SH,2024-12-17,NA,NA,CNY
0.637,0.64,0.632,0.634,1717364915,512690.SH,2024-12-18,NA,NA,CNY
0.628,0.629,0.62,0.625,1099053482,512690.SH,2024-12-19,NA,NA,CNY
0.625,0.63,0.622,0.626,1399486272,512690.SH,2024-12-20,NA,NA,CNY
0.626,0.628,0.617,0.619,1288069919,512690.SH,2024-12-23,NA,NA,CNY
0.619,0.625,0.617,0.624,1117696268,512690.SH,2024-12-24,NA,NA,CNY
0.625,0.625,0.619,0.62,663164699,512690.SH,2024-12-25,NA,NA,CNY
0.621,0.624,0.618,0.621,651698311,512690.SH,2024-12-26,NA,NA,CNY
0.621,0.626,0.618,0.622,792533486,512690.SH,2024-12-27,NA,NA,CNY
0.621,0.626,0.615,0.617,1122480156,512690.SH,2024-12-30,NA,NA,CNY
0.618,0.628,0.615,0.616,1385387000,512690.SH,2024-12-31,NA,NA,CNY
0.614,0.615,0.596,0.6,1334007600,512690.SH,2025-01-02,NA,NA,CNY
0.6,0.603,0.589,0.592,882125982,512690.SH,2025-01-03,NA,NA,CNY
0.581,0.587,0.573,0.575,1163475100,512690.SH,2025-01-06,NA,NA,CNY
0.577,0.58,0.572,0.579,795116777,512690.SH,2025-01-07,NA,NA,CNY
0.577,0.582,0.567,0.575,1078062395,512690.SH,2025-01-08,NA,NA,CNY
0.575,0.585,0.571,0.578,852911900,512690.SH,2025-01-09,NA,NA,CNY
0.575,0.578,0.566,0.567,684025400,512690.SH,2025-01-10,NA,NA,CNY
0.562,0.572,0.56,0.572,720941793,512690.SH,2025-01-13,NA,NA,CNY
0.571,0.589,0.571,0.587,1101235548,512690.SH,2025-01-14,NA,NA,CNY
0.585,0.589,0.581,0.584,501433050,512690.SH,2025-01-15,NA,NA,CNY
0.586,0.593,0.577,0.582,673725200,512690.SH,2025-01-16,NA,NA,CNY
0.579,0.59,0.579,0.586,616523983,512690.SH,2025-01-17,NA,NA,CNY
0.588,0.598,0.588,0.591,851023900,512690.SH,2025-01-20,NA,NA,CNY
0.594,0.595,0.582,0.584,689018900,512690.SH,2025-01-21,NA,NA,CNY
0.583,0.583,0.572,0.573,830413600,512690.SH,2025-01-22,NA,NA,CNY
0.578,0.584,0.574,0.576,872472500,512690.SH,2025-01-23,NA,NA,CNY
0.573,0.577,0.57,0.575,973297600,512690.SH,2025-01-24,NA,NA,CNY
0.575,0.577,0.57,0.57,699775220,512690.SH,2025-01-27,NA,NA,CNY
0.573,0.573,0.559,0.56,962274800,512690.SH,2025-02-05,NA,NA,CNY
0.56,0.566,0.559,0.563,1020931100,512690.SH,2025-02-06,NA,NA,CNY
0.563,0.575,0.559,0.571,1642514006,512690.SH,2025-02-07,NA,NA,CNY
0.571,0.572,0.566,0.572,1154558336,512690.SH,2025-02-10,NA,NA,CNY
0.572,0.574,0.564,0.565,849114800,512690.SH,2025-02-11,NA,NA,CNY
0.565,0.574,0.564,0.573,1073503285,512690.SH,2025-02-12,NA,NA,CNY
0.573,0.596,0.572,0.591,2923586680,512690.SH,2025-02-13,NA,NA,CNY
0.589,0.591,0.584,0.588,1534535812,512690.SH,2025-02-14,NA,NA,CNY
0.59,0.596,0.588,0.591,1359104300,512690.SH,2025-02-17,NA,NA,CNY
0.59,0.594,0.581,0.584,1450853400,512690.SH,2025-02-18,NA,NA,CNY
0.582,0.589,0.579,0.589,1284318400,512690.SH,2025-02-19,NA,NA,CNY
0.586,0.593,0.584,0.587,935551300,512690.SH,2025-02-20,NA,NA,CNY
0.588,0.596,0.583,0.589,2125140500,512690.SH,2025-02-21,NA,NA,CNY
0.588,0.602,0.586,0.596,1829727862,512690.SH,2025-02-24,NA,NA,CNY
0.592,0.592,0.583,0.584,1402735698,512690.SH,2025-02-25,NA,NA,CNY
0.584,0.592,0.582,0.591,1170342323,512690.SH,2025-02-26,NA,NA,CNY
0.591,0.608,0.589,0.605,2034987006,512690.SH,2025-02-27,NA,NA,CNY
0.603,0.62,0.6,0.602,2249873468,512690.SH,2025-02-28,NA,NA,CNY
0.603,0.616,0.594,0.598,1697656334,512690.SH,2025-03-03,NA,NA,CNY
0.595,0.596,0.587,0.593,1166678000,512690.SH,2025-03-04,NA,NA,CNY
0.592,0.593,0.587,0.592,855573860,512690.SH,2025-03-05,NA,NA,CNY
0.594,0.603,0.59,0.602,1391967120,512690.SH,2025-03-06,NA,NA,CNY
0.6,0.615,0.598,0.612,1731241335,512690.SH,2025-03-07,NA,NA,CNY
0.611,0.614,0.605,0.613,973080896,512690.SH,2025-03-10,NA,NA,CNY
0.608,0.63,0.607,0.629,1781393064,512690.SH,2025-03-11,NA,NA,CNY
0.63,0.634,0.621,0.624,1099753111,512690.SH,2025-03-12,NA,NA,CNY
0.624,0.632,0.62,0.623,1039696396,512690.SH,2025-03-13,NA,NA,CNY
0.623,0.657,0.623,0.652,3412831585,512690.SH,2025-03-14,NA,NA,CNY
0.658,0.662,0.645,0.652,1707961977,512690.SH,2025-03-17,NA,NA,CNY
0.652,0.654,0.643,0.646,1671095321,512690.SH,2025-03-18,NA,NA,CNY
0.646,0.651,0.639,0.641,1172488968,512690.SH,2025-03-19,NA,NA,CNY
0.641,0.642,0.629,0.631,1600184252,512690.SH,2025-03-20,NA,NA,CNY
0.628,0.637,0.621,0.622,1187366738,512690.SH,2025-03-21,NA,NA,CNY
0.622,0.625,0.616,0.624,1043224600,512690.SH,2025-03-24,NA,NA,CNY
0.624,0.625,0.616,0.623,763152347,512690.SH,2025-03-25,NA,NA,CNY
0.623,0.626,0.62,0.623,627461300,512690.SH,2025-03-26,NA,NA,CNY
0.622,0.631,0.62,0.629,931098900,512690.SH,2025-03-27,NA,NA,CNY
0.628,0.631,0.62,0.623,1123982000,512690.SH,2025-03-28,NA,NA,CNY
0.621,0.623,0.611,0.615,762166400,512690.SH,2025-03-31,NA,NA,CNY
0.615,0.621,0.614,0.616,822645427,512690.SH,2025-04-01,NA,NA,CNY
0.616,0.622,0.613,0.616,584891700,512690.SH,2025-04-02,NA,NA,CNY
0.611,0.628,0.609,0.624,1159810205,512690.SH,2025-04-03,NA,NA,CNY
0.604,0.613,0.578,0.594,2141629266,512690.SH,2025-04-07,NA,NA,CNY
0.597,0.615,0.595,0.614,1241237699,512690.SH,2025-04-08,NA,NA,CNY
0.605,0.625,0.603,0.622,1112468655,512690.SH,2025-04-09,NA,NA,CNY
0.623,0.626,0.613,0.625,1256586554,512690.SH,2025-04-10,NA,NA,CNY
0.622,0.625,0.611,0.618,1078477900,512690.SH,2025-04-11,NA,NA,CNY
0.616,0.621,0.611,0.612,887073800,512690.SH,2025-04-14,NA,NA,CNY
0.612,0.615,0.608,0.612,659268099,512690.SH,2025-04-15,NA,NA,CNY
0.61,0.616,0.605,0.614,828555530,512690.SH,2025-04-16,NA,NA,CNY
0.611,0.622,0.609,0.62,1016611711,512690.SH,2025-04-17,NA,NA,CNY
0.619,0.619,0.611,0.614,606443899,512690.SH,2025-04-18,NA,NA,CNY
0.613,0.614,0.606,0.608,1098046100,512690.SH,2025-04-21,NA,NA,CNY
0.607,0.611,0.605,0.607,1124715120,512690.SH,2025-04-22,NA,NA,CNY
0.609,0.61,0.602,0.605,1344103340,512690.SH,2025-04-23,NA,NA,CNY
0.604,0.606,0.601,0.602,1249673000,512690.SH,2025-04-24,NA,NA,CNY
0.602,0.607,0.601,0.603,564309864,512690.SH,2025-04-25,NA,NA,CNY
0.603,0.607,0.601,0.601,741308723,512690.SH,2025-04-28,NA,NA,CNY
0.599,0.6,0.592,0.595,870794800,512690.SH,2025-04-29,NA,NA,CNY
0.595,0.6,0.594,0.595,539098677,512690.SH,2025-04-30,NA,NA,CNY
0.596,0.598,0.592,0.597,1054793250,512690.SH,2025-05-06,NA,NA,CNY
0.602,0.605,0.597,0.599,880428900,512690.SH,2025-05-07,NA,NA,CNY
0.598,0.608,0.595,0.602,1077086187,512690.SH,2025-05-08,NA,NA,CNY
0.602,0.605,0.6,0.603,810311005,512690.SH,2025-05-09,NA,NA,CNY
0.604,0.608,0.602,0.605,972041056,512690.SH,2025-05-12,NA,NA,CNY
0.607,0.609,0.602,0.604,694437128,512690.SH,2025-05-13,NA,NA,CNY
0.604,0.62,0.6,0.613,1753303584,512690.SH,2025-05-14,NA,NA,CNY
0.611,0.615,0.606,0.606,812008210,512690.SH,2025-05-15,NA,NA,CNY
0.606,0.607,0.599,0.599,568744400,512690.SH,2025-05-16,NA,NA,CNY
0.592,0.593,0.589,0.592,985119300,512690.SH,2025-05-19,NA,NA,CNY
0.592,0.596,0.59,0.593,813292300,512690.SH,2025-05-20,NA,NA,CNY
0.593,0.597,0.593,0.594,644239538,512690.SH,2025-05-21,NA,NA,CNY
0.594,0.594,0.59,0.591,457106175,512690.SH,2025-05-22,NA,NA,CNY
0.592,0.595,0.586,0.587,591152800,512690.SH,2025-05-23,NA,NA,CNY
0.587,0.588,0.58,0.582,755308799,512690.SH,2025-05-26,NA,NA,CNY
0.582,0.588,0.582,0.584,478630515,512690.SH,2025-05-27,NA,NA,CNY
0.585,0.588,0.581,0.587,516918258,512690.SH,2025-05-28,NA,NA,CNY
0.587,0.589,0.582,0.588,648153305,512690.SH,2025-05-29,NA,NA,CNY
0.587,0.588,0.579,0.581,906505283,512690.SH,2025-05-30,NA,NA,CNY
0.726,0.739,0.717,0.739,141514700,515170.SH,2022-06-06,NA,NA,CNY
0.739,0.756,0.733,0.75,167486900,515170.SH,2022-06-07,NA,NA,CNY
0.749,0.771,0.749,0.763,218929468,515170.SH,2022-06-08,NA,NA,CNY
0.761,0.769,0.75,0.751,118568354,515170.SH,2022-06-09,NA,NA,CNY
0.745,0.764,0.745,0.761,123067100,515170.SH,2022-06-10,NA,NA,CNY
0.755,0.757,0.738,0.749,144840100,515170.SH,2022-06-13,NA,NA,CNY
0.741,0.759,0.74,0.758,203807200,515170.SH,2022-06-14,NA,NA,CNY
0.759,0.778,0.754,0.767,209554262,515170.SH,2022-06-15,NA,NA,CNY
0.768,0.779,0.763,0.768,129352644,515170.SH,2022-06-16,NA,NA,CNY
0.763,0.783,0.76,0.783,157855407,515170.SH,2022-06-17,NA,NA,CNY
0.786,0.801,0.78,0.791,166967693,515170.SH,2022-06-20,NA,NA,CNY
0.788,0.799,0.782,0.788,223075100,515170.SH,2022-06-21,NA,NA,CNY
0.788,0.791,0.775,0.776,134352100,515170.SH,2022-06-22,NA,NA,CNY
0.776,0.786,0.772,0.785,125443300,515170.SH,2022-06-23,NA,NA,CNY
0.786,0.802,0.783,0.798,161541173,515170.SH,2022-06-24,NA,NA,CNY
0.802,0.827,0.802,0.819,211984969,515170.SH,2022-06-27,NA,NA,CNY
0.819,0.827,0.814,0.825,146190300,515170.SH,2022-06-28,NA,NA,CNY
0.825,0.829,0.814,0.82,143379800,515170.SH,2022-06-29,NA,NA,CNY
0.819,0.856,0.819,0.847,271271170,515170.SH,2022-06-30,NA,NA,CNY
0.847,0.851,0.832,0.842,203958909,515170.SH,2022-07-01,NA,NA,CNY
0.836,0.841,0.828,0.838,209562927,515170.SH,2022-07-04,NA,NA,CNY
0.837,0.844,0.822,0.832,272050700,515170.SH,2022-07-05,NA,NA,CNY
0.826,0.831,0.81,0.815,207293400,515170.SH,2022-07-06,NA,NA,CNY
0.815,0.815,0.8,0.811,151212500,515170.SH,2022-07-07,NA,NA,CNY
0.815,0.82,0.808,0.813,131902253,515170.SH,2022-07-08,NA,NA,CNY
0.804,0.808,0.788,0.797,183808700,515170.SH,2022-07-11,NA,NA,CNY
0.792,0.8,0.783,0.789,132374000,515170.SH,2022-07-12,NA,NA,CNY
0.79,0.797,0.785,0.793,345183700,515170.SH,2022-07-13,NA,NA,CNY
0.793,0.796,0.782,0.788,352945604,515170.SH,2022-07-14,NA,NA,CNY
0.789,0.807,0.782,0.788,452491947,515170.SH,2022-07-15,NA,NA,CNY
0.784,0.788,0.77,0.785,163110426,515170.SH,2022-07-18,NA,NA,CNY
0.784,0.789,0.779,0.789,125209926,515170.SH,2022-07-19,NA,NA,CNY
0.792,0.8,0.79,0.794,123313700,515170.SH,2022-07-20,NA,NA,CNY
0.79,0.795,0.784,0.785,90357400,515170.SH,2022-07-21,NA,NA,CNY
0.79,0.793,0.777,0.784,113614686,515170.SH,2022-07-22,NA,NA,CNY
0.783,0.79,0.775,0.789,107048722,515170.SH,2022-07-25,NA,NA,CNY
0.79,0.801,0.79,0.794,105353600,515170.SH,2022-07-26,NA,NA,CNY
0.792,0.793,0.782,0.784,89230100,515170.SH,2022-07-27,NA,NA,CNY
0.786,0.791,0.78,0.782,101314400,515170.SH,2022-07-28,NA,NA,CNY
0.781,0.782,0.755,0.757,229597300,515170.SH,2022-07-29,NA,NA,CNY
0.755,0.769,0.755,0.765,150720104,515170.SH,2022-08-01,NA,NA,CNY
0.755,0.763,0.75,0.755,150432200,515170.SH,2022-08-02,NA,NA,CNY
0.756,0.765,0.751,0.752,320082000,515170.SH,2022-08-03,NA,NA,CNY
0.755,0.766,0.753,0.764,154740500,515170.SH,2022-08-04,NA,NA,CNY
0.766,0.773,0.763,0.772,146221100,515170.SH,2022-08-05,NA,NA,CNY
0.772,0.776,0.765,0.767,228701300,515170.SH,2022-08-08,NA,NA,CNY
0.766,0.766,0.76,0.766,90557300,515170.SH,2022-08-09,NA,NA,CNY
0.763,0.768,0.749,0.753,204226000,515170.SH,2022-08-10,NA,NA,CNY
0.757,0.767,0.754,0.767,119768900,515170.SH,2022-08-11,NA,NA,CNY
0.767,0.776,0.764,0.775,146659900,515170.SH,2022-08-12,NA,NA,CNY
0.769,0.776,0.764,0.767,122350801,515170.SH,2022-08-15,NA,NA,CNY
0.767,0.771,0.761,0.764,112878999,515170.SH,2022-08-16,NA,NA,CNY
0.765,0.769,0.754,0.766,165054600,515170.SH,2022-08-17,NA,NA,CNY
0.764,0.765,0.752,0.756,207961100,515170.SH,2022-08-18,NA,NA,CNY
0.754,0.76,0.75,0.754,200710700,515170.SH,2022-08-19,NA,NA,CNY
0.75,0.758,0.746,0.755,186253800,515170.SH,2022-08-22,NA,NA,CNY
0.754,0.755,0.743,0.744,167139900,515170.SH,2022-08-23,NA,NA,CNY
0.741,0.748,0.738,0.738,147113900,515170.SH,2022-08-24,NA,NA,CNY
0.738,0.753,0.738,0.753,184298300,515170.SH,2022-08-25,NA,NA,CNY
0.755,0.773,0.755,0.762,212556205,515170.SH,2022-08-26,NA,NA,CNY
0.76,0.766,0.752,0.754,167066300,515170.SH,2022-08-29,NA,NA,CNY
0.756,0.756,0.743,0.751,136608000,515170.SH,2022-08-30,NA,NA,CNY
0.75,0.768,0.746,0.764,281240885,515170.SH,2022-08-31,NA,NA,CNY
0.763,0.763,0.749,0.751,230871900,515170.SH,2022-09-01,NA,NA,CNY
0.75,0.753,0.735,0.739,194326000,515170.SH,2022-09-02,NA,NA,CNY
0.739,0.739,0.718,0.725,268147000,515170.SH,2022-09-05,NA,NA,CNY
0.725,0.73,0.721,0.728,94033500,515170.SH,2022-09-06,NA,NA,CNY
0.726,0.726,0.717,0.718,150061738,515170.SH,2022-09-07,NA,NA,CNY
0.719,0.727,0.718,0.72,97890500,515170.SH,2022-09-08,NA,NA,CNY
0.722,0.731,0.718,0.73,151870445,515170.SH,2022-09-09,NA,NA,CNY
0.732,0.743,0.73,0.737,154551600,515170.SH,2022-09-13,NA,NA,CNY
0.73,0.737,0.73,0.734,91711800,515170.SH,2022-09-14,NA,NA,CNY
0.734,0.744,0.732,0.737,117689824,515170.SH,2022-09-15,NA,NA,CNY
0.733,0.738,0.72,0.723,130040900,515170.SH,2022-09-16,NA,NA,CNY
0.722,0.735,0.714,0.728,136577100,515170.SH,2022-09-19,NA,NA,CNY
0.729,0.737,0.723,0.734,498396100,515170.SH,2022-09-20,NA,NA,CNY
0.73,0.737,0.725,0.726,468638900,515170.SH,2022-09-21,NA,NA,CNY
0.722,0.725,0.715,0.715,232380097,515170.SH,2022-09-22,NA,NA,CNY
0.716,0.725,0.713,0.717,135477200,515170.SH,2022-09-23,NA,NA,CNY
0.713,0.735,0.713,0.729,277351946,515170.SH,2022-09-26,NA,NA,CNY
0.729,0.753,0.724,0.752,204117153,515170.SH,2022-09-27,NA,NA,CNY
0.748,0.76,0.747,0.748,220835400,515170.SH,2022-09-28,NA,NA,CNY
0.754,0.76,0.743,0.747,133868000,515170.SH,2022-09-29,NA,NA,CNY
0.747,0.757,0.743,0.744,134009700,515170.SH,2022-09-30,NA,NA,CNY
0.738,0.743,0.706,0.708,269519925,515170.SH,2022-10-10,NA,NA,CNY
0.708,0.712,0.695,0.708,151056552,515170.SH,2022-10-11,NA,NA,CNY
0.707,0.707,0.683,0.702,163924400,515170.SH,2022-10-12,NA,NA,CNY
0.699,0.703,0.691,0.696,124595000,515170.SH,2022-10-13,NA,NA,CNY
0.7,0.714,0.697,0.711,150721100,515170.SH,2022-10-14,NA,NA,CNY
0.708,0.708,0.697,0.705,199531200,515170.SH,2022-10-17,NA,NA,CNY
0.707,0.711,0.699,0.701,148466700,515170.SH,2022-10-18,NA,NA,CNY
0.7,0.7,0.677,0.68,412749200,515170.SH,2022-10-19,NA,NA,CNY
0.672,0.688,0.67,0.679,176483200,515170.SH,2022-10-20,NA,NA,CNY
0.675,0.678,0.665,0.669,200490200,515170.SH,2022-10-21,NA,NA,CNY
0.667,0.667,0.63,0.633,355862300,515170.SH,2022-10-24,NA,NA,CNY
0.628,0.641,0.62,0.632,249037700,515170.SH,2022-10-25,NA,NA,CNY
0.634,0.645,0.63,0.633,205079700,515170.SH,2022-10-26,NA,NA,CNY
0.636,0.638,0.608,0.61,363454000,515170.SH,2022-10-27,NA,NA,CNY
0.601,0.608,0.593,0.594,258844795,515170.SH,2022-10-28,NA,NA,CNY
0.589,0.594,0.578,0.586,210681000,515170.SH,2022-10-31,NA,NA,CNY
0.587,0.624,0.587,0.621,356246028,515170.SH,2022-11-01,NA,NA,CNY
0.618,0.646,0.617,0.637,322348759,515170.SH,2022-11-02,NA,NA,CNY
0.63,0.632,0.624,0.629,133982028,515170.SH,2022-11-03,NA,NA,CNY
0.629,0.666,0.625,0.658,372970648,515170.SH,2022-11-04,NA,NA,CNY
0.654,0.666,0.65,0.662,152123925,515170.SH,2022-11-07,NA,NA,CNY
0.659,0.665,0.646,0.651,149714726,515170.SH,2022-11-08,NA,NA,CNY
0.647,0.654,0.64,0.641,144784600,515170.SH,2022-11-09,NA,NA,CNY
0.638,0.652,0.635,0.65,138989300,515170.SH,2022-11-10,NA,NA,CNY
0.667,0.674,0.657,0.666,346529215,515170.SH,2022-11-11,NA,NA,CNY
0.666,0.682,0.663,0.665,192196500,515170.SH,2022-11-14,NA,NA,CNY
0.664,0.687,0.66,0.681,259841526,515170.SH,2022-11-15,NA,NA,CNY
0.68,0.69,0.675,0.683,152783217,515170.SH,2022-11-16,NA,NA,CNY
0.682,0.687,0.671,0.678,156493300,515170.SH,2022-11-17,NA,NA,CNY
0.681,0.685,0.675,0.679,126369523,515170.SH,2022-11-18,NA,NA,CNY
0.67,0.675,0.656,0.663,171654500,515170.SH,2022-11-21,NA,NA,CNY
0.662,0.673,0.659,0.661,133252300,515170.SH,2022-11-22,NA,NA,CNY
0.66,0.664,0.657,0.66,103300700,515170.SH,2022-11-23,NA,NA,CNY
0.663,0.669,0.65,0.653,135656900,515170.SH,2022-11-24,NA,NA,CNY
0.65,0.656,0.646,0.651,113216300,515170.SH,2022-11-25,NA,NA,CNY
0.64,0.653,0.629,0.652,159059400,515170.SH,2022-11-28,NA,NA,CNY
0.66,0.679,0.66,0.678,214584800,515170.SH,2022-11-29,NA,NA,CNY
0.675,0.684,0.671,0.677,116889100,515170.SH,2022-11-30,NA,NA,CNY
0.697,0.714,0.697,0.7,246231231,515170.SH,2022-12-01,NA,NA,CNY
0.7,0.71,0.697,0.702,152122200,515170.SH,2022-12-02,NA,NA,CNY
0.715,0.722,0.712,0.715,196486200,515170.SH,2022-12-05,NA,NA,CNY
0.713,0.751,0.711,0.735,260720127,515170.SH,2022-12-06,NA,NA,CNY
0.735,0.751,0.727,0.738,259856600,515170.SH,2022-12-07,NA,NA,CNY
0.738,0.743,0.73,0.738,152869600,515170.SH,2022-12-08,NA,NA,CNY
0.739,0.76,0.733,0.759,244049900,515170.SH,2022-12-09,NA,NA,CNY
0.758,0.764,0.747,0.749,160757151,515170.SH,2022-12-12,NA,NA,CNY
0.75,0.759,0.741,0.755,143604527,515170.SH,2022-12-13,NA,NA,CNY
0.75,0.777,0.75,0.772,339288698,515170.SH,2022-12-14,NA,NA,CNY
0.778,0.782,0.762,0.765,185542200,515170.SH,2022-12-15,NA,NA,CNY
0.759,0.77,0.754,0.767,140507455,515170.SH,2022-12-16,NA,NA,CNY
0.767,0.773,0.755,0.759,158951200,515170.SH,2022-12-19,NA,NA,CNY
0.754,0.757,0.725,0.733,192514400,515170.SH,2022-12-20,NA,NA,CNY
0.732,0.745,0.732,0.74,213543300,515170.SH,2022-12-21,NA,NA,CNY
0.745,0.764,0.744,0.754,154857415,515170.SH,2022-12-22,NA,NA,CNY
0.746,0.767,0.745,0.76,131162786,515170.SH,2022-12-23,NA,NA,CNY
0.76,0.761,0.746,0.75,104074000,515170.SH,2022-12-26,NA,NA,CNY
0.756,0.765,0.751,0.761,157758687,515170.SH,2022-12-27,NA,NA,CNY
0.761,0.763,0.751,0.758,109867700,515170.SH,2022-12-28,NA,NA,CNY
0.75,0.755,0.744,0.75,105446100,515170.SH,2022-12-29,NA,NA,CNY
0.751,0.76,0.75,0.756,309101400,515170.SH,2022-12-30,NA,NA,CNY
0.755,0.757,0.738,0.745,161580349,515170.SH,2023-01-03,NA,NA,CNY
0.743,0.75,0.738,0.743,112760855,515170.SH,2023-01-04,NA,NA,CNY
0.748,0.778,0.745,0.774,242313633,515170.SH,2023-01-05,NA,NA,CNY
0.774,0.779,0.766,0.776,141145500,515170.SH,2023-01-06,NA,NA,CNY
0.777,0.793,0.772,0.79,188059352,515170.SH,2023-01-09,NA,NA,CNY
0.787,0.8,0.786,0.796,170533341,515170.SH,2023-01-10,NA,NA,CNY
0.797,0.799,0.786,0.793,171760333,515170.SH,2023-01-11,NA,NA,CNY
0.791,0.797,0.783,0.787,90501400,515170.SH,2023-01-12,NA,NA,CNY
0.784,0.81,0.784,0.808,160651597,515170.SH,2023-01-13,NA,NA,CNY
0.809,0.837,0.809,0.825,168759600,515170.SH,2023-01-16,NA,NA,CNY
0.825,0.827,0.813,0.818,108991848,515170.SH,2023-01-17,NA,NA,CNY
0.817,0.829,0.808,0.81,97112600,515170.SH,2023-01-18,NA,NA,CNY
0.81,0.811,0.798,0.807,119799900,515170.SH,2023-01-19,NA,NA,CNY
0.808,0.819,0.802,0.804,117715800,515170.SH,2023-01-20,NA,NA,CNY
0.82,0.824,0.809,0.817,171324492,515170.SH,2023-01-30,NA,NA,CNY
0.817,0.822,0.795,0.795,135752000,515170.SH,2023-01-31,NA,NA,CNY
0.795,0.801,0.785,0.8,182590130,515170.SH,2023-02-01,NA,NA,CNY
0.8,0.811,0.795,0.806,183672609,515170.SH,2023-02-02,NA,NA,CNY
0.801,0.804,0.788,0.798,250898000,515170.SH,2023-02-03,NA,NA,CNY
0.782,0.788,0.771,0.782,245412100,515170.SH,2023-02-06,NA,NA,CNY
0.775,0.789,0.775,0.782,123928900,515170.SH,2023-02-07,NA,NA,CNY
0.783,0.786,0.774,0.776,97288800,515170.SH,2023-02-08,NA,NA,CNY
0.775,0.798,0.774,0.797,203389685,515170.SH,2023-02-09,NA,NA,CNY
0.795,0.803,0.792,0.8,172000000,515170.SH,2023-02-10,NA,NA,CNY
0.798,0.83,0.798,0.822,201275043,515170.SH,2023-02-13,NA,NA,CNY
0.823,0.831,0.818,0.822,100627817,515170.SH,2023-02-14,NA,NA,CNY
0.822,0.828,0.817,0.818,111356200,515170.SH,2023-02-15,NA,NA,CNY
0.817,0.835,0.813,0.821,186420200,515170.SH,2023-02-16,NA,NA,CNY
0.819,0.834,0.812,0.813,200559100,515170.SH,2023-02-17,NA,NA,CNY
0.811,0.831,0.807,0.829,160291400,515170.SH,2023-02-20,NA,NA,CNY
0.828,0.829,0.816,0.823,114959983,515170.SH,2023-02-21,NA,NA,CNY
0.817,0.829,0.813,0.819,109210614,515170.SH,2023-02-22,NA,NA,CNY
0.818,0.824,0.807,0.812,91045100,515170.SH,2023-02-23,NA,NA,CNY
0.812,0.812,0.795,0.799,143449000,515170.SH,2023-02-24,NA,NA,CNY
0.794,0.812,0.792,0.809,131418000,515170.SH,2023-02-27,NA,NA,CNY
0.809,0.815,0.8,0.81,91992200,515170.SH,2023-02-28,NA,NA,CNY
0.811,0.819,0.803,0.815,127919367,515170.SH,2023-03-01,NA,NA,CNY
0.814,0.818,0.81,0.815,81504767,515170.SH,2023-03-02,NA,NA,CNY
0.819,0.823,0.804,0.809,106362560,515170.SH,2023-03-03,NA,NA,CNY
0.807,0.813,0.801,0.807,101317700,515170.SH,2023-03-06,NA,NA,CNY
0.807,0.807,0.791,0.792,103580700,515170.SH,2023-03-07,NA,NA,CNY
0.79,0.794,0.783,0.786,84472252,515170.SH,2023-03-08,NA,NA,CNY
0.785,0.789,0.772,0.78,117658600,515170.SH,2023-03-09,NA,NA,CNY
0.776,0.784,0.769,0.77,94540300,515170.SH,2023-03-10,NA,NA,CNY
0.769,0.787,0.769,0.784,102195874,515170.SH,2023-03-13,NA,NA,CNY
0.784,0.784,0.769,0.777,87175500,515170.SH,2023-03-14,NA,NA,CNY
0.78,0.784,0.766,0.767,88672200,515170.SH,2023-03-15,NA,NA,CNY
0.765,0.777,0.76,0.766,112468935,515170.SH,2023-03-16,NA,NA,CNY
0.77,0.774,0.754,0.758,129432700,515170.SH,2023-03-17,NA,NA,CNY
0.757,0.758,0.743,0.747,88947300,515170.SH,2023-03-20,NA,NA,CNY
0.747,0.769,0.746,0.765,118998237,515170.SH,2023-03-21,NA,NA,CNY
0.765,0.775,0.763,0.765,92837298,515170.SH,2023-03-22,NA,NA,CNY
0.763,0.778,0.76,0.77,131578276,515170.SH,2023-03-23,NA,NA,CNY
0.77,0.78,0.767,0.771,109576571,515170.SH,2023-03-24,NA,NA,CNY
0.771,0.772,0.763,0.765,105955800,515170.SH,2023-03-27,NA,NA,CNY
0.766,0.78,0.766,0.778,94184715,515170.SH,2023-03-28,NA,NA,CNY
0.779,0.784,0.775,0.783,101151300,515170.SH,2023-03-29,NA,NA,CNY
0.785,0.793,0.777,0.79,116550110,515170.SH,2023-03-30,NA,NA,CNY
0.792,0.803,0.789,0.79,135557310,515170.SH,2023-03-31,NA,NA,CNY
0.79,0.794,0.782,0.788,120985210,515170.SH,2023-04-03,NA,NA,CNY
0.786,0.798,0.783,0.796,227126600,515170.SH,2023-04-04,NA,NA,CNY
0.794,0.794,0.775,0.779,160209330,515170.SH,2023-04-06,NA,NA,CNY
0.775,0.784,0.772,0.777,141003900,515170.SH,2023-04-07,NA,NA,CNY
0.774,0.774,0.751,0.767,289593144,515170.SH,2023-04-10,NA,NA,CNY
0.76,0.766,0.751,0.754,492877900,515170.SH,2023-04-11,NA,NA,CNY
0.754,0.754,0.735,0.737,170566100,515170.SH,2023-04-12,NA,NA,CNY
0.734,0.743,0.731,0.741,86489179,515170.SH,2023-04-13,NA,NA,CNY
0.741,0.745,0.731,0.735,132510600,515170.SH,2023-04-14,NA,NA,CNY
0.736,0.749,0.736,0.745,260745500,515170.SH,2023-04-17,NA,NA,CNY
0.745,0.751,0.742,0.746,137358300,515170.SH,2023-04-18,NA,NA,CNY
0.749,0.749,0.738,0.741,95409200,515170.SH,2023-04-19,NA,NA,CNY
0.74,0.743,0.728,0.731,134639500,515170.SH,2023-04-20,NA,NA,CNY
0.731,0.738,0.725,0.726,98222600,515170.SH,2023-04-21,NA,NA,CNY
0.726,0.727,0.71,0.714,247573300,515170.SH,2023-04-24,NA,NA,CNY
0.713,0.725,0.709,0.724,169715200,515170.SH,2023-04-25,NA,NA,CNY
0.723,0.725,0.713,0.722,130203610,515170.SH,2023-04-26,NA,NA,CNY
0.719,0.731,0.717,0.726,114197500,515170.SH,2023-04-27,NA,NA,CNY
0.73,0.741,0.73,0.736,128137800,515170.SH,2023-04-28,NA,NA,CNY
0.74,0.746,0.725,0.729,112778800,515170.SH,2023-05-04,NA,NA,CNY
0.729,0.736,0.726,0.735,149448400,515170.SH,2023-05-05,NA,NA,CNY
0.735,0.738,0.726,0.727,107358900,515170.SH,2023-05-08,NA,NA,CNY
0.727,0.737,0.72,0.728,208121700,515170.SH,2023-05-09,NA,NA,CNY
0.723,0.727,0.718,0.722,97721700,515170.SH,2023-05-10,NA,NA,CNY
0.725,0.728,0.717,0.719,69350400,515170.SH,2023-05-11,NA,NA,CNY
0.719,0.725,0.711,0.713,102794400,515170.SH,2023-05-12,NA,NA,CNY
0.711,0.719,0.707,0.719,85327900,515170.SH,2023-05-15,NA,NA,CNY
0.717,0.718,0.709,0.712,80444920,515170.SH,2023-05-16,NA,NA,CNY
0.713,0.713,0.702,0.705,84411999,515170.SH,2023-05-17,NA,NA,CNY
0.706,0.708,0.698,0.701,91089300,515170.SH,2023-05-18,NA,NA,CNY
0.699,0.712,0.692,0.711,165003666,515170.SH,2023-05-19,NA,NA,CNY
0.706,0.732,0.701,0.728,237767034,515170.SH,2023-05-22,NA,NA,CNY
0.728,0.729,0.718,0.718,116153300,515170.SH,2023-05-23,NA,NA,CNY
0.714,0.716,0.706,0.707,122014700,515170.SH,2023-05-24,NA,NA,CNY
0.705,0.706,0.696,0.701,132985500,515170.SH,2023-05-25,NA,NA,CNY
0.701,0.707,0.694,0.701,104749800,515170.SH,2023-05-26,NA,NA,CNY
0.702,0.704,0.69,0.695,162866700,515170.SH,2023-05-29,NA,NA,CNY
0.692,0.697,0.68,0.686,208140700,515170.SH,2023-05-30,NA,NA,CNY
0.684,0.684,0.67,0.673,162465400,515170.SH,2023-05-31,NA,NA,CNY
0.67,0.69,0.67,0.677,156669100,515170.SH,2023-06-01,NA,NA,CNY
0.68,0.693,0.676,0.691,202023900,515170.SH,2023-06-02,NA,NA,CNY
0.69,0.691,0.679,0.68,102253400,515170.SH,2023-06-05,NA,NA,CNY
0.681,0.688,0.674,0.678,105968800,515170.SH,2023-06-06,NA,NA,CNY
0.681,0.684,0.669,0.671,127622400,515170.SH,2023-06-07,NA,NA,CNY
0.671,0.679,0.668,0.676,119387300,515170.SH,2023-06-08,NA,NA,CNY
0.679,0.68,0.673,0.675,107835300,515170.SH,2023-06-09,NA,NA,CNY
0.674,0.696,0.67,0.69,150361321,515170.SH,2023-06-12,NA,NA,CNY
0.686,0.701,0.686,0.697,125262032,515170.SH,2023-06-13,NA,NA,CNY
0.698,0.716,0.697,0.711,149446143,515170.SH,2023-06-14,NA,NA,CNY
0.711,0.725,0.709,0.724,268030300,515170.SH,2023-06-15,NA,NA,CNY
0.724,0.731,0.72,0.726,123067300,515170.SH,2023-06-16,NA,NA,CNY
0.726,0.73,0.709,0.714,163975562,515170.SH,2023-06-19,NA,NA,CNY
0.712,0.716,0.704,0.706,119674800,515170.SH,2023-06-20,NA,NA,CNY
0.703,0.707,0.697,0.699,121988458,515170.SH,2023-06-21,NA,NA,CNY
0.695,0.695,0.678,0.683,117211100,515170.SH,2023-06-26,NA,NA,CNY
0.682,0.689,0.677,0.687,111744600,515170.SH,2023-06-27,NA,NA,CNY
0.688,0.694,0.683,0.69,96234300,515170.SH,2023-06-28,NA,NA,CNY
0.693,0.693,0.678,0.682,89595000,515170.SH,2023-06-29,NA,NA,CNY
0.682,0.684,0.676,0.68,115920700,515170.SH,2023-06-30,NA,NA,CNY
0.679,0.696,0.675,0.696,141267800,515170.SH,2023-07-03,NA,NA,CNY
0.694,0.698,0.689,0.698,87814200,515170.SH,2023-07-04,NA,NA,CNY
0.699,0.7,0.684,0.686,119391600,515170.SH,2023-07-05,NA,NA,CNY
0.684,0.692,0.679,0.68,80465300,515170.SH,2023-07-06,NA,NA,CNY
0.678,0.683,0.676,0.678,80011900,515170.SH,2023-07-07,NA,NA,CNY
0.68,0.687,0.678,0.68,101577500,515170.SH,2023-07-10,NA,NA,CNY
0.68,0.682,0.675,0.681,84337000,515170.SH,2023-07-11,NA,NA,CNY
0.678,0.685,0.678,0.681,77057500,515170.SH,2023-07-12,NA,NA,CNY
0.683,0.701,0.682,0.7,158261800,515170.SH,2023-07-13,NA,NA,CNY
0.702,0.705,0.692,0.697,103930500,515170.SH,2023-07-14,NA,NA,CNY
0.697,0.697,0.683,0.688,76208100,515170.SH,2023-07-17,NA,NA,CNY
0.689,0.689,0.681,0.684,81165709,515170.SH,2023-07-18,NA,NA,CNY
0.682,0.685,0.678,0.681,86113000,515170.SH,2023-07-19,NA,NA,CNY
0.682,0.691,0.679,0.681,95807500,515170.SH,2023-07-20,NA,NA,CNY
0.682,0.699,0.68,0.694,254565100,515170.SH,2023-07-21,NA,NA,CNY
0.691,0.692,0.683,0.687,142187300,515170.SH,2023-07-24,NA,NA,CNY
0.698,0.718,0.698,0.715,254332700,515170.SH,2023-07-25,NA,NA,CNY
0.713,0.721,0.709,0.718,222962000,515170.SH,2023-07-26,NA,NA,CNY
0.717,0.728,0.713,0.72,165533600,515170.SH,2023-07-27,NA,NA,CNY
0.715,0.737,0.714,0.734,151862700,515170.SH,2023-07-28,NA,NA,CNY
0.738,0.758,0.734,0.736,198707400,515170.SH,2023-07-31,NA,NA,CNY
0.735,0.743,0.726,0.729,156994200,515170.SH,2023-08-01,NA,NA,CNY
0.728,0.733,0.722,0.727,105820400,515170.SH,2023-08-02,NA,NA,CNY
0.726,0.733,0.719,0.732,156600700,515170.SH,2023-08-03,NA,NA,CNY
0.74,0.743,0.73,0.732,115335800,515170.SH,2023-08-04,NA,NA,CNY
0.731,0.731,0.719,0.723,179838125,515170.SH,2023-08-07,NA,NA,CNY
0.723,0.726,0.717,0.724,138218200,515170.SH,2023-08-08,NA,NA,CNY
0.72,0.726,0.72,0.725,124814300,515170.SH,2023-08-09,NA,NA,CNY
0.725,0.725,0.715,0.721,100411300,515170.SH,2023-08-10,NA,NA,CNY
0.721,0.724,0.705,0.705,103426500,515170.SH,2023-08-11,NA,NA,CNY
0.701,0.702,0.688,0.697,149937400,515170.SH,2023-08-14,NA,NA,CNY
0.697,0.699,0.69,0.695,105490300,515170.SH,2023-08-15,NA,NA,CNY
0.694,0.698,0.691,0.694,74887011,515170.SH,2023-08-16,NA,NA,CNY
0.691,0.705,0.687,0.705,98215800,515170.SH,2023-08-17,NA,NA,CNY
0.705,0.706,0.69,0.69,89804900,515170.SH,2023-08-18,NA,NA,CNY
0.69,0.696,0.681,0.687,135613647,515170.SH,2023-08-21,NA,NA,CNY
0.69,0.691,0.676,0.686,116295900,515170.SH,2023-08-22,NA,NA,CNY
0.681,0.686,0.673,0.675,84410100,515170.SH,2023-08-23,NA,NA,CNY
0.68,0.693,0.673,0.689,265773390,515170.SH,2023-08-24,NA,NA,CNY
0.688,0.69,0.682,0.686,105171390,515170.SH,2023-08-25,NA,NA,CNY
0.72,0.725,0.682,0.686,342847500,515170.SH,2023-08-28,NA,NA,CNY
0.683,0.696,0.68,0.694,175455500,515170.SH,2023-08-29,NA,NA,CNY
0.695,0.699,0.69,0.692,298578900,515170.SH,2023-08-30,NA,NA,CNY
0.692,0.693,0.685,0.689,91942300,515170.SH,2023-08-31,NA,NA,CNY
0.692,0.702,0.692,0.697,83896513,515170.SH,2023-09-01,NA,NA,CNY
0.7,0.719,0.7,0.716,244458906,515170.SH,2023-09-04,NA,NA,CNY
0.713,0.717,0.707,0.709,101819328,515170.SH,2023-09-05,NA,NA,CNY
0.708,0.71,0.703,0.708,67290800,515170.SH,2023-09-06,NA,NA,CNY
0.706,0.706,0.696,0.698,138339300,515170.SH,2023-09-07,NA,NA,CNY
0.696,0.698,0.69,0.693,103556100,515170.SH,2023-09-08,NA,NA,CNY
0.695,0.704,0.69,0.7,91245200,515170.SH,2023-09-11,NA,NA,CNY
0.702,0.702,0.696,0.698,57161100,515170.SH,2023-09-12,NA,NA,CNY
0.7,0.705,0.692,0.698,130066900,515170.SH,2023-09-13,NA,NA,CNY
0.698,0.7,0.69,0.693,98372200,515170.SH,2023-09-14,NA,NA,CNY
0.697,0.698,0.685,0.687,80972200,515170.SH,2023-09-15,NA,NA,CNY
0.687,0.695,0.681,0.693,147294700,515170.SH,2023-09-18,NA,NA,CNY
0.692,0.692,0.683,0.689,91510500,515170.SH,2023-09-19,NA,NA,CNY
0.69,0.69,0.685,0.686,83646900,515170.SH,2023-09-20,NA,NA,CNY
0.685,0.685,0.674,0.675,87422900,515170.SH,2023-09-21,NA,NA,CNY
0.674,0.689,0.672,0.689,334158300,515170.SH,2023-09-22,NA,NA,CNY
0.69,0.69,0.682,0.684,65262800,515170.SH,2023-09-25,NA,NA,CNY
0.684,0.686,0.677,0.679,63556700,515170.SH,2023-09-26,NA,NA,CNY
0.679,0.686,0.675,0.679,78983500,515170.SH,2023-09-27,NA,NA,CNY
0.682,0.682,0.67,0.673,88498300,515170.SH,2023-09-28,NA,NA,CNY
0.672,0.672,0.661,0.67,115824300,515170.SH,2023-10-09,NA,NA,CNY
0.669,0.677,0.663,0.665,75849200,515170.SH,2023-10-10,NA,NA,CNY
0.667,0.67,0.665,0.667,139900922,515170.SH,2023-10-11,NA,NA,CNY
0.669,0.674,0.666,0.669,155584900,515170.SH,2023-10-12,NA,NA,CNY
0.668,0.668,0.653,0.656,121227800,515170.SH,2023-10-13,NA,NA,CNY
0.655,0.656,0.643,0.645,96607900,515170.SH,2023-10-16,NA,NA,CNY
0.647,0.648,0.639,0.646,84172300,515170.SH,2023-10-17,NA,NA,CNY
0.644,0.651,0.64,0.644,81008400,515170.SH,2023-10-18,NA,NA,CNY
0.641,0.641,0.624,0.626,101789800,515170.SH,2023-10-19,NA,NA,CNY
0.622,0.63,0.619,0.622,73588000,515170.SH,2023-10-20,NA,NA,CNY
0.621,0.629,0.615,0.619,72603000,515170.SH,2023-10-23,NA,NA,CNY
0.62,0.627,0.614,0.623,103890000,515170.SH,2023-10-24,NA,NA,CNY
0.63,0.644,0.63,0.637,111952007,515170.SH,2023-10-25,NA,NA,CNY
0.633,0.643,0.632,0.642,64636200,515170.SH,2023-10-26,NA,NA,CNY
0.641,0.656,0.639,0.653,109426600,515170.SH,2023-10-27,NA,NA,CNY
0.656,0.662,0.653,0.661,152253300,515170.SH,2023-10-30,NA,NA,CNY
0.662,0.666,0.658,0.664,95958290,515170.SH,2023-10-31,NA,NA,CNY
0.69,0.693,0.673,0.673,336290662,515170.SH,2023-11-01,NA,NA,CNY
0.674,0.677,0.665,0.666,84416300,515170.SH,2023-11-02,NA,NA,CNY
0.667,0.676,0.664,0.673,83569300,515170.SH,2023-11-03,NA,NA,CNY
0.675,0.677,0.668,0.673,104305800,515170.SH,2023-11-06,NA,NA,CNY
0.671,0.673,0.666,0.669,72060300,515170.SH,2023-11-07,NA,NA,CNY
0.67,0.673,0.665,0.669,75943800,515170.SH,2023-11-08,NA,NA,CNY
0.668,0.673,0.665,0.669,74675400,515170.SH,2023-11-09,NA,NA,CNY
0.666,0.667,0.66,0.662,72086883,515170.SH,2023-11-10,NA,NA,CNY
0.665,0.665,0.654,0.659,81854900,515170.SH,2023-11-13,NA,NA,CNY
0.661,0.664,0.655,0.658,62680700,515170.SH,2023-11-14,NA,NA,CNY
0.663,0.665,0.66,0.664,67390600,515170.SH,2023-11-15,NA,NA,CNY
0.663,0.664,0.656,0.657,60269500,515170.SH,2023-11-16,NA,NA,CNY
0.658,0.658,0.649,0.653,68206400,515170.SH,2023-11-17,NA,NA,CNY
0.655,0.659,0.648,0.655,66009800,515170.SH,2023-11-20,NA,NA,CNY
0.656,0.668,0.655,0.665,102000900,515170.SH,2023-11-21,NA,NA,CNY
0.662,0.664,0.659,0.659,60070900,515170.SH,2023-11-22,NA,NA,CNY
0.659,0.661,0.653,0.66,60144386,515170.SH,2023-11-23,NA,NA,CNY
0.661,0.662,0.656,0.657,62762800,515170.SH,2023-11-24,NA,NA,CNY
0.657,0.657,0.645,0.65,76330471,515170.SH,2023-11-27,NA,NA,CNY
0.648,0.653,0.645,0.65,61303618,515170.SH,2023-11-28,NA,NA,CNY
0.649,0.649,0.642,0.649,60019300,515170.SH,2023-11-29,NA,NA,CNY
0.649,0.654,0.646,0.652,61967800,515170.SH,2023-11-30,NA,NA,CNY
0.651,0.652,0.64,0.646,79901300,515170.SH,2023-12-01,NA,NA,CNY
0.645,0.645,0.635,0.635,70220600,515170.SH,2023-12-04,NA,NA,CNY
0.633,0.635,0.622,0.623,76443800,515170.SH,2023-12-05,NA,NA,CNY
0.624,0.629,0.62,0.625,72494301,515170.SH,2023-12-06,NA,NA,CNY
0.625,0.625,0.617,0.621,75964300,515170.SH,2023-12-07,NA,NA,CNY
0.622,0.626,0.618,0.622,58949100,515170.SH,2023-12-08,NA,NA,CNY
0.619,0.619,0.603,0.616,106370200,515170.SH,2023-12-11,NA,NA,CNY
0.615,0.62,0.612,0.62,58982036,515170.SH,2023-12-12,NA,NA,CNY
0.619,0.619,0.599,0.601,195659766,515170.SH,2023-12-13,NA,NA,CNY
0.601,0.605,0.59,0.592,116444898,515170.SH,2023-12-14,NA,NA,CNY
0.593,0.603,0.59,0.592,97567300,515170.SH,2023-12-15,NA,NA,CNY
0.59,0.594,0.585,0.591,82069490,515170.SH,2023-12-18,NA,NA,CNY
0.591,0.593,0.585,0.591,92932200,515170.SH,2023-12-19,NA,NA,CNY
0.592,0.592,0.584,0.584,75902600,515170.SH,2023-12-20,NA,NA,CNY
0.584,0.595,0.579,0.594,113956300,515170.SH,2023-12-21,NA,NA,CNY
0.595,0.597,0.589,0.593,91714100,515170.SH,2023-12-22,NA,NA,CNY
0.592,0.599,0.591,0.598,67202900,515170.SH,2023-12-25,NA,NA,CNY
0.599,0.599,0.591,0.594,62295400,515170.SH,2023-12-26,NA,NA,CNY
0.593,0.598,0.59,0.595,73937000,515170.SH,2023-12-27,NA,NA,CNY
0.595,0.621,0.595,0.618,157412452,515170.SH,2023-12-28,NA,NA,CNY
0.616,0.623,0.613,0.617,98399200,515170.SH,2023-12-29,NA,NA,CNY
0.616,0.616,0.602,0.603,103097157,515170.SH,2024-01-02,NA,NA,CNY
0.604,0.605,0.596,0.6,85506900,515170.SH,2024-01-03,NA,NA,CNY
0.601,0.602,0.586,0.589,97057800,515170.SH,2024-01-04,NA,NA,CNY
0.589,0.592,0.579,0.582,110664100,515170.SH,2024-01-05,NA,NA,CNY
0.582,0.584,0.574,0.575,112763928,515170.SH,2024-01-08,NA,NA,CNY
0.575,0.579,0.571,0.574,85501195,515170.SH,2024-01-09,NA,NA,CNY
0.575,0.585,0.57,0.581,101875727,515170.SH,2024-01-10,NA,NA,CNY
0.581,0.587,0.576,0.584,83046490,515170.SH,2024-01-11,NA,NA,CNY
0.583,0.586,0.579,0.58,62893700,515170.SH,2024-01-12,NA,NA,CNY
0.58,0.584,0.576,0.577,72637600,515170.SH,2024-01-15,NA,NA,CNY
0.576,0.582,0.573,0.579,71877300,515170.SH,2024-01-16,NA,NA,CNY
0.579,0.579,0.563,0.564,106222800,515170.SH,2024-01-17,NA,NA,CNY
0.562,0.573,0.554,0.571,132852900,515170.SH,2024-01-18,NA,NA,CNY
0.571,0.578,0.568,0.574,102704800,515170.SH,2024-01-19,NA,NA,CNY
0.573,0.574,0.558,0.562,103651600,515170.SH,2024-01-22,NA,NA,CNY
0.562,0.567,0.556,0.563,110777600,515170.SH,2024-01-23,NA,NA,CNY
0.566,0.567,0.552,0.565,99102300,515170.SH,2024-01-24,NA,NA,CNY
0.564,0.576,0.562,0.575,117381200,515170.SH,2024-01-25,NA,NA,CNY
0.575,0.579,0.57,0.573,93446700,515170.SH,2024-01-26,NA,NA,CNY
0.575,0.584,0.573,0.576,118610000,515170.SH,2024-01-29,NA,NA,CNY
0.573,0.573,0.559,0.56,102657400,515170.SH,2024-01-30,NA,NA,CNY
0.559,0.562,0.551,0.553,95643300,515170.SH,2024-01-31,NA,NA,CNY
0.552,0.558,0.548,0.553,90332600,515170.SH,2024-02-01,NA,NA,CNY
0.555,0.564,0.537,0.552,134843700,515170.SH,2024-02-02,NA,NA,CNY
0.547,0.559,0.538,0.553,113681400,515170.SH,2024-02-05,NA,NA,CNY
0.552,0.578,0.549,0.578,100293700,515170.SH,2024-02-06,NA,NA,CNY
0.58,0.589,0.576,0.588,105997500,515170.SH,2024-02-07,NA,NA,CNY
0.59,0.599,0.584,0.588,95354262,515170.SH,2024-02-08,NA,NA,CNY
0.595,0.6,0.586,0.59,68955400,515170.SH,2024-02-19,NA,NA,CNY
0.591,0.592,0.581,0.586,67400000,515170.SH,2024-02-20,NA,NA,CNY
0.584,0.616,0.582,0.61,168058635,515170.SH,2024-02-21,NA,NA,CNY
0.608,0.612,0.603,0.611,103375900,515170.SH,2024-02-22,NA,NA,CNY
0.611,0.618,0.605,0.611,107683700,515170.SH,2024-02-23,NA,NA,CNY
0.611,0.614,0.604,0.604,73249200,515170.SH,2024-02-26,NA,NA,CNY
0.602,0.607,0.6,0.606,87321800,515170.SH,2024-02-27,NA,NA,CNY
0.604,0.611,0.6,0.6,152678600,515170.SH,2024-02-28,NA,NA,CNY
0.598,0.61,0.597,0.609,78313100,515170.SH,2024-02-29,NA,NA,CNY
0.607,0.615,0.604,0.61,92006900,515170.SH,2024-03-01,NA,NA,CNY
0.61,0.61,0.602,0.605,76838800,515170.SH,2024-03-04,NA,NA,CNY
0.606,0.613,0.602,0.612,118897100,515170.SH,2024-03-05,NA,NA,CNY
0.611,0.612,0.603,0.604,78210800,515170.SH,2024-03-06,NA,NA,CNY
0.607,0.607,0.6,0.602,74877400,515170.SH,2024-03-07,NA,NA,CNY
0.604,0.604,0.594,0.599,114208400,515170.SH,2024-03-08,NA,NA,CNY
0.598,0.611,0.597,0.61,104612300,515170.SH,2024-03-11,NA,NA,CNY
0.609,0.637,0.608,0.633,225808686,515170.SH,2024-03-12,NA,NA,CNY
0.63,0.637,0.626,0.63,91521500,515170.SH,2024-03-13,NA,NA,CNY
0.63,0.638,0.626,0.629,82994900,515170.SH,2024-03-14,NA,NA,CNY
0.628,0.637,0.626,0.634,87075100,515170.SH,2024-03-15,NA,NA,CNY
0.63,0.636,0.627,0.636,83369800,515170.SH,2024-03-18,NA,NA,CNY
0.636,0.646,0.631,0.64,106489549,515170.SH,2024-03-19,NA,NA,CNY
0.64,0.641,0.636,0.638,125284800,515170.SH,2024-03-20,NA,NA,CNY
0.638,0.646,0.636,0.639,69726700,515170.SH,2024-03-21,NA,NA,CNY
0.638,0.639,0.623,0.627,80793200,515170.SH,2024-03-22,NA,NA,CNY
0.628,0.628,0.618,0.621,76150300,515170.SH,2024-03-25,NA,NA,CNY
0.623,0.631,0.622,0.63,151626100,515170.SH,2024-03-26,NA,NA,CNY
0.629,0.632,0.622,0.622,77381600,515170.SH,2024-03-27,NA,NA,CNY
0.622,0.63,0.618,0.624,89082600,515170.SH,2024-03-28,NA,NA,CNY
0.62,0.627,0.619,0.623,70299800,515170.SH,2024-03-29,NA,NA,CNY
0.625,0.643,0.625,0.637,101322400,515170.SH,2024-04-01,NA,NA,CNY
0.637,0.637,0.63,0.634,67809000,515170.SH,2024-04-02,NA,NA,CNY
0.636,0.638,0.629,0.633,164191500,515170.SH,2024-04-03,NA,NA,CNY
0.632,0.632,0.611,0.611,100696700,515170.SH,2024-04-08,NA,NA,CNY
0.609,0.614,0.606,0.612,59494500,515170.SH,2024-04-09,NA,NA,CNY
0.609,0.612,0.6,0.603,84977500,515170.SH,2024-04-10,NA,NA,CNY
0.603,0.604,0.599,0.603,95244900,515170.SH,2024-04-11,NA,NA,CNY
0.603,0.606,0.592,0.594,93770100,515170.SH,2024-04-12,NA,NA,CNY
0.596,0.613,0.595,0.612,116310200,515170.SH,2024-04-15,NA,NA,CNY
0.611,0.611,0.602,0.603,88918900,515170.SH,2024-04-16,NA,NA,CNY
0.605,0.607,0.601,0.607,73259600,515170.SH,2024-04-17,NA,NA,CNY
0.603,0.615,0.601,0.608,107901500,515170.SH,2024-04-18,NA,NA,CNY
0.607,0.607,0.598,0.601,87738300,515170.SH,2024-04-19,NA,NA,CNY
0.603,0.616,0.602,0.611,124387262,515170.SH,2024-04-22,NA,NA,CNY
0.61,0.619,0.609,0.618,149489200,515170.SH,2024-04-23,NA,NA,CNY
0.62,0.622,0.612,0.62,68316500,515170.SH,2024-04-24,NA,NA,CNY
0.619,0.62,0.613,0.619,105025300,515170.SH,2024-04-25,NA,NA,CNY
0.619,0.631,0.618,0.628,95215800,515170.SH,2024-04-26,NA,NA,CNY
0.63,0.643,0.625,0.634,96282800,515170.SH,2024-04-29,NA,NA,CNY
0.637,0.643,0.633,0.634,72762800,515170.SH,2024-04-30,NA,NA,CNY
0.641,0.659,0.641,0.652,164959200,515170.SH,2024-05-06,NA,NA,CNY
0.652,0.656,0.648,0.654,90598100,515170.SH,2024-05-07,NA,NA,CNY
0.653,0.653,0.645,0.647,107118300,515170.SH,2024-05-08,NA,NA,CNY
0.648,0.651,0.647,0.649,64705000,515170.SH,2024-05-09,NA,NA,CNY
0.65,0.653,0.642,0.646,125931100,515170.SH,2024-05-10,NA,NA,CNY
0.642,0.644,0.632,0.634,98472200,515170.SH,2024-05-13,NA,NA,CNY
0.633,0.639,0.631,0.636,79974162,515170.SH,2024-05-14,NA,NA,CNY
0.635,0.638,0.632,0.633,55105500,515170.SH,2024-05-15,NA,NA,CNY
0.633,0.64,0.628,0.636,82465900,515170.SH,2024-05-16,NA,NA,CNY
0.636,0.646,0.634,0.645,106026800,515170.SH,2024-05-17,NA,NA,CNY
0.644,0.655,0.644,0.648,78048100,515170.SH,2024-05-20,NA,NA,CNY
0.645,0.651,0.642,0.648,149456300,515170.SH,2024-05-21,NA,NA,CNY
0.646,0.648,0.64,0.643,140272800,515170.SH,2024-05-22,NA,NA,CNY
0.64,0.644,0.633,0.634,84667200,515170.SH,2024-05-23,NA,NA,CNY
0.631,0.634,0.626,0.627,115992602,515170.SH,2024-05-24,NA,NA,CNY
0.627,0.629,0.623,0.628,66700700,515170.SH,2024-05-27,NA,NA,CNY
0.628,0.628,0.62,0.621,63780800,515170.SH,2024-05-28,NA,NA,CNY
0.619,0.625,0.618,0.62,65957800,515170.SH,2024-05-29,NA,NA,CNY
0.619,0.619,0.61,0.613,122825200,515170.SH,2024-05-30,NA,NA,CNY
0.613,0.617,0.611,0.613,57250200,515170.SH,2024-05-31,NA,NA,CNY
0.612,0.615,0.606,0.61,98561400,515170.SH,2024-06-03,NA,NA,CNY
0.61,0.619,0.608,0.618,142792100,515170.SH,2024-06-04,NA,NA,CNY
0.62,0.62,0.61,0.612,82671000,515170.SH,2024-06-05,NA,NA,CNY
0.612,0.613,0.605,0.607,66327900,515170.SH,2024-06-06,NA,NA,CNY
0.607,0.609,0.597,0.6,66286900,515170.SH,2024-06-07,NA,NA,CNY
0.6,0.601,0.585,0.588,115524200,515170.SH,2024-06-11,NA,NA,CNY
0.586,0.592,0.586,0.588,72561800,515170.SH,2024-06-12,NA,NA,CNY
0.589,0.59,0.58,0.582,97512600,515170.SH,2024-06-13,NA,NA,CNY
0.581,0.586,0.573,0.586,83686300,515170.SH,2024-06-14,NA,NA,CNY
0.58,0.584,0.573,0.582,62742600,515170.SH,2024-06-17,NA,NA,CNY
0.582,0.586,0.573,0.575,96359500,515170.SH,2024-06-18,NA,NA,CNY
0.576,0.577,0.57,0.573,65333300,515170.SH,2024-06-19,NA,NA,CNY
0.573,0.576,0.565,0.565,68250700,515170.SH,2024-06-20,NA,NA,CNY
0.565,0.566,0.555,0.56,83888200,515170.SH,2024-06-21,NA,NA,CNY
0.552,0.566,0.548,0.559,86087000,515170.SH,2024-06-24,NA,NA,CNY
0.559,0.565,0.556,0.56,79192800,515170.SH,2024-06-25,NA,NA,CNY
0.558,0.562,0.555,0.561,62487500,515170.SH,2024-06-26,NA,NA,CNY
0.56,0.561,0.551,0.554,73355800,515170.SH,2024-06-27,NA,NA,CNY
0.553,0.556,0.545,0.547,85086849,515170.SH,2024-06-28,NA,NA,CNY
0.547,0.549,0.537,0.546,123338200,515170.SH,2024-07-01,NA,NA,CNY
0.543,0.555,0.541,0.551,125563400,515170.SH,2024-07-02,NA,NA,CNY
0.552,0.553,0.546,0.547,65070000,515170.SH,2024-07-03,NA,NA,CNY
0.547,0.55,0.539,0.541,61689400,515170.SH,2024-07-04,NA,NA,CNY
0.539,0.543,0.531,0.535,66372600,515170.SH,2024-07-05,NA,NA,CNY
0.534,0.534,0.523,0.524,96420100,515170.SH,2024-07-08,NA,NA,CNY
0.524,0.532,0.52,0.529,67519700,515170.SH,2024-07-09,NA,NA,CNY
0.528,0.536,0.526,0.529,58382200,515170.SH,2024-07-10,NA,NA,CNY
0.533,0.546,0.532,0.543,88629300,515170.SH,2024-07-11,NA,NA,CNY
0.544,0.547,0.539,0.546,61139700,515170.SH,2024-07-12,NA,NA,CNY
0.544,0.548,0.541,0.544,46314500,515170.SH,2024-07-15,NA,NA,CNY
0.543,0.546,0.539,0.544,36353500,515170.SH,2024-07-16,NA,NA,CNY
0.543,0.556,0.54,0.555,95839145,515170.SH,2024-07-17,NA,NA,CNY
0.553,0.56,0.552,0.557,58611305,515170.SH,2024-07-18,NA,NA,CNY
0.553,0.565,0.551,0.565,74411100,515170.SH,2024-07-19,NA,NA,CNY
0.565,0.566,0.552,0.554,80737100,515170.SH,2024-07-22,NA,NA,CNY
0.554,0.554,0.534,0.535,83646600,515170.SH,2024-07-23,NA,NA,CNY
0.531,0.537,0.526,0.529,67500200,515170.SH,2024-07-24,NA,NA,CNY
0.527,0.532,0.525,0.527,57583787,515170.SH,2024-07-25,NA,NA,CNY
0.527,0.534,0.526,0.528,46828700,515170.SH,2024-07-26,NA,NA,CNY
0.528,0.529,0.52,0.521,58342800,515170.SH,2024-07-29,NA,NA,CNY
0.519,0.519,0.51,0.516,81047200,515170.SH,2024-07-30,NA,NA,CNY
0.515,0.537,0.514,0.534,104724700,515170.SH,2024-07-31,NA,NA,CNY
0.534,0.536,0.522,0.523,79435700,515170.SH,2024-08-01,NA,NA,CNY
0.522,0.527,0.519,0.521,77940600,515170.SH,2024-08-02,NA,NA,CNY
0.521,0.536,0.52,0.526,122612900,515170.SH,2024-08-05,NA,NA,CNY
0.526,0.533,0.524,0.53,78532400,515170.SH,2024-08-06,NA,NA,CNY
0.529,0.534,0.525,0.531,177479600,515170.SH,2024-08-07,NA,NA,CNY
0.529,0.545,0.527,0.54,105823600,515170.SH,2024-08-08,NA,NA,CNY
0.543,0.546,0.536,0.537,65199500,515170.SH,2024-08-09,NA,NA,CNY
0.532,0.538,0.531,0.534,55819700,515170.SH,2024-08-12,NA,NA,CNY
0.534,0.534,0.526,0.529,84471600,515170.SH,2024-08-13,NA,NA,CNY
0.528,0.529,0.521,0.523,47324500,515170.SH,2024-08-14,NA,NA,CNY
0.52,0.53,0.52,0.525,58255300,515170.SH,2024-08-15,NA,NA,CNY
0.526,0.526,0.52,0.524,50747800,515170.SH,2024-08-16,NA,NA,CNY
0.523,0.532,0.52,0.522,59970000,515170.SH,2024-08-19,NA,NA,CNY
0.524,0.524,0.514,0.516,64546100,515170.SH,2024-08-20,NA,NA,CNY
0.515,0.517,0.513,0.513,44989600,515170.SH,2024-08-21,NA,NA,CNY
0.514,0.515,0.503,0.506,75650300,515170.SH,2024-08-22,NA,NA,CNY
0.504,0.511,0.504,0.507,59018767,515170.SH,2024-08-23,NA,NA,CNY
0.507,0.509,0.5,0.503,54183767,515170.SH,2024-08-26,NA,NA,CNY
0.5,0.503,0.496,0.5,71664000,515170.SH,2024-08-27,NA,NA,CNY
0.497,0.497,0.485,0.49,80293000,515170.SH,2024-08-28,NA,NA,CNY
0.488,0.502,0.488,0.5,99299200,515170.SH,2024-08-29,NA,NA,CNY
0.496,0.52,0.494,0.514,113190900,515170.SH,2024-08-30,NA,NA,CNY
0.512,0.512,0.495,0.496,96227941,515170.SH,2024-09-02,NA,NA,CNY
0.497,0.505,0.495,0.502,59971500,515170.SH,2024-09-03,NA,NA,CNY
0.502,0.504,0.497,0.498,54184900,515170.SH,2024-09-04,NA,NA,CNY
0.499,0.501,0.496,0.5,59303600,515170.SH,2024-09-05,NA,NA,CNY
0.501,0.501,0.493,0.493,89906900,515170.SH,2024-09-06,NA,NA,CNY
0.493,0.493,0.485,0.488,81089900,515170.SH,2024-09-09,NA,NA,CNY
0.488,0.492,0.485,0.488,61215900,515170.SH,2024-09-10,NA,NA,CNY
0.488,0.49,0.483,0.488,64621353,515170.SH,2024-09-11,NA,NA,CNY
0.488,0.49,0.478,0.479,96430553,515170.SH,2024-09-12,NA,NA,CNY
0.478,0.478,0.468,0.469,92467800,515170.SH,2024-09-13,NA,NA,CNY
0.47,0.47,0.461,0.464,116746100,515170.SH,2024-09-18,NA,NA,CNY
0.466,0.483,0.461,0.476,144734700,515170.SH,2024-09-19,NA,NA,CNY
0.474,0.475,0.469,0.475,118889400,515170.SH,2024-09-20,NA,NA,CNY
0.475,0.484,0.473,0.476,92516700,515170.SH,2024-09-23,NA,NA,CNY
0.483,0.505,0.477,0.505,192650900,515170.SH,2024-09-24,NA,NA,CNY
0.511,0.521,0.507,0.508,150711400,515170.SH,2024-09-25,NA,NA,CNY
0.507,0.559,0.506,0.559,284582600,515170.SH,2024-09-26,NA,NA,CNY
0.583,0.615,0.574,0.615,268175500,515170.SH,2024-09-27,NA,NA,CNY
0.664,0.677,0.615,0.677,553832100,515170.SH,2024-09-30,NA,NA,CNY
0.744,0.745,0.644,0.676,1097790400,515170.SH,2024-10-08,NA,NA,CNY
0.65,0.65,0.608,0.608,580689500,515170.SH,2024-10-09,NA,NA,CNY
0.602,0.632,0.6,0.616,314392053,515170.SH,2024-10-10,NA,NA,CNY
0.616,0.619,0.593,0.604,251578190,515170.SH,2024-10-11,NA,NA,CNY
0.606,0.608,0.588,0.606,340997400,515170.SH,2024-10-14,NA,NA,CNY
0.602,0.605,0.584,0.585,167092600,515170.SH,2024-10-15,NA,NA,CNY
0.58,0.586,0.573,0.576,197104700,515170.SH,2024-10-16,NA,NA,CNY
0.578,0.581,0.564,0.565,224843800,515170.SH,2024-10-17,NA,NA,CNY
0.56,0.594,0.559,0.584,485768200,515170.SH,2024-10-18,NA,NA,CNY
0.584,0.588,0.574,0.583,161555300,515170.SH,2024-10-21,NA,NA,CNY
0.582,0.594,0.58,0.591,193485000,515170.SH,2024-10-22,NA,NA,CNY
0.592,0.605,0.586,0.599,203902100,515170.SH,2024-10-23,NA,NA,CNY
0.595,0.599,0.588,0.59,148880900,515170.SH,2024-10-24,NA,NA,CNY
0.589,0.601,0.587,0.596,289523500,515170.SH,2024-10-25,NA,NA,CNY
0.601,0.609,0.589,0.608,228444200,515170.SH,2024-10-28,NA,NA,CNY
0.607,0.614,0.593,0.594,212801600,515170.SH,2024-10-29,NA,NA,CNY
0.591,0.596,0.582,0.587,156217900,515170.SH,2024-10-30,NA,NA,CNY
0.586,0.593,0.583,0.588,127779400,515170.SH,2024-10-31,NA,NA,CNY
0.584,0.599,0.584,0.594,248255700,515170.SH,2024-11-01,NA,NA,CNY
0.598,0.602,0.59,0.602,171527100,515170.SH,2024-11-04,NA,NA,CNY
0.599,0.615,0.595,0.614,247226500,515170.SH,2024-11-05,NA,NA,CNY
0.615,0.617,0.605,0.611,254437700,515170.SH,2024-11-06,NA,NA,CNY
0.606,0.662,0.606,0.66,476845549,515170.SH,2024-11-07,NA,NA,CNY
0.676,0.678,0.636,0.642,509630200,515170.SH,2024-11-08,NA,NA,CNY
0.634,0.638,0.62,0.637,298742000,515170.SH,2024-11-11,NA,NA,CNY
0.639,0.648,0.628,0.633,355440100,515170.SH,2024-11-12,NA,NA,CNY
0.625,0.633,0.625,0.632,147320300,515170.SH,2024-11-13,NA,NA,CNY
0.631,0.635,0.622,0.624,248959700,515170.SH,2024-11-14,NA,NA,CNY
0.623,0.63,0.617,0.618,183499200,515170.SH,2024-11-15,NA,NA,CNY
0.618,0.622,0.607,0.61,157599900,515170.SH,2024-11-18,NA,NA,CNY
0.611,0.614,0.596,0.61,198701200,515170.SH,2024-11-19,NA,NA,CNY
0.607,0.614,0.604,0.612,137191300,515170.SH,2024-11-20,NA,NA,CNY
0.61,0.613,0.606,0.611,130178600,515170.SH,2024-11-21,NA,NA,CNY
0.611,0.612,0.59,0.592,195255800,515170.SH,2024-11-22,NA,NA,CNY
0.592,0.599,0.585,0.591,190543900,515170.SH,2024-11-25,NA,NA,CNY
0.589,0.599,0.586,0.594,120320900,515170.SH,2024-11-26,NA,NA,CNY
0.594,0.604,0.588,0.603,150422600,515170.SH,2024-11-27,NA,NA,CNY
0.602,0.603,0.594,0.596,118403000,515170.SH,2024-11-28,NA,NA,CNY
0.599,0.613,0.596,0.605,222524200,515170.SH,2024-11-29,NA,NA,CNY
0.605,0.611,0.601,0.61,219274500,515170.SH,2024-12-02,NA,NA,CNY
0.61,0.61,0.604,0.608,141374300,515170.SH,2024-12-03,NA,NA,CNY
0.606,0.607,0.601,0.604,155422790,515170.SH,2024-12-04,NA,NA,CNY
0.602,0.602,0.597,0.601,88601900,515170.SH,2024-12-05,NA,NA,CNY
0.6,0.61,0.6,0.606,170901500,515170.SH,2024-12-06,NA,NA,CNY
0.603,0.609,0.6,0.604,130919300,515170.SH,2024-12-09,NA,NA,CNY
0.628,0.634,0.614,0.616,337214800,515170.SH,2024-12-10,NA,NA,CNY
0.615,0.627,0.612,0.623,152359600,515170.SH,2024-12-11,NA,NA,CNY
0.623,0.637,0.618,0.637,251544400,515170.SH,2024-12-12,NA,NA,CNY
0.632,0.633,0.617,0.619,231308200,515170.SH,2024-12-13,NA,NA,CNY
0.618,0.619,0.606,0.607,147992900,515170.SH,2024-12-16,NA,NA,CNY
0.607,0.615,0.605,0.611,315833900,515170.SH,2024-12-17,NA,NA,CNY
0.608,0.614,0.608,0.61,64575321,515170.SH,2024-12-18,NA,NA,CNY
0.606,0.607,0.599,0.603,145473400,515170.SH,2024-12-19,NA,NA,CNY
0.603,0.607,0.6,0.602,120603500,515170.SH,2024-12-20,NA,NA,CNY
0.603,0.606,0.597,0.599,121653900,515170.SH,2024-12-23,NA,NA,CNY
0.598,0.605,0.597,0.605,140480189,515170.SH,2024-12-24,NA,NA,CNY
0.605,0.605,0.599,0.602,92388400,515170.SH,2024-12-25,NA,NA,CNY
0.602,0.604,0.6,0.601,56986200,515170.SH,2024-12-26,NA,NA,CNY
0.601,0.605,0.598,0.603,87144800,515170.SH,2024-12-27,NA,NA,CNY
0.602,0.605,0.597,0.599,90681700,515170.SH,2024-12-30,NA,NA,CNY
0.599,0.608,0.595,0.596,140244800,515170.SH,2024-12-31,NA,NA,CNY
0.595,0.596,0.58,0.584,127929749,515170.SH,2025-01-02,NA,NA,CNY
0.584,0.587,0.574,0.577,110133900,515170.SH,2025-01-03,NA,NA,CNY
0.57,0.574,0.562,0.565,105873000,515170.SH,2025-01-06,NA,NA,CNY
0.564,0.567,0.56,0.565,73732400,515170.SH,2025-01-07,NA,NA,CNY
0.565,0.569,0.556,0.565,92466800,515170.SH,2025-01-08,NA,NA,CNY
0.562,0.572,0.56,0.564,72680000,515170.SH,2025-01-09,NA,NA,CNY
0.564,0.565,0.556,0.557,78932100,515170.SH,2025-01-10,NA,NA,CNY
0.555,0.56,0.553,0.559,68755300,515170.SH,2025-01-13,NA,NA,CNY
0.561,0.572,0.558,0.571,166570600,515170.SH,2025-01-14,NA,NA,CNY
0.569,0.57,0.565,0.566,51311400,515170.SH,2025-01-15,NA,NA,CNY
0.567,0.573,0.559,0.563,121469100,515170.SH,2025-01-16,NA,NA,CNY
0.562,0.57,0.561,0.568,75442200,515170.SH,2025-01-17,NA,NA,CNY
0.569,0.578,0.568,0.571,96966600,515170.SH,2025-01-20,NA,NA,CNY
0.573,0.574,0.563,0.567,73128500,515170.SH,2025-01-21,NA,NA,CNY
0.565,0.566,0.556,0.558,110363000,515170.SH,2025-01-22,NA,NA,CNY
0.563,0.567,0.557,0.558,110504300,515170.SH,2025-01-23,NA,NA,CNY
0.558,0.56,0.555,0.558,86367200,515170.SH,2025-01-24,NA,NA,CNY
0.56,0.562,0.556,0.557,72397700,515170.SH,2025-01-27,NA,NA,CNY
0.557,0.559,0.544,0.546,121073200,515170.SH,2025-02-05,NA,NA,CNY
0.545,0.552,0.544,0.55,90753700,515170.SH,2025-02-06,NA,NA,CNY
0.55,0.56,0.545,0.557,175220000,515170.SH,2025-02-07,NA,NA,CNY
0.558,0.558,0.551,0.556,109508700,515170.SH,2025-02-10,NA,NA,CNY
0.557,0.557,0.549,0.552,82445400,515170.SH,2025-02-11,NA,NA,CNY
0.552,0.558,0.549,0.558,97901600,515170.SH,2025-02-12,NA,NA,CNY
0.556,0.574,0.556,0.569,233403000,515170.SH,2025-02-13,NA,NA,CNY
0.569,0.571,0.564,0.568,149454700,515170.SH,2025-02-14,NA,NA,CNY
0.569,0.572,0.565,0.569,144077000,515170.SH,2025-02-17,NA,NA,CNY
0.568,0.572,0.561,0.563,110287000,515170.SH,2025-02-18,NA,NA,CNY
0.561,0.568,0.56,0.568,101679300,515170.SH,2025-02-19,NA,NA,CNY
0.567,0.571,0.564,0.566,83228200,515170.SH,2025-02-20,NA,NA,CNY
0.566,0.572,0.562,0.568,169615300,515170.SH,2025-02-21,NA,NA,CNY
0.568,0.575,0.566,0.57,239588300,515170.SH,2025-02-24,NA,NA,CNY
0.565,0.566,0.56,0.56,118641000,515170.SH,2025-02-25,NA,NA,CNY
0.559,0.566,0.558,0.566,110630664,515170.SH,2025-02-26,NA,NA,CNY
0.566,0.579,0.565,0.579,209591800,515170.SH,2025-02-27,NA,NA,CNY
0.578,0.591,0.576,0.578,272733700,515170.SH,2025-02-28,NA,NA,CNY
0.58,0.588,0.571,0.578,178412088,515170.SH,2025-03-03,NA,NA,CNY
0.571,0.572,0.565,0.57,129995900,515170.SH,2025-03-04,NA,NA,CNY
0.568,0.57,0.565,0.569,145897800,515170.SH,2025-03-05,NA,NA,CNY
0.57,0.579,0.567,0.577,154554400,515170.SH,2025-03-06,NA,NA,CNY
0.575,0.586,0.573,0.584,175208500,515170.SH,2025-03-07,NA,NA,CNY
0.584,0.584,0.577,0.581,113740500,515170.SH,2025-03-10,NA,NA,CNY
0.581,0.594,0.577,0.594,179629883,515170.SH,2025-03-11,NA,NA,CNY
0.596,0.598,0.587,0.59,144717465,515170.SH,2025-03-12,NA,NA,CNY
0.59,0.596,0.586,0.589,150620400,515170.SH,2025-03-13,NA,NA,CNY
0.59,0.62,0.59,0.619,434159300,515170.SH,2025-03-14,NA,NA,CNY
0.629,0.629,0.613,0.618,399366300,515170.SH,2025-03-17,NA,NA,CNY
0.619,0.619,0.61,0.614,296018500,515170.SH,2025-03-18,NA,NA,CNY
0.612,0.617,0.608,0.61,165883800,515170.SH,2025-03-19,NA,NA,CNY
0.61,0.61,0.6,0.601,178783000,515170.SH,2025-03-20,NA,NA,CNY
0.598,0.605,0.592,0.592,179694500,515170.SH,2025-03-21,NA,NA,CNY
0.592,0.595,0.588,0.594,167666000,515170.SH,2025-03-24,NA,NA,CNY
0.595,0.595,0.587,0.595,121207400,515170.SH,2025-03-25,NA,NA,CNY
0.594,0.595,0.591,0.593,118329800,515170.SH,2025-03-26,NA,NA,CNY
0.593,0.601,0.591,0.599,156125658,515170.SH,2025-03-27,NA,NA,CNY
0.599,0.6,0.592,0.594,109319800,515170.SH,2025-03-28,NA,NA,CNY
0.592,0.596,0.586,0.589,133918100,515170.SH,2025-03-31,NA,NA,CNY
0.589,0.595,0.588,0.591,107883283,515170.SH,2025-04-01,NA,NA,CNY
0.59,0.595,0.588,0.59,74613600,515170.SH,2025-04-02,NA,NA,CNY
0.586,0.599,0.584,0.597,153729900,515170.SH,2025-04-03,NA,NA,CNY
0.581,0.589,0.554,0.573,402727900,515170.SH,2025-04-07,NA,NA,CNY
0.571,0.591,0.568,0.59,247507810,515170.SH,2025-04-08,NA,NA,CNY
0.583,0.606,0.581,0.599,392206800,515170.SH,2025-04-09,NA,NA,CNY
0.6,0.605,0.592,0.603,405219100,515170.SH,2025-04-10,NA,NA,CNY
0.6,0.603,0.591,0.598,267884900,515170.SH,2025-04-11,NA,NA,CNY
0.597,0.601,0.593,0.596,160141000,515170.SH,2025-04-14,NA,NA,CNY
0.595,0.6,0.593,0.598,98539500,515170.SH,2025-04-15,NA,NA,CNY
0.596,0.602,0.591,0.601,171868264,515170.SH,2025-04-16,NA,NA,CNY
0.598,0.607,0.595,0.604,198072245,515170.SH,2025-04-17,NA,NA,CNY
0.605,0.605,0.597,0.599,116052700,515170.SH,2025-04-18,NA,NA,CNY
0.597,0.599,0.594,0.595,94810500,515170.SH,2025-04-21,NA,NA,CNY
0.595,0.599,0.593,0.596,94842600,515170.SH,2025-04-22,NA,NA,CNY
0.597,0.598,0.591,0.594,96769997,515170.SH,2025-04-23,NA,NA,CNY
0.594,0.596,0.591,0.593,122554700,515170.SH,2025-04-24,NA,NA,CNY
0.593,0.596,0.59,0.591,71309100,515170.SH,2025-04-25,NA,NA,CNY
0.59,0.594,0.589,0.59,136715600,515170.SH,2025-04-28,NA,NA,CNY
0.588,0.589,0.583,0.586,94474300,515170.SH,2025-04-29,NA,NA,CNY
0.586,0.593,0.586,0.588,72265000,515170.SH,2025-04-30,NA,NA,CNY
0.589,0.591,0.585,0.59,108987400,515170.SH,2025-05-06,NA,NA,CNY
0.594,0.597,0.589,0.592,90860300,515170.SH,2025-05-07,NA,NA,CNY
0.591,0.598,0.587,0.594,93411861,515170.SH,2025-05-08,NA,NA,CNY
0.594,0.597,0.592,0.594,63623300,515170.SH,2025-05-09,NA,NA,CNY
0.595,0.598,0.593,0.596,89330000,515170.SH,2025-05-12,NA,NA,CNY
0.596,0.598,0.593,0.595,60934400,515170.SH,2025-05-13,NA,NA,CNY
0.593,0.608,0.593,0.603,177419920,515170.SH,2025-05-14,NA,NA,CNY
0.6,0.605,0.599,0.601,66999100,515170.SH,2025-05-15,NA,NA,CNY
0.6,0.6,0.592,0.595,170536587,515170.SH,2025-05-16,NA,NA,CNY
0.59,0.592,0.587,0.591,223023100,515170.SH,2025-05-19,NA,NA,CNY
0.589,0.598,0.589,0.594,74065900,515170.SH,2025-05-20,NA,NA,CNY
0.593,0.597,0.593,0.594,85260200,515170.SH,2025-05-21,NA,NA,CNY
0.593,0.596,0.591,0.593,84716700,515170.SH,2025-05-22,NA,NA,CNY
0.592,0.597,0.589,0.59,79111900,515170.SH,2025-05-23,NA,NA,CNY
0.589,0.593,0.585,0.587,82383011,515170.SH,2025-05-26,NA,NA,CNY
0.587,0.591,0.586,0.587,57588500,515170.SH,2025-05-27,NA,NA,CNY
0.587,0.594,0.585,0.592,113376800,515170.SH,2025-05-28,NA,NA,CNY
0.592,0.594,0.588,0.591,67834200,515170.SH,2025-05-29,NA,NA,CNY
0.59,0.594,0.586,0.587,50810700,515170.SH,2025-05-30,NA,NA,CNY
0.92,0.922,0.9,0.92,385336019,159766.SZ,2022-06-06,NA,NA,CNY
0.921,0.931,0.914,0.92,161940600,159766.SZ,2022-06-07,NA,NA,CNY
0.918,0.941,0.916,0.94,207647622,159766.SZ,2022-06-08,NA,NA,CNY
0.939,0.945,0.915,0.92,172572168,159766.SZ,2022-06-09,NA,NA,CNY
0.913,0.926,0.911,0.924,135031916,159766.SZ,2022-06-10,NA,NA,CNY
0.911,0.911,0.886,0.896,562786787,159766.SZ,2022-06-13,NA,NA,CNY
0.886,0.906,0.884,0.906,298950184,159766.SZ,2022-06-14,NA,NA,CNY
0.905,0.925,0.9,0.911,289438167,159766.SZ,2022-06-15,NA,NA,CNY
0.91,0.927,0.908,0.919,166414836,159766.SZ,2022-06-16,NA,NA,CNY
0.913,0.928,0.908,0.927,153936700,159766.SZ,2022-06-17,NA,NA,CNY
0.929,0.962,0.927,0.961,311766501,159766.SZ,2022-06-20,NA,NA,CNY
0.96,0.973,0.95,0.959,248393301,159766.SZ,2022-06-21,NA,NA,CNY
0.958,0.963,0.949,0.951,117536300,159766.SZ,2022-06-22,NA,NA,CNY
0.951,0.963,0.95,0.963,172208153,159766.SZ,2022-06-23,NA,NA,CNY
0.963,0.998,0.955,0.994,247537796,159766.SZ,2022-06-24,NA,NA,CNY
1.005,1.044,1.005,1.026,331840659,159766.SZ,2022-06-27,NA,NA,CNY
1.021,1.091,1.019,1.091,527739183,159766.SZ,2022-06-28,NA,NA,CNY
1.096,1.105,1.072,1.077,464283388,159766.SZ,2022-06-29,NA,NA,CNY
1.11,1.133,1.096,1.123,346307493,159766.SZ,2022-06-30,NA,NA,CNY
1.118,1.118,1.055,1.064,333745347,159766.SZ,2022-07-01,NA,NA,CNY
1.041,1.068,1.04,1.055,235936905,159766.SZ,2022-07-04,NA,NA,CNY
1.055,1.056,1.031,1.041,201344201,159766.SZ,2022-07-05,NA,NA,CNY
1.028,1.029,1.0,1.004,265185856,159766.SZ,2022-07-06,NA,NA,CNY
1.002,1.018,0.996,1.009,198963193,159766.SZ,2022-07-07,NA,NA,CNY
1.031,1.041,1.01,1.012,199374572,159766.SZ,2022-07-08,NA,NA,CNY
0.991,0.997,0.98,0.991,214649000,159766.SZ,2022-07-11,NA,NA,CNY
0.989,0.993,0.978,0.98,184366600,159766.SZ,2022-07-12,NA,NA,CNY
0.983,1.0,0.983,0.998,162132700,159766.SZ,2022-07-13,NA,NA,CNY
0.995,1.017,0.988,1.007,194024121,159766.SZ,2022-07-14,NA,NA,CNY
1.008,1.026,0.998,1.002,194878800,159766.SZ,2022-07-15,NA,NA,CNY
0.998,1.012,0.992,1.006,153448600,159766.SZ,2022-07-18,NA,NA,CNY
1.025,1.025,0.991,1.0,183473700,159766.SZ,2022-07-19,NA,NA,CNY
1.002,1.031,0.997,1.019,209665900,159766.SZ,2022-07-20,NA,NA,CNY
1.019,1.023,1.009,1.012,141271300,159766.SZ,2022-07-21,NA,NA,CNY
1.013,1.029,1.006,1.018,177387304,159766.SZ,2022-07-22,NA,NA,CNY
1.017,1.025,1.007,1.015,128781200,159766.SZ,2022-07-25,NA,NA,CNY
1.028,1.045,1.028,1.034,278543600,159766.SZ,2022-07-26,NA,NA,CNY
1.025,1.029,1.016,1.02,196536704,159766.SZ,2022-07-27,NA,NA,CNY
1.026,1.039,1.018,1.022,149679400,159766.SZ,2022-07-28,NA,NA,CNY
1.018,1.018,0.98,0.983,279099910,159766.SZ,2022-07-29,NA,NA,CNY
0.976,0.993,0.976,0.993,158994130,159766.SZ,2022-08-01,NA,NA,CNY
0.98,0.987,0.96,0.975,220113609,159766.SZ,2022-08-02,NA,NA,CNY
0.973,0.982,0.955,0.956,178335500,159766.SZ,2022-08-03,NA,NA,CNY
0.958,0.965,0.948,0.964,118249100,159766.SZ,2022-08-04,NA,NA,CNY
0.962,0.966,0.952,0.966,139229611,159766.SZ,2022-08-05,NA,NA,CNY
0.941,0.955,0.93,0.95,152867996,159766.SZ,2022-08-08,NA,NA,CNY
0.948,0.957,0.945,0.956,103859200,159766.SZ,2022-08-09,NA,NA,CNY
0.958,0.958,0.94,0.942,107295500,159766.SZ,2022-08-10,NA,NA,CNY
0.94,0.965,0.94,0.961,173413300,159766.SZ,2022-08-11,NA,NA,CNY
0.957,0.972,0.952,0.97,112461350,159766.SZ,2022-08-12,NA,NA,CNY
0.965,0.966,0.953,0.961,99834049,159766.SZ,2022-08-15,NA,NA,CNY
0.957,0.961,0.951,0.955,111727700,159766.SZ,2022-08-16,NA,NA,CNY
0.954,0.972,0.949,0.966,103095766,159766.SZ,2022-08-17,NA,NA,CNY
0.961,0.965,0.947,0.95,150972900,159766.SZ,2022-08-18,NA,NA,CNY
0.948,0.954,0.945,0.947,82945300,159766.SZ,2022-08-19,NA,NA,CNY
0.95,0.966,0.943,0.961,138498900,159766.SZ,2022-08-22,NA,NA,CNY
0.957,0.966,0.949,0.962,139048600,159766.SZ,2022-08-23,NA,NA,CNY
0.96,0.968,0.947,0.949,154133646,159766.SZ,2022-08-24,NA,NA,CNY
0.95,0.966,0.947,0.966,136684600,159766.SZ,2022-08-25,NA,NA,CNY
0.969,0.993,0.969,0.978,259076465,159766.SZ,2022-08-26,NA,NA,CNY
0.968,0.987,0.961,0.983,296997000,159766.SZ,2022-08-29,NA,NA,CNY
0.979,0.984,0.973,0.981,168916707,159766.SZ,2022-08-30,NA,NA,CNY
0.975,0.99,0.975,0.982,170892655,159766.SZ,2022-08-31,NA,NA,CNY
0.979,0.98,0.94,0.94,245161342,159766.SZ,2022-09-01,NA,NA,CNY
0.94,0.943,0.926,0.939,173136600,159766.SZ,2022-09-02,NA,NA,CNY
0.935,0.936,0.922,0.932,135852800,159766.SZ,2022-09-05,NA,NA,CNY
0.934,0.959,0.933,0.954,179245801,159766.SZ,2022-09-06,NA,NA,CNY
0.948,0.966,0.948,0.959,255289100,159766.SZ,2022-09-07,NA,NA,CNY
0.961,0.985,0.961,0.979,226549300,159766.SZ,2022-09-08,NA,NA,CNY
0.968,0.985,0.966,0.982,173937000,159766.SZ,2022-09-09,NA,NA,CNY
0.985,1.0,0.979,0.998,168100503,159766.SZ,2022-09-13,NA,NA,CNY
0.983,1.001,0.982,0.99,146535415,159766.SZ,2022-09-14,NA,NA,CNY
0.993,1.001,0.98,0.993,137512700,159766.SZ,2022-09-15,NA,NA,CNY
0.99,1.007,0.976,0.978,225193534,159766.SZ,2022-09-16,NA,NA,CNY
0.978,0.997,0.973,0.996,203142800,159766.SZ,2022-09-19,NA,NA,CNY
0.997,1.007,0.985,1.006,194391850,159766.SZ,2022-09-20,NA,NA,CNY
1.0,1.004,0.982,0.986,164291741,159766.SZ,2022-09-21,NA,NA,CNY
0.981,0.981,0.966,0.97,216157200,159766.SZ,2022-09-22,NA,NA,CNY
0.966,0.979,0.95,0.956,168506877,159766.SZ,2022-09-23,NA,NA,CNY
0.955,1.003,0.955,0.985,329376478,159766.SZ,2022-09-26,NA,NA,CNY
0.979,1.037,0.977,1.036,364991086,159766.SZ,2022-09-27,NA,NA,CNY
1.025,1.04,1.014,1.015,235617248,159766.SZ,2022-09-28,NA,NA,CNY
1.022,1.025,0.986,0.994,368726606,159766.SZ,2022-09-29,NA,NA,CNY
0.991,0.995,0.968,0.973,183663261,159766.SZ,2022-09-30,NA,NA,CNY
0.969,0.97,0.943,0.946,174328576,159766.SZ,2022-10-10,NA,NA,CNY
0.944,0.948,0.915,0.93,227857441,159766.SZ,2022-10-11,NA,NA,CNY
0.927,0.929,0.895,0.929,330302028,159766.SZ,2022-10-12,NA,NA,CNY
0.92,0.941,0.915,0.93,170685100,159766.SZ,2022-10-13,NA,NA,CNY
0.931,0.947,0.93,0.94,185443480,159766.SZ,2022-10-14,NA,NA,CNY
0.935,0.958,0.928,0.954,166204177,159766.SZ,2022-10-17,NA,NA,CNY
0.966,0.988,0.951,0.957,160976700,159766.SZ,2022-10-18,NA,NA,CNY
0.952,0.964,0.933,0.937,154922200,159766.SZ,2022-10-19,NA,NA,CNY
0.929,0.972,0.921,0.956,278420303,159766.SZ,2022-10-20,NA,NA,CNY
0.94,0.958,0.934,0.95,171673493,159766.SZ,2022-10-21,NA,NA,CNY
0.941,0.948,0.905,0.909,221117511,159766.SZ,2022-10-24,NA,NA,CNY
0.909,0.941,0.906,0.932,286278470,159766.SZ,2022-10-25,NA,NA,CNY
0.932,0.965,0.932,0.954,181571970,159766.SZ,2022-10-26,NA,NA,CNY
0.958,0.974,0.949,0.951,137901800,159766.SZ,2022-10-27,NA,NA,CNY
0.952,0.965,0.933,0.938,212212958,159766.SZ,2022-10-28,NA,NA,CNY
0.926,0.934,0.901,0.917,155041700,159766.SZ,2022-10-31,NA,NA,CNY
0.91,0.991,0.9,0.991,287689004,159766.SZ,2022-11-01,NA,NA,CNY
0.969,1.049,0.967,1.008,458481465,159766.SZ,2022-11-02,NA,NA,CNY
0.99,1.021,0.987,1.006,187671190,159766.SZ,2022-11-03,NA,NA,CNY
1.006,1.07,1.006,1.047,314565584,159766.SZ,2022-11-04,NA,NA,CNY
1.017,1.034,1.016,1.033,186910356,159766.SZ,2022-11-07,NA,NA,CNY
1.029,1.034,1.013,1.019,123841537,159766.SZ,2022-11-08,NA,NA,CNY
1.02,1.038,1.011,1.017,124934064,159766.SZ,2022-11-09,NA,NA,CNY
1.01,1.038,1.006,1.032,167559134,159766.SZ,2022-11-10,NA,NA,CNY
1.07,1.072,0.935,1.037,572948502,159766.SZ,2022-11-11,NA,NA,CNY
1.023,1.023,0.988,0.993,324352180,159766.SZ,2022-11-14,NA,NA,CNY
0.993,1.018,0.992,1.008,210138402,159766.SZ,2022-11-15,NA,NA,CNY
1.03,1.035,1.002,1.007,203881300,159766.SZ,2022-11-16,NA,NA,CNY
1.0,1.015,0.994,1.01,147216822,159766.SZ,2022-11-17,NA,NA,CNY
1.005,1.005,0.987,0.99,263266500,159766.SZ,2022-11-18,NA,NA,CNY
0.977,0.978,0.954,0.962,182033500,159766.SZ,2022-11-21,NA,NA,CNY
0.96,0.963,0.944,0.95,141625000,159766.SZ,2022-11-22,NA,NA,CNY
0.947,0.949,0.935,0.945,126972000,159766.SZ,2022-11-23,NA,NA,CNY
0.947,0.95,0.933,0.935,167637000,159766.SZ,2022-11-24,NA,NA,CNY
0.936,0.944,0.93,0.943,180331100,159766.SZ,2022-11-25,NA,NA,CNY
0.933,0.983,0.923,0.98,353416253,159766.SZ,2022-11-28,NA,NA,CNY
0.972,1.046,0.972,1.046,510208758,159766.SZ,2022-11-29,NA,NA,CNY
1.03,1.059,1.026,1.056,320513640,159766.SZ,2022-11-30,NA,NA,CNY
1.099,1.115,1.041,1.045,380210548,159766.SZ,2022-12-01,NA,NA,CNY
1.036,1.06,1.036,1.047,293966271,159766.SZ,2022-12-02,NA,NA,CNY
1.07,1.073,1.047,1.059,258778840,159766.SZ,2022-12-05,NA,NA,CNY
1.06,1.094,1.056,1.077,278146727,159766.SZ,2022-12-06,NA,NA,CNY
1.075,1.122,1.071,1.095,347094064,159766.SZ,2022-12-07,NA,NA,CNY
1.098,1.111,1.08,1.099,252381000,159766.SZ,2022-12-08,NA,NA,CNY
1.097,1.098,1.072,1.087,230054005,159766.SZ,2022-12-09,NA,NA,CNY
1.081,1.118,1.081,1.107,198182296,159766.SZ,2022-12-12,NA,NA,CNY
1.104,1.143,1.1,1.127,201477413,159766.SZ,2022-12-13,NA,NA,CNY
1.127,1.16,1.122,1.151,183824942,159766.SZ,2022-12-14,NA,NA,CNY
1.16,1.163,1.13,1.132,208128499,159766.SZ,2022-12-15,NA,NA,CNY
1.126,1.146,1.12,1.145,139846200,159766.SZ,2022-12-16,NA,NA,CNY
1.143,1.145,1.119,1.127,157034402,159766.SZ,2022-12-19,NA,NA,CNY
1.121,1.124,1.094,1.095,171416700,159766.SZ,2022-12-20,NA,NA,CNY
1.095,1.126,1.095,1.119,191863400,159766.SZ,2022-12-21,NA,NA,CNY
1.122,1.146,1.114,1.126,159049600,159766.SZ,2022-12-22,NA,NA,CNY
1.118,1.142,1.115,1.128,127622705,159766.SZ,2022-12-23,NA,NA,CNY
1.129,1.18,1.129,1.143,218344900,159766.SZ,2022-12-26,NA,NA,CNY
1.16,1.161,1.117,1.136,208333605,159766.SZ,2022-12-27,NA,NA,CNY
1.131,1.147,1.123,1.13,118263801,159766.SZ,2022-12-28,NA,NA,CNY
1.124,1.136,1.111,1.116,105303990,159766.SZ,2022-12-29,NA,NA,CNY
1.117,1.131,1.107,1.129,128217236,159766.SZ,2022-12-30,NA,NA,CNY
1.128,1.128,1.098,1.104,173747756,159766.SZ,2023-01-03,NA,NA,CNY
1.104,1.115,1.095,1.114,119852100,159766.SZ,2023-01-04,NA,NA,CNY
1.117,1.134,1.101,1.131,172224006,159766.SZ,2023-01-05,NA,NA,CNY
1.131,1.133,1.102,1.106,166335900,159766.SZ,2023-01-06,NA,NA,CNY
1.106,1.124,1.104,1.124,237765301,159766.SZ,2023-01-09,NA,NA,CNY
1.123,1.13,1.112,1.124,130773004,159766.SZ,2023-01-10,NA,NA,CNY
1.123,1.123,1.103,1.104,165244000,159766.SZ,2023-01-11,NA,NA,CNY
1.107,1.111,1.09,1.094,115132763,159766.SZ,2023-01-12,NA,NA,CNY
1.092,1.118,1.09,1.118,125708185,159766.SZ,2023-01-13,NA,NA,CNY
1.122,1.133,1.1,1.118,125673827,159766.SZ,2023-01-16,NA,NA,CNY
1.118,1.123,1.108,1.122,109472177,159766.SZ,2023-01-17,NA,NA,CNY
1.122,1.133,1.113,1.117,87747310,159766.SZ,2023-01-18,NA,NA,CNY
1.115,1.122,1.101,1.121,107940425,159766.SZ,2023-01-19,NA,NA,CNY
1.121,1.137,1.121,1.13,131766758,159766.SZ,2023-01-20,NA,NA,CNY
1.152,1.153,1.099,1.102,225354703,159766.SZ,2023-01-30,NA,NA,CNY
1.098,1.102,1.076,1.079,178655452,159766.SZ,2023-01-31,NA,NA,CNY
1.081,1.083,1.067,1.079,164699979,159766.SZ,2023-02-01,NA,NA,CNY
1.08,1.091,1.071,1.091,346184409,159766.SZ,2023-02-02,NA,NA,CNY
1.09,1.09,1.07,1.082,164579907,159766.SZ,2023-02-03,NA,NA,CNY
1.077,1.086,1.067,1.074,137459200,159766.SZ,2023-02-06,NA,NA,CNY
1.074,1.079,1.06,1.063,152944497,159766.SZ,2023-02-07,NA,NA,CNY
1.066,1.075,1.064,1.065,99651200,159766.SZ,2023-02-08,NA,NA,CNY
1.068,1.083,1.061,1.083,131058300,159766.SZ,2023-02-09,NA,NA,CNY
1.08,1.103,1.079,1.099,184626027,159766.SZ,2023-02-10,NA,NA,CNY
1.098,1.137,1.096,1.136,248765571,159766.SZ,2023-02-13,NA,NA,CNY
1.134,1.136,1.12,1.129,116328574,159766.SZ,2023-02-14,NA,NA,CNY
1.128,1.128,1.113,1.115,99756970,159766.SZ,2023-02-15,NA,NA,CNY
1.119,1.148,1.113,1.123,163595589,159766.SZ,2023-02-16,NA,NA,CNY
1.12,1.137,1.108,1.111,142397602,159766.SZ,2023-02-17,NA,NA,CNY
1.111,1.127,1.108,1.125,120748800,159766.SZ,2023-02-20,NA,NA,CNY
1.126,1.13,1.112,1.119,103194000,159766.SZ,2023-02-21,NA,NA,CNY
1.117,1.118,1.109,1.11,89623493,159766.SZ,2023-02-22,NA,NA,CNY
1.111,1.115,1.099,1.103,80164863,159766.SZ,2023-02-23,NA,NA,CNY
1.106,1.106,1.087,1.096,87648960,159766.SZ,2023-02-24,NA,NA,CNY
1.094,1.113,1.085,1.106,109064700,159766.SZ,2023-02-27,NA,NA,CNY
1.108,1.116,1.105,1.114,164452800,159766.SZ,2023-02-28,NA,NA,CNY
1.115,1.12,1.104,1.119,118540600,159766.SZ,2023-03-01,NA,NA,CNY
1.119,1.127,1.112,1.125,117525607,159766.SZ,2023-03-02,NA,NA,CNY
1.125,1.132,1.118,1.127,109765300,159766.SZ,2023-03-03,NA,NA,CNY
1.127,1.142,1.126,1.142,131503019,159766.SZ,2023-03-06,NA,NA,CNY
1.135,1.14,1.118,1.118,125573384,159766.SZ,2023-03-07,NA,NA,CNY
1.117,1.126,1.112,1.123,109236172,159766.SZ,2023-03-08,NA,NA,CNY
1.123,1.124,1.104,1.106,82880772,159766.SZ,2023-03-09,NA,NA,CNY
1.1,1.104,1.08,1.08,95034088,159766.SZ,2023-03-10,NA,NA,CNY
1.08,1.102,1.079,1.1,112083103,159766.SZ,2023-03-13,NA,NA,CNY
1.101,1.101,1.078,1.084,91467100,159766.SZ,2023-03-14,NA,NA,CNY
1.091,1.092,1.071,1.073,118006600,159766.SZ,2023-03-15,NA,NA,CNY
1.065,1.07,1.056,1.059,97258600,159766.SZ,2023-03-16,NA,NA,CNY
1.065,1.076,1.06,1.064,92353000,159766.SZ,2023-03-17,NA,NA,CNY
1.062,1.067,1.052,1.053,119363871,159766.SZ,2023-03-20,NA,NA,CNY
1.053,1.077,1.053,1.076,112153700,159766.SZ,2023-03-21,NA,NA,CNY
1.076,1.082,1.065,1.068,153667900,159766.SZ,2023-03-22,NA,NA,CNY
1.062,1.064,1.054,1.062,152022600,159766.SZ,2023-03-23,NA,NA,CNY
1.064,1.071,1.056,1.059,148783904,159766.SZ,2023-03-24,NA,NA,CNY
1.059,1.069,1.053,1.069,245888610,159766.SZ,2023-03-27,NA,NA,CNY
1.069,1.077,1.058,1.06,125924800,159766.SZ,2023-03-28,NA,NA,CNY
1.059,1.083,1.058,1.069,191215503,159766.SZ,2023-03-29,NA,NA,CNY
1.071,1.107,1.068,1.107,291995100,159766.SZ,2023-03-30,NA,NA,CNY
1.103,1.105,1.09,1.099,202447000,159766.SZ,2023-03-31,NA,NA,CNY
1.095,1.12,1.095,1.116,266758216,159766.SZ,2023-04-03,NA,NA,CNY
1.116,1.137,1.107,1.12,331081689,159766.SZ,2023-04-04,NA,NA,CNY
1.118,1.123,1.106,1.122,180371332,159766.SZ,2023-04-06,NA,NA,CNY
1.123,1.144,1.117,1.131,213689900,159766.SZ,2023-04-07,NA,NA,CNY
1.132,1.14,1.123,1.137,304207100,159766.SZ,2023-04-10,NA,NA,CNY
1.135,1.151,1.123,1.125,217871692,159766.SZ,2023-04-11,NA,NA,CNY
1.123,1.13,1.101,1.109,243802184,159766.SZ,2023-04-12,NA,NA,CNY
1.105,1.125,1.1,1.125,250846073,159766.SZ,2023-04-13,NA,NA,CNY
1.127,1.127,1.097,1.101,319360874,159766.SZ,2023-04-14,NA,NA,CNY
1.101,1.121,1.098,1.114,329629500,159766.SZ,2023-04-17,NA,NA,CNY
1.116,1.116,1.096,1.099,272766144,159766.SZ,2023-04-18,NA,NA,CNY
1.099,1.102,1.088,1.101,189280783,159766.SZ,2023-04-19,NA,NA,CNY
1.097,1.097,1.075,1.077,272965511,159766.SZ,2023-04-20,NA,NA,CNY
1.078,1.084,1.047,1.047,277039500,159766.SZ,2023-04-21,NA,NA,CNY
1.046,1.046,1.013,1.019,231505720,159766.SZ,2023-04-24,NA,NA,CNY
1.018,1.025,0.99,1.004,263686574,159766.SZ,2023-04-25,NA,NA,CNY
1.006,1.028,1.006,1.021,222900614,159766.SZ,2023-04-26,NA,NA,CNY
1.023,1.03,1.013,1.025,149728100,159766.SZ,2023-04-27,NA,NA,CNY
1.028,1.036,1.012,1.036,247660600,159766.SZ,2023-04-28,NA,NA,CNY
1.025,1.025,0.984,0.987,395000195,159766.SZ,2023-05-04,NA,NA,CNY
0.985,0.996,0.982,0.985,175081900,159766.SZ,2023-05-05,NA,NA,CNY
0.988,0.988,0.957,0.965,216660505,159766.SZ,2023-05-08,NA,NA,CNY
0.964,0.972,0.958,0.96,133758013,159766.SZ,2023-05-09,NA,NA,CNY
0.959,0.959,0.943,0.949,135270734,159766.SZ,2023-05-10,NA,NA,CNY
0.951,0.957,0.948,0.95,109458400,159766.SZ,2023-05-11,NA,NA,CNY
0.951,0.951,0.938,0.939,134717164,159766.SZ,2023-05-12,NA,NA,CNY
0.937,0.954,0.929,0.954,165329546,159766.SZ,2023-05-15,NA,NA,CNY
0.952,0.953,0.937,0.94,120401500,159766.SZ,2023-05-16,NA,NA,CNY
0.939,0.94,0.929,0.931,133971247,159766.SZ,2023-05-17,NA,NA,CNY
0.933,0.935,0.918,0.922,187412412,159766.SZ,2023-05-18,NA,NA,CNY
0.921,0.931,0.912,0.928,179092983,159766.SZ,2023-05-19,NA,NA,CNY
0.928,0.949,0.917,0.947,246674996,159766.SZ,2023-05-22,NA,NA,CNY
0.944,0.944,0.927,0.929,176653000,159766.SZ,2023-05-23,NA,NA,CNY
0.925,0.926,0.904,0.905,239379700,159766.SZ,2023-05-24,NA,NA,CNY
0.901,0.904,0.888,0.896,157318255,159766.SZ,2023-05-25,NA,NA,CNY
0.896,0.902,0.89,0.901,102893590,159766.SZ,2023-05-26,NA,NA,CNY
0.903,0.907,0.895,0.896,88352245,159766.SZ,2023-05-29,NA,NA,CNY
0.897,0.898,0.883,0.897,137687629,159766.SZ,2023-05-30,NA,NA,CNY
0.894,0.908,0.891,0.907,167606632,159766.SZ,2023-05-31,NA,NA,CNY
0.906,0.908,0.892,0.895,155360000,159766.SZ,2023-06-01,NA,NA,CNY
0.894,0.901,0.888,0.898,201648700,159766.SZ,2023-06-02,NA,NA,CNY
0.899,0.91,0.895,0.908,186408696,159766.SZ,2023-06-05,NA,NA,CNY
0.907,0.91,0.89,0.893,162374600,159766.SZ,2023-06-06,NA,NA,CNY
0.895,0.908,0.892,0.905,181184600,159766.SZ,2023-06-07,NA,NA,CNY
0.904,0.912,0.895,0.912,152764209,159766.SZ,2023-06-08,NA,NA,CNY
0.913,0.919,0.906,0.91,172572900,159766.SZ,2023-06-09,NA,NA,CNY
0.911,0.923,0.902,0.918,193390198,159766.SZ,2023-06-12,NA,NA,CNY
0.915,0.922,0.912,0.918,187836900,159766.SZ,2023-06-13,NA,NA,CNY
0.919,0.928,0.914,0.919,233803700,159766.SZ,2023-06-14,NA,NA,CNY
0.919,0.94,0.912,0.939,280287000,159766.SZ,2023-06-15,NA,NA,CNY
0.941,0.944,0.933,0.942,239328200,159766.SZ,2023-06-16,NA,NA,CNY
0.945,0.95,0.933,0.934,295199400,159766.SZ,2023-06-19,NA,NA,CNY
0.934,0.935,0.92,0.921,176452700,159766.SZ,2023-06-20,NA,NA,CNY
0.919,0.931,0.909,0.911,246723367,159766.SZ,2023-06-21,NA,NA,CNY
0.903,0.903,0.881,0.882,211857855,159766.SZ,2023-06-26,NA,NA,CNY
0.885,0.905,0.884,0.899,177578000,159766.SZ,2023-06-27,NA,NA,CNY
0.898,0.899,0.886,0.894,139831906,159766.SZ,2023-06-28,NA,NA,CNY
0.894,0.894,0.872,0.873,268179410,159766.SZ,2023-06-29,NA,NA,CNY
0.871,0.88,0.87,0.876,137932307,159766.SZ,2023-06-30,NA,NA,CNY
0.878,0.921,0.876,0.919,448100038,159766.SZ,2023-07-03,NA,NA,CNY
0.912,0.925,0.91,0.923,247036300,159766.SZ,2023-07-04,NA,NA,CNY
0.921,0.921,0.908,0.911,238267388,159766.SZ,2023-07-05,NA,NA,CNY
0.91,0.925,0.903,0.906,186983988,159766.SZ,2023-07-06,NA,NA,CNY
0.902,0.914,0.901,0.907,142116200,159766.SZ,2023-07-07,NA,NA,CNY
0.915,0.934,0.914,0.924,227505108,159766.SZ,2023-07-10,NA,NA,CNY
0.923,0.924,0.916,0.922,166840800,159766.SZ,2023-07-11,NA,NA,CNY
0.922,0.923,0.911,0.913,157452700,159766.SZ,2023-07-12,NA,NA,CNY
0.918,0.921,0.91,0.917,190252362,159766.SZ,2023-07-13,NA,NA,CNY
0.918,0.918,0.904,0.906,183979200,159766.SZ,2023-07-14,NA,NA,CNY
0.906,0.907,0.893,0.9,139779001,159766.SZ,2023-07-17,NA,NA,CNY
0.9,0.904,0.893,0.899,126862300,159766.SZ,2023-07-18,NA,NA,CNY
0.899,0.902,0.89,0.895,175200500,159766.SZ,2023-07-19,NA,NA,CNY
0.895,0.905,0.893,0.894,186738674,159766.SZ,2023-07-20,NA,NA,CNY
0.893,0.909,0.89,0.899,190312633,159766.SZ,2023-07-21,NA,NA,CNY
0.898,0.904,0.89,0.897,126601500,159766.SZ,2023-07-24,NA,NA,CNY
0.907,0.921,0.907,0.919,279174399,159766.SZ,2023-07-25,NA,NA,CNY
0.923,0.924,0.915,0.918,135292754,159766.SZ,2023-07-26,NA,NA,CNY
0.917,0.935,0.915,0.928,236804220,159766.SZ,2023-07-27,NA,NA,CNY
0.924,0.943,0.919,0.941,200773220,159766.SZ,2023-07-28,NA,NA,CNY
0.949,0.973,0.949,0.961,336183461,159766.SZ,2023-07-31,NA,NA,CNY
0.959,0.966,0.945,0.946,291336730,159766.SZ,2023-08-01,NA,NA,CNY
0.944,0.95,0.936,0.937,206530929,159766.SZ,2023-08-02,NA,NA,CNY
0.935,0.942,0.929,0.942,146999300,159766.SZ,2023-08-03,NA,NA,CNY
0.948,0.954,0.938,0.938,179594142,159766.SZ,2023-08-04,NA,NA,CNY
0.937,0.937,0.93,0.935,118886779,159766.SZ,2023-08-07,NA,NA,CNY
0.932,0.938,0.923,0.932,223483500,159766.SZ,2023-08-08,NA,NA,CNY
0.932,0.932,0.922,0.925,106854313,159766.SZ,2023-08-09,NA,NA,CNY
0.925,0.944,0.925,0.942,247076387,159766.SZ,2023-08-10,NA,NA,CNY
0.944,0.954,0.93,0.932,253998864,159766.SZ,2023-08-11,NA,NA,CNY
0.924,0.936,0.92,0.934,343878836,159766.SZ,2023-08-14,NA,NA,CNY
0.931,0.931,0.906,0.911,221442000,159766.SZ,2023-08-15,NA,NA,CNY
0.909,0.914,0.905,0.908,146901400,159766.SZ,2023-08-16,NA,NA,CNY
0.905,0.914,0.894,0.912,145647600,159766.SZ,2023-08-17,NA,NA,CNY
0.912,0.913,0.888,0.888,174250963,159766.SZ,2023-08-18,NA,NA,CNY
0.889,0.891,0.868,0.869,226002100,159766.SZ,2023-08-21,NA,NA,CNY
0.87,0.872,0.846,0.863,243727600,159766.SZ,2023-08-22,NA,NA,CNY
0.859,0.861,0.845,0.846,124262000,159766.SZ,2023-08-23,NA,NA,CNY
0.846,0.859,0.843,0.851,127220500,159766.SZ,2023-08-24,NA,NA,CNY
0.845,0.849,0.831,0.835,152613600,159766.SZ,2023-08-25,NA,NA,CNY
0.867,0.874,0.839,0.843,286909210,159766.SZ,2023-08-28,NA,NA,CNY
0.841,0.861,0.839,0.86,173092099,159766.SZ,2023-08-29,NA,NA,CNY
0.86,0.86,0.848,0.852,168198700,159766.SZ,2023-08-30,NA,NA,CNY
0.852,0.852,0.836,0.842,263544099,159766.SZ,2023-08-31,NA,NA,CNY
0.846,0.854,0.845,0.851,171573297,159766.SZ,2023-09-01,NA,NA,CNY
0.853,0.868,0.852,0.867,286133300,159766.SZ,2023-09-04,NA,NA,CNY
0.866,0.869,0.86,0.863,119051900,159766.SZ,2023-09-05,NA,NA,CNY
0.861,0.861,0.85,0.855,199405200,159766.SZ,2023-09-06,NA,NA,CNY
0.854,0.861,0.849,0.85,221737208,159766.SZ,2023-09-07,NA,NA,CNY
0.849,0.853,0.839,0.85,179194800,159766.SZ,2023-09-08,NA,NA,CNY
0.85,0.862,0.846,0.861,181753649,159766.SZ,2023-09-11,NA,NA,CNY
0.857,0.863,0.855,0.857,106119300,159766.SZ,2023-09-12,NA,NA,CNY
0.856,0.86,0.845,0.849,148187900,159766.SZ,2023-09-13,NA,NA,CNY
0.85,0.854,0.839,0.844,168680511,159766.SZ,2023-09-14,NA,NA,CNY
0.846,0.854,0.842,0.848,165423400,159766.SZ,2023-09-15,NA,NA,CNY
0.848,0.866,0.847,0.866,279310603,159766.SZ,2023-09-18,NA,NA,CNY
0.862,0.863,0.848,0.854,195998900,159766.SZ,2023-09-19,NA,NA,CNY
0.85,0.85,0.834,0.834,218448800,159766.SZ,2023-09-20,NA,NA,CNY
0.831,0.834,0.82,0.821,214144000,159766.SZ,2023-09-21,NA,NA,CNY
0.82,0.831,0.816,0.831,198075100,159766.SZ,2023-09-22,NA,NA,CNY
0.829,0.829,0.819,0.82,133554800,159766.SZ,2023-09-25,NA,NA,CNY
0.82,0.823,0.814,0.814,153188800,159766.SZ,2023-09-26,NA,NA,CNY
0.814,0.825,0.813,0.818,209418600,159766.SZ,2023-09-27,NA,NA,CNY
0.82,0.821,0.81,0.818,200874007,159766.SZ,2023-09-28,NA,NA,CNY
0.811,0.812,0.778,0.778,362836997,159766.SZ,2023-10-09,NA,NA,CNY
0.781,0.787,0.775,0.777,166000500,159766.SZ,2023-10-10,NA,NA,CNY
0.778,0.78,0.766,0.768,284085602,159766.SZ,2023-10-11,NA,NA,CNY
0.771,0.776,0.77,0.775,202555626,159766.SZ,2023-10-12,NA,NA,CNY
0.77,0.771,0.756,0.758,226535300,159766.SZ,2023-10-13,NA,NA,CNY
0.758,0.758,0.745,0.748,146000151,159766.SZ,2023-10-16,NA,NA,CNY
0.75,0.752,0.746,0.75,106362376,159766.SZ,2023-10-17,NA,NA,CNY
0.746,0.747,0.733,0.733,200130600,159766.SZ,2023-10-18,NA,NA,CNY
0.73,0.737,0.725,0.726,201370800,159766.SZ,2023-10-19,NA,NA,CNY
0.724,0.728,0.72,0.722,127166219,159766.SZ,2023-10-20,NA,NA,CNY
0.719,0.72,0.702,0.707,173932569,159766.SZ,2023-10-23,NA,NA,CNY
0.709,0.716,0.706,0.715,190334894,159766.SZ,2023-10-24,NA,NA,CNY
0.72,0.736,0.719,0.73,199392234,159766.SZ,2023-10-25,NA,NA,CNY
0.726,0.733,0.723,0.732,116082000,159766.SZ,2023-10-26,NA,NA,CNY
0.732,0.754,0.73,0.751,218284433,159766.SZ,2023-10-27,NA,NA,CNY
0.75,0.761,0.749,0.759,154689796,159766.SZ,2023-10-30,NA,NA,CNY
0.758,0.763,0.752,0.758,110759702,159766.SZ,2023-10-31,NA,NA,CNY
0.76,0.761,0.751,0.753,115832600,159766.SZ,2023-11-01,NA,NA,CNY
0.755,0.758,0.747,0.747,75436100,159766.SZ,2023-11-02,NA,NA,CNY
0.749,0.756,0.747,0.753,77080200,159766.SZ,2023-11-03,NA,NA,CNY
0.755,0.762,0.753,0.762,121571400,159766.SZ,2023-11-06,NA,NA,CNY
0.76,0.76,0.749,0.754,99625560,159766.SZ,2023-11-07,NA,NA,CNY
0.754,0.762,0.751,0.756,84701484,159766.SZ,2023-11-08,NA,NA,CNY
0.755,0.759,0.752,0.753,61385200,159766.SZ,2023-11-09,NA,NA,CNY
0.752,0.752,0.743,0.747,87276498,159766.SZ,2023-11-10,NA,NA,CNY
0.748,0.756,0.747,0.751,73146088,159766.SZ,2023-11-13,NA,NA,CNY
0.751,0.757,0.748,0.753,73773400,159766.SZ,2023-11-14,NA,NA,CNY
0.758,0.761,0.753,0.755,95396459,159766.SZ,2023-11-15,NA,NA,CNY
0.755,0.757,0.748,0.754,115432400,159766.SZ,2023-11-16,NA,NA,CNY
0.752,0.757,0.749,0.752,76387100,159766.SZ,2023-11-17,NA,NA,CNY
0.753,0.767,0.752,0.765,178490500,159766.SZ,2023-11-20,NA,NA,CNY
0.766,0.774,0.763,0.765,122860400,159766.SZ,2023-11-21,NA,NA,CNY
0.763,0.768,0.758,0.758,105891300,159766.SZ,2023-11-22,NA,NA,CNY
0.758,0.762,0.751,0.762,86304800,159766.SZ,2023-11-23,NA,NA,CNY
0.762,0.764,0.756,0.758,81265954,159766.SZ,2023-11-24,NA,NA,CNY
0.761,0.764,0.751,0.757,95953900,159766.SZ,2023-11-27,NA,NA,CNY
0.754,0.757,0.749,0.754,74929700,159766.SZ,2023-11-28,NA,NA,CNY
0.754,0.755,0.745,0.747,68463200,159766.SZ,2023-11-29,NA,NA,CNY
0.746,0.758,0.743,0.757,102473799,159766.SZ,2023-11-30,NA,NA,CNY
0.756,0.758,0.742,0.747,92264000,159766.SZ,2023-12-01,NA,NA,CNY
0.746,0.754,0.742,0.748,111309900,159766.SZ,2023-12-04,NA,NA,CNY
0.748,0.749,0.73,0.731,97326601,159766.SZ,2023-12-05,NA,NA,CNY
0.732,0.737,0.723,0.732,68736549,159766.SZ,2023-12-06,NA,NA,CNY
0.733,0.734,0.722,0.726,58275730,159766.SZ,2023-12-07,NA,NA,CNY
0.727,0.733,0.722,0.722,65909900,159766.SZ,2023-12-08,NA,NA,CNY
0.722,0.725,0.71,0.723,78167905,159766.SZ,2023-12-11,NA,NA,CNY
0.722,0.73,0.72,0.729,68601821,159766.SZ,2023-12-12,NA,NA,CNY
0.727,0.728,0.709,0.71,255599288,159766.SZ,2023-12-13,NA,NA,CNY
0.713,0.723,0.709,0.712,101264663,159766.SZ,2023-12-14,NA,NA,CNY
0.714,0.719,0.709,0.711,94134482,159766.SZ,2023-12-15,NA,NA,CNY
0.707,0.709,0.692,0.694,112990910,159766.SZ,2023-12-18,NA,NA,CNY
0.693,0.703,0.692,0.697,115292348,159766.SZ,2023-12-19,NA,NA,CNY
0.699,0.7,0.683,0.684,78804800,159766.SZ,2023-12-20,NA,NA,CNY
0.681,0.696,0.679,0.692,117639400,159766.SZ,2023-12-21,NA,NA,CNY
0.692,0.694,0.684,0.688,74001800,159766.SZ,2023-12-22,NA,NA,CNY
0.684,0.689,0.681,0.686,62183800,159766.SZ,2023-12-25,NA,NA,CNY
0.687,0.687,0.676,0.677,67281275,159766.SZ,2023-12-26,NA,NA,CNY
0.68,0.682,0.67,0.675,91112700,159766.SZ,2023-12-27,NA,NA,CNY
0.675,0.702,0.671,0.701,126008309,159766.SZ,2023-12-28,NA,NA,CNY
0.7,0.705,0.696,0.7,75942875,159766.SZ,2023-12-29,NA,NA,CNY
0.702,0.702,0.694,0.696,65688300,159766.SZ,2024-01-02,NA,NA,CNY
0.696,0.704,0.694,0.704,96930600,159766.SZ,2024-01-03,NA,NA,CNY
0.704,0.705,0.692,0.697,71245500,159766.SZ,2024-01-04,NA,NA,CNY
0.697,0.704,0.687,0.688,84051200,159766.SZ,2024-01-05,NA,NA,CNY
0.689,0.695,0.68,0.681,83365100,159766.SZ,2024-01-08,NA,NA,CNY
0.685,0.714,0.685,0.709,267220331,159766.SZ,2024-01-09,NA,NA,CNY
0.706,0.711,0.696,0.708,148773470,159766.SZ,2024-01-10,NA,NA,CNY
0.704,0.714,0.702,0.708,126110300,159766.SZ,2024-01-11,NA,NA,CNY
0.706,0.712,0.7,0.706,112135100,159766.SZ,2024-01-12,NA,NA,CNY
0.702,0.727,0.7,0.725,257169228,159766.SZ,2024-01-15,NA,NA,CNY
0.725,0.74,0.721,0.735,283117372,159766.SZ,2024-01-16,NA,NA,CNY
0.731,0.734,0.712,0.712,193691220,159766.SZ,2024-01-17,NA,NA,CNY
0.707,0.715,0.694,0.713,167560649,159766.SZ,2024-01-18,NA,NA,CNY
0.708,0.731,0.706,0.724,169020088,159766.SZ,2024-01-19,NA,NA,CNY
0.72,0.72,0.686,0.689,145567700,159766.SZ,2024-01-22,NA,NA,CNY
0.686,0.693,0.673,0.69,142645035,159766.SZ,2024-01-23,NA,NA,CNY
0.69,0.702,0.677,0.702,149259445,159766.SZ,2024-01-24,NA,NA,CNY
0.698,0.724,0.692,0.724,161768111,159766.SZ,2024-01-25,NA,NA,CNY
0.723,0.733,0.719,0.725,220562780,159766.SZ,2024-01-26,NA,NA,CNY
0.726,0.729,0.714,0.714,163012180,159766.SZ,2024-01-29,NA,NA,CNY
0.71,0.712,0.692,0.694,130067900,159766.SZ,2024-01-30,NA,NA,CNY
0.685,0.685,0.662,0.664,213326200,159766.SZ,2024-01-31,NA,NA,CNY
0.661,0.669,0.648,0.66,202172135,159766.SZ,2024-02-01,NA,NA,CNY
0.659,0.67,0.633,0.653,143175264,159766.SZ,2024-02-02,NA,NA,CNY
0.645,0.648,0.617,0.633,143299200,159766.SZ,2024-02-05,NA,NA,CNY
0.625,0.665,0.617,0.661,148215100,159766.SZ,2024-02-06,NA,NA,CNY
0.664,0.675,0.655,0.674,165490802,159766.SZ,2024-02-07,NA,NA,CNY
0.675,0.691,0.674,0.691,136414420,159766.SZ,2024-02-08,NA,NA,CNY
0.709,0.712,0.692,0.698,158822700,159766.SZ,2024-02-19,NA,NA,CNY
0.697,0.701,0.691,0.699,79823700,159766.SZ,2024-02-20,NA,NA,CNY
0.697,0.72,0.692,0.709,143240775,159766.SZ,2024-02-21,NA,NA,CNY
0.707,0.716,0.704,0.712,102086675,159766.SZ,2024-02-22,NA,NA,CNY
0.712,0.712,0.701,0.71,83693900,159766.SZ,2024-02-23,NA,NA,CNY
0.706,0.71,0.699,0.703,133398266,159766.SZ,2024-02-26,NA,NA,CNY
0.702,0.71,0.699,0.71,69311190,159766.SZ,2024-02-27,NA,NA,CNY
0.709,0.722,0.697,0.697,152479757,159766.SZ,2024-02-28,NA,NA,CNY
0.694,0.709,0.692,0.709,143849300,159766.SZ,2024-02-29,NA,NA,CNY
0.707,0.708,0.698,0.705,105014000,159766.SZ,2024-03-01,NA,NA,CNY
0.706,0.708,0.695,0.7,92354502,159766.SZ,2024-03-04,NA,NA,CNY
0.699,0.707,0.695,0.697,88436902,159766.SZ,2024-03-05,NA,NA,CNY
0.695,0.701,0.691,0.698,88098100,159766.SZ,2024-03-06,NA,NA,CNY
0.698,0.702,0.691,0.7,133192100,159766.SZ,2024-03-07,NA,NA,CNY
0.698,0.698,0.685,0.69,115349700,159766.SZ,2024-03-08,NA,NA,CNY
0.687,0.704,0.686,0.704,118241400,159766.SZ,2024-03-11,NA,NA,CNY
0.704,0.725,0.701,0.725,159827464,159766.SZ,2024-03-12,NA,NA,CNY
0.722,0.722,0.714,0.718,118505700,159766.SZ,2024-03-13,NA,NA,CNY
0.717,0.731,0.716,0.725,140094200,159766.SZ,2024-03-14,NA,NA,CNY
0.723,0.737,0.719,0.728,110017800,159766.SZ,2024-03-15,NA,NA,CNY
0.728,0.734,0.726,0.734,111545700,159766.SZ,2024-03-18,NA,NA,CNY
0.733,0.734,0.724,0.724,90032000,159766.SZ,2024-03-19,NA,NA,CNY
0.724,0.729,0.723,0.729,57676600,159766.SZ,2024-03-20,NA,NA,CNY
0.731,0.735,0.725,0.732,103447300,159766.SZ,2024-03-21,NA,NA,CNY
0.73,0.731,0.715,0.717,95308900,159766.SZ,2024-03-22,NA,NA,CNY
0.714,0.716,0.705,0.705,83845700,159766.SZ,2024-03-25,NA,NA,CNY
0.706,0.708,0.696,0.704,80692200,159766.SZ,2024-03-26,NA,NA,CNY
0.702,0.707,0.694,0.696,75511100,159766.SZ,2024-03-27,NA,NA,CNY
0.695,0.709,0.691,0.705,91080400,159766.SZ,2024-03-28,NA,NA,CNY
0.705,0.708,0.697,0.706,103220400,159766.SZ,2024-03-29,NA,NA,CNY
0.708,0.726,0.708,0.725,119318714,159766.SZ,2024-04-01,NA,NA,CNY
0.725,0.727,0.719,0.723,105050400,159766.SZ,2024-04-02,NA,NA,CNY
0.721,0.722,0.713,0.716,95796600,159766.SZ,2024-04-03,NA,NA,CNY
0.72,0.721,0.704,0.705,139375600,159766.SZ,2024-04-08,NA,NA,CNY
0.701,0.721,0.701,0.717,125317300,159766.SZ,2024-04-09,NA,NA,CNY
0.716,0.721,0.707,0.716,152804293,159766.SZ,2024-04-10,NA,NA,CNY
0.71,0.726,0.706,0.725,208416400,159766.SZ,2024-04-11,NA,NA,CNY
0.724,0.73,0.716,0.721,217927136,159766.SZ,2024-04-12,NA,NA,CNY
0.719,0.727,0.703,0.715,186502436,159766.SZ,2024-04-15,NA,NA,CNY
0.707,0.709,0.682,0.684,247993100,159766.SZ,2024-04-16,NA,NA,CNY
0.684,0.7,0.683,0.697,227093138,159766.SZ,2024-04-17,NA,NA,CNY
0.696,0.707,0.692,0.7,137073366,159766.SZ,2024-04-18,NA,NA,CNY
0.697,0.698,0.681,0.684,129051200,159766.SZ,2024-04-19,NA,NA,CNY
0.684,0.698,0.674,0.697,173184800,159766.SZ,2024-04-22,NA,NA,CNY
0.692,0.694,0.686,0.688,109755700,159766.SZ,2024-04-23,NA,NA,CNY
0.687,0.694,0.685,0.694,91101207,159766.SZ,2024-04-24,NA,NA,CNY
0.691,0.7,0.688,0.696,99383307,159766.SZ,2024-04-25,NA,NA,CNY
0.697,0.706,0.692,0.706,142685201,159766.SZ,2024-04-26,NA,NA,CNY
0.705,0.716,0.698,0.715,338154954,159766.SZ,2024-04-29,NA,NA,CNY
0.712,0.712,0.698,0.706,186663600,159766.SZ,2024-04-30,NA,NA,CNY
0.709,0.709,0.701,0.706,173586600,159766.SZ,2024-05-06,NA,NA,CNY
0.705,0.705,0.697,0.702,114005400,159766.SZ,2024-05-07,NA,NA,CNY
0.7,0.701,0.69,0.69,120091000,159766.SZ,2024-05-08,NA,NA,CNY
0.69,0.699,0.688,0.697,112582700,159766.SZ,2024-05-09,NA,NA,CNY
0.697,0.703,0.694,0.7,118164100,159766.SZ,2024-05-10,NA,NA,CNY
0.699,0.699,0.686,0.692,142941100,159766.SZ,2024-05-13,NA,NA,CNY
0.693,0.696,0.689,0.692,103647664,159766.SZ,2024-05-14,NA,NA,CNY
0.692,0.694,0.687,0.69,103343500,159766.SZ,2024-05-15,NA,NA,CNY
0.69,0.699,0.689,0.693,147454694,159766.SZ,2024-05-16,NA,NA,CNY
0.695,0.71,0.69,0.71,164227400,159766.SZ,2024-05-17,NA,NA,CNY
0.721,0.729,0.713,0.725,321049500,159766.SZ,2024-05-20,NA,NA,CNY
0.72,0.73,0.716,0.723,167560600,159766.SZ,2024-05-21,NA,NA,CNY
0.722,0.726,0.719,0.723,157655300,159766.SZ,2024-05-22,NA,NA,CNY
0.721,0.721,0.7,0.7,191733500,159766.SZ,2024-05-23,NA,NA,CNY
0.697,0.703,0.691,0.693,122853900,159766.SZ,2024-05-24,NA,NA,CNY
0.694,0.697,0.687,0.695,128436800,159766.SZ,2024-05-27,NA,NA,CNY
0.692,0.696,0.686,0.689,113521889,159766.SZ,2024-05-28,NA,NA,CNY
0.686,0.694,0.686,0.693,90966400,159766.SZ,2024-05-29,NA,NA,CNY
0.691,0.692,0.685,0.685,116635500,159766.SZ,2024-05-30,NA,NA,CNY
0.687,0.69,0.686,0.686,60322300,159766.SZ,2024-05-31,NA,NA,CNY
0.686,0.686,0.673,0.678,154145500,159766.SZ,2024-06-03,NA,NA,CNY
0.677,0.688,0.673,0.688,100272760,159766.SZ,2024-06-04,NA,NA,CNY
0.686,0.69,0.682,0.682,82892900,159766.SZ,2024-06-05,NA,NA,CNY
0.685,0.685,0.667,0.668,177047400,159766.SZ,2024-06-06,NA,NA,CNY
0.671,0.676,0.667,0.674,79559400,159766.SZ,2024-06-07,NA,NA,CNY
0.67,0.672,0.661,0.665,108325900,159766.SZ,2024-06-11,NA,NA,CNY
0.665,0.667,0.661,0.665,81564900,159766.SZ,2024-06-12,NA,NA,CNY
0.665,0.666,0.653,0.657,148763400,159766.SZ,2024-06-13,NA,NA,CNY
0.658,0.662,0.653,0.661,96192100,159766.SZ,2024-06-14,NA,NA,CNY
0.658,0.662,0.655,0.66,54711700,159766.SZ,2024-06-17,NA,NA,CNY
0.661,0.666,0.658,0.662,71981800,159766.SZ,2024-06-18,NA,NA,CNY
0.661,0.661,0.65,0.651,135455976,159766.SZ,2024-06-19,NA,NA,CNY
0.649,0.65,0.634,0.636,152582900,159766.SZ,2024-06-20,NA,NA,CNY
0.635,0.639,0.631,0.636,150338700,159766.SZ,2024-06-21,NA,NA,CNY
0.632,0.632,0.618,0.622,137691200,159766.SZ,2024-06-24,NA,NA,CNY
0.622,0.628,0.62,0.625,189423580,159766.SZ,2024-06-25,NA,NA,CNY
0.623,0.632,0.618,0.632,114623600,159766.SZ,2024-06-26,NA,NA,CNY
0.63,0.632,0.624,0.625,90728900,159766.SZ,2024-06-27,NA,NA,CNY
0.625,0.631,0.623,0.626,83702290,159766.SZ,2024-06-28,NA,NA,CNY
0.625,0.634,0.624,0.634,104866807,159766.SZ,2024-07-01,NA,NA,CNY
0.634,0.637,0.629,0.631,83307607,159766.SZ,2024-07-02,NA,NA,CNY
0.632,0.65,0.632,0.646,185861800,159766.SZ,2024-07-03,NA,NA,CNY
0.642,0.642,0.622,0.624,138427400,159766.SZ,2024-07-04,NA,NA,CNY
0.623,0.629,0.618,0.627,136839600,159766.SZ,2024-07-05,NA,NA,CNY
0.623,0.629,0.615,0.616,118216500,159766.SZ,2024-07-08,NA,NA,CNY
0.617,0.624,0.609,0.624,144599600,159766.SZ,2024-07-09,NA,NA,CNY
0.62,0.624,0.615,0.617,90012900,159766.SZ,2024-07-10,NA,NA,CNY
0.623,0.642,0.622,0.64,204839200,159766.SZ,2024-07-11,NA,NA,CNY
0.641,0.651,0.639,0.643,164685800,159766.SZ,2024-07-12,NA,NA,CNY
0.637,0.639,0.632,0.637,92473100,159766.SZ,2024-07-15,NA,NA,CNY
0.634,0.639,0.633,0.638,68006900,159766.SZ,2024-07-16,NA,NA,CNY
0.637,0.649,0.635,0.644,146499600,159766.SZ,2024-07-17,NA,NA,CNY
0.641,0.647,0.635,0.646,106541700,159766.SZ,2024-07-18,NA,NA,CNY
0.641,0.646,0.638,0.646,94069400,159766.SZ,2024-07-19,NA,NA,CNY
0.647,0.647,0.639,0.643,84834600,159766.SZ,2024-07-22,NA,NA,CNY
0.644,0.645,0.629,0.629,90896664,159766.SZ,2024-07-23,NA,NA,CNY
0.628,0.634,0.617,0.62,140622060,159766.SZ,2024-07-24,NA,NA,CNY
0.616,0.629,0.615,0.623,89959000,159766.SZ,2024-07-25,NA,NA,CNY
0.623,0.633,0.623,0.628,73580120,159766.SZ,2024-07-26,NA,NA,CNY
0.628,0.629,0.618,0.62,83180800,159766.SZ,2024-07-29,NA,NA,CNY
0.619,0.622,0.616,0.62,53903200,159766.SZ,2024-07-30,NA,NA,CNY
0.621,0.647,0.62,0.645,157434100,159766.SZ,2024-07-31,NA,NA,CNY
0.641,0.646,0.637,0.642,117408700,159766.SZ,2024-08-01,NA,NA,CNY
0.637,0.648,0.636,0.642,100512600,159766.SZ,2024-08-02,NA,NA,CNY
0.65,0.662,0.647,0.648,215930700,159766.SZ,2024-08-05,NA,NA,CNY
0.653,0.659,0.649,0.659,141102001,159766.SZ,2024-08-06,NA,NA,CNY
0.655,0.656,0.646,0.65,176219000,159766.SZ,2024-08-07,NA,NA,CNY
0.648,0.655,0.645,0.651,90630300,159766.SZ,2024-08-08,NA,NA,CNY
0.652,0.652,0.639,0.64,99395400,159766.SZ,2024-08-09,NA,NA,CNY
0.637,0.639,0.624,0.627,91839200,159766.SZ,2024-08-12,NA,NA,CNY
0.626,0.627,0.618,0.623,106040258,159766.SZ,2024-08-13,NA,NA,CNY
0.623,0.624,0.617,0.619,69245600,159766.SZ,2024-08-14,NA,NA,CNY
0.617,0.626,0.614,0.625,120712500,159766.SZ,2024-08-15,NA,NA,CNY
0.624,0.624,0.618,0.621,80963300,159766.SZ,2024-08-16,NA,NA,CNY
0.62,0.624,0.619,0.623,68049100,159766.SZ,2024-08-19,NA,NA,CNY
0.624,0.624,0.614,0.615,95299200,159766.SZ,2024-08-20,NA,NA,CNY
0.613,0.618,0.613,0.615,53208800,159766.SZ,2024-08-21,NA,NA,CNY
0.614,0.616,0.602,0.603,161881500,159766.SZ,2024-08-22,NA,NA,CNY
0.601,0.607,0.599,0.606,79259400,159766.SZ,2024-08-23,NA,NA,CNY
0.606,0.61,0.602,0.606,54219200,159766.SZ,2024-08-26,NA,NA,CNY
0.605,0.606,0.598,0.599,63916100,159766.SZ,2024-08-27,NA,NA,CNY
0.604,0.606,0.597,0.598,57337500,159766.SZ,2024-08-28,NA,NA,CNY
0.596,0.602,0.59,0.601,111294500,159766.SZ,2024-08-29,NA,NA,CNY
0.601,0.62,0.599,0.613,130049400,159766.SZ,2024-08-30,NA,NA,CNY
0.611,0.612,0.601,0.601,90482500,159766.SZ,2024-09-02,NA,NA,CNY
0.602,0.609,0.602,0.606,62088900,159766.SZ,2024-09-03,NA,NA,CNY
0.604,0.61,0.602,0.604,90540900,159766.SZ,2024-09-04,NA,NA,CNY
0.607,0.611,0.605,0.609,76773500,159766.SZ,2024-09-05,NA,NA,CNY
0.609,0.611,0.602,0.603,79027700,159766.SZ,2024-09-06,NA,NA,CNY
0.601,0.606,0.598,0.6,55930000,159766.SZ,2024-09-09,NA,NA,CNY
0.601,0.601,0.58,0.59,118893700,159766.SZ,2024-09-10,NA,NA,CNY
0.586,0.591,0.585,0.587,45502700,159766.SZ,2024-09-11,NA,NA,CNY
0.586,0.592,0.583,0.585,50609400,159766.SZ,2024-09-12,NA,NA,CNY
0.585,0.585,0.579,0.579,50919500,159766.SZ,2024-09-13,NA,NA,CNY
0.579,0.58,0.566,0.573,111066500,159766.SZ,2024-09-18,NA,NA,CNY
0.574,0.589,0.574,0.584,96831000,159766.SZ,2024-09-19,NA,NA,CNY
0.581,0.585,0.578,0.585,84688000,159766.SZ,2024-09-20,NA,NA,CNY
0.584,0.586,0.579,0.582,63926000,159766.SZ,2024-09-23,NA,NA,CNY
0.585,0.604,0.584,0.604,155595700,159766.SZ,2024-09-24,NA,NA,CNY
0.607,0.622,0.606,0.613,173960500,159766.SZ,2024-09-25,NA,NA,CNY
0.611,0.652,0.611,0.651,285142403,159766.SZ,2024-09-26,NA,NA,CNY
0.662,0.691,0.661,0.691,342100960,159766.SZ,2024-09-27,NA,NA,CNY
0.729,0.76,0.702,0.76,638553869,159766.SZ,2024-09-30,NA,NA,CNY
0.833,0.833,0.718,0.75,811941687,159766.SZ,2024-10-08,NA,NA,CNY
0.724,0.731,0.676,0.677,420390377,159766.SZ,2024-10-09,NA,NA,CNY
0.682,0.7,0.671,0.686,269268600,159766.SZ,2024-10-10,NA,NA,CNY
0.681,0.686,0.665,0.671,173462310,159766.SZ,2024-10-11,NA,NA,CNY
0.668,0.674,0.655,0.671,169226977,159766.SZ,2024-10-14,NA,NA,CNY
0.668,0.672,0.657,0.657,109242050,159766.SZ,2024-10-15,NA,NA,CNY
0.65,0.664,0.648,0.657,151640500,159766.SZ,2024-10-16,NA,NA,CNY
0.659,0.664,0.65,0.65,138587700,159766.SZ,2024-10-17,NA,NA,CNY
0.65,0.679,0.648,0.669,183291800,159766.SZ,2024-10-18,NA,NA,CNY
0.672,0.699,0.667,0.69,297527602,159766.SZ,2024-10-21,NA,NA,CNY
0.695,0.695,0.682,0.691,189644400,159766.SZ,2024-10-22,NA,NA,CNY
0.69,0.698,0.689,0.696,186149000,159766.SZ,2024-10-23,NA,NA,CNY
0.69,0.695,0.684,0.686,101110400,159766.SZ,2024-10-24,NA,NA,CNY
0.686,0.696,0.684,0.692,136718902,159766.SZ,2024-10-25,NA,NA,CNY
0.69,0.702,0.689,0.701,170562100,159766.SZ,2024-10-28,NA,NA,CNY
0.705,0.706,0.691,0.692,177581506,159766.SZ,2024-10-29,NA,NA,CNY
0.69,0.699,0.688,0.695,108472806,159766.SZ,2024-10-30,NA,NA,CNY
0.691,0.695,0.682,0.69,129129400,159766.SZ,2024-10-31,NA,NA,CNY
0.687,0.699,0.681,0.69,140299700,159766.SZ,2024-11-01,NA,NA,CNY
0.691,0.703,0.688,0.703,152487001,159766.SZ,2024-11-04,NA,NA,CNY
0.701,0.716,0.698,0.715,170130199,159766.SZ,2024-11-05,NA,NA,CNY
0.715,0.724,0.707,0.719,157103045,159766.SZ,2024-11-06,NA,NA,CNY
0.712,0.754,0.712,0.753,300317700,159766.SZ,2024-11-07,NA,NA,CNY
0.756,0.76,0.736,0.744,363480000,159766.SZ,2024-11-08,NA,NA,CNY
0.735,0.737,0.725,0.737,185899724,159766.SZ,2024-11-11,NA,NA,CNY
0.737,0.746,0.732,0.739,348206600,159766.SZ,2024-11-12,NA,NA,CNY
0.745,0.745,0.717,0.727,324429600,159766.SZ,2024-11-13,NA,NA,CNY
0.72,0.724,0.71,0.711,170591600,159766.SZ,2024-11-14,NA,NA,CNY
0.709,0.721,0.707,0.708,137934300,159766.SZ,2024-11-15,NA,NA,CNY
0.707,0.717,0.7,0.705,137326300,159766.SZ,2024-11-18,NA,NA,CNY
0.705,0.709,0.695,0.709,286622700,159766.SZ,2024-11-19,NA,NA,CNY
0.706,0.717,0.705,0.715,97148800,159766.SZ,2024-11-20,NA,NA,CNY
0.715,0.715,0.706,0.712,94238200,159766.SZ,2024-11-21,NA,NA,CNY
0.71,0.718,0.694,0.695,139606671,159766.SZ,2024-11-22,NA,NA,CNY
0.695,0.711,0.693,0.701,152673124,159766.SZ,2024-11-25,NA,NA,CNY
0.698,0.715,0.698,0.71,151320500,159766.SZ,2024-11-26,NA,NA,CNY
0.707,0.718,0.701,0.718,122237200,159766.SZ,2024-11-27,NA,NA,CNY
0.718,0.727,0.714,0.718,157064600,159766.SZ,2024-11-28,NA,NA,CNY
0.715,0.723,0.712,0.721,109072600,159766.SZ,2024-11-29,NA,NA,CNY
0.72,0.738,0.72,0.736,183506308,159766.SZ,2024-12-02,NA,NA,CNY
0.736,0.736,0.724,0.728,114712500,159766.SZ,2024-12-03,NA,NA,CNY
0.725,0.73,0.713,0.717,131486102,159766.SZ,2024-12-04,NA,NA,CNY
0.716,0.725,0.714,0.724,87676700,159766.SZ,2024-12-05,NA,NA,CNY
0.727,0.743,0.722,0.74,167228600,159766.SZ,2024-12-06,NA,NA,CNY
0.739,0.745,0.731,0.737,118171300,159766.SZ,2024-12-09,NA,NA,CNY
0.76,0.767,0.747,0.749,413509280,159766.SZ,2024-12-10,NA,NA,CNY
0.746,0.761,0.745,0.761,207876900,159766.SZ,2024-12-11,NA,NA,CNY
0.761,0.779,0.757,0.779,386013103,159766.SZ,2024-12-12,NA,NA,CNY
0.773,0.79,0.768,0.776,313865623,159766.SZ,2024-12-13,NA,NA,CNY
0.779,0.787,0.766,0.773,213546433,159766.SZ,2024-12-16,NA,NA,CNY
0.767,0.768,0.744,0.745,273246448,159766.SZ,2024-12-17,NA,NA,CNY
0.746,0.751,0.739,0.745,163541910,159766.SZ,2024-12-18,NA,NA,CNY
0.736,0.741,0.722,0.738,138953810,159766.SZ,2024-12-19,NA,NA,CNY
0.735,0.744,0.731,0.734,96347700,159766.SZ,2024-12-20,NA,NA,CNY
0.736,0.736,0.718,0.719,124798300,159766.SZ,2024-12-23,NA,NA,CNY
0.718,0.725,0.714,0.723,155236600,159766.SZ,2024-12-24,NA,NA,CNY
0.723,0.724,0.709,0.718,131077000,159766.SZ,2024-12-25,NA,NA,CNY
0.718,0.722,0.717,0.719,182190400,159766.SZ,2024-12-26,NA,NA,CNY
0.72,0.732,0.716,0.728,176560600,159766.SZ,2024-12-27,NA,NA,CNY
0.725,0.725,0.712,0.714,237043920,159766.SZ,2024-12-30,NA,NA,CNY
0.714,0.721,0.704,0.705,163758700,159766.SZ,2024-12-31,NA,NA,CNY
0.704,0.714,0.691,0.696,187030400,159766.SZ,2025-01-02,NA,NA,CNY
0.698,0.699,0.672,0.673,132445900,159766.SZ,2025-01-03,NA,NA,CNY
0.671,0.672,0.658,0.664,110676300,159766.SZ,2025-01-06,NA,NA,CNY
0.662,0.669,0.659,0.667,106190700,159766.SZ,2025-01-07,NA,NA,CNY
0.667,0.667,0.651,0.663,100054200,159766.SZ,2025-01-08,NA,NA,CNY
0.66,0.666,0.657,0.66,80585000,159766.SZ,2025-01-09,NA,NA,CNY
0.657,0.662,0.644,0.644,90788200,159766.SZ,2025-01-10,NA,NA,CNY
0.642,0.646,0.635,0.645,75218800,159766.SZ,2025-01-13,NA,NA,CNY
0.65,0.671,0.65,0.67,147543500,159766.SZ,2025-01-14,NA,NA,CNY
0.669,0.676,0.664,0.672,102331800,159766.SZ,2025-01-15,NA,NA,CNY
0.671,0.683,0.668,0.675,96332700,159766.SZ,2025-01-16,NA,NA,CNY
0.673,0.68,0.666,0.677,111538100,159766.SZ,2025-01-17,NA,NA,CNY
0.679,0.69,0.677,0.68,128342700,159766.SZ,2025-01-20,NA,NA,CNY
0.683,0.687,0.674,0.678,73554600,159766.SZ,2025-01-21,NA,NA,CNY
0.675,0.676,0.662,0.663,109611100,159766.SZ,2025-01-22,NA,NA,CNY
0.669,0.676,0.663,0.663,145689253,159766.SZ,2025-01-23,NA,NA,CNY
0.661,0.672,0.661,0.672,111120200,159766.SZ,2025-01-24,NA,NA,CNY
0.673,0.677,0.667,0.671,157545400,159766.SZ,2025-01-27,NA,NA,CNY
0.67,0.671,0.651,0.654,239086500,159766.SZ,2025-02-05,NA,NA,CNY
0.653,0.658,0.647,0.658,90653400,159766.SZ,2025-02-06,NA,NA,CNY
0.658,0.666,0.654,0.662,180673300,159766.SZ,2025-02-07,NA,NA,CNY
0.663,0.673,0.66,0.673,159389800,159766.SZ,2025-02-10,NA,NA,CNY
0.674,0.674,0.659,0.664,106238400,159766.SZ,2025-02-11,NA,NA,CNY
0.664,0.668,0.66,0.666,85814700,159766.SZ,2025-02-12,NA,NA,CNY
0.665,0.672,0.664,0.67,114529000,159766.SZ,2025-02-13,NA,NA,CNY
0.668,0.668,0.662,0.666,114643712,159766.SZ,2025-02-14,NA,NA,CNY
0.668,0.668,0.659,0.662,127874800,159766.SZ,2025-02-17,NA,NA,CNY
0.661,0.661,0.644,0.646,192326505,159766.SZ,2025-02-18,NA,NA,CNY
0.646,0.649,0.643,0.649,115626700,159766.SZ,2025-02-19,NA,NA,CNY
0.647,0.654,0.646,0.649,102370200,159766.SZ,2025-02-20,NA,NA,CNY
0.649,0.654,0.646,0.653,225081477,159766.SZ,2025-02-21,NA,NA,CNY
0.653,0.66,0.65,0.66,141669300,159766.SZ,2025-02-24,NA,NA,CNY
0.655,0.663,0.653,0.654,173120400,159766.SZ,2025-02-25,NA,NA,CNY
0.654,0.66,0.651,0.657,115903300,159766.SZ,2025-02-26,NA,NA,CNY
0.658,0.669,0.655,0.669,233861415,159766.SZ,2025-02-27,NA,NA,CNY
0.667,0.673,0.66,0.663,189866300,159766.SZ,2025-02-28,NA,NA,CNY
0.664,0.671,0.657,0.662,202292000,159766.SZ,2025-03-03,NA,NA,CNY
0.659,0.662,0.656,0.662,122012100,159766.SZ,2025-03-04,NA,NA,CNY
0.661,0.664,0.656,0.664,103443900,159766.SZ,2025-03-05,NA,NA,CNY
0.665,0.672,0.662,0.671,206732500,159766.SZ,2025-03-06,NA,NA,CNY
0.668,0.674,0.664,0.671,133362600,159766.SZ,2025-03-07,NA,NA,CNY
0.67,0.671,0.664,0.669,109500000,159766.SZ,2025-03-10,NA,NA,CNY
0.666,0.675,0.662,0.675,487634000,159766.SZ,2025-03-11,NA,NA,CNY
0.677,0.68,0.669,0.671,154073500,159766.SZ,2025-03-12,NA,NA,CNY
0.669,0.671,0.664,0.669,139706500,159766.SZ,2025-03-13,NA,NA,CNY
0.67,0.688,0.67,0.688,292284900,159766.SZ,2025-03-14,NA,NA,CNY
0.696,0.698,0.686,0.688,382552600,159766.SZ,2025-03-17,NA,NA,CNY
0.69,0.691,0.684,0.688,195091900,159766.SZ,2025-03-18,NA,NA,CNY
0.687,0.69,0.683,0.686,240507600,159766.SZ,2025-03-19,NA,NA,CNY
0.685,0.692,0.68,0.682,284887700,159766.SZ,2025-03-20,NA,NA,CNY
0.68,0.686,0.673,0.679,548533400,159766.SZ,2025-03-21,NA,NA,CNY
0.681,0.695,0.68,0.692,414287879,159766.SZ,2025-03-24,NA,NA,CNY
0.69,0.701,0.682,0.699,370795449,159766.SZ,2025-03-25,NA,NA,CNY
0.696,0.704,0.691,0.702,249688524,159766.SZ,2025-03-26,NA,NA,CNY
0.702,0.708,0.693,0.694,238912174,159766.SZ,2025-03-27,NA,NA,CNY
0.691,0.694,0.681,0.682,287656800,159766.SZ,2025-03-28,NA,NA,CNY
0.679,0.682,0.665,0.668,223213600,159766.SZ,2025-03-31,NA,NA,CNY
0.666,0.677,0.665,0.674,164839900,159766.SZ,2025-04-01,NA,NA,CNY
0.672,0.679,0.671,0.676,117151500,159766.SZ,2025-04-02,NA,NA,CNY
0.672,0.689,0.669,0.686,197133500,159766.SZ,2025-04-03,NA,NA,CNY
0.666,0.67,0.625,0.637,399551826,159766.SZ,2025-04-07,NA,NA,CNY
0.639,0.662,0.639,0.662,328503700,159766.SZ,2025-04-08,NA,NA,CNY
0.655,0.703,0.641,0.701,487524200,159766.SZ,2025-04-09,NA,NA,CNY
0.695,0.719,0.69,0.711,573192926,159766.SZ,2025-04-10,NA,NA,CNY
0.705,0.713,0.698,0.704,326418626,159766.SZ,2025-04-11,NA,NA,CNY
0.702,0.715,0.701,0.709,493811626,159766.SZ,2025-04-14,NA,NA,CNY
0.707,0.707,0.693,0.699,250037200,159766.SZ,2025-04-15,NA,NA,CNY
0.694,0.713,0.694,0.713,384286200,159766.SZ,2025-04-16,NA,NA,CNY
0.709,0.727,0.702,0.721,366195113,159766.SZ,2025-04-17,NA,NA,CNY
0.72,0.72,0.697,0.702,466811500,159766.SZ,2025-04-18,NA,NA,CNY
0.693,0.701,0.692,0.698,269999400,159766.SZ,2025-04-21,NA,NA,CNY
0.697,0.7,0.685,0.694,352281900,159766.SZ,2025-04-22,NA,NA,CNY
0.693,0.696,0.682,0.684,329000600,159766.SZ,2025-04-23,NA,NA,CNY
0.684,0.689,0.679,0.682,247159843,159766.SZ,2025-04-24,NA,NA,CNY
0.681,0.69,0.677,0.685,250169523,159766.SZ,2025-04-25,NA,NA,CNY
0.69,0.691,0.673,0.675,527817091,159766.SZ,2025-04-28,NA,NA,CNY
0.672,0.675,0.667,0.67,224509300,159766.SZ,2025-04-29,NA,NA,CNY
0.667,0.67,0.664,0.667,262129000,159766.SZ,2025-04-30,NA,NA,CNY
0.668,0.676,0.666,0.676,341410401,159766.SZ,2025-05-06,NA,NA,CNY
0.679,0.682,0.67,0.672,242399800,159766.SZ,2025-05-07,NA,NA,CNY
0.672,0.673,0.668,0.672,147915523,159766.SZ,2025-05-08,NA,NA,CNY
0.672,0.672,0.665,0.666,170950300,159766.SZ,2025-05-09,NA,NA,CNY
0.668,0.673,0.664,0.673,198365300,159766.SZ,2025-05-12,NA,NA,CNY
0.674,0.677,0.67,0.675,186850800,159766.SZ,2025-05-13,NA,NA,CNY
0.674,0.676,0.669,0.675,199930500,159766.SZ,2025-05-14,NA,NA,CNY
0.674,0.677,0.67,0.671,145521690,159766.SZ,2025-05-15,NA,NA,CNY
0.671,0.674,0.667,0.674,146475700,159766.SZ,2025-05-16,NA,NA,CNY
0.672,0.677,0.67,0.676,152587000,159766.SZ,2025-05-19,NA,NA,CNY
0.677,0.681,0.675,0.681,174061300,159766.SZ,2025-05-20,NA,NA,CNY
0.68,0.683,0.677,0.68,132954101,159766.SZ,2025-05-21,NA,NA,CNY
0.679,0.68,0.673,0.673,157797700,159766.SZ,2025-05-22,NA,NA,CNY
0.674,0.675,0.666,0.666,155560000,159766.SZ,2025-05-23,NA,NA,CNY
0.666,0.675,0.666,0.674,110062408,159766.SZ,2025-05-26,NA,NA,CNY
0.674,0.678,0.673,0.676,145781700,159766.SZ,2025-05-27,NA,NA,CNY
0.676,0.679,0.673,0.678,65005800,159766.SZ,2025-05-28,NA,NA,CNY
0.678,0.679,0.671,0.678,328957900,159766.SZ,2025-05-29,NA,NA,CNY
0.678,0.679,0.673,0.674,96289700,159766.SZ,2025-05-30,NA,NA,CNY
0.926,0.956,0.922,0.956,169279221,159992.SZ,2022-06-06,NA,NA,CNY
0.959,0.975,0.953,0.975,181161960,159992.SZ,2022-06-07,NA,NA,CNY
0.977,1.003,0.973,0.993,267283076,159992.SZ,2022-06-08,NA,NA,CNY
0.993,0.996,0.966,0.969,152857261,159992.SZ,2022-06-09,NA,NA,CNY
0.962,0.982,0.96,0.982,97242428,159992.SZ,2022-06-10,NA,NA,CNY
0.964,0.969,0.954,0.965,120483800,159992.SZ,2022-06-13,NA,NA,CNY
0.954,0.97,0.943,0.968,117331611,159992.SZ,2022-06-14,NA,NA,CNY
0.965,0.992,0.964,0.977,218186413,159992.SZ,2022-06-15,NA,NA,CNY
0.981,1.0,0.978,0.986,145150102,159992.SZ,2022-06-16,NA,NA,CNY
0.984,1.017,0.971,1.015,200245921,159992.SZ,2022-06-17,NA,NA,CNY
1.015,1.034,1.01,1.025,169744779,159992.SZ,2022-06-20,NA,NA,CNY
1.027,1.035,1.01,1.017,140797301,159992.SZ,2022-06-21,NA,NA,CNY
1.018,1.026,0.999,0.999,121925002,159992.SZ,2022-06-22,NA,NA,CNY
1.001,1.005,0.982,1.0,169718109,159992.SZ,2022-06-23,NA,NA,CNY
1.001,1.037,1.001,1.035,273308212,159992.SZ,2022-06-24,NA,NA,CNY
1.043,1.065,1.04,1.055,348019522,159992.SZ,2022-06-27,NA,NA,CNY
1.051,1.055,1.033,1.055,177793406,159992.SZ,2022-06-28,NA,NA,CNY
1.05,1.076,1.043,1.046,222050079,159992.SZ,2022-06-29,NA,NA,CNY
1.049,1.089,1.045,1.078,274340534,159992.SZ,2022-06-30,NA,NA,CNY
1.082,1.087,1.067,1.078,174952461,159992.SZ,2022-07-01,NA,NA,CNY
1.084,1.133,1.077,1.133,332477845,159992.SZ,2022-07-04,NA,NA,CNY
1.139,1.151,1.108,1.136,375237410,159992.SZ,2022-07-05,NA,NA,CNY
1.136,1.154,1.109,1.12,251607121,159992.SZ,2022-07-06,NA,NA,CNY
1.116,1.12,1.081,1.099,208553624,159992.SZ,2022-07-07,NA,NA,CNY
1.103,1.118,1.099,1.104,167044319,159992.SZ,2022-07-08,NA,NA,CNY
1.106,1.114,1.085,1.097,171307129,159992.SZ,2022-07-11,NA,NA,CNY
1.102,1.105,1.053,1.055,280001211,159992.SZ,2022-07-12,NA,NA,CNY
1.055,1.064,1.044,1.051,188516899,159992.SZ,2022-07-13,NA,NA,CNY
1.054,1.088,1.053,1.076,196243223,159992.SZ,2022-07-14,NA,NA,CNY
1.076,1.08,1.048,1.048,161535609,159992.SZ,2022-07-15,NA,NA,CNY
1.049,1.051,1.02,1.049,163818601,159992.SZ,2022-07-18,NA,NA,CNY
1.046,1.054,1.027,1.037,141454614,159992.SZ,2022-07-19,NA,NA,CNY
1.045,1.06,1.042,1.055,203031000,159992.SZ,2022-07-20,NA,NA,CNY
1.051,1.058,1.042,1.047,128071076,159992.SZ,2022-07-21,NA,NA,CNY
1.048,1.058,1.028,1.033,141948508,159992.SZ,2022-07-22,NA,NA,CNY
1.03,1.039,1.022,1.032,114893724,159992.SZ,2022-07-25,NA,NA,CNY
1.036,1.04,1.017,1.026,145780206,159992.SZ,2022-07-26,NA,NA,CNY
1.02,1.026,1.008,1.011,159755652,159992.SZ,2022-07-27,NA,NA,CNY
1.015,1.015,1.002,1.004,172937107,159992.SZ,2022-07-28,NA,NA,CNY
1.005,1.006,0.972,0.974,240580800,159992.SZ,2022-07-29,NA,NA,CNY
0.973,0.978,0.96,0.978,116645705,159992.SZ,2022-08-01,NA,NA,CNY
0.97,0.97,0.946,0.953,167837716,159992.SZ,2022-08-02,NA,NA,CNY
0.955,0.971,0.953,0.954,148198835,159992.SZ,2022-08-03,NA,NA,CNY
0.958,0.984,0.958,0.984,188261701,159992.SZ,2022-08-04,NA,NA,CNY
0.988,1.012,0.987,1.012,212757606,159992.SZ,2022-08-05,NA,NA,CNY
1.011,1.016,0.995,1.002,145373912,159992.SZ,2022-08-08,NA,NA,CNY
0.996,0.998,0.985,0.995,130893311,159992.SZ,2022-08-09,NA,NA,CNY
0.993,0.995,0.971,0.975,188326414,159992.SZ,2022-08-10,NA,NA,CNY
0.98,1.011,0.98,1.008,216737167,159992.SZ,2022-08-11,NA,NA,CNY
1.005,1.013,0.998,1.011,136154997,159992.SZ,2022-08-12,NA,NA,CNY
1.006,1.007,0.993,0.994,167127434,159992.SZ,2022-08-15,NA,NA,CNY
0.994,0.994,0.979,0.982,163615800,159992.SZ,2022-08-16,NA,NA,CNY
0.982,0.994,0.976,0.991,151644135,159992.SZ,2022-08-17,NA,NA,CNY
0.988,0.988,0.963,0.965,211626501,159992.SZ,2022-08-18,NA,NA,CNY
0.963,0.969,0.959,0.965,130638301,159992.SZ,2022-08-19,NA,NA,CNY
0.959,0.964,0.944,0.963,148192607,159992.SZ,2022-08-22,NA,NA,CNY
0.961,0.964,0.943,0.946,181275645,159992.SZ,2022-08-23,NA,NA,CNY
0.946,0.952,0.931,0.932,165160113,159992.SZ,2022-08-24,NA,NA,CNY
0.933,0.944,0.925,0.943,145792216,159992.SZ,2022-08-25,NA,NA,CNY
0.943,0.962,0.939,0.945,177747177,159992.SZ,2022-08-26,NA,NA,CNY
0.93,0.939,0.928,0.934,147809236,159992.SZ,2022-08-29,NA,NA,CNY
0.935,0.937,0.922,0.931,128672286,159992.SZ,2022-08-30,NA,NA,CNY
0.928,0.953,0.928,0.945,195550285,159992.SZ,2022-08-31,NA,NA,CNY
0.943,0.957,0.938,0.943,151079402,159992.SZ,2022-09-01,NA,NA,CNY
0.947,0.955,0.929,0.934,193528119,159992.SZ,2022-09-02,NA,NA,CNY
0.936,0.936,0.91,0.916,182531723,159992.SZ,2022-09-05,NA,NA,CNY
0.916,0.919,0.91,0.917,143490203,159992.SZ,2022-09-06,NA,NA,CNY
0.912,0.916,0.904,0.911,142796445,159992.SZ,2022-09-07,NA,NA,CNY
0.911,0.916,0.901,0.902,137010600,159992.SZ,2022-09-08,NA,NA,CNY
0.905,0.919,0.905,0.919,177703603,159992.SZ,2022-09-09,NA,NA,CNY
0.917,0.917,0.894,0.896,297192228,159992.SZ,2022-09-13,NA,NA,CNY
0.885,0.892,0.878,0.891,165152511,159992.SZ,2022-09-14,NA,NA,CNY
0.897,0.911,0.883,0.89,190742566,159992.SZ,2022-09-15,NA,NA,CNY
0.886,0.89,0.858,0.859,237607284,159992.SZ,2022-09-16,NA,NA,CNY
0.857,0.863,0.849,0.851,128514514,159992.SZ,2022-09-19,NA,NA,CNY
0.852,0.858,0.847,0.854,168979200,159992.SZ,2022-09-20,NA,NA,CNY
0.85,0.852,0.833,0.836,165932700,159992.SZ,2022-09-21,NA,NA,CNY
0.829,0.836,0.822,0.824,145508359,159992.SZ,2022-09-22,NA,NA,CNY
0.821,0.83,0.813,0.82,135894000,159992.SZ,2022-09-23,NA,NA,CNY
0.815,0.825,0.812,0.812,128796174,159992.SZ,2022-09-26,NA,NA,CNY
0.812,0.85,0.811,0.848,226463315,159992.SZ,2022-09-27,NA,NA,CNY
0.842,0.855,0.835,0.836,150000839,159992.SZ,2022-09-28,NA,NA,CNY
0.845,0.873,0.843,0.855,217260541,159992.SZ,2022-09-29,NA,NA,CNY
0.855,0.865,0.85,0.851,127060440,159992.SZ,2022-09-30,NA,NA,CNY
0.853,0.856,0.822,0.826,149685309,159992.SZ,2022-10-10,NA,NA,CNY
0.825,0.826,0.805,0.813,127026914,159992.SZ,2022-10-11,NA,NA,CNY
0.81,0.821,0.788,0.821,200773800,159992.SZ,2022-10-12,NA,NA,CNY
0.82,0.858,0.816,0.851,239353891,159992.SZ,2022-10-13,NA,NA,CNY
0.855,0.927,0.853,0.922,511112498,159992.SZ,2022-10-14,NA,NA,CNY
0.919,0.949,0.918,0.926,259580307,159992.SZ,2022-10-17,NA,NA,CNY
0.93,0.951,0.913,0.944,234035741,159992.SZ,2022-10-18,NA,NA,CNY
0.939,0.94,0.92,0.926,183792068,159992.SZ,2022-10-19,NA,NA,CNY
0.917,0.946,0.916,0.922,174252602,159992.SZ,2022-10-20,NA,NA,CNY
0.918,0.932,0.911,0.924,126794408,159992.SZ,2022-10-21,NA,NA,CNY
0.926,0.935,0.89,0.893,193962100,159992.SZ,2022-10-24,NA,NA,CNY
0.888,0.897,0.869,0.881,171818400,159992.SZ,2022-10-25,NA,NA,CNY
0.883,0.944,0.883,0.93,267600520,159992.SZ,2022-10-26,NA,NA,CNY
0.937,0.938,0.911,0.928,180521713,159992.SZ,2022-10-27,NA,NA,CNY
0.921,0.937,0.907,0.912,189329527,159992.SZ,2022-10-28,NA,NA,CNY
0.903,0.919,0.887,0.907,286869400,159992.SZ,2022-10-31,NA,NA,CNY
0.908,0.946,0.896,0.946,303955762,159992.SZ,2022-11-01,NA,NA,CNY
0.94,0.988,0.935,0.957,434688088,159992.SZ,2022-11-02,NA,NA,CNY
0.945,0.964,0.94,0.954,216252406,159992.SZ,2022-11-03,NA,NA,CNY
0.949,0.987,0.949,0.976,364718703,159992.SZ,2022-11-04,NA,NA,CNY
0.975,0.983,0.966,0.979,192169814,159992.SZ,2022-11-07,NA,NA,CNY
0.977,0.977,0.958,0.962,157642900,159992.SZ,2022-11-08,NA,NA,CNY
0.96,0.975,0.957,0.965,189710223,159992.SZ,2022-11-09,NA,NA,CNY
0.96,0.972,0.952,0.955,182946523,159992.SZ,2022-11-10,NA,NA,CNY
0.985,0.997,0.955,0.955,490402180,159992.SZ,2022-11-11,NA,NA,CNY
0.955,0.989,0.945,0.982,317923777,159992.SZ,2022-11-14,NA,NA,CNY
0.983,0.988,0.963,0.988,242186710,159992.SZ,2022-11-15,NA,NA,CNY
0.988,1.011,0.979,0.989,291408496,159992.SZ,2022-11-16,NA,NA,CNY
0.985,0.995,0.973,0.989,203718176,159992.SZ,2022-11-17,NA,NA,CNY
0.987,1.01,0.987,1.002,342541700,159992.SZ,2022-11-18,NA,NA,CNY
0.995,1.002,0.981,1.001,262778062,159992.SZ,2022-11-21,NA,NA,CNY
1.0,1.013,0.965,0.973,259726702,159992.SZ,2022-11-22,NA,NA,CNY
0.967,0.97,0.937,0.945,272346897,159992.SZ,2022-11-23,NA,NA,CNY
0.946,0.959,0.943,0.951,183823515,159992.SZ,2022-11-24,NA,NA,CNY
0.95,0.95,0.93,0.943,202880021,159992.SZ,2022-11-25,NA,NA,CNY
0.924,0.938,0.92,0.931,194782908,159992.SZ,2022-11-28,NA,NA,CNY
0.931,0.959,0.93,0.957,183938507,159992.SZ,2022-11-29,NA,NA,CNY
0.955,0.955,0.94,0.944,157404202,159992.SZ,2022-11-30,NA,NA,CNY
0.954,0.966,0.941,0.949,260162928,159992.SZ,2022-12-01,NA,NA,CNY
0.947,0.952,0.943,0.946,175656501,159992.SZ,2022-12-02,NA,NA,CNY
0.95,0.953,0.936,0.942,216947867,159992.SZ,2022-12-05,NA,NA,CNY
0.938,0.951,0.931,0.933,172484002,159992.SZ,2022-12-06,NA,NA,CNY
0.93,0.95,0.925,0.943,231971202,159992.SZ,2022-12-07,NA,NA,CNY
0.942,0.949,0.935,0.942,237390300,159992.SZ,2022-12-08,NA,NA,CNY
0.94,0.948,0.934,0.942,183044292,159992.SZ,2022-12-09,NA,NA,CNY
0.942,0.955,0.942,0.944,173758228,159992.SZ,2022-12-12,NA,NA,CNY
0.948,0.953,0.929,0.945,159486337,159992.SZ,2022-12-13,NA,NA,CNY
0.945,0.949,0.936,0.939,114617743,159992.SZ,2022-12-14,NA,NA,CNY
0.939,0.944,0.927,0.928,133959700,159992.SZ,2022-12-15,NA,NA,CNY
0.927,0.945,0.926,0.944,201540100,159992.SZ,2022-12-16,NA,NA,CNY
0.945,0.945,0.903,0.906,195168104,159992.SZ,2022-12-19,NA,NA,CNY
0.906,0.908,0.891,0.894,108652100,159992.SZ,2022-12-20,NA,NA,CNY
0.895,0.903,0.888,0.892,174953500,159992.SZ,2022-12-21,NA,NA,CNY
0.896,0.918,0.892,0.901,136434332,159992.SZ,2022-12-22,NA,NA,CNY
0.898,0.915,0.896,0.912,122336400,159992.SZ,2022-12-23,NA,NA,CNY
0.911,0.915,0.908,0.909,64349507,159992.SZ,2022-12-26,NA,NA,CNY
0.913,0.917,0.896,0.915,137487600,159992.SZ,2022-12-27,NA,NA,CNY
0.913,0.925,0.911,0.918,114784400,159992.SZ,2022-12-28,NA,NA,CNY
0.914,0.946,0.913,0.939,238891600,159992.SZ,2022-12-29,NA,NA,CNY
0.942,0.946,0.934,0.937,109311214,159992.SZ,2022-12-30,NA,NA,CNY
0.936,0.952,0.934,0.945,152114107,159992.SZ,2023-01-03,NA,NA,CNY
0.946,0.958,0.942,0.954,139817020,159992.SZ,2023-01-04,NA,NA,CNY
0.957,0.991,0.954,0.983,273287617,159992.SZ,2023-01-05,NA,NA,CNY
0.982,0.984,0.973,0.979,166654116,159992.SZ,2023-01-06,NA,NA,CNY
0.98,0.991,0.974,0.984,131140217,159992.SZ,2023-01-09,NA,NA,CNY
0.985,1.002,0.979,0.997,171380765,159992.SZ,2023-01-10,NA,NA,CNY
0.997,1.007,0.989,0.99,174292507,159992.SZ,2023-01-11,NA,NA,CNY
0.993,0.999,0.985,0.988,124383919,159992.SZ,2023-01-12,NA,NA,CNY
0.993,1.011,0.984,1.01,192369241,159992.SZ,2023-01-13,NA,NA,CNY
1.012,1.064,1.01,1.05,298906069,159992.SZ,2023-01-16,NA,NA,CNY
1.049,1.051,1.031,1.036,158212484,159992.SZ,2023-01-17,NA,NA,CNY
1.038,1.038,1.023,1.027,160906766,159992.SZ,2023-01-18,NA,NA,CNY
1.027,1.062,1.02,1.055,217690950,159992.SZ,2023-01-19,NA,NA,CNY
1.054,1.067,1.049,1.05,146056109,159992.SZ,2023-01-20,NA,NA,CNY
1.063,1.065,1.034,1.035,267645524,159992.SZ,2023-01-30,NA,NA,CNY
1.035,1.039,1.008,1.011,243641409,159992.SZ,2023-01-31,NA,NA,CNY
1.012,1.019,1.0,1.018,298630568,159992.SZ,2023-02-01,NA,NA,CNY
1.019,1.044,1.014,1.03,310872710,159992.SZ,2023-02-02,NA,NA,CNY
1.025,1.036,1.015,1.025,201880803,159992.SZ,2023-02-03,NA,NA,CNY
1.015,1.019,1.001,1.006,220398537,159992.SZ,2023-02-06,NA,NA,CNY
1.009,1.014,0.996,1.003,182673002,159992.SZ,2023-02-07,NA,NA,CNY
1.005,1.017,1.003,1.006,196916712,159992.SZ,2023-02-08,NA,NA,CNY
1.001,1.016,1.001,1.016,183745939,159992.SZ,2023-02-09,NA,NA,CNY
1.016,1.019,1.001,1.012,225496129,159992.SZ,2023-02-10,NA,NA,CNY
1.013,1.032,1.01,1.019,216033916,159992.SZ,2023-02-13,NA,NA,CNY
1.018,1.021,1.009,1.015,171837072,159992.SZ,2023-02-14,NA,NA,CNY
1.015,1.017,0.995,0.995,239927328,159992.SZ,2023-02-15,NA,NA,CNY
0.997,1.006,0.975,0.985,229918125,159992.SZ,2023-02-16,NA,NA,CNY
0.984,0.994,0.979,0.984,185215562,159992.SZ,2023-02-17,NA,NA,CNY
0.99,1.0,0.973,1.0,232687500,159992.SZ,2023-02-20,NA,NA,CNY
0.999,1.003,0.992,0.997,159583004,159992.SZ,2023-02-21,NA,NA,CNY
0.991,1.005,0.989,0.991,157188309,159992.SZ,2023-02-22,NA,NA,CNY
0.991,1.001,0.981,0.985,145426901,159992.SZ,2023-02-23,NA,NA,CNY
0.987,0.987,0.973,0.975,179373500,159992.SZ,2023-02-24,NA,NA,CNY
0.972,0.98,0.962,0.967,216869103,159992.SZ,2023-02-27,NA,NA,CNY
0.97,0.982,0.968,0.98,199992800,159992.SZ,2023-02-28,NA,NA,CNY
0.982,0.983,0.97,0.981,237161829,159992.SZ,2023-03-01,NA,NA,CNY
0.98,0.98,0.969,0.97,157248137,159992.SZ,2023-03-02,NA,NA,CNY
0.971,0.983,0.968,0.971,164900257,159992.SZ,2023-03-03,NA,NA,CNY
0.972,0.974,0.964,0.969,163784513,159992.SZ,2023-03-06,NA,NA,CNY
0.969,0.976,0.952,0.953,188262644,159992.SZ,2023-03-07,NA,NA,CNY
0.95,0.953,0.944,0.948,152497905,159992.SZ,2023-03-08,NA,NA,CNY
0.949,0.956,0.947,0.95,127338139,159992.SZ,2023-03-09,NA,NA,CNY
0.946,0.96,0.94,0.952,182372030,159992.SZ,2023-03-10,NA,NA,CNY
0.949,0.951,0.939,0.946,158192433,159992.SZ,2023-03-13,NA,NA,CNY
0.945,0.96,0.941,0.947,211499918,159992.SZ,2023-03-14,NA,NA,CNY
0.95,0.96,0.947,0.947,189406900,159992.SZ,2023-03-15,NA,NA,CNY
0.945,0.951,0.934,0.935,187545500,159992.SZ,2023-03-16,NA,NA,CNY
0.942,0.944,0.918,0.921,243584205,159992.SZ,2023-03-17,NA,NA,CNY
0.919,0.92,0.902,0.912,196918931,159992.SZ,2023-03-20,NA,NA,CNY
0.915,0.941,0.914,0.94,248329926,159992.SZ,2023-03-21,NA,NA,CNY
0.94,0.949,0.938,0.944,173044419,159992.SZ,2023-03-22,NA,NA,CNY
0.942,0.949,0.935,0.941,175398000,159992.SZ,2023-03-23,NA,NA,CNY
0.941,0.948,0.928,0.93,204291401,159992.SZ,2023-03-24,NA,NA,CNY
0.93,0.949,0.918,0.942,304109351,159992.SZ,2023-03-27,NA,NA,CNY
0.94,0.942,0.933,0.937,183816315,159992.SZ,2023-03-28,NA,NA,CNY
0.937,0.937,0.923,0.926,215536409,159992.SZ,2023-03-29,NA,NA,CNY
0.93,0.93,0.916,0.928,168987107,159992.SZ,2023-03-30,NA,NA,CNY
0.929,0.929,0.917,0.92,221604008,159992.SZ,2023-03-31,NA,NA,CNY
0.919,0.922,0.909,0.912,310102202,159992.SZ,2023-04-03,NA,NA,CNY
0.913,0.918,0.907,0.918,350150018,159992.SZ,2023-04-04,NA,NA,CNY
0.919,0.929,0.916,0.928,484587502,159992.SZ,2023-04-06,NA,NA,CNY
0.931,0.966,0.928,0.965,1387731461,159992.SZ,2023-04-07,NA,NA,CNY
0.974,0.981,0.966,0.972,1003825675,159992.SZ,2023-04-10,NA,NA,CNY
0.972,0.977,0.957,0.966,717403127,159992.SZ,2023-04-11,NA,NA,CNY
0.966,0.975,0.955,0.959,529529497,159992.SZ,2023-04-12,NA,NA,CNY
0.958,0.986,0.949,0.981,1107247060,159992.SZ,2023-04-13,NA,NA,CNY
0.989,1.003,0.976,0.98,1110811022,159992.SZ,2023-04-14,NA,NA,CNY
0.978,0.994,0.973,0.989,766714994,159992.SZ,2023-04-17,NA,NA,CNY
0.981,0.981,0.969,0.972,694183275,159992.SZ,2023-04-18,NA,NA,CNY
0.97,0.971,0.955,0.957,775214748,159992.SZ,2023-04-19,NA,NA,CNY
0.955,0.964,0.939,0.942,889067904,159992.SZ,2023-04-20,NA,NA,CNY
0.939,0.954,0.935,0.935,605547971,159992.SZ,2023-04-21,NA,NA,CNY
0.939,0.952,0.925,0.931,587180361,159992.SZ,2023-04-24,NA,NA,CNY
0.933,0.934,0.892,0.897,930947703,159992.SZ,2023-04-25,NA,NA,CNY
0.895,0.913,0.895,0.91,485225976,159992.SZ,2023-04-26,NA,NA,CNY
0.909,0.921,0.907,0.917,405861589,159992.SZ,2023-04-27,NA,NA,CNY
0.919,0.925,0.908,0.919,303824113,159992.SZ,2023-04-28,NA,NA,CNY
0.915,0.927,0.914,0.922,334030728,159992.SZ,2023-05-04,NA,NA,CNY
0.921,0.922,0.898,0.899,490206131,159992.SZ,2023-05-05,NA,NA,CNY
0.899,0.905,0.888,0.898,466486439,159992.SZ,2023-05-08,NA,NA,CNY
0.896,0.898,0.881,0.881,374054900,159992.SZ,2023-05-09,NA,NA,CNY
0.88,0.889,0.875,0.885,244128700,159992.SZ,2023-05-10,NA,NA,CNY
0.887,0.902,0.884,0.886,320811915,159992.SZ,2023-05-11,NA,NA,CNY
0.885,0.893,0.878,0.878,247405563,159992.SZ,2023-05-12,NA,NA,CNY
0.876,0.898,0.874,0.897,314058834,159992.SZ,2023-05-15,NA,NA,CNY
0.9,0.913,0.9,0.908,394856705,159992.SZ,2023-05-16,NA,NA,CNY
0.907,0.907,0.896,0.9,212710303,159992.SZ,2023-05-17,NA,NA,CNY
0.897,0.904,0.885,0.89,320147273,159992.SZ,2023-05-18,NA,NA,CNY
0.887,0.905,0.884,0.901,379712129,159992.SZ,2023-05-19,NA,NA,CNY
0.903,0.912,0.9,0.904,228672200,159992.SZ,2023-05-22,NA,NA,CNY
0.906,0.924,0.906,0.912,465610060,159992.SZ,2023-05-23,NA,NA,CNY
0.911,0.912,0.897,0.899,270029982,159992.SZ,2023-05-24,NA,NA,CNY
0.897,0.9,0.887,0.894,274806688,159992.SZ,2023-05-25,NA,NA,CNY
0.893,0.905,0.891,0.899,261636900,159992.SZ,2023-05-26,NA,NA,CNY
0.899,0.905,0.888,0.896,261011900,159992.SZ,2023-05-29,NA,NA,CNY
0.892,0.9,0.871,0.885,350447484,159992.SZ,2023-05-30,NA,NA,CNY
0.881,0.89,0.869,0.87,298886106,159992.SZ,2023-05-31,NA,NA,CNY
0.871,0.887,0.868,0.877,309731733,159992.SZ,2023-06-01,NA,NA,CNY
0.879,0.881,0.872,0.878,221269209,159992.SZ,2023-06-02,NA,NA,CNY
0.877,0.878,0.868,0.873,229296504,159992.SZ,2023-06-05,NA,NA,CNY
0.871,0.872,0.851,0.853,455542181,159992.SZ,2023-06-06,NA,NA,CNY
0.854,0.856,0.836,0.839,339544300,159992.SZ,2023-06-07,NA,NA,CNY
0.838,0.841,0.83,0.835,244159430,159992.SZ,2023-06-08,NA,NA,CNY
0.836,0.848,0.833,0.844,228427778,159992.SZ,2023-06-09,NA,NA,CNY
0.842,0.843,0.833,0.841,228317013,159992.SZ,2023-06-12,NA,NA,CNY
0.839,0.844,0.832,0.835,269719795,159992.SZ,2023-06-13,NA,NA,CNY
0.836,0.845,0.833,0.835,228743329,159992.SZ,2023-06-14,NA,NA,CNY
0.834,0.859,0.833,0.856,424575867,159992.SZ,2023-06-15,NA,NA,CNY
0.857,0.865,0.853,0.857,314764417,159992.SZ,2023-06-16,NA,NA,CNY
0.858,0.858,0.846,0.849,240066717,159992.SZ,2023-06-19,NA,NA,CNY
0.85,0.854,0.84,0.841,224972636,159992.SZ,2023-06-20,NA,NA,CNY
0.838,0.839,0.814,0.815,466101907,159992.SZ,2023-06-21,NA,NA,CNY
0.81,0.818,0.807,0.812,235623143,159992.SZ,2023-06-26,NA,NA,CNY
0.814,0.824,0.813,0.815,213579443,159992.SZ,2023-06-27,NA,NA,CNY
0.815,0.818,0.806,0.813,235698775,159992.SZ,2023-06-28,NA,NA,CNY
0.813,0.818,0.807,0.811,191929403,159992.SZ,2023-06-29,NA,NA,CNY
0.811,0.827,0.81,0.821,288099928,159992.SZ,2023-06-30,NA,NA,CNY
0.823,0.828,0.817,0.827,227611421,159992.SZ,2023-07-03,NA,NA,CNY
0.825,0.842,0.814,0.837,526254363,159992.SZ,2023-07-04,NA,NA,CNY
0.835,0.84,0.83,0.833,268751200,159992.SZ,2023-07-05,NA,NA,CNY
0.831,0.831,0.816,0.819,269027227,159992.SZ,2023-07-06,NA,NA,CNY
0.815,0.822,0.812,0.817,219258593,159992.SZ,2023-07-07,NA,NA,CNY
0.82,0.83,0.818,0.821,242631200,159992.SZ,2023-07-10,NA,NA,CNY
0.823,0.828,0.819,0.827,233330714,159992.SZ,2023-07-11,NA,NA,CNY
0.827,0.829,0.818,0.82,223705503,159992.SZ,2023-07-12,NA,NA,CNY
0.824,0.837,0.822,0.835,367370705,159992.SZ,2023-07-13,NA,NA,CNY
0.834,0.835,0.828,0.83,200906629,159992.SZ,2023-07-14,NA,NA,CNY
0.828,0.828,0.815,0.821,233478031,159992.SZ,2023-07-17,NA,NA,CNY
0.822,0.823,0.815,0.822,159589800,159992.SZ,2023-07-18,NA,NA,CNY
0.821,0.825,0.814,0.817,176985080,159992.SZ,2023-07-19,NA,NA,CNY
0.819,0.822,0.809,0.81,209275804,159992.SZ,2023-07-20,NA,NA,CNY
0.811,0.83,0.809,0.821,313848191,159992.SZ,2023-07-21,NA,NA,CNY
0.821,0.835,0.817,0.829,346450814,159992.SZ,2023-07-24,NA,NA,CNY
0.835,0.84,0.827,0.835,394186512,159992.SZ,2023-07-25,NA,NA,CNY
0.833,0.852,0.831,0.847,499860213,159992.SZ,2023-07-26,NA,NA,CNY
0.846,0.851,0.842,0.847,329473185,159992.SZ,2023-07-27,NA,NA,CNY
0.844,0.86,0.84,0.859,414007677,159992.SZ,2023-07-28,NA,NA,CNY
0.861,0.864,0.836,0.842,773415128,159992.SZ,2023-07-31,NA,NA,CNY
0.84,0.852,0.835,0.837,495672404,159992.SZ,2023-08-01,NA,NA,CNY
0.835,0.837,0.82,0.82,482640500,159992.SZ,2023-08-02,NA,NA,CNY
0.819,0.838,0.818,0.838,539698424,159992.SZ,2023-08-03,NA,NA,CNY
0.84,0.842,0.827,0.829,435933600,159992.SZ,2023-08-04,NA,NA,CNY
0.826,0.826,0.794,0.795,978311450,159992.SZ,2023-08-07,NA,NA,CNY
0.791,0.805,0.789,0.8,442939242,159992.SZ,2023-08-08,NA,NA,CNY
0.797,0.827,0.795,0.818,727707212,159992.SZ,2023-08-09,NA,NA,CNY
0.818,0.823,0.811,0.821,309385519,159992.SZ,2023-08-10,NA,NA,CNY
0.82,0.826,0.81,0.811,269469745,159992.SZ,2023-08-11,NA,NA,CNY
0.805,0.816,0.8,0.816,345573505,159992.SZ,2023-08-14,NA,NA,CNY
0.815,0.816,0.802,0.813,352729114,159992.SZ,2023-08-15,NA,NA,CNY
0.807,0.821,0.807,0.81,260080239,159992.SZ,2023-08-16,NA,NA,CNY
0.805,0.813,0.8,0.812,290794614,159992.SZ,2023-08-17,NA,NA,CNY
0.81,0.812,0.793,0.794,340376500,159992.SZ,2023-08-18,NA,NA,CNY
0.792,0.799,0.784,0.789,244606980,159992.SZ,2023-08-21,NA,NA,CNY
0.79,0.793,0.768,0.78,489222236,159992.SZ,2023-08-22,NA,NA,CNY
0.777,0.78,0.765,0.765,239703121,159992.SZ,2023-08-23,NA,NA,CNY
0.768,0.792,0.764,0.786,481528110,159992.SZ,2023-08-24,NA,NA,CNY
0.782,0.79,0.775,0.779,249856064,159992.SZ,2023-08-25,NA,NA,CNY
0.822,0.824,0.784,0.786,484054507,159992.SZ,2023-08-28,NA,NA,CNY
0.784,0.81,0.784,0.807,408676187,159992.SZ,2023-08-29,NA,NA,CNY
0.806,0.81,0.801,0.808,277493775,159992.SZ,2023-08-30,NA,NA,CNY
0.805,0.806,0.799,0.804,246603221,159992.SZ,2023-08-31,NA,NA,CNY
0.804,0.806,0.793,0.797,299942760,159992.SZ,2023-09-01,NA,NA,CNY
0.8,0.804,0.794,0.801,307963281,159992.SZ,2023-09-04,NA,NA,CNY
0.799,0.801,0.796,0.797,162249881,159992.SZ,2023-09-05,NA,NA,CNY
0.795,0.796,0.78,0.783,282432906,159992.SZ,2023-09-06,NA,NA,CNY
0.782,0.785,0.77,0.772,290967100,159992.SZ,2023-09-07,NA,NA,CNY
0.77,0.778,0.769,0.774,208674800,159992.SZ,2023-09-08,NA,NA,CNY
0.777,0.799,0.775,0.797,483730325,159992.SZ,2023-09-11,NA,NA,CNY
0.794,0.802,0.791,0.797,221933273,159992.SZ,2023-09-12,NA,NA,CNY
0.797,0.8,0.784,0.791,287552114,159992.SZ,2023-09-13,NA,NA,CNY
0.791,0.794,0.783,0.793,269023951,159992.SZ,2023-09-14,NA,NA,CNY
0.795,0.817,0.791,0.812,707018081,159992.SZ,2023-09-15,NA,NA,CNY
0.809,0.825,0.807,0.821,540203406,159992.SZ,2023-09-18,NA,NA,CNY
0.821,0.827,0.817,0.821,349614300,159992.SZ,2023-09-19,NA,NA,CNY
0.819,0.822,0.814,0.816,233806175,159992.SZ,2023-09-20,NA,NA,CNY
0.812,0.814,0.804,0.806,307370941,159992.SZ,2023-09-21,NA,NA,CNY
0.804,0.818,0.796,0.818,380557840,159992.SZ,2023-09-22,NA,NA,CNY
0.814,0.833,0.813,0.828,507569299,159992.SZ,2023-09-25,NA,NA,CNY
0.828,0.831,0.823,0.826,257869533,159992.SZ,2023-09-26,NA,NA,CNY
0.824,0.853,0.824,0.848,575620278,159992.SZ,2023-09-27,NA,NA,CNY
0.849,0.853,0.843,0.845,380707920,159992.SZ,2023-09-28,NA,NA,CNY
0.846,0.859,0.836,0.856,497810151,159992.SZ,2023-10-09,NA,NA,CNY
0.855,0.856,0.838,0.838,320912188,159992.SZ,2023-10-10,NA,NA,CNY
0.841,0.874,0.841,0.861,677116553,159992.SZ,2023-10-11,NA,NA,CNY
0.871,0.877,0.86,0.87,373258268,159992.SZ,2023-10-12,NA,NA,CNY
0.862,0.877,0.862,0.874,448706569,159992.SZ,2023-10-13,NA,NA,CNY
0.876,0.884,0.859,0.864,456104727,159992.SZ,2023-10-16,NA,NA,CNY
0.863,0.864,0.85,0.86,293211310,159992.SZ,2023-10-17,NA,NA,CNY
0.857,0.858,0.843,0.844,311912676,159992.SZ,2023-10-18,NA,NA,CNY
0.842,0.843,0.831,0.832,275130057,159992.SZ,2023-10-19,NA,NA,CNY
0.828,0.83,0.813,0.815,509549739,159992.SZ,2023-10-20,NA,NA,CNY
0.813,0.822,0.803,0.814,409452246,159992.SZ,2023-10-23,NA,NA,CNY
0.817,0.824,0.806,0.823,468752104,159992.SZ,2023-10-24,NA,NA,CNY
0.827,0.832,0.81,0.813,606846009,159992.SZ,2023-10-25,NA,NA,CNY
0.806,0.815,0.803,0.814,388466502,159992.SZ,2023-10-26,NA,NA,CNY
0.81,0.86,0.807,0.854,778590380,159992.SZ,2023-10-27,NA,NA,CNY
0.855,0.883,0.853,0.88,923006622,159992.SZ,2023-10-30,NA,NA,CNY
0.874,0.883,0.866,0.877,481548254,159992.SZ,2023-10-31,NA,NA,CNY
0.88,0.88,0.86,0.871,502744608,159992.SZ,2023-11-01,NA,NA,CNY
0.873,0.881,0.867,0.87,348847256,159992.SZ,2023-11-02,NA,NA,CNY
0.872,0.878,0.865,0.871,464867215,159992.SZ,2023-11-03,NA,NA,CNY
0.882,0.903,0.882,0.898,729545518,159992.SZ,2023-11-06,NA,NA,CNY
0.894,0.904,0.892,0.893,385698322,159992.SZ,2023-11-07,NA,NA,CNY
0.891,0.91,0.889,0.9,602597790,159992.SZ,2023-11-08,NA,NA,CNY
0.899,0.91,0.886,0.89,440023415,159992.SZ,2023-11-09,NA,NA,CNY
0.882,0.896,0.879,0.89,381286848,159992.SZ,2023-11-10,NA,NA,CNY
0.893,0.894,0.874,0.879,485191288,159992.SZ,2023-11-13,NA,NA,CNY
0.881,0.886,0.872,0.879,325367341,159992.SZ,2023-11-14,NA,NA,CNY
0.892,0.897,0.877,0.883,506866665,159992.SZ,2023-11-15,NA,NA,CNY
0.88,0.887,0.868,0.868,364122580,159992.SZ,2023-11-16,NA,NA,CNY
0.864,0.877,0.864,0.877,430877776,159992.SZ,2023-11-17,NA,NA,CNY
0.878,0.887,0.872,0.883,425811717,159992.SZ,2023-11-20,NA,NA,CNY
0.884,0.891,0.881,0.884,349136566,159992.SZ,2023-11-21,NA,NA,CNY
0.88,0.881,0.869,0.87,391914201,159992.SZ,2023-11-22,NA,NA,CNY
0.868,0.877,0.868,0.877,253537804,159992.SZ,2023-11-23,NA,NA,CNY
0.876,0.883,0.872,0.877,272854411,159992.SZ,2023-11-24,NA,NA,CNY
0.875,0.875,0.861,0.87,263958886,159992.SZ,2023-11-27,NA,NA,CNY
0.869,0.888,0.864,0.888,408639605,159992.SZ,2023-11-28,NA,NA,CNY
0.884,0.889,0.875,0.878,299023804,159992.SZ,2023-11-29,NA,NA,CNY
0.875,0.886,0.874,0.883,267294603,159992.SZ,2023-11-30,NA,NA,CNY
0.882,0.887,0.87,0.88,301667506,159992.SZ,2023-12-01,NA,NA,CNY
0.879,0.879,0.85,0.85,570532768,159992.SZ,2023-12-04,NA,NA,CNY
0.847,0.855,0.841,0.843,432509043,159992.SZ,2023-12-05,NA,NA,CNY
0.841,0.857,0.838,0.847,304805617,159992.SZ,2023-12-06,NA,NA,CNY
0.846,0.847,0.834,0.836,266628500,159992.SZ,2023-12-07,NA,NA,CNY
0.835,0.843,0.831,0.838,220078571,159992.SZ,2023-12-08,NA,NA,CNY
0.837,0.85,0.829,0.849,270364451,159992.SZ,2023-12-11,NA,NA,CNY
0.849,0.849,0.837,0.842,242117302,159992.SZ,2023-12-12,NA,NA,CNY
0.84,0.847,0.836,0.836,224626905,159992.SZ,2023-12-13,NA,NA,CNY
0.842,0.852,0.839,0.841,288424695,159992.SZ,2023-12-14,NA,NA,CNY
0.843,0.847,0.822,0.823,316897713,159992.SZ,2023-12-15,NA,NA,CNY
0.82,0.833,0.816,0.825,290044474,159992.SZ,2023-12-18,NA,NA,CNY
0.824,0.824,0.809,0.816,239985767,159992.SZ,2023-12-19,NA,NA,CNY
0.818,0.825,0.808,0.808,203565000,159992.SZ,2023-12-20,NA,NA,CNY
0.804,0.815,0.803,0.813,278406673,159992.SZ,2023-12-21,NA,NA,CNY
0.812,0.812,0.799,0.803,285959904,159992.SZ,2023-12-22,NA,NA,CNY
0.803,0.811,0.801,0.808,226724967,159992.SZ,2023-12-25,NA,NA,CNY
0.81,0.81,0.795,0.802,288209800,159992.SZ,2023-12-26,NA,NA,CNY
0.803,0.805,0.797,0.805,233256419,159992.SZ,2023-12-27,NA,NA,CNY
0.805,0.817,0.801,0.816,587839752,159992.SZ,2023-12-28,NA,NA,CNY
0.813,0.827,0.813,0.825,331281304,159992.SZ,2023-12-29,NA,NA,CNY
0.824,0.825,0.809,0.815,312451851,159992.SZ,2024-01-02,NA,NA,CNY
0.813,0.822,0.809,0.812,234397805,159992.SZ,2024-01-03,NA,NA,CNY
0.812,0.812,0.797,0.802,270606793,159992.SZ,2024-01-04,NA,NA,CNY
0.802,0.802,0.781,0.782,403546109,159992.SZ,2024-01-05,NA,NA,CNY
0.782,0.785,0.772,0.772,248152593,159992.SZ,2024-01-08,NA,NA,CNY
0.773,0.78,0.769,0.772,241377538,159992.SZ,2024-01-09,NA,NA,CNY
0.772,0.778,0.765,0.768,241311501,159992.SZ,2024-01-10,NA,NA,CNY
0.775,0.781,0.767,0.777,281362955,159992.SZ,2024-01-11,NA,NA,CNY
0.772,0.782,0.766,0.766,244074101,159992.SZ,2024-01-12,NA,NA,CNY
0.763,0.777,0.761,0.766,200558769,159992.SZ,2024-01-15,NA,NA,CNY
0.766,0.767,0.755,0.766,221697883,159992.SZ,2024-01-16,NA,NA,CNY
0.762,0.766,0.739,0.74,352031874,159992.SZ,2024-01-17,NA,NA,CNY
0.735,0.749,0.723,0.746,514507072,159992.SZ,2024-01-18,NA,NA,CNY
0.74,0.749,0.738,0.741,373305117,159992.SZ,2024-01-19,NA,NA,CNY
0.743,0.743,0.705,0.709,332563901,159992.SZ,2024-01-22,NA,NA,CNY
0.709,0.722,0.707,0.717,335009974,159992.SZ,2024-01-23,NA,NA,CNY
0.72,0.724,0.697,0.718,297622834,159992.SZ,2024-01-24,NA,NA,CNY
0.717,0.733,0.711,0.731,379051214,159992.SZ,2024-01-25,NA,NA,CNY
0.728,0.731,0.686,0.694,757033724,159992.SZ,2024-01-26,NA,NA,CNY
0.696,0.706,0.68,0.68,470308702,159992.SZ,2024-01-29,NA,NA,CNY
0.675,0.681,0.664,0.665,315417842,159992.SZ,2024-01-30,NA,NA,CNY
0.661,0.663,0.639,0.64,323251351,159992.SZ,2024-01-31,NA,NA,CNY
0.637,0.659,0.635,0.644,330643850,159992.SZ,2024-02-01,NA,NA,CNY
0.646,0.652,0.599,0.613,410020866,159992.SZ,2024-02-02,NA,NA,CNY
0.606,0.627,0.583,0.61,438747545,159992.SZ,2024-02-05,NA,NA,CNY
0.604,0.671,0.601,0.671,519433024,159992.SZ,2024-02-06,NA,NA,CNY
0.673,0.703,0.672,0.695,633467774,159992.SZ,2024-02-07,NA,NA,CNY
0.701,0.712,0.69,0.698,500925000,159992.SZ,2024-02-08,NA,NA,CNY
0.7,0.702,0.683,0.695,344360000,159992.SZ,2024-02-19,NA,NA,CNY
0.693,0.707,0.687,0.7,311612621,159992.SZ,2024-02-20,NA,NA,CNY
0.694,0.716,0.69,0.702,368017040,159992.SZ,2024-02-21,NA,NA,CNY
0.702,0.707,0.698,0.707,240465428,159992.SZ,2024-02-22,NA,NA,CNY
0.708,0.71,0.699,0.707,230939038,159992.SZ,2024-02-23,NA,NA,CNY
0.708,0.722,0.701,0.713,326546028,159992.SZ,2024-02-26,NA,NA,CNY
0.711,0.728,0.709,0.728,298378329,159992.SZ,2024-02-27,NA,NA,CNY
0.732,0.749,0.71,0.711,609855054,159992.SZ,2024-02-28,NA,NA,CNY
0.708,0.73,0.706,0.73,316187947,159992.SZ,2024-02-29,NA,NA,CNY
0.729,0.73,0.718,0.729,292788144,159992.SZ,2024-03-01,NA,NA,CNY
0.728,0.757,0.726,0.749,382512287,159992.SZ,2024-03-04,NA,NA,CNY
0.743,0.744,0.732,0.736,296890283,159992.SZ,2024-03-05,NA,NA,CNY
0.734,0.739,0.722,0.73,220427700,159992.SZ,2024-03-06,NA,NA,CNY
0.717,0.723,0.695,0.695,484291594,159992.SZ,2024-03-07,NA,NA,CNY
0.696,0.706,0.693,0.7,277216504,159992.SZ,2024-03-08,NA,NA,CNY
0.703,0.72,0.697,0.72,365330014,159992.SZ,2024-03-11,NA,NA,CNY
0.723,0.739,0.722,0.737,495416561,159992.SZ,2024-03-12,NA,NA,CNY
0.734,0.737,0.727,0.735,285917064,159992.SZ,2024-03-13,NA,NA,CNY
0.775,0.78,0.738,0.744,1363760400,159992.SZ,2024-03-14,NA,NA,CNY
0.736,0.755,0.731,0.742,453597812,159992.SZ,2024-03-15,NA,NA,CNY
0.742,0.755,0.731,0.755,447459209,159992.SZ,2024-03-18,NA,NA,CNY
0.749,0.749,0.738,0.738,363454900,159992.SZ,2024-03-19,NA,NA,CNY
0.737,0.742,0.731,0.736,314030997,159992.SZ,2024-03-20,NA,NA,CNY
0.736,0.748,0.729,0.73,249863003,159992.SZ,2024-03-21,NA,NA,CNY
0.728,0.73,0.709,0.711,502258516,159992.SZ,2024-03-22,NA,NA,CNY
0.715,0.722,0.706,0.708,254273068,159992.SZ,2024-03-25,NA,NA,CNY
0.706,0.708,0.698,0.704,274955907,159992.SZ,2024-03-26,NA,NA,CNY
0.702,0.706,0.693,0.693,246155100,159992.SZ,2024-03-27,NA,NA,CNY
0.692,0.708,0.689,0.7,283283119,159992.SZ,2024-03-28,NA,NA,CNY
0.698,0.701,0.689,0.699,196657379,159992.SZ,2024-03-29,NA,NA,CNY
0.699,0.711,0.698,0.711,262047561,159992.SZ,2024-04-01,NA,NA,CNY
0.71,0.71,0.696,0.699,280222113,159992.SZ,2024-04-02,NA,NA,CNY
0.696,0.702,0.693,0.695,224833497,159992.SZ,2024-04-03,NA,NA,CNY
0.688,0.693,0.681,0.682,279170200,159992.SZ,2024-04-08,NA,NA,CNY
0.684,0.698,0.675,0.697,347095107,159992.SZ,2024-04-09,NA,NA,CNY
0.696,0.696,0.682,0.684,254938500,159992.SZ,2024-04-10,NA,NA,CNY
0.682,0.689,0.678,0.681,222979507,159992.SZ,2024-04-11,NA,NA,CNY
0.681,0.686,0.671,0.672,209227213,159992.SZ,2024-04-12,NA,NA,CNY
0.672,0.681,0.665,0.673,271023101,159992.SZ,2024-04-15,NA,NA,CNY
0.669,0.677,0.658,0.658,226195200,159992.SZ,2024-04-16,NA,NA,CNY
0.662,0.671,0.658,0.671,315516004,159992.SZ,2024-04-17,NA,NA,CNY
0.67,0.676,0.662,0.666,240453044,159992.SZ,2024-04-18,NA,NA,CNY
0.662,0.662,0.65,0.655,240056002,159992.SZ,2024-04-19,NA,NA,CNY
0.653,0.667,0.652,0.661,225044601,159992.SZ,2024-04-22,NA,NA,CNY
0.659,0.668,0.646,0.666,330182301,159992.SZ,2024-04-23,NA,NA,CNY
0.663,0.666,0.657,0.663,225419700,159992.SZ,2024-04-24,NA,NA,CNY
0.662,0.679,0.66,0.671,280793877,159992.SZ,2024-04-25,NA,NA,CNY
0.668,0.691,0.667,0.691,323611200,159992.SZ,2024-04-26,NA,NA,CNY
0.691,0.707,0.688,0.704,417865907,159992.SZ,2024-04-29,NA,NA,CNY
0.704,0.707,0.696,0.703,321973500,159992.SZ,2024-04-30,NA,NA,CNY
0.712,0.727,0.71,0.723,424944421,159992.SZ,2024-05-06,NA,NA,CNY
0.722,0.725,0.716,0.721,234626841,159992.SZ,2024-05-07,NA,NA,CNY
0.72,0.726,0.712,0.713,232411800,159992.SZ,2024-05-08,NA,NA,CNY
0.714,0.729,0.712,0.724,293190602,159992.SZ,2024-05-09,NA,NA,CNY
0.725,0.726,0.713,0.715,300458500,159992.SZ,2024-05-10,NA,NA,CNY
0.724,0.725,0.705,0.707,406246797,159992.SZ,2024-05-13,NA,NA,CNY
0.704,0.717,0.704,0.712,257807001,159992.SZ,2024-05-14,NA,NA,CNY
0.713,0.714,0.698,0.699,213087300,159992.SZ,2024-05-15,NA,NA,CNY
0.701,0.703,0.694,0.697,238397900,159992.SZ,2024-05-16,NA,NA,CNY
0.697,0.703,0.691,0.699,217571862,159992.SZ,2024-05-17,NA,NA,CNY
0.699,0.703,0.695,0.7,269799175,159992.SZ,2024-05-20,NA,NA,CNY
0.697,0.697,0.686,0.689,219685300,159992.SZ,2024-05-21,NA,NA,CNY
0.69,0.693,0.683,0.688,210288313,159992.SZ,2024-05-22,NA,NA,CNY
0.686,0.687,0.672,0.675,231149500,159992.SZ,2024-05-23,NA,NA,CNY
0.674,0.679,0.667,0.667,204603200,159992.SZ,2024-05-24,NA,NA,CNY
0.668,0.671,0.657,0.67,279547100,159992.SZ,2024-05-27,NA,NA,CNY
0.669,0.673,0.663,0.666,261491006,159992.SZ,2024-05-28,NA,NA,CNY
0.665,0.671,0.662,0.664,177948400,159992.SZ,2024-05-29,NA,NA,CNY
0.664,0.669,0.658,0.665,193950262,159992.SZ,2024-05-30,NA,NA,CNY
0.671,0.675,0.665,0.666,219418400,159992.SZ,2024-05-31,NA,NA,CNY
0.663,0.665,0.653,0.658,239849153,159992.SZ,2024-06-03,NA,NA,CNY
0.657,0.674,0.656,0.673,389276505,159992.SZ,2024-06-04,NA,NA,CNY
0.671,0.679,0.668,0.671,254259000,159992.SZ,2024-06-05,NA,NA,CNY
0.672,0.674,0.659,0.662,283173500,159992.SZ,2024-06-06,NA,NA,CNY
0.664,0.667,0.655,0.658,210679904,159992.SZ,2024-06-07,NA,NA,CNY
0.655,0.666,0.65,0.665,247235200,159992.SZ,2024-06-11,NA,NA,CNY
0.664,0.677,0.66,0.668,352103082,159992.SZ,2024-06-12,NA,NA,CNY
0.669,0.673,0.664,0.667,289159619,159992.SZ,2024-06-13,NA,NA,CNY
0.665,0.665,0.652,0.66,288940013,159992.SZ,2024-06-14,NA,NA,CNY
0.656,0.662,0.655,0.66,145728600,159992.SZ,2024-06-17,NA,NA,CNY
0.661,0.662,0.65,0.653,218971900,159992.SZ,2024-06-18,NA,NA,CNY
0.652,0.654,0.643,0.643,264077000,159992.SZ,2024-06-19,NA,NA,CNY
0.644,0.65,0.632,0.633,258040902,159992.SZ,2024-06-20,NA,NA,CNY
0.631,0.64,0.629,0.636,266111905,159992.SZ,2024-06-21,NA,NA,CNY
0.633,0.635,0.624,0.625,263934564,159992.SZ,2024-06-24,NA,NA,CNY
0.626,0.628,0.617,0.62,216624114,159992.SZ,2024-06-25,NA,NA,CNY
0.621,0.635,0.618,0.634,256045894,159992.SZ,2024-06-26,NA,NA,CNY
0.63,0.631,0.618,0.619,217504310,159992.SZ,2024-06-27,NA,NA,CNY
0.62,0.625,0.611,0.614,227512900,159992.SZ,2024-06-28,NA,NA,CNY
0.613,0.617,0.604,0.615,282078001,159992.SZ,2024-07-01,NA,NA,CNY
0.614,0.616,0.606,0.609,250292200,159992.SZ,2024-07-02,NA,NA,CNY
0.608,0.614,0.604,0.606,234154801,159992.SZ,2024-07-03,NA,NA,CNY
0.606,0.607,0.591,0.593,268705002,159992.SZ,2024-07-04,NA,NA,CNY
0.592,0.618,0.59,0.616,593814718,159992.SZ,2024-07-05,NA,NA,CNY
0.612,0.615,0.597,0.599,440328812,159992.SZ,2024-07-08,NA,NA,CNY
0.598,0.602,0.588,0.599,438031614,159992.SZ,2024-07-09,NA,NA,CNY
0.597,0.608,0.595,0.6,303898614,159992.SZ,2024-07-10,NA,NA,CNY
0.607,0.621,0.603,0.617,467391202,159992.SZ,2024-07-11,NA,NA,CNY
0.618,0.626,0.618,0.622,394264700,159992.SZ,2024-07-12,NA,NA,CNY
0.619,0.623,0.611,0.614,278202217,159992.SZ,2024-07-15,NA,NA,CNY
0.613,0.618,0.612,0.617,227390700,159992.SZ,2024-07-16,NA,NA,CNY
0.617,0.632,0.616,0.628,443128541,159992.SZ,2024-07-17,NA,NA,CNY
0.626,0.634,0.622,0.633,309616101,159992.SZ,2024-07-18,NA,NA,CNY
0.63,0.639,0.627,0.634,278375906,159992.SZ,2024-07-19,NA,NA,CNY
0.636,0.645,0.63,0.641,322971300,159992.SZ,2024-07-22,NA,NA,CNY
0.639,0.639,0.617,0.617,353666703,159992.SZ,2024-07-23,NA,NA,CNY
0.616,0.624,0.609,0.61,317309903,159992.SZ,2024-07-24,NA,NA,CNY
0.609,0.62,0.606,0.614,270351300,159992.SZ,2024-07-25,NA,NA,CNY
0.613,0.618,0.609,0.613,241331600,159992.SZ,2024-07-26,NA,NA,CNY
0.614,0.614,0.605,0.606,211673400,159992.SZ,2024-07-29,NA,NA,CNY
0.607,0.614,0.605,0.607,231799106,159992.SZ,2024-07-30,NA,NA,CNY
0.606,0.64,0.604,0.64,556130701,159992.SZ,2024-07-31,NA,NA,CNY
0.64,0.644,0.63,0.634,374835301,159992.SZ,2024-08-01,NA,NA,CNY
0.631,0.651,0.63,0.638,530802400,159992.SZ,2024-08-02,NA,NA,CNY
0.636,0.655,0.635,0.636,556190900,159992.SZ,2024-08-05,NA,NA,CNY
0.641,0.649,0.637,0.648,608824510,159992.SZ,2024-08-06,NA,NA,CNY
0.647,0.647,0.637,0.64,337040167,159992.SZ,2024-08-07,NA,NA,CNY
0.64,0.649,0.639,0.641,344860202,159992.SZ,2024-08-08,NA,NA,CNY
0.644,0.648,0.631,0.631,318011801,159992.SZ,2024-08-09,NA,NA,CNY
0.631,0.645,0.63,0.638,346005807,159992.SZ,2024-08-12,NA,NA,CNY
0.639,0.639,0.627,0.635,297140073,159992.SZ,2024-08-13,NA,NA,CNY
0.635,0.635,0.621,0.623,273432600,159992.SZ,2024-08-14,NA,NA,CNY
0.622,0.634,0.62,0.627,279456284,159992.SZ,2024-08-15,NA,NA,CNY
0.626,0.634,0.621,0.632,286080600,159992.SZ,2024-08-16,NA,NA,CNY
0.632,0.637,0.625,0.626,226773800,159992.SZ,2024-08-19,NA,NA,CNY
0.627,0.627,0.613,0.615,269791006,159992.SZ,2024-08-20,NA,NA,CNY
0.614,0.618,0.609,0.611,178318500,159992.SZ,2024-08-21,NA,NA,CNY
0.611,0.615,0.604,0.606,212740305,159992.SZ,2024-08-22,NA,NA,CNY
0.606,0.607,0.599,0.602,180959700,159992.SZ,2024-08-23,NA,NA,CNY
0.603,0.606,0.598,0.606,218698301,159992.SZ,2024-08-26,NA,NA,CNY
0.604,0.612,0.602,0.607,248986171,159992.SZ,2024-08-27,NA,NA,CNY
0.605,0.612,0.602,0.607,220036000,159992.SZ,2024-08-28,NA,NA,CNY
0.606,0.619,0.604,0.616,307740100,159992.SZ,2024-08-29,NA,NA,CNY
0.614,0.626,0.611,0.619,512980602,159992.SZ,2024-08-30,NA,NA,CNY
0.616,0.617,0.604,0.605,314904200,159992.SZ,2024-09-02,NA,NA,CNY
0.604,0.618,0.603,0.611,267254000,159992.SZ,2024-09-03,NA,NA,CNY
0.609,0.621,0.607,0.613,232502228,159992.SZ,2024-09-04,NA,NA,CNY
0.613,0.622,0.612,0.618,229103600,159992.SZ,2024-09-05,NA,NA,CNY
0.618,0.619,0.606,0.607,185068700,159992.SZ,2024-09-06,NA,NA,CNY
0.606,0.616,0.604,0.607,240217301,159992.SZ,2024-09-09,NA,NA,CNY
0.607,0.608,0.593,0.601,273425453,159992.SZ,2024-09-10,NA,NA,CNY
0.599,0.612,0.598,0.611,265463417,159992.SZ,2024-09-11,NA,NA,CNY
0.61,0.619,0.605,0.605,229570538,159992.SZ,2024-09-12,NA,NA,CNY
0.605,0.608,0.601,0.601,163335624,159992.SZ,2024-09-13,NA,NA,CNY
0.601,0.605,0.597,0.603,169753200,159992.SZ,2024-09-18,NA,NA,CNY
0.605,0.615,0.598,0.609,283829316,159992.SZ,2024-09-19,NA,NA,CNY
0.607,0.607,0.592,0.597,362178302,159992.SZ,2024-09-20,NA,NA,CNY
0.605,0.608,0.593,0.594,319290264,159992.SZ,2024-09-23,NA,NA,CNY
0.597,0.611,0.589,0.611,754529102,159992.SZ,2024-09-24,NA,NA,CNY
0.616,0.629,0.615,0.618,642531108,159992.SZ,2024-09-25,NA,NA,CNY
0.614,0.642,0.61,0.642,772606400,159992.SZ,2024-09-26,NA,NA,CNY
0.652,0.699,0.65,0.693,955038428,159992.SZ,2024-09-27,NA,NA,CNY
0.729,0.762,0.708,0.762,1256031894,159992.SZ,2024-09-30,NA,NA,CNY
0.838,0.838,0.79,0.838,1994281234,159992.SZ,2024-10-08,NA,NA,CNY
0.817,0.821,0.763,0.768,1332043075,159992.SZ,2024-10-09,NA,NA,CNY
0.773,0.796,0.754,0.768,821398503,159992.SZ,2024-10-10,NA,NA,CNY
0.754,0.756,0.712,0.722,821026664,159992.SZ,2024-10-11,NA,NA,CNY
0.721,0.732,0.705,0.731,647939000,159992.SZ,2024-10-14,NA,NA,CNY
0.726,0.737,0.711,0.711,483631900,159992.SZ,2024-10-15,NA,NA,CNY
0.697,0.712,0.696,0.701,436215343,159992.SZ,2024-10-16,NA,NA,CNY
0.704,0.714,0.697,0.699,422174704,159992.SZ,2024-10-17,NA,NA,CNY
0.695,0.746,0.694,0.728,799740579,159992.SZ,2024-10-18,NA,NA,CNY
0.729,0.741,0.715,0.732,775693840,159992.SZ,2024-10-21,NA,NA,CNY
0.727,0.741,0.726,0.736,714476222,159992.SZ,2024-10-22,NA,NA,CNY
0.738,0.742,0.727,0.737,913997502,159992.SZ,2024-10-23,NA,NA,CNY
0.735,0.741,0.726,0.728,665831400,159992.SZ,2024-10-24,NA,NA,CNY
0.728,0.744,0.718,0.74,1023355315,159992.SZ,2024-10-25,NA,NA,CNY
0.739,0.752,0.733,0.75,933107802,159992.SZ,2024-10-28,NA,NA,CNY
0.753,0.757,0.731,0.733,891691219,159992.SZ,2024-10-29,NA,NA,CNY
0.73,0.738,0.713,0.72,758578900,159992.SZ,2024-10-30,NA,NA,CNY
0.719,0.726,0.713,0.716,587158041,159992.SZ,2024-10-31,NA,NA,CNY
0.713,0.727,0.711,0.717,576940400,159992.SZ,2024-11-01,NA,NA,CNY
0.717,0.73,0.717,0.727,554735900,159992.SZ,2024-11-04,NA,NA,CNY
0.727,0.742,0.719,0.742,1019385067,159992.SZ,2024-11-05,NA,NA,CNY
0.742,0.753,0.736,0.742,847760141,159992.SZ,2024-11-06,NA,NA,CNY
0.736,0.763,0.733,0.763,929221227,159992.SZ,2024-11-07,NA,NA,CNY
0.772,0.775,0.751,0.755,901617255,159992.SZ,2024-11-08,NA,NA,CNY
0.749,0.766,0.742,0.765,971279266,159992.SZ,2024-11-11,NA,NA,CNY
0.766,0.792,0.765,0.773,1592423523,159992.SZ,2024-11-12,NA,NA,CNY
0.768,0.775,0.751,0.763,810100602,159992.SZ,2024-11-13,NA,NA,CNY
0.76,0.761,0.738,0.739,915166100,159992.SZ,2024-11-14,NA,NA,CNY
0.737,0.742,0.724,0.724,637735401,159992.SZ,2024-11-15,NA,NA,CNY
0.723,0.731,0.71,0.713,798820809,159992.SZ,2024-11-18,NA,NA,CNY
0.716,0.723,0.706,0.72,542238440,159992.SZ,2024-11-19,NA,NA,CNY
0.72,0.75,0.717,0.745,1017849745,159992.SZ,2024-11-20,NA,NA,CNY
0.744,0.751,0.738,0.744,535821800,159992.SZ,2024-11-21,NA,NA,CNY
0.743,0.743,0.711,0.712,601439165,159992.SZ,2024-11-22,NA,NA,CNY
0.711,0.72,0.703,0.712,453522400,159992.SZ,2024-11-25,NA,NA,CNY
0.712,0.727,0.71,0.713,396801305,159992.SZ,2024-11-26,NA,NA,CNY
0.712,0.731,0.711,0.73,554491047,159992.SZ,2024-11-27,NA,NA,CNY
0.731,0.737,0.723,0.724,367247903,159992.SZ,2024-11-28,NA,NA,CNY
0.728,0.747,0.724,0.738,553958139,159992.SZ,2024-11-29,NA,NA,CNY
0.738,0.748,0.734,0.745,530883803,159992.SZ,2024-12-02,NA,NA,CNY
0.743,0.747,0.737,0.745,397574300,159992.SZ,2024-12-03,NA,NA,CNY
0.742,0.742,0.728,0.731,392517100,159992.SZ,2024-12-04,NA,NA,CNY
0.731,0.732,0.725,0.73,300797667,159992.SZ,2024-12-05,NA,NA,CNY
0.73,0.753,0.728,0.749,665023316,159992.SZ,2024-12-06,NA,NA,CNY
0.762,0.765,0.749,0.752,703868241,159992.SZ,2024-12-09,NA,NA,CNY
0.771,0.774,0.746,0.749,831442570,159992.SZ,2024-12-10,NA,NA,CNY
0.748,0.753,0.745,0.749,305772307,159992.SZ,2024-12-11,NA,NA,CNY
0.749,0.752,0.742,0.752,392776201,159992.SZ,2024-12-12,NA,NA,CNY
0.747,0.747,0.733,0.735,555354600,159992.SZ,2024-12-13,NA,NA,CNY
0.731,0.735,0.724,0.726,414303799,159992.SZ,2024-12-16,NA,NA,CNY
0.726,0.729,0.719,0.723,318798301,159992.SZ,2024-12-17,NA,NA,CNY
0.725,0.726,0.72,0.722,332877514,159992.SZ,2024-12-18,NA,NA,CNY
0.718,0.722,0.713,0.721,305899702,159992.SZ,2024-12-19,NA,NA,CNY
0.719,0.725,0.718,0.721,294592489,159992.SZ,2024-12-20,NA,NA,CNY
0.721,0.721,0.71,0.711,372549900,159992.SZ,2024-12-23,NA,NA,CNY
0.711,0.717,0.71,0.717,315288705,159992.SZ,2024-12-24,NA,NA,CNY
0.724,0.724,0.708,0.712,501145902,159992.SZ,2024-12-25,NA,NA,CNY
0.711,0.713,0.706,0.709,438930300,159992.SZ,2024-12-26,NA,NA,CNY
0.708,0.713,0.704,0.709,437042901,159992.SZ,2024-12-27,NA,NA,CNY
0.707,0.714,0.706,0.71,460223438,159992.SZ,2024-12-30,NA,NA,CNY
0.709,0.71,0.696,0.697,593299300,159992.SZ,2024-12-31,NA,NA,CNY
0.695,0.699,0.674,0.679,510612700,159992.SZ,2025-01-02,NA,NA,CNY
0.679,0.685,0.67,0.673,465515300,159992.SZ,2025-01-03,NA,NA,CNY
0.676,0.685,0.673,0.677,385715695,159992.SZ,2025-01-06,NA,NA,CNY
0.678,0.678,0.661,0.669,556143538,159992.SZ,2025-01-07,NA,NA,CNY
0.667,0.669,0.651,0.66,494415401,159992.SZ,2025-01-08,NA,NA,CNY
0.659,0.668,0.655,0.66,270995186,159992.SZ,2025-01-09,NA,NA,CNY
0.66,0.664,0.653,0.653,277617600,159992.SZ,2025-01-10,NA,NA,CNY
0.65,0.659,0.648,0.656,253874929,159992.SZ,2025-01-13,NA,NA,CNY
0.657,0.677,0.657,0.675,427198100,159992.SZ,2025-01-14,NA,NA,CNY
0.674,0.675,0.666,0.668,250776707,159992.SZ,2025-01-15,NA,NA,CNY
0.672,0.68,0.665,0.668,379180600,159992.SZ,2025-01-16,NA,NA,CNY
0.665,0.675,0.662,0.671,324917000,159992.SZ,2025-01-17,NA,NA,CNY
0.676,0.69,0.675,0.684,609002700,159992.SZ,2025-01-20,NA,NA,CNY
0.686,0.687,0.675,0.68,350467801,159992.SZ,2025-01-21,NA,NA,CNY
0.678,0.679,0.671,0.678,281956600,159992.SZ,2025-01-22,NA,NA,CNY
0.682,0.687,0.673,0.674,317350100,159992.SZ,2025-01-23,NA,NA,CNY
0.673,0.682,0.672,0.678,325915994,159992.SZ,2025-01-24,NA,NA,CNY
0.679,0.685,0.677,0.678,298346900,159992.SZ,2025-01-27,NA,NA,CNY
0.68,0.682,0.674,0.68,278448000,159992.SZ,2025-02-05,NA,NA,CNY
0.68,0.689,0.675,0.689,332121224,159992.SZ,2025-02-06,NA,NA,CNY
0.689,0.7,0.685,0.696,693901438,159992.SZ,2025-02-07,NA,NA,CNY
0.697,0.702,0.692,0.701,472418299,159992.SZ,2025-02-10,NA,NA,CNY
0.701,0.702,0.689,0.692,385342101,159992.SZ,2025-02-11,NA,NA,CNY
0.69,0.694,0.686,0.694,394462279,159992.SZ,2025-02-12,NA,NA,CNY
0.692,0.696,0.688,0.689,363115543,159992.SZ,2025-02-13,NA,NA,CNY
0.689,0.705,0.688,0.701,677471938,159992.SZ,2025-02-14,NA,NA,CNY
0.706,0.713,0.7,0.706,713204768,159992.SZ,2025-02-17,NA,NA,CNY
0.704,0.711,0.695,0.696,986376500,159992.SZ,2025-02-18,NA,NA,CNY
0.696,0.706,0.691,0.7,490081429,159992.SZ,2025-02-19,NA,NA,CNY
0.701,0.72,0.699,0.713,817746705,159992.SZ,2025-02-20,NA,NA,CNY
0.713,0.738,0.713,0.736,1363551948,159992.SZ,2025-02-21,NA,NA,CNY
0.737,0.74,0.722,0.725,1268017802,159992.SZ,2025-02-24,NA,NA,CNY
0.72,0.721,0.715,0.716,553182700,159992.SZ,2025-02-25,NA,NA,CNY
0.718,0.731,0.714,0.73,635640006,159992.SZ,2025-02-26,NA,NA,CNY
0.728,0.736,0.723,0.732,581348400,159992.SZ,2025-02-27,NA,NA,CNY
0.729,0.736,0.711,0.712,770367961,159992.SZ,2025-02-28,NA,NA,CNY
0.714,0.729,0.712,0.718,534327842,159992.SZ,2025-03-03,NA,NA,CNY
0.714,0.72,0.709,0.718,510919305,159992.SZ,2025-03-04,NA,NA,CNY
0.718,0.718,0.709,0.715,526945500,159992.SZ,2025-03-05,NA,NA,CNY
0.718,0.727,0.718,0.726,652211605,159992.SZ,2025-03-06,NA,NA,CNY
0.723,0.724,0.715,0.718,410185801,159992.SZ,2025-03-07,NA,NA,CNY
0.721,0.727,0.713,0.719,510637162,159992.SZ,2025-03-10,NA,NA,CNY
0.712,0.72,0.71,0.719,437091089,159992.SZ,2025-03-11,NA,NA,CNY
0.72,0.726,0.713,0.713,512147114,159992.SZ,2025-03-12,NA,NA,CNY
0.713,0.717,0.705,0.709,364969502,159992.SZ,2025-03-13,NA,NA,CNY
0.71,0.727,0.709,0.727,750329117,159992.SZ,2025-03-14,NA,NA,CNY
0.729,0.731,0.723,0.727,495690105,159992.SZ,2025-03-17,NA,NA,CNY
0.735,0.749,0.732,0.74,854116718,159992.SZ,2025-03-18,NA,NA,CNY
0.737,0.747,0.737,0.742,441487936,159992.SZ,2025-03-19,NA,NA,CNY
0.743,0.743,0.735,0.737,341276304,159992.SZ,2025-03-20,NA,NA,CNY
0.735,0.739,0.719,0.722,583451341,159992.SZ,2025-03-21,NA,NA,CNY
0.722,0.727,0.713,0.72,334032178,159992.SZ,2025-03-24,NA,NA,CNY
0.718,0.723,0.717,0.721,302335519,159992.SZ,2025-03-25,NA,NA,CNY
0.723,0.728,0.718,0.72,351509287,159992.SZ,2025-03-26,NA,NA,CNY
0.719,0.746,0.714,0.745,1405881000,159992.SZ,2025-03-27,NA,NA,CNY
0.744,0.761,0.742,0.745,1099083551,159992.SZ,2025-03-28,NA,NA,CNY
0.742,0.752,0.733,0.74,778933011,159992.SZ,2025-03-31,NA,NA,CNY
0.741,0.777,0.739,0.771,1278129941,159992.SZ,2025-04-01,NA,NA,CNY
0.77,0.774,0.761,0.764,690638684,159992.SZ,2025-04-02,NA,NA,CNY
0.758,0.773,0.756,0.762,703371462,159992.SZ,2025-04-03,NA,NA,CNY
0.73,0.735,0.686,0.686,1258440413,159992.SZ,2025-04-07,NA,NA,CNY
0.694,0.705,0.682,0.695,724377160,159992.SZ,2025-04-08,NA,NA,CNY
0.68,0.691,0.657,0.688,854327920,159992.SZ,2025-04-09,NA,NA,CNY
0.7,0.716,0.699,0.706,745807702,159992.SZ,2025-04-10,NA,NA,CNY
0.7,0.715,0.699,0.712,699775576,159992.SZ,2025-04-11,NA,NA,CNY
0.714,0.729,0.712,0.721,563815827,159992.SZ,2025-04-14,NA,NA,CNY
0.718,0.724,0.711,0.717,440708925,159992.SZ,2025-04-15,NA,NA,CNY
0.713,0.715,0.7,0.711,394619005,159992.SZ,2025-04-16,NA,NA,CNY
0.709,0.714,0.706,0.708,355773100,159992.SZ,2025-04-17,NA,NA,CNY
0.708,0.716,0.705,0.708,281040726,159992.SZ,2025-04-18,NA,NA,CNY
0.705,0.722,0.701,0.719,496585100,159992.SZ,2025-04-21,NA,NA,CNY
0.717,0.734,0.716,0.729,842671500,159992.SZ,2025-04-22,NA,NA,CNY
0.733,0.736,0.721,0.722,509669100,159992.SZ,2025-04-23,NA,NA,CNY
0.723,0.736,0.722,0.728,637606304,159992.SZ,2025-04-24,NA,NA,CNY
0.732,0.734,0.718,0.722,842456806,159992.SZ,2025-04-25,NA,NA,CNY
0.719,0.724,0.71,0.722,567465442,159992.SZ,2025-04-28,NA,NA,CNY
0.721,0.731,0.721,0.726,322171119,159992.SZ,2025-04-29,NA,NA,CNY
0.724,0.734,0.723,0.733,355401314,159992.SZ,2025-04-30,NA,NA,CNY
0.737,0.741,0.733,0.739,328224500,159992.SZ,2025-05-06,NA,NA,CNY
0.743,0.747,0.724,0.729,930423161,159992.SZ,2025-05-07,NA,NA,CNY
0.727,0.732,0.726,0.729,372799466,159992.SZ,2025-05-08,NA,NA,CNY
0.729,0.737,0.728,0.731,412342371,159992.SZ,2025-05-09,NA,NA,CNY
0.726,0.729,0.713,0.72,820737489,159992.SZ,2025-05-12,NA,NA,CNY
0.725,0.731,0.725,0.728,532968885,159992.SZ,2025-05-13,NA,NA,CNY
0.726,0.735,0.723,0.732,350650970,159992.SZ,2025-05-14,NA,NA,CNY
0.732,0.738,0.729,0.733,383355990,159992.SZ,2025-05-15,NA,NA,CNY
0.732,0.741,0.726,0.739,504029103,159992.SZ,2025-05-16,NA,NA,CNY
0.737,0.742,0.733,0.739,307327293,159992.SZ,2025-05-19,NA,NA,CNY
0.744,0.759,0.744,0.756,687891502,159992.SZ,2025-05-20,NA,NA,CNY
0.754,0.77,0.753,0.766,746507663,159992.SZ,2025-05-21,NA,NA,CNY
0.762,0.769,0.757,0.765,590797866,159992.SZ,2025-05-22,NA,NA,CNY
0.768,0.78,0.766,0.766,1185447678,159992.SZ,2025-05-23,NA,NA,CNY
0.765,0.77,0.751,0.754,414500828,159992.SZ,2025-05-26,NA,NA,CNY
0.753,0.766,0.753,0.765,393465252,159992.SZ,2025-05-27,NA,NA,CNY
0.763,0.767,0.758,0.76,254922264,159992.SZ,2025-05-28,NA,NA,CNY
0.761,0.787,0.758,0.786,709195509,159992.SZ,2025-05-29,NA,NA,CNY
0.783,0.8,0.782,0.791,726930625,159992.SZ,2025-05-30,NA,NA,CNY
0.638,0.649,0.638,0.648,18511401,159898.SZ,2022-06-06,NA,NA,CNY
0.646,0.656,0.642,0.655,18660701,159898.SZ,2022-06-07,NA,NA,CNY
0.66,0.664,0.648,0.656,7595500,159898.SZ,2022-06-08,NA,NA,CNY
0.651,0.653,0.636,0.639,7788101,159898.SZ,2022-06-09,NA,NA,CNY
0.631,0.649,0.631,0.648,10666600,159898.SZ,2022-06-10,NA,NA,CNY
0.647,0.649,0.642,0.648,9516101,159898.SZ,2022-06-13,NA,NA,CNY
0.649,0.649,0.635,0.649,22861105,159898.SZ,2022-06-14,NA,NA,CNY
0.664,0.664,0.649,0.653,17042755,159898.SZ,2022-06-15,NA,NA,CNY
0.653,0.667,0.653,0.66,16229702,159898.SZ,2022-06-16,NA,NA,CNY
0.66,0.677,0.654,0.677,14027502,159898.SZ,2022-06-17,NA,NA,CNY
0.684,0.691,0.676,0.687,6542000,159898.SZ,2022-06-20,NA,NA,CNY
0.689,0.693,0.676,0.682,3040026,159898.SZ,2022-06-21,NA,NA,CNY
0.682,0.69,0.678,0.679,14787300,159898.SZ,2022-06-22,NA,NA,CNY
0.679,0.682,0.669,0.681,2150620,159898.SZ,2022-06-23,NA,NA,CNY
0.681,0.693,0.681,0.687,4368700,159898.SZ,2022-06-24,NA,NA,CNY
0.687,0.698,0.687,0.691,10050000,159898.SZ,2022-06-27,NA,NA,CNY
0.691,0.691,0.68,0.689,8967400,159898.SZ,2022-06-28,NA,NA,CNY
0.685,0.698,0.685,0.688,4188602,159898.SZ,2022-06-29,NA,NA,CNY
0.689,0.703,0.689,0.696,5563803,159898.SZ,2022-06-30,NA,NA,CNY
0.699,0.699,0.69,0.694,2894305,159898.SZ,2022-07-01,NA,NA,CNY
0.693,0.72,0.693,0.72,10946803,159898.SZ,2022-07-04,NA,NA,CNY
0.72,0.725,0.704,0.714,7829600,159898.SZ,2022-07-05,NA,NA,CNY
0.714,0.717,0.697,0.702,8446804,159898.SZ,2022-07-06,NA,NA,CNY
0.699,0.704,0.684,0.693,5335300,159898.SZ,2022-07-07,NA,NA,CNY
0.693,0.703,0.67,0.698,13232000,159898.SZ,2022-07-08,NA,NA,CNY
0.698,0.704,0.689,0.696,7054000,159898.SZ,2022-07-11,NA,NA,CNY
0.692,0.693,0.675,0.676,3852700,159898.SZ,2022-07-12,NA,NA,CNY
0.674,0.678,0.67,0.674,2648700,159898.SZ,2022-07-13,NA,NA,CNY
0.669,0.69,0.669,0.686,7761200,159898.SZ,2022-07-14,NA,NA,CNY
0.686,0.69,0.673,0.673,6642403,159898.SZ,2022-07-15,NA,NA,CNY
0.673,0.675,0.663,0.673,5058500,159898.SZ,2022-07-18,NA,NA,CNY
0.674,0.678,0.666,0.671,4308812,159898.SZ,2022-07-19,NA,NA,CNY
0.671,0.685,0.671,0.684,3570814,159898.SZ,2022-07-20,NA,NA,CNY
0.685,0.687,0.68,0.681,3496104,159898.SZ,2022-07-21,NA,NA,CNY
0.678,0.684,0.665,0.674,8162511,159898.SZ,2022-07-22,NA,NA,CNY
0.67,0.68,0.67,0.675,5942601,159898.SZ,2022-07-25,NA,NA,CNY
0.677,0.677,0.668,0.673,3828100,159898.SZ,2022-07-26,NA,NA,CNY
0.673,0.68,0.672,0.676,2801700,159898.SZ,2022-07-27,NA,NA,CNY
0.676,0.679,0.673,0.673,5056901,159898.SZ,2022-07-28,NA,NA,CNY
0.673,0.673,0.659,0.66,9524406,159898.SZ,2022-07-29,NA,NA,CNY
0.658,0.663,0.651,0.66,8999300,159898.SZ,2022-08-01,NA,NA,CNY
0.654,0.662,0.636,0.648,11311200,159898.SZ,2022-08-02,NA,NA,CNY
0.645,0.653,0.642,0.642,10605312,159898.SZ,2022-08-03,NA,NA,CNY
0.648,0.648,0.64,0.645,8781503,159898.SZ,2022-08-04,NA,NA,CNY
0.65,0.663,0.65,0.663,4926304,159898.SZ,2022-08-05,NA,NA,CNY
0.664,0.667,0.66,0.663,8927000,159898.SZ,2022-08-08,NA,NA,CNY
0.658,0.659,0.656,0.658,11711011,159898.SZ,2022-08-09,NA,NA,CNY
0.658,0.659,0.652,0.655,10927900,159898.SZ,2022-08-10,NA,NA,CNY
0.657,0.67,0.657,0.67,5185606,159898.SZ,2022-08-11,NA,NA,CNY
0.67,0.671,0.665,0.67,4239000,159898.SZ,2022-08-12,NA,NA,CNY
0.67,0.67,0.659,0.662,11004802,159898.SZ,2022-08-15,NA,NA,CNY
0.661,0.664,0.658,0.658,4661401,159898.SZ,2022-08-16,NA,NA,CNY
0.663,0.663,0.655,0.661,6691502,159898.SZ,2022-08-17,NA,NA,CNY
0.658,0.658,0.653,0.655,8945309,159898.SZ,2022-08-18,NA,NA,CNY
0.652,0.659,0.651,0.652,13150600,159898.SZ,2022-08-19,NA,NA,CNY
0.65,0.657,0.645,0.656,10079312,159898.SZ,2022-08-22,NA,NA,CNY
0.654,0.655,0.646,0.65,11915500,159898.SZ,2022-08-23,NA,NA,CNY
0.647,0.649,0.636,0.637,9657600,159898.SZ,2022-08-24,NA,NA,CNY
0.639,0.641,0.632,0.638,14937908,159898.SZ,2022-08-25,NA,NA,CNY
0.64,0.65,0.638,0.639,6905100,159898.SZ,2022-08-26,NA,NA,CNY
0.639,0.64,0.633,0.64,8177702,159898.SZ,2022-08-29,NA,NA,CNY
0.64,0.645,0.639,0.644,14061904,159898.SZ,2022-08-30,NA,NA,CNY
0.64,0.649,0.64,0.642,13038003,159898.SZ,2022-08-31,NA,NA,CNY
0.648,0.65,0.645,0.645,15596648,159898.SZ,2022-09-01,NA,NA,CNY
0.648,0.654,0.643,0.645,5997200,159898.SZ,2022-09-02,NA,NA,CNY
0.649,0.67,0.643,0.645,6893202,159898.SZ,2022-09-05,NA,NA,CNY
0.645,0.645,0.637,0.642,9567831,159898.SZ,2022-09-06,NA,NA,CNY
0.648,0.648,0.637,0.639,5165800,159898.SZ,2022-09-07,NA,NA,CNY
0.638,0.639,0.635,0.635,8135100,159898.SZ,2022-09-08,NA,NA,CNY
0.641,0.649,0.641,0.648,4140603,159898.SZ,2022-09-09,NA,NA,CNY
0.648,0.655,0.648,0.649,8351503,159898.SZ,2022-09-13,NA,NA,CNY
0.645,0.647,0.638,0.646,4655528,159898.SZ,2022-09-14,NA,NA,CNY
0.649,0.651,0.634,0.637,12215000,159898.SZ,2022-09-15,NA,NA,CNY
0.634,0.635,0.624,0.625,7312907,159898.SZ,2022-09-16,NA,NA,CNY
0.625,0.626,0.609,0.613,15882200,159898.SZ,2022-09-19,NA,NA,CNY
0.614,0.614,0.608,0.61,9690702,159898.SZ,2022-09-20,NA,NA,CNY
0.605,0.605,0.594,0.595,27644100,159898.SZ,2022-09-21,NA,NA,CNY
0.597,0.597,0.588,0.589,9192906,159898.SZ,2022-09-22,NA,NA,CNY
0.593,0.593,0.574,0.577,17449116,159898.SZ,2022-09-23,NA,NA,CNY
0.581,0.586,0.574,0.577,7419415,159898.SZ,2022-09-26,NA,NA,CNY
0.582,0.607,0.581,0.605,19333000,159898.SZ,2022-09-27,NA,NA,CNY
0.601,0.623,0.601,0.611,16937600,159898.SZ,2022-09-28,NA,NA,CNY
0.611,0.633,0.611,0.627,17248406,159898.SZ,2022-09-29,NA,NA,CNY
0.626,0.636,0.625,0.627,18618100,159898.SZ,2022-09-30,NA,NA,CNY
0.626,0.64,0.614,0.62,23070600,159898.SZ,2022-10-10,NA,NA,CNY
0.62,0.62,0.606,0.61,15596901,159898.SZ,2022-10-11,NA,NA,CNY
0.61,0.613,0.592,0.613,22478201,159898.SZ,2022-10-12,NA,NA,CNY
0.612,0.631,0.607,0.627,11564100,159898.SZ,2022-10-13,NA,NA,CNY
0.632,0.69,0.632,0.69,21738104,159898.SZ,2022-10-14,NA,NA,CNY
0.709,0.709,0.689,0.694,21170504,159898.SZ,2022-10-17,NA,NA,CNY
0.692,0.713,0.683,0.705,32964600,159898.SZ,2022-10-18,NA,NA,CNY
0.704,0.704,0.68,0.695,18157600,159898.SZ,2022-10-19,NA,NA,CNY
0.693,0.714,0.689,0.699,17941600,159898.SZ,2022-10-20,NA,NA,CNY
0.699,0.705,0.689,0.704,11443600,159898.SZ,2022-10-21,NA,NA,CNY
0.704,0.705,0.682,0.688,19754200,159898.SZ,2022-10-24,NA,NA,CNY
0.683,0.69,0.66,0.669,37429202,159898.SZ,2022-10-25,NA,NA,CNY
0.669,0.703,0.669,0.695,20956300,159898.SZ,2022-10-26,NA,NA,CNY
0.695,0.695,0.68,0.687,20326000,159898.SZ,2022-10-27,NA,NA,CNY
0.688,0.69,0.666,0.671,27210515,159898.SZ,2022-10-28,NA,NA,CNY
0.665,0.68,0.66,0.671,29721800,159898.SZ,2022-10-31,NA,NA,CNY
0.676,0.684,0.652,0.677,31706200,159898.SZ,2022-11-01,NA,NA,CNY
0.677,0.7,0.668,0.687,47126102,159898.SZ,2022-11-02,NA,NA,CNY
0.684,0.692,0.668,0.687,39613400,159898.SZ,2022-11-03,NA,NA,CNY
0.681,0.705,0.681,0.694,41518500,159898.SZ,2022-11-04,NA,NA,CNY
0.694,0.698,0.684,0.691,36261700,159898.SZ,2022-11-07,NA,NA,CNY
0.691,0.693,0.677,0.682,24112400,159898.SZ,2022-11-08,NA,NA,CNY
0.678,0.689,0.678,0.68,26574402,159898.SZ,2022-11-09,NA,NA,CNY
0.68,0.689,0.676,0.679,32422200,159898.SZ,2022-11-10,NA,NA,CNY
0.689,0.698,0.668,0.669,44925104,159898.SZ,2022-11-11,NA,NA,CNY
0.672,0.692,0.667,0.688,24681705,159898.SZ,2022-11-14,NA,NA,CNY
0.689,0.692,0.67,0.692,38581809,159898.SZ,2022-11-15,NA,NA,CNY
0.69,0.699,0.684,0.688,40192200,159898.SZ,2022-11-16,NA,NA,CNY
0.685,0.691,0.678,0.687,26518700,159898.SZ,2022-11-17,NA,NA,CNY
0.693,0.708,0.693,0.699,48967900,159898.SZ,2022-11-18,NA,NA,CNY
0.696,0.704,0.684,0.702,41708100,159898.SZ,2022-11-21,NA,NA,CNY
0.702,0.704,0.673,0.677,42271802,159898.SZ,2022-11-22,NA,NA,CNY
0.68,0.68,0.663,0.67,31387900,159898.SZ,2022-11-23,NA,NA,CNY
0.668,0.68,0.668,0.68,24942920,159898.SZ,2022-11-24,NA,NA,CNY
0.674,0.674,0.663,0.672,22122300,159898.SZ,2022-11-25,NA,NA,CNY
0.666,0.675,0.66,0.669,20836200,159898.SZ,2022-11-28,NA,NA,CNY
0.668,0.693,0.668,0.688,55731301,159898.SZ,2022-11-29,NA,NA,CNY
0.688,0.695,0.677,0.684,27692002,159898.SZ,2022-11-30,NA,NA,CNY
0.696,0.696,0.676,0.682,23668600,159898.SZ,2022-12-01,NA,NA,CNY
0.682,0.691,0.682,0.685,27689103,159898.SZ,2022-12-02,NA,NA,CNY
0.69,0.691,0.674,0.678,22459300,159898.SZ,2022-12-05,NA,NA,CNY
0.678,0.678,0.665,0.668,29289600,159898.SZ,2022-12-06,NA,NA,CNY
0.666,0.675,0.661,0.672,28709500,159898.SZ,2022-12-07,NA,NA,CNY
0.673,0.676,0.667,0.676,31443500,159898.SZ,2022-12-08,NA,NA,CNY
0.676,0.692,0.674,0.689,38364114,159898.SZ,2022-12-09,NA,NA,CNY
0.691,0.7,0.689,0.692,27380100,159898.SZ,2022-12-12,NA,NA,CNY
0.691,0.695,0.674,0.685,30884200,159898.SZ,2022-12-13,NA,NA,CNY
0.685,0.685,0.666,0.671,24387300,159898.SZ,2022-12-14,NA,NA,CNY
0.667,0.676,0.666,0.668,27731100,159898.SZ,2022-12-15,NA,NA,CNY
0.672,0.672,0.665,0.667,30149200,159898.SZ,2022-12-16,NA,NA,CNY
0.67,0.67,0.646,0.649,21272400,159898.SZ,2022-12-19,NA,NA,CNY
0.645,0.65,0.636,0.637,25277401,159898.SZ,2022-12-20,NA,NA,CNY
0.642,0.642,0.633,0.636,24006400,159898.SZ,2022-12-21,NA,NA,CNY
0.639,0.645,0.633,0.636,24334100,159898.SZ,2022-12-22,NA,NA,CNY
0.636,0.651,0.635,0.65,44638401,159898.SZ,2022-12-23,NA,NA,CNY
0.65,0.655,0.643,0.648,35602701,159898.SZ,2022-12-26,NA,NA,CNY
0.652,0.652,0.635,0.651,32862607,159898.SZ,2022-12-27,NA,NA,CNY
0.651,0.658,0.649,0.651,22779100,159898.SZ,2022-12-28,NA,NA,CNY
0.65,0.659,0.649,0.656,12426800,159898.SZ,2022-12-29,NA,NA,CNY
0.659,0.659,0.652,0.657,14289201,159898.SZ,2022-12-30,NA,NA,CNY
0.657,0.657,0.649,0.655,19741201,159898.SZ,2023-01-03,NA,NA,CNY
0.656,0.663,0.655,0.659,20176700,159898.SZ,2023-01-04,NA,NA,CNY
0.664,0.67,0.656,0.668,20403309,159898.SZ,2023-01-05,NA,NA,CNY
0.669,0.669,0.663,0.665,19572800,159898.SZ,2023-01-06,NA,NA,CNY
0.661,0.672,0.661,0.67,36538201,159898.SZ,2023-01-09,NA,NA,CNY
0.67,0.678,0.665,0.678,12828700,159898.SZ,2023-01-10,NA,NA,CNY
0.678,0.682,0.672,0.675,18579700,159898.SZ,2023-01-11,NA,NA,CNY
0.669,0.674,0.667,0.67,19181900,159898.SZ,2023-01-12,NA,NA,CNY
0.67,0.687,0.67,0.687,26893701,159898.SZ,2023-01-13,NA,NA,CNY
0.686,0.706,0.685,0.699,25093622,159898.SZ,2023-01-16,NA,NA,CNY
0.704,0.704,0.692,0.693,24443707,159898.SZ,2023-01-17,NA,NA,CNY
0.693,0.695,0.69,0.691,38493700,159898.SZ,2023-01-18,NA,NA,CNY
0.689,0.704,0.687,0.7,49373900,159898.SZ,2023-01-19,NA,NA,CNY
0.706,0.709,0.697,0.698,49296500,159898.SZ,2023-01-20,NA,NA,CNY
0.704,0.712,0.695,0.696,50426903,159898.SZ,2023-01-30,NA,NA,CNY
0.695,0.695,0.684,0.686,41496001,159898.SZ,2023-01-31,NA,NA,CNY
0.687,0.695,0.683,0.693,53952803,159898.SZ,2023-02-01,NA,NA,CNY
0.696,0.703,0.693,0.699,35013402,159898.SZ,2023-02-02,NA,NA,CNY
0.7,0.702,0.69,0.696,31828707,159898.SZ,2023-02-03,NA,NA,CNY
0.691,0.698,0.688,0.691,34067100,159898.SZ,2023-02-06,NA,NA,CNY
0.696,0.698,0.685,0.689,36915200,159898.SZ,2023-02-07,NA,NA,CNY
0.69,0.696,0.686,0.69,43914300,159898.SZ,2023-02-08,NA,NA,CNY
0.69,0.696,0.69,0.695,46427402,159898.SZ,2023-02-09,NA,NA,CNY
0.695,0.701,0.693,0.701,37879616,159898.SZ,2023-02-10,NA,NA,CNY
0.701,0.71,0.69,0.706,40474817,159898.SZ,2023-02-13,NA,NA,CNY
0.706,0.711,0.705,0.71,33053902,159898.SZ,2023-02-14,NA,NA,CNY
0.71,0.711,0.701,0.703,46144201,159898.SZ,2023-02-15,NA,NA,CNY
0.699,0.707,0.69,0.694,39675050,159898.SZ,2023-02-16,NA,NA,CNY
0.691,0.699,0.689,0.693,41326417,159898.SZ,2023-02-17,NA,NA,CNY
0.693,0.698,0.683,0.696,54023001,159898.SZ,2023-02-20,NA,NA,CNY
0.696,0.697,0.69,0.695,65077516,159898.SZ,2023-02-21,NA,NA,CNY
0.69,0.699,0.69,0.693,49951910,159898.SZ,2023-02-22,NA,NA,CNY
0.692,0.7,0.686,0.689,45013300,159898.SZ,2023-02-23,NA,NA,CNY
0.689,0.693,0.683,0.684,40257700,159898.SZ,2023-02-24,NA,NA,CNY
0.681,0.686,0.678,0.679,48603015,159898.SZ,2023-02-27,NA,NA,CNY
0.682,0.688,0.68,0.685,58281300,159898.SZ,2023-02-28,NA,NA,CNY
0.686,0.689,0.679,0.683,49155401,159898.SZ,2023-03-01,NA,NA,CNY
0.682,0.686,0.675,0.676,46498203,159898.SZ,2023-03-02,NA,NA,CNY
0.676,0.682,0.674,0.676,47762200,159898.SZ,2023-03-03,NA,NA,CNY
0.676,0.685,0.675,0.684,60404702,159898.SZ,2023-03-06,NA,NA,CNY
0.681,0.687,0.67,0.67,58729006,159898.SZ,2023-03-07,NA,NA,CNY
0.667,0.675,0.667,0.67,44988011,159898.SZ,2023-03-08,NA,NA,CNY
0.67,0.675,0.667,0.671,70101710,159898.SZ,2023-03-09,NA,NA,CNY
0.671,0.675,0.666,0.673,70821726,159898.SZ,2023-03-10,NA,NA,CNY
0.671,0.672,0.665,0.669,51874326,159898.SZ,2023-03-13,NA,NA,CNY
0.668,0.674,0.66,0.663,67120700,159898.SZ,2023-03-14,NA,NA,CNY
0.664,0.673,0.664,0.666,42319626,159898.SZ,2023-03-15,NA,NA,CNY
0.665,0.67,0.66,0.661,56775001,159898.SZ,2023-03-16,NA,NA,CNY
0.661,0.666,0.648,0.65,61470102,159898.SZ,2023-03-17,NA,NA,CNY
0.651,0.651,0.638,0.643,53890000,159898.SZ,2023-03-20,NA,NA,CNY
0.642,0.657,0.642,0.656,52778300,159898.SZ,2023-03-21,NA,NA,CNY
0.659,0.662,0.656,0.657,48086500,159898.SZ,2023-03-22,NA,NA,CNY
0.657,0.662,0.654,0.657,39853700,159898.SZ,2023-03-23,NA,NA,CNY
0.66,0.665,0.652,0.653,37810700,159898.SZ,2023-03-24,NA,NA,CNY
0.653,0.67,0.649,0.666,53692501,159898.SZ,2023-03-27,NA,NA,CNY
0.667,0.673,0.663,0.668,51193520,159898.SZ,2023-03-28,NA,NA,CNY
0.67,0.672,0.661,0.665,64003400,159898.SZ,2023-03-29,NA,NA,CNY
0.665,0.672,0.663,0.668,37588300,159898.SZ,2023-03-30,NA,NA,CNY
0.668,0.674,0.668,0.671,54715700,159898.SZ,2023-03-31,NA,NA,CNY
0.671,0.674,0.659,0.664,28511623,159898.SZ,2023-04-03,NA,NA,CNY
0.664,0.665,0.659,0.664,55624008,159898.SZ,2023-04-04,NA,NA,CNY
0.664,0.669,0.662,0.669,49453212,159898.SZ,2023-04-06,NA,NA,CNY
0.666,0.681,0.666,0.68,40179305,159898.SZ,2023-04-07,NA,NA,CNY
0.68,0.687,0.68,0.681,44574812,159898.SZ,2023-04-10,NA,NA,CNY
0.681,0.692,0.677,0.679,51211205,159898.SZ,2023-04-11,NA,NA,CNY
0.676,0.684,0.673,0.675,47058901,159898.SZ,2023-04-12,NA,NA,CNY
0.672,0.686,0.668,0.684,59789101,159898.SZ,2023-04-13,NA,NA,CNY
0.691,0.691,0.68,0.684,61269000,159898.SZ,2023-04-14,NA,NA,CNY
0.684,0.685,0.678,0.683,44496200,159898.SZ,2023-04-17,NA,NA,CNY
0.68,0.683,0.678,0.679,41818402,159898.SZ,2023-04-18,NA,NA,CNY
0.676,0.684,0.676,0.678,55902800,159898.SZ,2023-04-19,NA,NA,CNY
0.674,0.68,0.665,0.668,56613000,159898.SZ,2023-04-20,NA,NA,CNY
0.664,0.674,0.66,0.661,64680900,159898.SZ,2023-04-21,NA,NA,CNY
0.659,0.666,0.65,0.655,46592602,159898.SZ,2023-04-24,NA,NA,CNY
0.658,0.658,0.637,0.646,67431300,159898.SZ,2023-04-25,NA,NA,CNY
0.646,0.653,0.645,0.648,57339302,159898.SZ,2023-04-26,NA,NA,CNY
0.648,0.664,0.646,0.661,61693200,159898.SZ,2023-04-27,NA,NA,CNY
0.661,0.662,0.653,0.659,53465900,159898.SZ,2023-04-28,NA,NA,CNY
0.654,0.658,0.652,0.656,50779002,159898.SZ,2023-05-04,NA,NA,CNY
0.654,0.654,0.64,0.645,50499701,159898.SZ,2023-05-05,NA,NA,CNY
0.644,0.645,0.631,0.633,56910507,159898.SZ,2023-05-08,NA,NA,CNY
0.635,0.64,0.625,0.63,57175000,159898.SZ,2023-05-09,NA,NA,CNY
0.63,0.633,0.622,0.631,58373000,159898.SZ,2023-05-10,NA,NA,CNY
0.631,0.638,0.628,0.631,41276900,159898.SZ,2023-05-11,NA,NA,CNY
0.636,0.637,0.63,0.632,46140308,159898.SZ,2023-05-12,NA,NA,CNY
0.632,0.64,0.628,0.64,45788500,159898.SZ,2023-05-15,NA,NA,CNY
0.642,0.643,0.638,0.642,48849600,159898.SZ,2023-05-16,NA,NA,CNY
0.644,0.644,0.634,0.639,44145600,159898.SZ,2023-05-17,NA,NA,CNY
0.638,0.641,0.632,0.636,37115300,159898.SZ,2023-05-18,NA,NA,CNY
0.636,0.646,0.632,0.644,37279800,159898.SZ,2023-05-19,NA,NA,CNY
0.645,0.65,0.643,0.649,66277000,159898.SZ,2023-05-22,NA,NA,CNY
0.649,0.654,0.644,0.649,52759700,159898.SZ,2023-05-23,NA,NA,CNY
0.646,0.649,0.639,0.641,47021100,159898.SZ,2023-05-24,NA,NA,CNY
0.641,0.642,0.633,0.639,49539100,159898.SZ,2023-05-25,NA,NA,CNY
0.637,0.648,0.637,0.644,52954400,159898.SZ,2023-05-26,NA,NA,CNY
0.646,0.647,0.638,0.645,62359803,159898.SZ,2023-05-29,NA,NA,CNY
0.643,0.647,0.633,0.641,59672505,159898.SZ,2023-05-30,NA,NA,CNY
0.638,0.645,0.632,0.636,55722201,159898.SZ,2023-05-31,NA,NA,CNY
0.636,0.638,0.627,0.632,52124603,159898.SZ,2023-06-01,NA,NA,CNY
0.635,0.638,0.63,0.633,45895400,159898.SZ,2023-06-02,NA,NA,CNY
0.636,0.636,0.627,0.63,63709800,159898.SZ,2023-06-05,NA,NA,CNY
0.63,0.63,0.618,0.619,48317700,159898.SZ,2023-06-06,NA,NA,CNY
0.619,0.622,0.613,0.615,54720700,159898.SZ,2023-06-07,NA,NA,CNY
0.62,0.62,0.608,0.61,50360855,159898.SZ,2023-06-08,NA,NA,CNY
0.611,0.621,0.609,0.618,69177200,159898.SZ,2023-06-09,NA,NA,CNY
0.618,0.619,0.61,0.615,40712302,159898.SZ,2023-06-12,NA,NA,CNY
0.613,0.618,0.61,0.613,53408500,159898.SZ,2023-06-13,NA,NA,CNY
0.613,0.621,0.611,0.617,51928000,159898.SZ,2023-06-14,NA,NA,CNY
0.617,0.625,0.612,0.625,44330300,159898.SZ,2023-06-15,NA,NA,CNY
0.623,0.627,0.622,0.626,50098902,159898.SZ,2023-06-16,NA,NA,CNY
0.625,0.625,0.619,0.621,42242351,159898.SZ,2023-06-19,NA,NA,CNY
0.621,0.622,0.617,0.618,45611707,159898.SZ,2023-06-20,NA,NA,CNY
0.617,0.619,0.61,0.611,46241900,159898.SZ,2023-06-21,NA,NA,CNY
0.611,0.613,0.605,0.609,44240322,159898.SZ,2023-06-26,NA,NA,CNY
0.607,0.618,0.607,0.614,34122100,159898.SZ,2023-06-27,NA,NA,CNY
0.614,0.614,0.606,0.61,55903900,159898.SZ,2023-06-28,NA,NA,CNY
0.61,0.617,0.61,0.615,61375923,159898.SZ,2023-06-29,NA,NA,CNY
0.615,0.62,0.613,0.617,60420614,159898.SZ,2023-06-30,NA,NA,CNY
0.618,0.621,0.615,0.621,53379400,159898.SZ,2023-07-03,NA,NA,CNY
0.618,0.62,0.614,0.619,50734200,159898.SZ,2023-07-04,NA,NA,CNY
0.617,0.619,0.614,0.615,42455803,159898.SZ,2023-07-05,NA,NA,CNY
0.615,0.617,0.608,0.61,49158100,159898.SZ,2023-07-06,NA,NA,CNY
0.609,0.611,0.605,0.608,67975400,159898.SZ,2023-07-07,NA,NA,CNY
0.609,0.614,0.606,0.609,54776002,159898.SZ,2023-07-10,NA,NA,CNY
0.609,0.612,0.605,0.611,48995801,159898.SZ,2023-07-11,NA,NA,CNY
0.611,0.612,0.605,0.607,47875400,159898.SZ,2023-07-12,NA,NA,CNY
0.609,0.615,0.607,0.614,45480200,159898.SZ,2023-07-13,NA,NA,CNY
0.615,0.615,0.608,0.609,48212846,159898.SZ,2023-07-14,NA,NA,CNY
0.607,0.607,0.598,0.601,31759200,159898.SZ,2023-07-17,NA,NA,CNY
0.601,0.601,0.596,0.6,49432701,159898.SZ,2023-07-18,NA,NA,CNY
0.599,0.6,0.595,0.597,46347500,159898.SZ,2023-07-19,NA,NA,CNY
0.598,0.6,0.593,0.595,56701500,159898.SZ,2023-07-20,NA,NA,CNY
0.594,0.603,0.592,0.601,58127000,159898.SZ,2023-07-21,NA,NA,CNY
0.604,0.606,0.598,0.601,81416617,159898.SZ,2023-07-24,NA,NA,CNY
0.604,0.609,0.603,0.608,77021900,159898.SZ,2023-07-25,NA,NA,CNY
0.608,0.615,0.606,0.612,85046000,159898.SZ,2023-07-26,NA,NA,CNY
0.611,0.613,0.608,0.61,87911101,159898.SZ,2023-07-27,NA,NA,CNY
0.608,0.616,0.607,0.615,62682402,159898.SZ,2023-07-28,NA,NA,CNY
0.616,0.619,0.602,0.606,79947406,159898.SZ,2023-07-31,NA,NA,CNY
0.604,0.606,0.594,0.596,55634300,159898.SZ,2023-08-01,NA,NA,CNY
0.596,0.596,0.586,0.588,57879200,159898.SZ,2023-08-02,NA,NA,CNY
0.585,0.591,0.585,0.591,67298318,159898.SZ,2023-08-03,NA,NA,CNY
0.592,0.595,0.586,0.589,54568800,159898.SZ,2023-08-04,NA,NA,CNY
0.588,0.588,0.567,0.569,47915818,159898.SZ,2023-08-07,NA,NA,CNY
0.569,0.573,0.565,0.57,61821804,159898.SZ,2023-08-08,NA,NA,CNY
0.571,0.579,0.569,0.575,67068500,159898.SZ,2023-08-09,NA,NA,CNY
0.574,0.576,0.571,0.575,60693702,159898.SZ,2023-08-10,NA,NA,CNY
0.572,0.576,0.568,0.57,57539802,159898.SZ,2023-08-11,NA,NA,CNY
0.568,0.569,0.561,0.568,48787005,159898.SZ,2023-08-14,NA,NA,CNY
0.568,0.568,0.562,0.567,63228951,159898.SZ,2023-08-15,NA,NA,CNY
0.567,0.578,0.566,0.572,65644901,159898.SZ,2023-08-16,NA,NA,CNY
0.569,0.57,0.563,0.569,63045700,159898.SZ,2023-08-17,NA,NA,CNY
0.571,0.571,0.558,0.559,70094100,159898.SZ,2023-08-18,NA,NA,CNY
0.558,0.565,0.554,0.557,66200500,159898.SZ,2023-08-21,NA,NA,CNY
0.562,0.562,0.545,0.553,72763400,159898.SZ,2023-08-22,NA,NA,CNY
0.553,0.553,0.54,0.541,62912203,159898.SZ,2023-08-23,NA,NA,CNY
0.541,0.553,0.539,0.549,57075503,159898.SZ,2023-08-24,NA,NA,CNY
0.549,0.552,0.543,0.545,56039601,159898.SZ,2023-08-25,NA,NA,CNY
0.562,0.576,0.545,0.548,70475807,159898.SZ,2023-08-28,NA,NA,CNY
0.55,0.562,0.547,0.562,52427300,159898.SZ,2023-08-29,NA,NA,CNY
0.557,0.568,0.557,0.564,48594500,159898.SZ,2023-08-30,NA,NA,CNY
0.562,0.564,0.559,0.563,49163400,159898.SZ,2023-08-31,NA,NA,CNY
0.563,0.566,0.56,0.562,49411200,159898.SZ,2023-09-01,NA,NA,CNY
0.561,0.565,0.559,0.562,34827700,159898.SZ,2023-09-04,NA,NA,CNY
0.564,0.564,0.558,0.559,34173507,159898.SZ,2023-09-05,NA,NA,CNY
0.56,0.56,0.554,0.557,32476506,159898.SZ,2023-09-06,NA,NA,CNY
0.557,0.557,0.545,0.547,64000800,159898.SZ,2023-09-07,NA,NA,CNY
0.547,0.552,0.545,0.551,46027905,159898.SZ,2023-09-08,NA,NA,CNY
0.547,0.569,0.547,0.567,65579405,159898.SZ,2023-09-11,NA,NA,CNY
0.567,0.57,0.564,0.566,33092500,159898.SZ,2023-09-12,NA,NA,CNY
0.566,0.568,0.558,0.562,10166400,159898.SZ,2023-09-13,NA,NA,CNY
0.562,0.565,0.558,0.565,38097800,159898.SZ,2023-09-14,NA,NA,CNY
0.566,0.578,0.562,0.575,35354000,159898.SZ,2023-09-15,NA,NA,CNY
0.574,0.582,0.573,0.579,57733100,159898.SZ,2023-09-18,NA,NA,CNY
0.58,0.582,0.573,0.575,42458000,159898.SZ,2023-09-19,NA,NA,CNY
0.577,0.577,0.57,0.573,48055217,159898.SZ,2023-09-20,NA,NA,CNY
0.573,0.573,0.564,0.565,33708603,159898.SZ,2023-09-21,NA,NA,CNY
0.561,0.571,0.56,0.57,53718200,159898.SZ,2023-09-22,NA,NA,CNY
0.569,0.578,0.568,0.576,49543000,159898.SZ,2023-09-25,NA,NA,CNY
0.576,0.577,0.57,0.571,36029700,159898.SZ,2023-09-26,NA,NA,CNY
0.568,0.578,0.568,0.576,60918900,159898.SZ,2023-09-27,NA,NA,CNY
0.578,0.579,0.573,0.574,44769400,159898.SZ,2023-09-28,NA,NA,CNY
0.571,0.574,0.566,0.574,46013401,159898.SZ,2023-10-09,NA,NA,CNY
0.573,0.573,0.563,0.564,27120500,159898.SZ,2023-10-10,NA,NA,CNY
0.564,0.58,0.564,0.574,41586714,159898.SZ,2023-10-11,NA,NA,CNY
0.577,0.58,0.572,0.575,42517200,159898.SZ,2023-10-12,NA,NA,CNY
0.574,0.581,0.572,0.58,51762401,159898.SZ,2023-10-13,NA,NA,CNY
0.581,0.582,0.569,0.572,48185301,159898.SZ,2023-10-16,NA,NA,CNY
0.572,0.573,0.562,0.568,62454000,159898.SZ,2023-10-17,NA,NA,CNY
0.567,0.567,0.555,0.556,50316400,159898.SZ,2023-10-18,NA,NA,CNY
0.554,0.555,0.548,0.552,45463805,159898.SZ,2023-10-19,NA,NA,CNY
0.55,0.55,0.541,0.543,39777412,159898.SZ,2023-10-20,NA,NA,CNY
0.543,0.544,0.534,0.537,48669501,159898.SZ,2023-10-23,NA,NA,CNY
0.537,0.543,0.533,0.542,52698700,159898.SZ,2023-10-24,NA,NA,CNY
0.543,0.544,0.532,0.534,51765103,159898.SZ,2023-10-25,NA,NA,CNY
0.533,0.539,0.53,0.537,55255800,159898.SZ,2023-10-26,NA,NA,CNY
0.537,0.559,0.534,0.557,47214300,159898.SZ,2023-10-27,NA,NA,CNY
0.557,0.575,0.557,0.574,48315301,159898.SZ,2023-10-30,NA,NA,CNY
0.574,0.577,0.57,0.576,35882300,159898.SZ,2023-10-31,NA,NA,CNY
0.576,0.576,0.569,0.573,46781900,159898.SZ,2023-11-01,NA,NA,CNY
0.573,0.575,0.568,0.568,56013304,159898.SZ,2023-11-02,NA,NA,CNY
0.568,0.576,0.568,0.571,33772700,159898.SZ,2023-11-03,NA,NA,CNY
0.571,0.582,0.571,0.58,35071000,159898.SZ,2023-11-06,NA,NA,CNY
0.579,0.581,0.575,0.577,38966200,159898.SZ,2023-11-07,NA,NA,CNY
0.576,0.588,0.576,0.586,48358600,159898.SZ,2023-11-08,NA,NA,CNY
0.586,0.592,0.58,0.582,60084407,159898.SZ,2023-11-09,NA,NA,CNY
0.582,0.586,0.576,0.582,47162300,159898.SZ,2023-11-10,NA,NA,CNY
0.58,0.584,0.574,0.577,60619800,159898.SZ,2023-11-13,NA,NA,CNY
0.579,0.586,0.579,0.582,46093300,159898.SZ,2023-11-14,NA,NA,CNY
0.585,0.587,0.583,0.584,47800700,159898.SZ,2023-11-15,NA,NA,CNY
0.583,0.584,0.577,0.579,18665500,159898.SZ,2023-11-16,NA,NA,CNY
0.579,0.583,0.576,0.582,70035400,159898.SZ,2023-11-17,NA,NA,CNY
0.581,0.59,0.581,0.59,43498300,159898.SZ,2023-11-20,NA,NA,CNY
0.59,0.594,0.589,0.589,28601000,159898.SZ,2023-11-21,NA,NA,CNY
0.589,0.591,0.585,0.585,51481700,159898.SZ,2023-11-22,NA,NA,CNY
0.587,0.59,0.584,0.59,37886200,159898.SZ,2023-11-23,NA,NA,CNY
0.59,0.593,0.586,0.592,59351390,159898.SZ,2023-11-24,NA,NA,CNY
0.592,0.592,0.585,0.587,59011700,159898.SZ,2023-11-27,NA,NA,CNY
0.586,0.598,0.584,0.598,60624100,159898.SZ,2023-11-28,NA,NA,CNY
0.596,0.6,0.592,0.594,34860704,159898.SZ,2023-11-29,NA,NA,CNY
0.592,0.599,0.592,0.598,46170900,159898.SZ,2023-11-30,NA,NA,CNY
0.598,0.601,0.594,0.601,53329414,159898.SZ,2023-12-01,NA,NA,CNY
0.602,0.602,0.592,0.594,40955402,159898.SZ,2023-12-04,NA,NA,CNY
0.593,0.597,0.586,0.587,30134000,159898.SZ,2023-12-05,NA,NA,CNY
0.585,0.59,0.581,0.588,55966000,159898.SZ,2023-12-06,NA,NA,CNY
0.588,0.588,0.58,0.584,59651912,159898.SZ,2023-12-07,NA,NA,CNY
0.583,0.601,0.582,0.597,55638900,159898.SZ,2023-12-08,NA,NA,CNY
0.6,0.6,0.588,0.598,34489702,159898.SZ,2023-12-11,NA,NA,CNY
0.598,0.599,0.589,0.591,35691900,159898.SZ,2023-12-12,NA,NA,CNY
0.591,0.596,0.589,0.591,31600000,159898.SZ,2023-12-13,NA,NA,CNY
0.592,0.594,0.584,0.586,41121700,159898.SZ,2023-12-14,NA,NA,CNY
0.587,0.587,0.577,0.578,39370100,159898.SZ,2023-12-15,NA,NA,CNY
0.579,0.585,0.575,0.579,47405400,159898.SZ,2023-12-18,NA,NA,CNY
0.579,0.579,0.573,0.575,49307100,159898.SZ,2023-12-19,NA,NA,CNY
0.58,0.582,0.574,0.575,35882800,159898.SZ,2023-12-20,NA,NA,CNY
0.573,0.577,0.568,0.575,52022800,159898.SZ,2023-12-21,NA,NA,CNY
0.576,0.577,0.569,0.57,44744200,159898.SZ,2023-12-22,NA,NA,CNY
0.57,0.574,0.569,0.574,37481505,159898.SZ,2023-12-25,NA,NA,CNY
0.572,0.572,0.564,0.568,26600100,159898.SZ,2023-12-26,NA,NA,CNY
0.566,0.572,0.565,0.57,42339500,159898.SZ,2023-12-27,NA,NA,CNY
0.57,0.581,0.567,0.58,36032700,159898.SZ,2023-12-28,NA,NA,CNY
0.581,0.589,0.581,0.589,62915900,159898.SZ,2023-12-29,NA,NA,CNY
0.591,0.591,0.581,0.584,41591200,159898.SZ,2024-01-02,NA,NA,CNY
0.587,0.588,0.58,0.581,35790200,159898.SZ,2024-01-03,NA,NA,CNY
0.579,0.582,0.576,0.581,52008500,159898.SZ,2024-01-04,NA,NA,CNY
0.582,0.582,0.567,0.569,50282800,159898.SZ,2024-01-05,NA,NA,CNY
0.574,0.574,0.56,0.56,55433000,159898.SZ,2024-01-08,NA,NA,CNY
0.56,0.568,0.558,0.563,39711103,159898.SZ,2024-01-09,NA,NA,CNY
0.563,0.568,0.559,0.561,50041823,159898.SZ,2024-01-10,NA,NA,CNY
0.561,0.57,0.559,0.568,51124801,159898.SZ,2024-01-11,NA,NA,CNY
0.565,0.57,0.56,0.561,40591300,159898.SZ,2024-01-12,NA,NA,CNY
0.559,0.565,0.555,0.56,30343400,159898.SZ,2024-01-15,NA,NA,CNY
0.558,0.558,0.548,0.556,57411700,159898.SZ,2024-01-16,NA,NA,CNY
0.554,0.555,0.541,0.542,31311903,159898.SZ,2024-01-17,NA,NA,CNY
0.539,0.544,0.527,0.541,46775614,159898.SZ,2024-01-18,NA,NA,CNY
0.541,0.548,0.541,0.546,53252200,159898.SZ,2024-01-19,NA,NA,CNY
0.546,0.546,0.516,0.523,53323905,159898.SZ,2024-01-22,NA,NA,CNY
0.523,0.527,0.514,0.526,43108306,159898.SZ,2024-01-23,NA,NA,CNY
0.528,0.531,0.514,0.529,58675103,159898.SZ,2024-01-24,NA,NA,CNY
0.53,0.542,0.526,0.54,52167200,159898.SZ,2024-01-25,NA,NA,CNY
0.54,0.543,0.53,0.534,49830300,159898.SZ,2024-01-26,NA,NA,CNY
0.536,0.536,0.519,0.519,55497508,159898.SZ,2024-01-29,NA,NA,CNY
0.519,0.52,0.511,0.512,62964658,159898.SZ,2024-01-30,NA,NA,CNY
0.516,0.516,0.494,0.496,33648003,159898.SZ,2024-01-31,NA,NA,CNY
0.492,0.507,0.49,0.499,44010215,159898.SZ,2024-02-01,NA,NA,CNY
0.499,0.501,0.475,0.488,47700800,159898.SZ,2024-02-02,NA,NA,CNY
0.486,0.5,0.464,0.488,48841022,159898.SZ,2024-02-05,NA,NA,CNY
0.485,0.525,0.484,0.519,44277200,159898.SZ,2024-02-06,NA,NA,CNY
0.519,0.541,0.519,0.535,52523709,159898.SZ,2024-02-07,NA,NA,CNY
0.537,0.554,0.537,0.542,28351512,159898.SZ,2024-02-08,NA,NA,CNY
0.56,0.56,0.537,0.541,14865900,159898.SZ,2024-02-19,NA,NA,CNY
0.542,0.546,0.539,0.543,11108407,159898.SZ,2024-02-20,NA,NA,CNY
0.541,0.553,0.538,0.546,34666303,159898.SZ,2024-02-21,NA,NA,CNY
0.545,0.545,0.539,0.545,35643015,159898.SZ,2024-02-22,NA,NA,CNY
0.545,0.545,0.536,0.543,32202619,159898.SZ,2024-02-23,NA,NA,CNY
0.545,0.553,0.54,0.548,32702600,159898.SZ,2024-02-26,NA,NA,CNY
0.547,0.553,0.543,0.553,33513908,159898.SZ,2024-02-27,NA,NA,CNY
0.555,0.565,0.542,0.542,46065300,159898.SZ,2024-02-28,NA,NA,CNY
0.541,0.554,0.54,0.554,27313700,159898.SZ,2024-02-29,NA,NA,CNY
0.555,0.555,0.548,0.554,18541400,159898.SZ,2024-03-01,NA,NA,CNY
0.555,0.562,0.551,0.558,35208600,159898.SZ,2024-03-04,NA,NA,CNY
0.559,0.559,0.553,0.557,37137600,159898.SZ,2024-03-05,NA,NA,CNY
0.555,0.561,0.549,0.553,30301807,159898.SZ,2024-03-06,NA,NA,CNY
0.552,0.554,0.543,0.543,32085900,159898.SZ,2024-03-07,NA,NA,CNY
0.546,0.547,0.539,0.544,27724301,159898.SZ,2024-03-08,NA,NA,CNY
0.544,0.559,0.544,0.559,29195101,159898.SZ,2024-03-11,NA,NA,CNY
0.554,0.566,0.554,0.566,39729500,159898.SZ,2024-03-12,NA,NA,CNY
0.562,0.563,0.558,0.561,22559400,159898.SZ,2024-03-13,NA,NA,CNY
0.563,0.571,0.558,0.561,21176200,159898.SZ,2024-03-14,NA,NA,CNY
0.56,0.567,0.556,0.563,19817900,159898.SZ,2024-03-15,NA,NA,CNY
0.563,0.569,0.559,0.569,27013806,159898.SZ,2024-03-18,NA,NA,CNY
0.569,0.571,0.565,0.565,17697200,159898.SZ,2024-03-19,NA,NA,CNY
0.563,0.569,0.559,0.565,35826507,159898.SZ,2024-03-20,NA,NA,CNY
0.565,0.568,0.56,0.561,25929602,159898.SZ,2024-03-21,NA,NA,CNY
0.559,0.559,0.55,0.554,35085000,159898.SZ,2024-03-22,NA,NA,CNY
0.55,0.555,0.542,0.543,32980004,159898.SZ,2024-03-25,NA,NA,CNY
0.542,0.545,0.539,0.54,23681015,159898.SZ,2024-03-26,NA,NA,CNY
0.54,0.544,0.534,0.534,26333100,159898.SZ,2024-03-27,NA,NA,CNY
0.533,0.538,0.529,0.533,21034600,159898.SZ,2024-03-28,NA,NA,CNY
0.533,0.536,0.53,0.535,19089002,159898.SZ,2024-03-29,NA,NA,CNY
0.538,0.544,0.537,0.544,23189400,159898.SZ,2024-04-01,NA,NA,CNY
0.545,0.545,0.537,0.538,20984002,159898.SZ,2024-04-02,NA,NA,CNY
0.538,0.539,0.533,0.536,26744300,159898.SZ,2024-04-03,NA,NA,CNY
0.539,0.539,0.52,0.521,31454902,159898.SZ,2024-04-08,NA,NA,CNY
0.518,0.53,0.518,0.529,24565400,159898.SZ,2024-04-09,NA,NA,CNY
0.529,0.529,0.519,0.521,19357800,159898.SZ,2024-04-10,NA,NA,CNY
0.518,0.522,0.516,0.517,28415100,159898.SZ,2024-04-11,NA,NA,CNY
0.519,0.521,0.514,0.514,22970800,159898.SZ,2024-04-12,NA,NA,CNY
0.513,0.522,0.511,0.516,30888700,159898.SZ,2024-04-15,NA,NA,CNY
0.516,0.516,0.502,0.503,23840201,159898.SZ,2024-04-16,NA,NA,CNY
0.504,0.512,0.504,0.509,30130900,159898.SZ,2024-04-17,NA,NA,CNY
0.51,0.517,0.505,0.51,61130903,159898.SZ,2024-04-18,NA,NA,CNY
0.509,0.509,0.501,0.506,26309800,159898.SZ,2024-04-19,NA,NA,CNY
0.506,0.518,0.504,0.514,18973001,159898.SZ,2024-04-22,NA,NA,CNY
0.518,0.523,0.511,0.521,29139300,159898.SZ,2024-04-23,NA,NA,CNY
0.519,0.524,0.518,0.523,22914900,159898.SZ,2024-04-24,NA,NA,CNY
0.521,0.53,0.521,0.527,22979500,159898.SZ,2024-04-25,NA,NA,CNY
0.525,0.535,0.525,0.533,26933400,159898.SZ,2024-04-26,NA,NA,CNY
0.535,0.551,0.535,0.548,26636800,159898.SZ,2024-04-29,NA,NA,CNY
0.547,0.552,0.546,0.55,23720700,159898.SZ,2024-04-30,NA,NA,CNY
0.558,0.564,0.554,0.563,26489800,159898.SZ,2024-05-06,NA,NA,CNY
0.563,0.568,0.563,0.566,13184300,159898.SZ,2024-05-07,NA,NA,CNY
0.566,0.572,0.563,0.564,30105100,159898.SZ,2024-05-08,NA,NA,CNY
0.562,0.571,0.562,0.567,25438200,159898.SZ,2024-05-09,NA,NA,CNY
0.57,0.572,0.564,0.564,23165715,159898.SZ,2024-05-10,NA,NA,CNY
0.565,0.565,0.557,0.56,36066600,159898.SZ,2024-05-13,NA,NA,CNY
0.565,0.566,0.559,0.564,23180201,159898.SZ,2024-05-14,NA,NA,CNY
0.569,0.569,0.557,0.557,21111600,159898.SZ,2024-05-15,NA,NA,CNY
0.557,0.559,0.55,0.55,15194100,159898.SZ,2024-05-16,NA,NA,CNY
0.555,0.556,0.549,0.553,28783200,159898.SZ,2024-05-17,NA,NA,CNY
0.567,0.567,0.548,0.554,26038000,159898.SZ,2024-05-20,NA,NA,CNY
0.555,0.555,0.549,0.55,19354000,159898.SZ,2024-05-21,NA,NA,CNY
0.553,0.554,0.547,0.552,17532200,159898.SZ,2024-05-22,NA,NA,CNY
0.549,0.549,0.541,0.543,15229800,159898.SZ,2024-05-23,NA,NA,CNY
0.539,0.544,0.535,0.536,19018101,159898.SZ,2024-05-24,NA,NA,CNY
0.537,0.537,0.523,0.536,24749100,159898.SZ,2024-05-27,NA,NA,CNY
0.534,0.535,0.53,0.532,20065600,159898.SZ,2024-05-28,NA,NA,CNY
0.531,0.535,0.53,0.532,20995300,159898.SZ,2024-05-29,NA,NA,CNY
0.532,0.534,0.529,0.532,19246900,159898.SZ,2024-05-30,NA,NA,CNY
0.534,0.536,0.533,0.533,15492200,159898.SZ,2024-05-31,NA,NA,CNY
0.535,0.535,0.527,0.529,9321302,159898.SZ,2024-06-03,NA,NA,CNY
0.531,0.534,0.526,0.533,19859200,159898.SZ,2024-06-04,NA,NA,CNY
0.534,0.54,0.531,0.532,15636000,159898.SZ,2024-06-05,NA,NA,CNY
0.533,0.533,0.523,0.524,24733707,159898.SZ,2024-06-06,NA,NA,CNY
0.525,0.528,0.52,0.522,21288600,159898.SZ,2024-06-07,NA,NA,CNY
0.523,0.528,0.517,0.527,19424401,159898.SZ,2024-06-11,NA,NA,CNY
0.526,0.529,0.524,0.525,19158406,159898.SZ,2024-06-12,NA,NA,CNY
0.525,0.525,0.519,0.52,18458200,159898.SZ,2024-06-13,NA,NA,CNY
0.52,0.52,0.511,0.518,28654600,159898.SZ,2024-06-14,NA,NA,CNY
0.515,0.516,0.513,0.514,27429101,159898.SZ,2024-06-17,NA,NA,CNY
0.515,0.517,0.51,0.512,11471600,159898.SZ,2024-06-18,NA,NA,CNY
0.512,0.514,0.507,0.508,13746003,159898.SZ,2024-06-19,NA,NA,CNY
0.507,0.513,0.504,0.505,19856900,159898.SZ,2024-06-20,NA,NA,CNY
0.503,0.507,0.501,0.506,20916200,159898.SZ,2024-06-21,NA,NA,CNY
0.503,0.504,0.495,0.496,33812200,159898.SZ,2024-06-24,NA,NA,CNY
0.496,0.498,0.491,0.493,28998400,159898.SZ,2024-06-25,NA,NA,CNY
0.494,0.507,0.493,0.507,35502800,159898.SZ,2024-06-26,NA,NA,CNY
0.502,0.505,0.496,0.497,22301200,159898.SZ,2024-06-27,NA,NA,CNY
0.493,0.502,0.491,0.492,26317600,159898.SZ,2024-06-28,NA,NA,CNY
0.492,0.494,0.484,0.492,6073600,159898.SZ,2024-07-01,NA,NA,CNY
0.492,0.492,0.485,0.486,17426301,159898.SZ,2024-07-02,NA,NA,CNY
0.485,0.485,0.479,0.48,17226500,159898.SZ,2024-07-03,NA,NA,CNY
0.48,0.48,0.47,0.472,31092306,159898.SZ,2024-07-04,NA,NA,CNY
0.472,0.485,0.469,0.484,13576004,159898.SZ,2024-07-05,NA,NA,CNY
0.482,0.483,0.468,0.469,31137000,159898.SZ,2024-07-08,NA,NA,CNY
0.469,0.473,0.462,0.471,16688401,159898.SZ,2024-07-09,NA,NA,CNY
0.471,0.478,0.47,0.473,32450900,159898.SZ,2024-07-10,NA,NA,CNY
0.477,0.486,0.475,0.484,31412800,159898.SZ,2024-07-11,NA,NA,CNY
0.484,0.489,0.484,0.487,18121900,159898.SZ,2024-07-12,NA,NA,CNY
0.487,0.487,0.477,0.479,12577001,159898.SZ,2024-07-15,NA,NA,CNY
0.477,0.478,0.474,0.477,19026405,159898.SZ,2024-07-16,NA,NA,CNY
0.477,0.487,0.475,0.487,37260101,159898.SZ,2024-07-17,NA,NA,CNY
0.486,0.493,0.481,0.49,39856202,159898.SZ,2024-07-18,NA,NA,CNY
0.49,0.494,0.488,0.492,22538700,159898.SZ,2024-07-19,NA,NA,CNY
0.492,0.497,0.49,0.495,20799901,159898.SZ,2024-07-22,NA,NA,CNY
0.495,0.495,0.477,0.479,20783000,159898.SZ,2024-07-23,NA,NA,CNY
0.478,0.478,0.468,0.47,27684900,159898.SZ,2024-07-24,NA,NA,CNY
0.468,0.474,0.467,0.471,21467300,159898.SZ,2024-07-25,NA,NA,CNY
0.473,0.475,0.468,0.474,34547902,159898.SZ,2024-07-26,NA,NA,CNY
0.477,0.477,0.465,0.465,17485300,159898.SZ,2024-07-29,NA,NA,CNY
0.464,0.465,0.457,0.459,23495912,159898.SZ,2024-07-30,NA,NA,CNY
0.459,0.481,0.459,0.481,32058602,159898.SZ,2024-07-31,NA,NA,CNY
0.481,0.484,0.472,0.476,11261300,159898.SZ,2024-08-01,NA,NA,CNY
0.473,0.489,0.473,0.479,32876403,159898.SZ,2024-08-02,NA,NA,CNY
0.482,0.488,0.475,0.479,6097800,159898.SZ,2024-08-05,NA,NA,CNY
0.48,0.487,0.479,0.485,29997400,159898.SZ,2024-08-06,NA,NA,CNY
0.486,0.486,0.479,0.484,12938500,159898.SZ,2024-08-07,NA,NA,CNY
0.48,0.49,0.48,0.487,15111501,159898.SZ,2024-08-08,NA,NA,CNY
0.488,0.491,0.48,0.481,11052900,159898.SZ,2024-08-09,NA,NA,CNY
0.48,0.49,0.48,0.485,9391500,159898.SZ,2024-08-12,NA,NA,CNY
0.486,0.486,0.476,0.481,25312900,159898.SZ,2024-08-13,NA,NA,CNY
0.48,0.48,0.472,0.474,11413000,159898.SZ,2024-08-14,NA,NA,CNY
0.475,0.482,0.473,0.475,23081600,159898.SZ,2024-08-15,NA,NA,CNY
0.475,0.479,0.47,0.478,20351500,159898.SZ,2024-08-16,NA,NA,CNY
0.478,0.482,0.474,0.474,15367306,159898.SZ,2024-08-19,NA,NA,CNY
0.473,0.473,0.464,0.465,25392300,159898.SZ,2024-08-20,NA,NA,CNY
0.466,0.466,0.46,0.461,10920701,159898.SZ,2024-08-21,NA,NA,CNY
0.461,0.461,0.453,0.454,5785001,159898.SZ,2024-08-22,NA,NA,CNY
0.454,0.454,0.448,0.452,14715300,159898.SZ,2024-08-23,NA,NA,CNY
0.448,0.45,0.444,0.446,16328601,159898.SZ,2024-08-26,NA,NA,CNY
0.446,0.449,0.443,0.445,17488102,159898.SZ,2024-08-27,NA,NA,CNY
0.449,0.449,0.442,0.444,15462317,159898.SZ,2024-08-28,NA,NA,CNY
0.443,0.453,0.44,0.451,21582416,159898.SZ,2024-08-29,NA,NA,CNY
0.452,0.468,0.452,0.463,50724500,159898.SZ,2024-08-30,NA,NA,CNY
0.461,0.461,0.452,0.452,21592100,159898.SZ,2024-09-02,NA,NA,CNY
0.451,0.458,0.45,0.453,13590600,159898.SZ,2024-09-03,NA,NA,CNY
0.455,0.461,0.451,0.457,21228200,159898.SZ,2024-09-04,NA,NA,CNY
0.456,0.465,0.456,0.462,13883507,159898.SZ,2024-09-05,NA,NA,CNY
0.462,0.462,0.451,0.452,7820300,159898.SZ,2024-09-06,NA,NA,CNY
0.452,0.457,0.45,0.453,22875700,159898.SZ,2024-09-09,NA,NA,CNY
0.454,0.454,0.446,0.452,18545204,159898.SZ,2024-09-10,NA,NA,CNY
0.455,0.456,0.447,0.453,25292602,159898.SZ,2024-09-11,NA,NA,CNY
0.453,0.457,0.447,0.447,20711900,159898.SZ,2024-09-12,NA,NA,CNY
0.447,0.449,0.442,0.442,26110500,159898.SZ,2024-09-13,NA,NA,CNY
0.442,0.442,0.432,0.433,4071200,159898.SZ,2024-09-18,NA,NA,CNY
0.434,0.443,0.431,0.439,22161701,159898.SZ,2024-09-19,NA,NA,CNY
0.437,0.44,0.431,0.433,25340200,159898.SZ,2024-09-20,NA,NA,CNY
0.435,0.437,0.429,0.43,20487806,159898.SZ,2024-09-23,NA,NA,CNY
0.434,0.448,0.43,0.445,29949103,159898.SZ,2024-09-24,NA,NA,CNY
0.447,0.459,0.447,0.45,5244607,159898.SZ,2024-09-25,NA,NA,CNY
0.451,0.474,0.444,0.472,31703701,159898.SZ,2024-09-26,NA,NA,CNY
0.5,0.519,0.482,0.517,40552994,159898.SZ,2024-09-27,NA,NA,CNY
0.552,0.569,0.519,0.569,43310080,159898.SZ,2024-09-30,NA,NA,CNY
0.626,0.626,0.569,0.626,45203414,159898.SZ,2024-10-08,NA,NA,CNY
0.609,0.61,0.565,0.566,37983114,159898.SZ,2024-10-09,NA,NA,CNY
0.565,0.582,0.554,0.561,22521006,159898.SZ,2024-10-10,NA,NA,CNY
0.554,0.556,0.523,0.528,24569100,159898.SZ,2024-10-11,NA,NA,CNY
0.528,0.539,0.519,0.537,12297216,159898.SZ,2024-10-14,NA,NA,CNY
0.535,0.539,0.52,0.521,11864311,159898.SZ,2024-10-15,NA,NA,CNY
0.519,0.524,0.512,0.517,9891200,159898.SZ,2024-10-16,NA,NA,CNY
0.516,0.524,0.511,0.513,8085802,159898.SZ,2024-10-17,NA,NA,CNY
0.51,0.551,0.508,0.536,18516304,159898.SZ,2024-10-18,NA,NA,CNY
0.54,0.545,0.526,0.535,16125604,159898.SZ,2024-10-21,NA,NA,CNY
0.538,0.543,0.533,0.54,8440550,159898.SZ,2024-10-22,NA,NA,CNY
0.541,0.547,0.535,0.541,12362400,159898.SZ,2024-10-23,NA,NA,CNY
0.538,0.546,0.536,0.541,18192100,159898.SZ,2024-10-24,NA,NA,CNY
0.541,0.554,0.537,0.552,10552802,159898.SZ,2024-10-25,NA,NA,CNY
0.555,0.562,0.547,0.562,28011707,159898.SZ,2024-10-28,NA,NA,CNY
0.565,0.566,0.542,0.544,21649600,159898.SZ,2024-10-29,NA,NA,CNY
0.536,0.545,0.531,0.535,10581705,159898.SZ,2024-10-30,NA,NA,CNY
0.535,0.538,0.53,0.535,10267613,159898.SZ,2024-10-31,NA,NA,CNY
0.53,0.537,0.528,0.531,12658500,159898.SZ,2024-11-01,NA,NA,CNY
0.531,0.535,0.528,0.535,10329000,159898.SZ,2024-11-04,NA,NA,CNY
0.536,0.548,0.53,0.546,30377100,159898.SZ,2024-11-05,NA,NA,CNY
0.549,0.553,0.539,0.544,14818802,159898.SZ,2024-11-06,NA,NA,CNY
0.544,0.561,0.536,0.561,31037300,159898.SZ,2024-11-07,NA,NA,CNY
0.566,0.571,0.561,0.563,30301201,159898.SZ,2024-11-08,NA,NA,CNY
0.561,0.572,0.556,0.572,35459131,159898.SZ,2024-11-11,NA,NA,CNY
0.572,0.591,0.571,0.577,34054714,159898.SZ,2024-11-12,NA,NA,CNY
0.58,0.583,0.565,0.573,30360103,159898.SZ,2024-11-13,NA,NA,CNY
0.573,0.575,0.553,0.554,40795400,159898.SZ,2024-11-14,NA,NA,CNY
0.55,0.557,0.543,0.544,39532200,159898.SZ,2024-11-15,NA,NA,CNY
0.543,0.547,0.532,0.535,49062800,159898.SZ,2024-11-18,NA,NA,CNY
0.535,0.545,0.532,0.543,41211602,159898.SZ,2024-11-19,NA,NA,CNY
0.545,0.56,0.543,0.559,53063301,159898.SZ,2024-11-20,NA,NA,CNY
0.56,0.56,0.549,0.554,32028400,159898.SZ,2024-11-21,NA,NA,CNY
0.554,0.554,0.531,0.531,36010200,159898.SZ,2024-11-22,NA,NA,CNY
0.532,0.538,0.526,0.533,30064706,159898.SZ,2024-11-25,NA,NA,CNY
0.532,0.541,0.532,0.533,33460409,159898.SZ,2024-11-26,NA,NA,CNY
0.533,0.541,0.524,0.54,32719200,159898.SZ,2024-11-27,NA,NA,CNY
0.541,0.543,0.531,0.532,39567601,159898.SZ,2024-11-28,NA,NA,CNY
0.534,0.546,0.529,0.539,45570101,159898.SZ,2024-11-29,NA,NA,CNY
0.541,0.556,0.541,0.551,33009900,159898.SZ,2024-12-02,NA,NA,CNY
0.554,0.554,0.545,0.549,30753500,159898.SZ,2024-12-03,NA,NA,CNY
0.549,0.549,0.54,0.542,39014700,159898.SZ,2024-12-04,NA,NA,CNY
0.542,0.546,0.539,0.544,30650900,159898.SZ,2024-12-05,NA,NA,CNY
0.548,0.558,0.545,0.555,48497111,159898.SZ,2024-12-06,NA,NA,CNY
0.555,0.557,0.547,0.551,29768700,159898.SZ,2024-12-09,NA,NA,CNY
0.564,0.606,0.553,0.555,43384101,159898.SZ,2024-12-10,NA,NA,CNY
0.555,0.558,0.552,0.557,16477801,159898.SZ,2024-12-11,NA,NA,CNY
0.557,0.564,0.555,0.563,40945305,159898.SZ,2024-12-12,NA,NA,CNY
0.56,0.561,0.55,0.552,26978900,159898.SZ,2024-12-13,NA,NA,CNY
0.554,0.554,0.541,0.543,23848600,159898.SZ,2024-12-16,NA,NA,CNY
0.544,0.544,0.534,0.535,20391800,159898.SZ,2024-12-17,NA,NA,CNY
0.539,0.539,0.533,0.535,21218716,159898.SZ,2024-12-18,NA,NA,CNY
0.534,0.535,0.529,0.534,19987200,159898.SZ,2024-12-19,NA,NA,CNY
0.534,0.539,0.532,0.535,14763000,159898.SZ,2024-12-20,NA,NA,CNY
0.535,0.535,0.526,0.528,18437100,159898.SZ,2024-12-23,NA,NA,CNY
0.527,0.534,0.527,0.533,18024000,159898.SZ,2024-12-24,NA,NA,CNY
0.542,0.542,0.528,0.53,25940806,159898.SZ,2024-12-25,NA,NA,CNY
0.532,0.532,0.528,0.529,17860014,159898.SZ,2024-12-26,NA,NA,CNY
0.528,0.535,0.527,0.532,24585200,159898.SZ,2024-12-27,NA,NA,CNY
0.531,0.533,0.527,0.528,22080500,159898.SZ,2024-12-30,NA,NA,CNY
0.529,0.53,0.519,0.521,11764400,159898.SZ,2024-12-31,NA,NA,CNY
0.521,0.521,0.504,0.507,24333000,159898.SZ,2025-01-02,NA,NA,CNY
0.507,0.513,0.501,0.502,27999013,159898.SZ,2025-01-03,NA,NA,CNY
0.506,0.513,0.503,0.508,35642700,159898.SZ,2025-01-06,NA,NA,CNY
0.508,0.508,0.495,0.502,23069803,159898.SZ,2025-01-07,NA,NA,CNY
0.501,0.501,0.488,0.497,28460503,159898.SZ,2025-01-08,NA,NA,CNY
0.495,0.498,0.492,0.492,21984000,159898.SZ,2025-01-09,NA,NA,CNY
0.493,0.495,0.485,0.486,32946201,159898.SZ,2025-01-10,NA,NA,CNY
0.486,0.491,0.484,0.488,21192603,159898.SZ,2025-01-13,NA,NA,CNY
0.491,0.503,0.489,0.502,21724001,159898.SZ,2025-01-14,NA,NA,CNY
0.501,0.501,0.496,0.498,26623115,159898.SZ,2025-01-15,NA,NA,CNY
0.5,0.505,0.496,0.498,22810702,159898.SZ,2025-01-16,NA,NA,CNY
0.497,0.503,0.496,0.501,27535700,159898.SZ,2025-01-17,NA,NA,CNY
0.504,0.507,0.502,0.503,26996300,159898.SZ,2025-01-20,NA,NA,CNY
0.504,0.505,0.496,0.503,21170800,159898.SZ,2025-01-21,NA,NA,CNY
0.501,0.501,0.493,0.497,20367900,159898.SZ,2025-01-22,NA,NA,CNY
0.499,0.505,0.498,0.499,27198500,159898.SZ,2025-01-23,NA,NA,CNY
0.499,0.502,0.497,0.5,15658200,159898.SZ,2025-01-24,NA,NA,CNY
0.501,0.504,0.498,0.5,15991200,159898.SZ,2025-01-27,NA,NA,CNY
0.504,0.504,0.498,0.499,28337246,159898.SZ,2025-02-05,NA,NA,CNY
0.5,0.507,0.495,0.507,28679300,159898.SZ,2025-02-06,NA,NA,CNY
0.507,0.522,0.506,0.52,35294507,159898.SZ,2025-02-07,NA,NA,CNY
0.518,0.531,0.515,0.531,31716700,159898.SZ,2025-02-10,NA,NA,CNY
0.531,0.532,0.524,0.527,26638307,159898.SZ,2025-02-11,NA,NA,CNY
0.524,0.528,0.522,0.527,26351306,159898.SZ,2025-02-12,NA,NA,CNY
0.524,0.529,0.523,0.523,24009800,159898.SZ,2025-02-13,NA,NA,CNY
0.523,0.548,0.523,0.545,51530200,159898.SZ,2025-02-14,NA,NA,CNY
0.568,0.568,0.547,0.552,50353200,159898.SZ,2025-02-17,NA,NA,CNY
0.551,0.551,0.534,0.537,35473800,159898.SZ,2025-02-18,NA,NA,CNY
0.536,0.544,0.531,0.543,15061116,159898.SZ,2025-02-19,NA,NA,CNY
0.545,0.557,0.543,0.552,17645800,159898.SZ,2025-02-20,NA,NA,CNY
0.552,0.561,0.545,0.554,23128300,159898.SZ,2025-02-21,NA,NA,CNY
0.553,0.554,0.543,0.547,21316700,159898.SZ,2025-02-24,NA,NA,CNY
0.543,0.546,0.537,0.54,21308701,159898.SZ,2025-02-25,NA,NA,CNY
0.541,0.541,0.536,0.54,20571500,159898.SZ,2025-02-26,NA,NA,CNY
0.54,0.542,0.534,0.54,17349600,159898.SZ,2025-02-27,NA,NA,CNY
0.539,0.543,0.527,0.527,29376200,159898.SZ,2025-02-28,NA,NA,CNY
0.528,0.539,0.528,0.532,23873689,159898.SZ,2025-03-03,NA,NA,CNY
0.53,0.538,0.528,0.538,21320100,159898.SZ,2025-03-04,NA,NA,CNY
0.538,0.538,0.529,0.533,23607601,159898.SZ,2025-03-05,NA,NA,CNY
0.535,0.543,0.532,0.542,26894807,159898.SZ,2025-03-06,NA,NA,CNY
0.542,0.542,0.535,0.537,18413300,159898.SZ,2025-03-07,NA,NA,CNY
0.551,0.552,0.538,0.543,28331900,159898.SZ,2025-03-10,NA,NA,CNY
0.534,0.544,0.534,0.542,22342500,159898.SZ,2025-03-11,NA,NA,CNY
0.54,0.543,0.537,0.537,19428800,159898.SZ,2025-03-12,NA,NA,CNY
0.537,0.538,0.531,0.535,21159700,159898.SZ,2025-03-13,NA,NA,CNY
0.535,0.545,0.533,0.544,27559603,159898.SZ,2025-03-14,NA,NA,CNY
0.545,0.547,0.54,0.543,41819400,159898.SZ,2025-03-17,NA,NA,CNY
0.543,0.548,0.541,0.544,28962301,159898.SZ,2025-03-18,NA,NA,CNY
0.542,0.545,0.541,0.542,23842200,159898.SZ,2025-03-19,NA,NA,CNY
0.543,0.544,0.536,0.538,27803302,159898.SZ,2025-03-20,NA,NA,CNY
0.538,0.538,0.528,0.529,28344100,159898.SZ,2025-03-21,NA,NA,CNY
0.529,0.531,0.519,0.525,14856907,159898.SZ,2025-03-24,NA,NA,CNY
0.525,0.529,0.523,0.526,26291900,159898.SZ,2025-03-25,NA,NA,CNY
0.528,0.529,0.526,0.528,24029100,159898.SZ,2025-03-26,NA,NA,CNY
0.528,0.532,0.519,0.531,27854800,159898.SZ,2025-03-27,NA,NA,CNY
0.531,0.536,0.527,0.528,23503000,159898.SZ,2025-03-28,NA,NA,CNY
0.528,0.528,0.516,0.519,27553400,159898.SZ,2025-03-31,NA,NA,CNY
0.521,0.539,0.521,0.534,47525700,159898.SZ,2025-04-01,NA,NA,CNY
0.533,0.537,0.531,0.533,21562000,159898.SZ,2025-04-02,NA,NA,CNY
0.53,0.536,0.525,0.528,21645300,159898.SZ,2025-04-03,NA,NA,CNY
0.505,0.516,0.475,0.476,30167104,159898.SZ,2025-04-07,NA,NA,CNY
0.478,0.495,0.478,0.488,31543402,159898.SZ,2025-04-08,NA,NA,CNY
0.464,0.494,0.464,0.492,26792302,159898.SZ,2025-04-09,NA,NA,CNY
0.502,0.507,0.495,0.501,22414705,159898.SZ,2025-04-10,NA,NA,CNY
0.498,0.505,0.497,0.502,18375803,159898.SZ,2025-04-11,NA,NA,CNY
0.503,0.508,0.502,0.503,13591010,159898.SZ,2025-04-14,NA,NA,CNY
0.503,0.504,0.498,0.503,18059300,159898.SZ,2025-04-15,NA,NA,CNY
0.504,0.505,0.493,0.496,16796800,159898.SZ,2025-04-16,NA,NA,CNY
0.497,0.502,0.495,0.499,15659500,159898.SZ,2025-04-17,NA,NA,CNY
0.5,0.5,0.494,0.498,12866800,159898.SZ,2025-04-18,NA,NA,CNY
0.499,0.503,0.494,0.502,12888301,159898.SZ,2025-04-21,NA,NA,CNY
0.502,0.507,0.501,0.505,21582900,159898.SZ,2025-04-22,NA,NA,CNY
0.505,0.507,0.5,0.502,18210700,159898.SZ,2025-04-23,NA,NA,CNY
0.501,0.503,0.496,0.497,14357101,159898.SZ,2025-04-24,NA,NA,CNY
0.497,0.501,0.496,0.497,19370900,159898.SZ,2025-04-25,NA,NA,CNY
0.498,0.499,0.49,0.491,14389804,159898.SZ,2025-04-28,NA,NA,CNY
0.49,0.495,0.49,0.494,16828004,159898.SZ,2025-04-29,NA,NA,CNY
0.494,0.501,0.494,0.5,16522600,159898.SZ,2025-04-30,NA,NA,CNY
0.5,0.505,0.499,0.505,20049702,159898.SZ,2025-05-06,NA,NA,CNY
0.506,0.51,0.503,0.506,17693904,159898.SZ,2025-05-07,NA,NA,CNY
0.504,0.509,0.504,0.509,20312807,159898.SZ,2025-05-08,NA,NA,CNY
0.509,0.509,0.505,0.506,17000100,159898.SZ,2025-05-09,NA,NA,CNY
0.507,0.513,0.507,0.513,27884514,159898.SZ,2025-05-12,NA,NA,CNY
0.513,0.52,0.512,0.518,26966909,159898.SZ,2025-05-13,NA,NA,CNY
0.518,0.52,0.514,0.517,25500300,159898.SZ,2025-05-14,NA,NA,CNY
0.518,0.518,0.512,0.514,21487400,159898.SZ,2025-05-15,NA,NA,CNY
0.513,0.515,0.512,0.513,14860700,159898.SZ,2025-05-16,NA,NA,CNY
0.513,0.514,0.509,0.514,22090600,159898.SZ,2025-05-19,NA,NA,CNY
0.514,0.518,0.513,0.516,30860801,159898.SZ,2025-05-20,NA,NA,CNY
0.517,0.519,0.515,0.519,29520048,159898.SZ,2025-05-21,NA,NA,CNY
0.516,0.518,0.512,0.512,26798200,159898.SZ,2025-05-22,NA,NA,CNY
0.512,0.521,0.512,0.516,32651500,159898.SZ,2025-05-23,NA,NA,CNY
0.516,0.519,0.511,0.513,27184300,159898.SZ,2025-05-26,NA,NA,CNY
0.512,0.516,0.511,0.515,28113500,159898.SZ,2025-05-27,NA,NA,CNY
0.515,0.518,0.513,0.514,25689100,159898.SZ,2025-05-28,NA,NA,CNY
0.514,0.522,0.514,0.522,23684202,159898.SZ,2025-05-29,NA,NA,CNY
0.522,0.527,0.521,0.522,33618300,159898.SZ,2025-05-30,NA,NA,CNY
1.435,1.523,1.433,1.503,837720892,515790.SH,2022-06-06,NA,NA,CNY
1.528,1.55,1.499,1.508,718360664,515790.SH,2022-06-07,NA,NA,CNY
1.5,1.519,1.47,1.504,791974024,515790.SH,2022-06-08,NA,NA,CNY
1.496,1.526,1.479,1.495,900830492,515790.SH,2022-06-09,NA,NA,CNY
1.48,1.541,1.47,1.534,820734015,515790.SH,2022-06-10,NA,NA,CNY
1.522,1.561,1.522,1.548,707814916,515790.SH,2022-06-13,NA,NA,CNY
1.527,1.527,1.461,1.518,929839082,515790.SH,2022-06-14,NA,NA,CNY
1.516,1.54,1.482,1.493,819442882,515790.SH,2022-06-15,NA,NA,CNY
1.495,1.553,1.495,1.537,648523108,515790.SH,2022-06-16,NA,NA,CNY
1.527,1.579,1.524,1.572,556386212,515790.SH,2022-06-17,NA,NA,CNY
1.592,1.616,1.564,1.589,625247610,515790.SH,2022-06-20,NA,NA,CNY
1.59,1.609,1.549,1.569,556964664,515790.SH,2022-06-21,NA,NA,CNY
1.568,1.629,1.561,1.592,644942641,515790.SH,2022-06-22,NA,NA,CNY
1.6,1.622,1.567,1.619,541865018,515790.SH,2022-06-23,NA,NA,CNY
1.629,1.67,1.626,1.669,534754803,515790.SH,2022-06-24,NA,NA,CNY
1.688,1.691,1.652,1.667,623740891,515790.SH,2022-06-27,NA,NA,CNY
1.668,1.714,1.645,1.71,552107070,515790.SH,2022-06-28,NA,NA,CNY
1.7,1.71,1.621,1.639,620563330,515790.SH,2022-06-29,NA,NA,CNY
1.628,1.706,1.628,1.692,807872581,515790.SH,2022-06-30,NA,NA,CNY
1.695,1.714,1.66,1.669,485973570,515790.SH,2022-07-01,NA,NA,CNY
1.65,1.706,1.634,1.704,698549642,515790.SH,2022-07-04,NA,NA,CNY
1.705,1.729,1.69,1.724,544314219,515790.SH,2022-07-05,NA,NA,CNY
1.714,1.735,1.692,1.711,438190450,515790.SH,2022-07-06,NA,NA,CNY
1.709,1.774,1.686,1.77,682856578,515790.SH,2022-07-07,NA,NA,CNY
1.786,1.792,1.715,1.72,598781597,515790.SH,2022-07-08,NA,NA,CNY
1.703,1.718,1.658,1.684,638490182,515790.SH,2022-07-11,NA,NA,CNY
1.685,1.724,1.666,1.674,479962983,515790.SH,2022-07-12,NA,NA,CNY
1.67,1.722,1.647,1.707,698110545,515790.SH,2022-07-13,NA,NA,CNY
1.7,1.788,1.696,1.769,605042228,515790.SH,2022-07-14,NA,NA,CNY
1.75,1.788,1.745,1.754,448924269,515790.SH,2022-07-15,NA,NA,CNY
1.759,1.771,1.71,1.757,419901048,515790.SH,2022-07-18,NA,NA,CNY
1.749,1.752,1.708,1.712,353349105,515790.SH,2022-07-19,NA,NA,CNY
1.716,1.736,1.705,1.726,304646613,515790.SH,2022-07-20,NA,NA,CNY
1.725,1.742,1.703,1.704,300881727,515790.SH,2022-07-21,NA,NA,CNY
1.707,1.753,1.703,1.726,410038783,515790.SH,2022-07-22,NA,NA,CNY
1.721,1.725,1.666,1.67,432893647,515790.SH,2022-07-25,NA,NA,CNY
1.663,1.721,1.661,1.704,382160988,515790.SH,2022-07-26,NA,NA,CNY
1.704,1.762,1.698,1.759,548752305,515790.SH,2022-07-27,NA,NA,CNY
1.776,1.794,1.745,1.758,432881041,515790.SH,2022-07-28,NA,NA,CNY
1.758,1.794,1.75,1.756,384954275,515790.SH,2022-07-29,NA,NA,CNY
1.74,1.772,1.713,1.771,339427727,515790.SH,2022-08-01,NA,NA,CNY
1.74,1.762,1.712,1.733,554023843,515790.SH,2022-08-02,NA,NA,CNY
1.74,1.764,1.662,1.675,584137347,515790.SH,2022-08-03,NA,NA,CNY
1.677,1.693,1.641,1.676,477325243,515790.SH,2022-08-04,NA,NA,CNY
1.675,1.688,1.645,1.677,412054564,515790.SH,2022-08-05,NA,NA,CNY
1.67,1.693,1.634,1.692,430565164,515790.SH,2022-08-08,NA,NA,CNY
1.691,1.77,1.682,1.749,630042017,515790.SH,2022-08-09,NA,NA,CNY
1.735,1.771,1.727,1.755,406975752,515790.SH,2022-08-10,NA,NA,CNY
1.763,1.77,1.722,1.758,393613042,515790.SH,2022-08-11,NA,NA,CNY
1.752,1.762,1.723,1.724,286337242,515790.SH,2022-08-12,NA,NA,CNY
1.72,1.803,1.717,1.796,546291782,515790.SH,2022-08-15,NA,NA,CNY
1.799,1.847,1.791,1.825,507194427,515790.SH,2022-08-16,NA,NA,CNY
1.821,1.868,1.82,1.827,431327083,515790.SH,2022-08-17,NA,NA,CNY
1.821,1.876,1.821,1.869,447162069,515790.SH,2022-08-18,NA,NA,CNY
1.867,1.873,1.797,1.821,624374946,515790.SH,2022-08-19,NA,NA,CNY
1.8,1.819,1.776,1.811,386724318,515790.SH,2022-08-22,NA,NA,CNY
1.799,1.859,1.799,1.838,444917453,515790.SH,2022-08-23,NA,NA,CNY
1.838,1.838,1.773,1.775,523244921,515790.SH,2022-08-24,NA,NA,CNY
1.783,1.791,1.715,1.739,462164623,515790.SH,2022-08-25,NA,NA,CNY
1.745,1.764,1.706,1.717,342459300,515790.SH,2022-08-26,NA,NA,CNY
1.678,1.748,1.673,1.745,355652076,515790.SH,2022-08-29,NA,NA,CNY
1.748,1.755,1.711,1.716,347905947,515790.SH,2022-08-30,NA,NA,CNY
1.704,1.719,1.604,1.608,634374284,515790.SH,2022-08-31,NA,NA,CNY
1.605,1.626,1.593,1.609,418860033,515790.SH,2022-09-01,NA,NA,CNY
1.602,1.619,1.56,1.587,450309933,515790.SH,2022-09-02,NA,NA,CNY
1.581,1.629,1.579,1.612,424923797,515790.SH,2022-09-05,NA,NA,CNY
1.619,1.693,1.593,1.69,643273015,515790.SH,2022-09-06,NA,NA,CNY
1.671,1.739,1.67,1.708,448961851,515790.SH,2022-09-07,NA,NA,CNY
1.708,1.732,1.698,1.704,264207298,515790.SH,2022-09-08,NA,NA,CNY
1.705,1.706,1.657,1.679,346644102,515790.SH,2022-09-09,NA,NA,CNY
1.683,1.688,1.642,1.668,268852645,515790.SH,2022-09-13,NA,NA,CNY
1.642,1.673,1.627,1.642,312325367,515790.SH,2022-09-14,NA,NA,CNY
1.645,1.65,1.513,1.532,961512099,515790.SH,2022-09-15,NA,NA,CNY
1.518,1.557,1.511,1.512,511235749,515790.SH,2022-09-16,NA,NA,CNY
1.506,1.533,1.487,1.499,371159629,515790.SH,2022-09-19,NA,NA,CNY
1.514,1.574,1.514,1.546,545555221,515790.SH,2022-09-20,NA,NA,CNY
1.537,1.557,1.516,1.523,368113666,515790.SH,2022-09-21,NA,NA,CNY
1.512,1.558,1.492,1.536,378739918,515790.SH,2022-09-22,NA,NA,CNY
1.532,1.56,1.504,1.521,475806926,515790.SH,2022-09-23,NA,NA,CNY
1.51,1.572,1.502,1.544,446332340,515790.SH,2022-09-26,NA,NA,CNY
1.545,1.565,1.526,1.553,366218900,515790.SH,2022-09-27,NA,NA,CNY
1.553,1.567,1.491,1.493,455941813,515790.SH,2022-09-28,NA,NA,CNY
1.512,1.533,1.48,1.52,411511021,515790.SH,2022-09-29,NA,NA,CNY
1.515,1.525,1.471,1.479,472340299,515790.SH,2022-09-30,NA,NA,CNY
1.473,1.499,1.435,1.446,332697583,515790.SH,2022-10-10,NA,NA,CNY
1.448,1.478,1.448,1.461,328394488,515790.SH,2022-10-11,NA,NA,CNY
1.461,1.523,1.419,1.52,627532266,515790.SH,2022-10-12,NA,NA,CNY
1.508,1.551,1.504,1.514,512524885,515790.SH,2022-10-13,NA,NA,CNY
1.537,1.608,1.509,1.582,818152563,515790.SH,2022-10-14,NA,NA,CNY
1.56,1.57,1.525,1.561,597124579,515790.SH,2022-10-17,NA,NA,CNY
1.57,1.591,1.551,1.567,402459710,515790.SH,2022-10-18,NA,NA,CNY
1.559,1.583,1.541,1.545,358983319,515790.SH,2022-10-19,NA,NA,CNY
1.53,1.53,1.482,1.505,506820512,515790.SH,2022-10-20,NA,NA,CNY
1.503,1.525,1.494,1.512,350466269,515790.SH,2022-10-21,NA,NA,CNY
1.512,1.519,1.465,1.482,436771308,515790.SH,2022-10-24,NA,NA,CNY
1.479,1.541,1.463,1.522,493991198,515790.SH,2022-10-25,NA,NA,CNY
1.52,1.563,1.51,1.559,484885016,515790.SH,2022-10-26,NA,NA,CNY
1.586,1.62,1.546,1.548,508252786,515790.SH,2022-10-27,NA,NA,CNY
1.53,1.556,1.494,1.499,422645225,515790.SH,2022-10-28,NA,NA,CNY
1.488,1.513,1.467,1.479,462165239,515790.SH,2022-10-31,NA,NA,CNY
1.479,1.545,1.479,1.542,525683477,515790.SH,2022-11-01,NA,NA,CNY
1.533,1.569,1.521,1.56,471197462,515790.SH,2022-11-02,NA,NA,CNY
1.544,1.6,1.544,1.573,401006323,515790.SH,2022-11-03,NA,NA,CNY
1.575,1.647,1.574,1.645,659757687,515790.SH,2022-11-04,NA,NA,CNY
1.639,1.654,1.616,1.63,374802556,515790.SH,2022-11-07,NA,NA,CNY
1.632,1.632,1.587,1.607,360887327,515790.SH,2022-11-08,NA,NA,CNY
1.601,1.604,1.571,1.575,407921778,515790.SH,2022-11-09,NA,NA,CNY
1.562,1.569,1.528,1.537,464505420,515790.SH,2022-11-10,NA,NA,CNY
1.582,1.592,1.534,1.544,593214051,515790.SH,2022-11-11,NA,NA,CNY
1.532,1.545,1.484,1.496,734866399,515790.SH,2022-11-14,NA,NA,CNY
1.494,1.529,1.491,1.528,591440546,515790.SH,2022-11-15,NA,NA,CNY
1.529,1.53,1.496,1.499,518244717,515790.SH,2022-11-16,NA,NA,CNY
1.489,1.495,1.46,1.477,775969186,515790.SH,2022-11-17,NA,NA,CNY
1.477,1.507,1.329,1.483,532114538,515790.SH,2022-11-18,NA,NA,CNY
1.475,1.497,1.468,1.489,382153338,515790.SH,2022-11-21,NA,NA,CNY
1.482,1.485,1.443,1.452,436831626,515790.SH,2022-11-22,NA,NA,CNY
1.449,1.507,1.439,1.5,597700174,515790.SH,2022-11-23,NA,NA,CNY
1.499,1.513,1.489,1.493,364898241,515790.SH,2022-11-24,NA,NA,CNY
1.481,1.482,1.451,1.454,371176037,515790.SH,2022-11-25,NA,NA,CNY
1.426,1.449,1.42,1.443,304420893,515790.SH,2022-11-28,NA,NA,CNY
1.444,1.459,1.433,1.445,363545458,515790.SH,2022-11-29,NA,NA,CNY
1.445,1.464,1.437,1.447,344975142,515790.SH,2022-11-30,NA,NA,CNY
1.467,1.479,1.452,1.467,551306146,515790.SH,2022-12-01,NA,NA,CNY
1.461,1.501,1.457,1.482,489240568,515790.SH,2022-12-02,NA,NA,CNY
1.472,1.474,1.43,1.441,679626179,515790.SH,2022-12-05,NA,NA,CNY
1.437,1.445,1.412,1.429,481430744,515790.SH,2022-12-06,NA,NA,CNY
1.42,1.448,1.418,1.43,446678934,515790.SH,2022-12-07,NA,NA,CNY
1.427,1.464,1.421,1.439,474767521,515790.SH,2022-12-08,NA,NA,CNY
1.437,1.44,1.42,1.429,409537600,515790.SH,2022-12-09,NA,NA,CNY
1.422,1.425,1.402,1.409,352624302,515790.SH,2022-12-12,NA,NA,CNY
1.408,1.412,1.37,1.373,535053071,515790.SH,2022-12-13,NA,NA,CNY
1.373,1.381,1.352,1.363,325906295,515790.SH,2022-12-14,NA,NA,CNY
1.36,1.381,1.354,1.381,402601448,515790.SH,2022-12-15,NA,NA,CNY
1.374,1.374,1.342,1.348,352824397,515790.SH,2022-12-16,NA,NA,CNY
1.346,1.366,1.335,1.337,306631562,515790.SH,2022-12-19,NA,NA,CNY
1.337,1.349,1.326,1.342,337391471,515790.SH,2022-12-20,NA,NA,CNY
1.343,1.345,1.303,1.308,332559184,515790.SH,2022-12-21,NA,NA,CNY
1.314,1.316,1.267,1.272,478877798,515790.SH,2022-12-22,NA,NA,CNY
1.263,1.274,1.24,1.252,427190140,515790.SH,2022-12-23,NA,NA,CNY
1.252,1.33,1.248,1.329,702625446,515790.SH,2022-12-26,NA,NA,CNY
1.328,1.368,1.325,1.362,697920160,515790.SH,2022-12-27,NA,NA,CNY
1.349,1.382,1.345,1.37,467636114,515790.SH,2022-12-28,NA,NA,CNY
1.362,1.384,1.361,1.361,322756724,515790.SH,2022-12-29,NA,NA,CNY
1.368,1.386,1.361,1.374,420229524,515790.SH,2022-12-30,NA,NA,CNY
1.375,1.4,1.35,1.395,500703000,515790.SH,2023-01-03,NA,NA,CNY
1.393,1.394,1.35,1.364,432386519,515790.SH,2023-01-04,NA,NA,CNY
1.36,1.395,1.359,1.385,475696283,515790.SH,2023-01-05,NA,NA,CNY
1.393,1.478,1.393,1.455,1109462347,515790.SH,2023-01-06,NA,NA,CNY
1.463,1.484,1.444,1.46,530099513,515790.SH,2023-01-09,NA,NA,CNY
1.468,1.485,1.458,1.466,368683312,515790.SH,2023-01-10,NA,NA,CNY
1.46,1.471,1.444,1.446,352083715,515790.SH,2023-01-11,NA,NA,CNY
1.447,1.467,1.446,1.449,305705940,515790.SH,2023-01-12,NA,NA,CNY
1.456,1.46,1.43,1.447,304384300,515790.SH,2023-01-13,NA,NA,CNY
1.447,1.482,1.434,1.462,540622246,515790.SH,2023-01-16,NA,NA,CNY
1.463,1.478,1.457,1.469,385771100,515790.SH,2023-01-17,NA,NA,CNY
1.477,1.482,1.461,1.471,413888700,515790.SH,2023-01-18,NA,NA,CNY
1.465,1.469,1.452,1.463,279791700,515790.SH,2023-01-19,NA,NA,CNY
1.471,1.499,1.467,1.498,482357293,515790.SH,2023-01-20,NA,NA,CNY
1.52,1.528,1.501,1.504,480428499,515790.SH,2023-01-30,NA,NA,CNY
1.503,1.528,1.496,1.521,462490450,515790.SH,2023-01-31,NA,NA,CNY
1.527,1.527,1.485,1.514,620166500,515790.SH,2023-02-01,NA,NA,CNY
1.513,1.515,1.492,1.5,363118725,515790.SH,2023-02-02,NA,NA,CNY
1.491,1.494,1.453,1.47,454156214,515790.SH,2023-02-03,NA,NA,CNY
1.458,1.472,1.45,1.463,329346936,515790.SH,2023-02-06,NA,NA,CNY
1.464,1.475,1.449,1.46,299627634,515790.SH,2023-02-07,NA,NA,CNY
1.459,1.472,1.453,1.453,269717800,515790.SH,2023-02-08,NA,NA,CNY
1.45,1.482,1.442,1.478,397081899,515790.SH,2023-02-09,NA,NA,CNY
1.47,1.473,1.445,1.451,315186664,515790.SH,2023-02-10,NA,NA,CNY
1.448,1.465,1.444,1.455,255161151,515790.SH,2023-02-13,NA,NA,CNY
1.456,1.462,1.442,1.453,282997137,515790.SH,2023-02-14,NA,NA,CNY
1.453,1.47,1.441,1.444,287431352,515790.SH,2023-02-15,NA,NA,CNY
1.442,1.456,1.407,1.417,457921594,515790.SH,2023-02-16,NA,NA,CNY
1.414,1.423,1.386,1.388,479621946,515790.SH,2023-02-17,NA,NA,CNY
1.386,1.42,1.378,1.418,420693225,515790.SH,2023-02-20,NA,NA,CNY
1.417,1.449,1.41,1.438,404917710,515790.SH,2023-02-21,NA,NA,CNY
1.426,1.449,1.422,1.425,256299800,515790.SH,2023-02-22,NA,NA,CNY
1.426,1.466,1.426,1.461,579137365,515790.SH,2023-02-23,NA,NA,CNY
1.464,1.464,1.432,1.436,318918968,515790.SH,2023-02-24,NA,NA,CNY
1.428,1.468,1.42,1.442,346969227,515790.SH,2023-02-27,NA,NA,CNY
1.439,1.447,1.423,1.444,293224151,515790.SH,2023-02-28,NA,NA,CNY
1.44,1.444,1.419,1.427,513081400,515790.SH,2023-03-01,NA,NA,CNY
1.429,1.433,1.395,1.398,420001352,515790.SH,2023-03-02,NA,NA,CNY
1.398,1.413,1.395,1.398,309607760,515790.SH,2023-03-03,NA,NA,CNY
1.399,1.453,1.389,1.447,766970254,515790.SH,2023-03-06,NA,NA,CNY
1.44,1.452,1.431,1.433,433514214,515790.SH,2023-03-07,NA,NA,CNY
1.427,1.453,1.41,1.416,466193714,515790.SH,2023-03-08,NA,NA,CNY
1.42,1.426,1.405,1.407,253606914,515790.SH,2023-03-09,NA,NA,CNY
1.4,1.409,1.381,1.393,390154300,515790.SH,2023-03-10,NA,NA,CNY
1.392,1.411,1.383,1.392,292865900,515790.SH,2023-03-13,NA,NA,CNY
1.39,1.393,1.336,1.365,543854436,515790.SH,2023-03-14,NA,NA,CNY
1.368,1.395,1.362,1.367,287084455,515790.SH,2023-03-15,NA,NA,CNY
1.356,1.357,1.299,1.303,574694516,515790.SH,2023-03-16,NA,NA,CNY
1.31,1.318,1.288,1.296,374866600,515790.SH,2023-03-17,NA,NA,CNY
1.29,1.324,1.271,1.308,511743890,515790.SH,2023-03-20,NA,NA,CNY
1.305,1.316,1.292,1.315,440612700,515790.SH,2023-03-21,NA,NA,CNY
1.325,1.335,1.306,1.311,426350578,515790.SH,2023-03-22,NA,NA,CNY
1.304,1.315,1.3,1.306,382525106,515790.SH,2023-03-23,NA,NA,CNY
1.305,1.326,1.288,1.314,514428946,515790.SH,2023-03-24,NA,NA,CNY
1.311,1.342,1.303,1.336,745001673,515790.SH,2023-03-27,NA,NA,CNY
1.334,1.339,1.317,1.318,365159300,515790.SH,2023-03-28,NA,NA,CNY
1.328,1.337,1.31,1.32,487121200,515790.SH,2023-03-29,NA,NA,CNY
1.32,1.342,1.308,1.341,753750976,515790.SH,2023-03-30,NA,NA,CNY
1.346,1.36,1.335,1.341,601968672,515790.SH,2023-03-31,NA,NA,CNY
1.341,1.365,1.332,1.355,544631463,515790.SH,2023-04-03,NA,NA,CNY
1.355,1.355,1.307,1.321,1139890620,515790.SH,2023-04-04,NA,NA,CNY
1.316,1.335,1.311,1.33,491137200,515790.SH,2023-04-06,NA,NA,CNY
1.326,1.341,1.322,1.327,476917504,515790.SH,2023-04-07,NA,NA,CNY
1.333,1.347,1.323,1.346,736236420,515790.SH,2023-04-10,NA,NA,CNY
1.344,1.35,1.332,1.341,503589245,515790.SH,2023-04-11,NA,NA,CNY
1.342,1.343,1.311,1.316,634647232,515790.SH,2023-04-12,NA,NA,CNY
1.322,1.328,1.305,1.306,618149832,515790.SH,2023-04-13,NA,NA,CNY
1.306,1.32,1.296,1.315,486253653,515790.SH,2023-04-14,NA,NA,CNY
1.312,1.334,1.31,1.323,455505287,515790.SH,2023-04-17,NA,NA,CNY
1.325,1.345,1.319,1.339,650873489,515790.SH,2023-04-18,NA,NA,CNY
1.335,1.335,1.314,1.314,585933517,515790.SH,2023-04-19,NA,NA,CNY
1.315,1.315,1.285,1.288,670348385,515790.SH,2023-04-20,NA,NA,CNY
1.292,1.309,1.275,1.279,543833971,515790.SH,2023-04-21,NA,NA,CNY
1.282,1.282,1.237,1.245,671702175,515790.SH,2023-04-24,NA,NA,CNY
1.249,1.266,1.208,1.215,814995661,515790.SH,2023-04-25,NA,NA,CNY
1.21,1.31,1.206,1.296,1148450702,515790.SH,2023-04-26,NA,NA,CNY
1.299,1.302,1.267,1.281,749556683,515790.SH,2023-04-27,NA,NA,CNY
1.285,1.29,1.261,1.271,598362332,515790.SH,2023-04-28,NA,NA,CNY
1.257,1.292,1.251,1.267,536498892,515790.SH,2023-05-04,NA,NA,CNY
1.259,1.259,1.222,1.239,656442200,515790.SH,2023-05-05,NA,NA,CNY
1.239,1.257,1.228,1.244,443669800,515790.SH,2023-05-08,NA,NA,CNY
1.243,1.243,1.222,1.223,477190943,515790.SH,2023-05-09,NA,NA,CNY
1.221,1.246,1.207,1.235,573019383,515790.SH,2023-05-10,NA,NA,CNY
1.23,1.254,1.223,1.235,444785712,515790.SH,2023-05-11,NA,NA,CNY
1.23,1.236,1.206,1.207,480688755,515790.SH,2023-05-12,NA,NA,CNY
1.205,1.253,1.205,1.249,721710986,515790.SH,2023-05-15,NA,NA,CNY
1.249,1.274,1.244,1.254,579825820,515790.SH,2023-05-16,NA,NA,CNY
1.264,1.27,1.244,1.258,434399500,515790.SH,2023-05-17,NA,NA,CNY
1.258,1.26,1.228,1.236,582520000,515790.SH,2023-05-18,NA,NA,CNY
1.23,1.238,1.223,1.234,391044797,515790.SH,2023-05-19,NA,NA,CNY
1.233,1.247,1.228,1.241,491491886,515790.SH,2023-05-22,NA,NA,CNY
1.242,1.262,1.234,1.238,512227218,515790.SH,2023-05-23,NA,NA,CNY
1.232,1.279,1.229,1.262,811876946,515790.SH,2023-05-24,NA,NA,CNY
1.261,1.3,1.255,1.286,1107236196,515790.SH,2023-05-25,NA,NA,CNY
1.281,1.281,1.24,1.253,697176708,515790.SH,2023-05-26,NA,NA,CNY
1.243,1.248,1.206,1.21,795881987,515790.SH,2023-05-29,NA,NA,CNY
1.203,1.218,1.182,1.197,635261708,515790.SH,2023-05-30,NA,NA,CNY
1.191,1.196,1.176,1.179,465322976,515790.SH,2023-05-31,NA,NA,CNY
1.181,1.192,1.165,1.167,585370728,515790.SH,2023-06-01,NA,NA,CNY
1.168,1.186,1.166,1.179,573142600,515790.SH,2023-06-02,NA,NA,CNY
1.176,1.178,1.151,1.154,504515119,515790.SH,2023-06-05,NA,NA,CNY
1.153,1.154,1.13,1.143,615127638,515790.SH,2023-06-06,NA,NA,CNY
1.141,1.145,1.121,1.127,570070298,515790.SH,2023-06-07,NA,NA,CNY
1.125,1.147,1.125,1.129,629490270,515790.SH,2023-06-08,NA,NA,CNY
1.127,1.145,1.117,1.143,533088351,515790.SH,2023-06-09,NA,NA,CNY
1.136,1.16,1.127,1.151,594762875,515790.SH,2023-06-12,NA,NA,CNY
1.146,1.159,1.141,1.15,416704866,515790.SH,2023-06-13,NA,NA,CNY
1.151,1.154,1.135,1.135,540278538,515790.SH,2023-06-14,NA,NA,CNY
1.136,1.2,1.13,1.198,1090959368,515790.SH,2023-06-15,NA,NA,CNY
1.201,1.222,1.195,1.22,1003508362,515790.SH,2023-06-16,NA,NA,CNY
1.219,1.221,1.201,1.214,513326712,515790.SH,2023-06-19,NA,NA,CNY
1.211,1.227,1.204,1.218,687755256,515790.SH,2023-06-20,NA,NA,CNY
1.211,1.232,1.198,1.199,540289008,515790.SH,2023-06-21,NA,NA,CNY
1.185,1.233,1.182,1.216,680665715,515790.SH,2023-06-26,NA,NA,CNY
1.212,1.245,1.208,1.221,646830011,515790.SH,2023-06-27,NA,NA,CNY
1.22,1.238,1.214,1.235,543295569,515790.SH,2023-06-28,NA,NA,CNY
1.23,1.257,1.229,1.231,578941799,515790.SH,2023-06-29,NA,NA,CNY
1.226,1.253,1.218,1.243,538157426,515790.SH,2023-06-30,NA,NA,CNY
1.247,1.267,1.244,1.248,555705138,515790.SH,2023-07-03,NA,NA,CNY
1.243,1.253,1.227,1.231,530575596,515790.SH,2023-07-04,NA,NA,CNY
1.23,1.235,1.211,1.213,485095900,515790.SH,2023-07-05,NA,NA,CNY
1.213,1.22,1.205,1.213,389984435,515790.SH,2023-07-06,NA,NA,CNY
1.206,1.209,1.188,1.19,465217962,515790.SH,2023-07-07,NA,NA,CNY
1.193,1.238,1.188,1.225,756600425,515790.SH,2023-07-10,NA,NA,CNY
1.228,1.23,1.207,1.218,484659442,515790.SH,2023-07-11,NA,NA,CNY
1.215,1.243,1.199,1.228,647221286,515790.SH,2023-07-12,NA,NA,CNY
1.236,1.253,1.23,1.236,578921007,515790.SH,2023-07-13,NA,NA,CNY
1.236,1.236,1.213,1.217,448342281,515790.SH,2023-07-14,NA,NA,CNY
1.213,1.218,1.202,1.209,314472757,515790.SH,2023-07-17,NA,NA,CNY
1.213,1.213,1.192,1.199,374414593,515790.SH,2023-07-18,NA,NA,CNY
1.197,1.198,1.175,1.182,546796816,515790.SH,2023-07-19,NA,NA,CNY
1.184,1.192,1.173,1.174,366750299,515790.SH,2023-07-20,NA,NA,CNY
1.172,1.174,1.158,1.163,387545083,515790.SH,2023-07-21,NA,NA,CNY
1.156,1.166,1.146,1.151,402756300,515790.SH,2023-07-24,NA,NA,CNY
1.163,1.175,1.16,1.169,507933645,515790.SH,2023-07-25,NA,NA,CNY
1.169,1.184,1.164,1.172,452314661,515790.SH,2023-07-26,NA,NA,CNY
1.174,1.178,1.153,1.159,486191200,515790.SH,2023-07-27,NA,NA,CNY
1.152,1.171,1.148,1.169,740972287,515790.SH,2023-07-28,NA,NA,CNY
1.175,1.19,1.171,1.178,560428075,515790.SH,2023-07-31,NA,NA,CNY
1.175,1.177,1.153,1.161,497943932,515790.SH,2023-08-01,NA,NA,CNY
1.159,1.164,1.152,1.153,316576572,515790.SH,2023-08-02,NA,NA,CNY
1.156,1.182,1.155,1.174,595079378,515790.SH,2023-08-03,NA,NA,CNY
1.175,1.185,1.169,1.181,524746946,515790.SH,2023-08-04,NA,NA,CNY
1.18,1.18,1.166,1.171,320949450,515790.SH,2023-08-07,NA,NA,CNY
1.18,1.182,1.158,1.16,364052401,515790.SH,2023-08-08,NA,NA,CNY
1.157,1.162,1.152,1.155,326519200,515790.SH,2023-08-09,NA,NA,CNY
1.155,1.174,1.155,1.169,414707600,515790.SH,2023-08-10,NA,NA,CNY
1.168,1.168,1.141,1.142,462593900,515790.SH,2023-08-11,NA,NA,CNY
1.131,1.135,1.117,1.134,418536083,515790.SH,2023-08-14,NA,NA,CNY
1.131,1.133,1.097,1.103,761553242,515790.SH,2023-08-15,NA,NA,CNY
1.097,1.11,1.085,1.086,442375275,515790.SH,2023-08-16,NA,NA,CNY
1.081,1.091,1.071,1.088,408429693,515790.SH,2023-08-17,NA,NA,CNY
1.088,1.101,1.08,1.083,407716349,515790.SH,2023-08-18,NA,NA,CNY
1.077,1.077,1.05,1.052,529842674,515790.SH,2023-08-21,NA,NA,CNY
1.055,1.059,1.017,1.041,667332112,515790.SH,2023-08-22,NA,NA,CNY
1.034,1.035,1.008,1.009,456606317,515790.SH,2023-08-23,NA,NA,CNY
1.01,1.043,1.01,1.033,602667030,515790.SH,2023-08-24,NA,NA,CNY
1.024,1.04,1.017,1.025,394980363,515790.SH,2023-08-25,NA,NA,CNY
1.09,1.097,1.033,1.04,801540844,515790.SH,2023-08-28,NA,NA,CNY
1.034,1.065,1.033,1.063,501122251,515790.SH,2023-08-29,NA,NA,CNY
1.062,1.079,1.058,1.064,424190977,515790.SH,2023-08-30,NA,NA,CNY
1.063,1.063,1.048,1.051,349144892,515790.SH,2023-08-31,NA,NA,CNY
1.052,1.057,1.047,1.05,190638387,515790.SH,2023-09-01,NA,NA,CNY
1.053,1.061,1.04,1.057,360947030,515790.SH,2023-09-04,NA,NA,CNY
1.055,1.074,1.045,1.066,491114300,515790.SH,2023-09-05,NA,NA,CNY
1.06,1.064,1.047,1.054,414715600,515790.SH,2023-09-06,NA,NA,CNY
1.05,1.05,1.021,1.022,651117824,515790.SH,2023-09-07,NA,NA,CNY
1.019,1.024,1.007,1.01,353290624,515790.SH,2023-09-08,NA,NA,CNY
1.011,1.025,1.003,1.019,303801801,515790.SH,2023-09-11,NA,NA,CNY
1.017,1.028,1.01,1.021,297705414,515790.SH,2023-09-12,NA,NA,CNY
1.018,1.023,1.003,1.009,373687400,515790.SH,2023-09-13,NA,NA,CNY
1.007,1.008,0.995,0.996,382924100,515790.SH,2023-09-14,NA,NA,CNY
1.0,1.004,0.988,0.991,324943800,515790.SH,2023-09-15,NA,NA,CNY
0.987,1.007,0.981,0.998,396807400,515790.SH,2023-09-18,NA,NA,CNY
0.995,0.997,0.979,0.982,370164800,515790.SH,2023-09-19,NA,NA,CNY
0.981,0.983,0.971,0.972,297475382,515790.SH,2023-09-20,NA,NA,CNY
0.967,0.974,0.961,0.961,319221500,515790.SH,2023-09-21,NA,NA,CNY
0.959,0.98,0.958,0.979,403001479,515790.SH,2023-09-22,NA,NA,CNY
0.975,0.984,0.965,0.979,386269965,515790.SH,2023-09-25,NA,NA,CNY
0.979,0.984,0.973,0.976,314172400,515790.SH,2023-09-26,NA,NA,CNY
0.977,1.018,0.977,1.01,724103898,515790.SH,2023-09-27,NA,NA,CNY
1.004,1.015,1.003,1.011,317537951,515790.SH,2023-09-28,NA,NA,CNY
1.008,1.009,0.996,1.005,336995769,515790.SH,2023-10-09,NA,NA,CNY
1.005,1.008,0.989,0.992,288348671,515790.SH,2023-10-10,NA,NA,CNY
0.998,1.01,0.988,0.994,342843571,515790.SH,2023-10-11,NA,NA,CNY
0.999,1.01,0.991,1.007,488526272,515790.SH,2023-10-12,NA,NA,CNY
0.999,1.0,0.98,0.988,408331800,515790.SH,2023-10-13,NA,NA,CNY
0.985,0.99,0.962,0.967,341132369,515790.SH,2023-10-16,NA,NA,CNY
0.969,0.975,0.96,0.968,258574800,515790.SH,2023-10-17,NA,NA,CNY
0.965,0.966,0.95,0.951,295269900,515790.SH,2023-10-18,NA,NA,CNY
0.948,0.955,0.939,0.945,386406100,515790.SH,2023-10-19,NA,NA,CNY
0.939,0.959,0.936,0.946,417429200,515790.SH,2023-10-20,NA,NA,CNY
0.943,0.945,0.911,0.914,552066413,515790.SH,2023-10-23,NA,NA,CNY
0.918,0.925,0.907,0.922,360421906,515790.SH,2023-10-24,NA,NA,CNY
0.927,0.936,0.913,0.916,472135352,515790.SH,2023-10-25,NA,NA,CNY
0.905,0.905,0.881,0.898,539683540,515790.SH,2023-10-26,NA,NA,CNY
0.891,0.934,0.89,0.929,645505033,515790.SH,2023-10-27,NA,NA,CNY
0.923,0.942,0.92,0.939,519307893,515790.SH,2023-10-30,NA,NA,CNY
0.931,0.937,0.915,0.922,366480900,515790.SH,2023-10-31,NA,NA,CNY
0.923,0.924,0.905,0.908,340888100,515790.SH,2023-11-01,NA,NA,CNY
0.907,0.911,0.885,0.887,404320045,515790.SH,2023-11-02,NA,NA,CNY
0.888,0.909,0.888,0.906,492330200,515790.SH,2023-11-03,NA,NA,CNY
0.91,0.939,0.908,0.935,575093288,515790.SH,2023-11-06,NA,NA,CNY
0.93,0.939,0.922,0.936,308308343,515790.SH,2023-11-07,NA,NA,CNY
0.932,0.944,0.929,0.936,787449032,515790.SH,2023-11-08,NA,NA,CNY
0.936,0.965,0.933,0.959,849652533,515790.SH,2023-11-09,NA,NA,CNY
0.952,0.952,0.936,0.941,427062994,515790.SH,2023-11-10,NA,NA,CNY
0.945,0.953,0.939,0.95,338325344,515790.SH,2023-11-13,NA,NA,CNY
0.953,0.958,0.941,0.946,513361115,515790.SH,2023-11-14,NA,NA,CNY
0.96,0.971,0.954,0.962,666759134,515790.SH,2023-11-15,NA,NA,CNY
0.959,0.959,0.932,0.932,781526732,515790.SH,2023-11-16,NA,NA,CNY
0.926,0.938,0.926,0.934,363772200,515790.SH,2023-11-17,NA,NA,CNY
0.935,0.939,0.922,0.935,337431600,515790.SH,2023-11-20,NA,NA,CNY
0.938,0.942,0.926,0.927,301657335,515790.SH,2023-11-21,NA,NA,CNY
0.923,0.926,0.907,0.908,307029728,515790.SH,2023-11-22,NA,NA,CNY
0.908,0.914,0.904,0.913,311133324,515790.SH,2023-11-23,NA,NA,CNY
0.911,0.911,0.896,0.896,357756252,515790.SH,2023-11-24,NA,NA,CNY
0.895,0.896,0.879,0.882,438069893,515790.SH,2023-11-27,NA,NA,CNY
0.882,0.889,0.877,0.885,277977600,515790.SH,2023-11-28,NA,NA,CNY
0.884,0.886,0.871,0.873,337108628,515790.SH,2023-11-29,NA,NA,CNY
0.876,0.878,0.864,0.865,356128065,515790.SH,2023-11-30,NA,NA,CNY
0.865,0.866,0.852,0.862,408317927,515790.SH,2023-12-01,NA,NA,CNY
0.864,0.865,0.849,0.85,333794517,515790.SH,2023-12-04,NA,NA,CNY
0.848,0.857,0.833,0.833,402972900,515790.SH,2023-12-05,NA,NA,CNY
0.832,0.853,0.828,0.846,423513106,515790.SH,2023-12-06,NA,NA,CNY
0.842,0.843,0.828,0.835,380598662,515790.SH,2023-12-07,NA,NA,CNY
0.838,0.842,0.831,0.835,289616725,515790.SH,2023-12-08,NA,NA,CNY
0.83,0.838,0.817,0.838,393641093,515790.SH,2023-12-11,NA,NA,CNY
0.833,0.838,0.827,0.83,301242583,515790.SH,2023-12-12,NA,NA,CNY
0.826,0.826,0.808,0.808,413869569,515790.SH,2023-12-13,NA,NA,CNY
0.812,0.822,0.805,0.807,335776806,515790.SH,2023-12-14,NA,NA,CNY
0.812,0.827,0.808,0.812,580796968,515790.SH,2023-12-15,NA,NA,CNY
0.806,0.812,0.79,0.791,401919000,515790.SH,2023-12-18,NA,NA,CNY
0.79,0.81,0.788,0.802,605249963,515790.SH,2023-12-19,NA,NA,CNY
0.805,0.805,0.793,0.794,295989800,515790.SH,2023-12-20,NA,NA,CNY
0.791,0.828,0.788,0.822,1040384350,515790.SH,2023-12-21,NA,NA,CNY
0.817,0.843,0.809,0.834,995094700,515790.SH,2023-12-22,NA,NA,CNY
0.829,0.84,0.828,0.834,329056950,515790.SH,2023-12-25,NA,NA,CNY
0.833,0.839,0.827,0.834,433762448,515790.SH,2023-12-26,NA,NA,CNY
0.835,0.836,0.82,0.829,516783235,515790.SH,2023-12-27,NA,NA,CNY
0.827,0.902,0.824,0.901,1581537168,515790.SH,2023-12-28,NA,NA,CNY
0.893,0.895,0.883,0.89,878246200,515790.SH,2023-12-29,NA,NA,CNY
0.886,0.888,0.871,0.872,582445207,515790.SH,2024-01-02,NA,NA,CNY
0.87,0.88,0.866,0.876,553443555,515790.SH,2024-01-03,NA,NA,CNY
0.872,0.872,0.851,0.857,584044811,515790.SH,2024-01-04,NA,NA,CNY
0.855,0.87,0.836,0.844,669834530,515790.SH,2024-01-05,NA,NA,CNY
0.84,0.856,0.835,0.838,580872432,515790.SH,2024-01-08,NA,NA,CNY
0.84,0.874,0.827,0.855,882530071,515790.SH,2024-01-09,NA,NA,CNY
0.846,0.883,0.843,0.867,1009422302,515790.SH,2024-01-10,NA,NA,CNY
0.863,0.882,0.861,0.879,803832240,515790.SH,2024-01-11,NA,NA,CNY
0.877,0.903,0.87,0.88,1074109910,515790.SH,2024-01-12,NA,NA,CNY
0.874,0.887,0.868,0.872,569188200,515790.SH,2024-01-15,NA,NA,CNY
0.87,0.892,0.862,0.888,782721176,515790.SH,2024-01-16,NA,NA,CNY
0.883,0.885,0.856,0.857,626402778,515790.SH,2024-01-17,NA,NA,CNY
0.85,0.897,0.845,0.896,1206897700,515790.SH,2024-01-18,NA,NA,CNY
0.895,0.903,0.872,0.872,967566351,515790.SH,2024-01-19,NA,NA,CNY
0.867,0.875,0.841,0.847,879158363,515790.SH,2024-01-22,NA,NA,CNY
0.847,0.88,0.84,0.864,972391253,515790.SH,2024-01-23,NA,NA,CNY
0.865,0.867,0.828,0.855,839711638,515790.SH,2024-01-24,NA,NA,CNY
0.848,0.864,0.83,0.863,950682455,515790.SH,2024-01-25,NA,NA,CNY
0.854,0.866,0.844,0.846,647344900,515790.SH,2024-01-26,NA,NA,CNY
0.839,0.84,0.791,0.792,1052718733,515790.SH,2024-01-29,NA,NA,CNY
0.785,0.799,0.775,0.776,730414321,515790.SH,2024-01-30,NA,NA,CNY
0.772,0.786,0.756,0.757,613503072,515790.SH,2024-01-31,NA,NA,CNY
0.752,0.786,0.751,0.771,695717666,515790.SH,2024-02-01,NA,NA,CNY
0.767,0.772,0.718,0.739,639063519,515790.SH,2024-02-02,NA,NA,CNY
0.732,0.738,0.69,0.718,593549907,515790.SH,2024-02-05,NA,NA,CNY
0.711,0.766,0.708,0.765,692576852,515790.SH,2024-02-06,NA,NA,CNY
0.766,0.791,0.765,0.783,493891030,515790.SH,2024-02-07,NA,NA,CNY
0.796,0.805,0.785,0.801,425386617,515790.SH,2024-02-08,NA,NA,CNY
0.801,0.804,0.791,0.8,331363827,515790.SH,2024-02-19,NA,NA,CNY
0.795,0.796,0.782,0.794,249333636,515790.SH,2024-02-20,NA,NA,CNY
0.787,0.821,0.784,0.805,443231846,515790.SH,2024-02-21,NA,NA,CNY
0.803,0.825,0.803,0.813,412584215,515790.SH,2024-02-22,NA,NA,CNY
0.819,0.832,0.815,0.824,570945508,515790.SH,2024-02-23,NA,NA,CNY
0.822,0.829,0.811,0.818,351869700,515790.SH,2024-02-26,NA,NA,CNY
0.814,0.832,0.812,0.832,429481605,515790.SH,2024-02-27,NA,NA,CNY
0.838,0.864,0.815,0.817,906777217,515790.SH,2024-02-28,NA,NA,CNY
0.81,0.845,0.806,0.844,573796897,515790.SH,2024-02-29,NA,NA,CNY
0.846,0.858,0.835,0.858,547099098,515790.SH,2024-03-01,NA,NA,CNY
0.858,0.87,0.853,0.862,424387314,515790.SH,2024-03-04,NA,NA,CNY
0.855,0.856,0.844,0.85,364286300,515790.SH,2024-03-05,NA,NA,CNY
0.846,0.89,0.844,0.874,773831514,515790.SH,2024-03-06,NA,NA,CNY
0.871,0.874,0.849,0.85,557541005,515790.SH,2024-03-07,NA,NA,CNY
0.852,0.883,0.852,0.882,713721281,515790.SH,2024-03-08,NA,NA,CNY
0.898,0.918,0.891,0.917,971618035,515790.SH,2024-03-11,NA,NA,CNY
0.917,0.925,0.907,0.911,605503250,515790.SH,2024-03-12,NA,NA,CNY
0.909,0.91,0.898,0.902,436981800,515790.SH,2024-03-13,NA,NA,CNY
0.899,0.904,0.882,0.89,457069070,515790.SH,2024-03-14,NA,NA,CNY
0.885,0.89,0.87,0.884,418101640,515790.SH,2024-03-15,NA,NA,CNY
0.888,0.9,0.883,0.9,438654765,515790.SH,2024-03-18,NA,NA,CNY
0.9,0.909,0.885,0.886,515495300,515790.SH,2024-03-19,NA,NA,CNY
0.886,0.899,0.881,0.887,436454525,515790.SH,2024-03-20,NA,NA,CNY
0.885,0.889,0.871,0.874,417879229,515790.SH,2024-03-21,NA,NA,CNY
0.871,0.872,0.849,0.85,540748542,515790.SH,2024-03-22,NA,NA,CNY
0.847,0.862,0.841,0.842,343375336,515790.SH,2024-03-25,NA,NA,CNY
0.84,0.856,0.836,0.853,416446008,515790.SH,2024-03-26,NA,NA,CNY
0.848,0.851,0.826,0.827,396316711,515790.SH,2024-03-27,NA,NA,CNY
0.827,0.844,0.826,0.833,424407496,515790.SH,2024-03-28,NA,NA,CNY
0.833,0.841,0.827,0.835,289085481,515790.SH,2024-03-29,NA,NA,CNY
0.84,0.87,0.838,0.869,542287900,515790.SH,2024-04-01,NA,NA,CNY
0.869,0.869,0.856,0.861,286833105,515790.SH,2024-04-02,NA,NA,CNY
0.86,0.861,0.85,0.857,235077331,515790.SH,2024-04-03,NA,NA,CNY
0.855,0.855,0.833,0.833,289567300,515790.SH,2024-04-08,NA,NA,CNY
0.832,0.842,0.829,0.839,219387100,515790.SH,2024-04-09,NA,NA,CNY
0.84,0.84,0.818,0.823,256917652,515790.SH,2024-04-10,NA,NA,CNY
0.818,0.83,0.813,0.822,287413300,515790.SH,2024-04-11,NA,NA,CNY
0.822,0.825,0.799,0.801,336787100,515790.SH,2024-04-12,NA,NA,CNY
0.8,0.82,0.799,0.811,356241300,515790.SH,2024-04-15,NA,NA,CNY
0.806,0.811,0.788,0.789,302482717,515790.SH,2024-04-16,NA,NA,CNY
0.792,0.81,0.792,0.809,300672744,515790.SH,2024-04-17,NA,NA,CNY
0.806,0.814,0.796,0.805,240707479,515790.SH,2024-04-18,NA,NA,CNY
0.8,0.801,0.778,0.782,301468899,515790.SH,2024-04-19,NA,NA,CNY
0.782,0.8,0.781,0.786,281890854,515790.SH,2024-04-22,NA,NA,CNY
0.791,0.798,0.773,0.777,275290211,515790.SH,2024-04-23,NA,NA,CNY
0.776,0.778,0.761,0.769,283356300,515790.SH,2024-04-24,NA,NA,CNY
0.765,0.776,0.757,0.767,352511100,515790.SH,2024-04-25,NA,NA,CNY
0.762,0.786,0.762,0.785,362404944,515790.SH,2024-04-26,NA,NA,CNY
0.785,0.82,0.783,0.812,624065700,515790.SH,2024-04-29,NA,NA,CNY
0.803,0.809,0.791,0.793,436754844,515790.SH,2024-04-30,NA,NA,CNY
0.801,0.811,0.801,0.805,416383500,515790.SH,2024-05-06,NA,NA,CNY
0.803,0.809,0.796,0.806,336708400,515790.SH,2024-05-07,NA,NA,CNY
0.802,0.804,0.792,0.793,308717500,515790.SH,2024-05-08,NA,NA,CNY
0.796,0.824,0.796,0.814,609567800,515790.SH,2024-05-09,NA,NA,CNY
0.814,0.815,0.799,0.81,401873100,515790.SH,2024-05-10,NA,NA,CNY
0.801,0.817,0.796,0.809,405863000,515790.SH,2024-05-13,NA,NA,CNY
0.809,0.812,0.8,0.801,310598400,515790.SH,2024-05-14,NA,NA,CNY
0.806,0.814,0.791,0.793,429854500,515790.SH,2024-05-15,NA,NA,CNY
0.792,0.8,0.787,0.791,416318200,515790.SH,2024-05-16,NA,NA,CNY
0.784,0.791,0.776,0.79,573224627,515790.SH,2024-05-17,NA,NA,CNY
0.786,0.798,0.786,0.792,322822500,515790.SH,2024-05-20,NA,NA,CNY
0.788,0.789,0.778,0.78,297215800,515790.SH,2024-05-21,NA,NA,CNY
0.786,0.835,0.786,0.829,1302766700,515790.SH,2024-05-22,NA,NA,CNY
0.821,0.823,0.804,0.807,838206100,515790.SH,2024-05-23,NA,NA,CNY
0.807,0.82,0.798,0.799,640540000,515790.SH,2024-05-24,NA,NA,CNY
0.8,0.802,0.781,0.795,524385900,515790.SH,2024-05-27,NA,NA,CNY
0.79,0.802,0.787,0.79,539852000,515790.SH,2024-05-28,NA,NA,CNY
0.796,0.824,0.796,0.808,1107993000,515790.SH,2024-05-29,NA,NA,CNY
0.815,0.819,0.803,0.805,738152100,515790.SH,2024-05-30,NA,NA,CNY
0.805,0.809,0.792,0.794,548893400,515790.SH,2024-05-31,NA,NA,CNY
0.79,0.792,0.78,0.788,518977000,515790.SH,2024-06-03,NA,NA,CNY
0.785,0.802,0.78,0.8,499976794,515790.SH,2024-06-04,NA,NA,CNY
0.797,0.801,0.788,0.789,434523700,515790.SH,2024-06-05,NA,NA,CNY
0.788,0.796,0.767,0.769,711176186,515790.SH,2024-06-06,NA,NA,CNY
0.769,0.773,0.75,0.758,588805654,515790.SH,2024-06-07,NA,NA,CNY
0.754,0.765,0.748,0.763,363616000,515790.SH,2024-06-11,NA,NA,CNY
0.761,0.762,0.756,0.76,284010400,515790.SH,2024-06-12,NA,NA,CNY
0.761,0.765,0.757,0.758,318130100,515790.SH,2024-06-13,NA,NA,CNY
0.757,0.76,0.748,0.755,383976500,515790.SH,2024-06-14,NA,NA,CNY
0.75,0.757,0.743,0.753,404083000,515790.SH,2024-06-17,NA,NA,CNY
0.752,0.765,0.75,0.759,476030800,515790.SH,2024-06-18,NA,NA,CNY
0.757,0.76,0.742,0.743,454459010,515790.SH,2024-06-19,NA,NA,CNY
0.742,0.742,0.722,0.723,484727600,515790.SH,2024-06-20,NA,NA,CNY
0.726,0.733,0.719,0.723,473328600,515790.SH,2024-06-21,NA,NA,CNY
0.716,0.717,0.704,0.705,444141700,515790.SH,2024-06-24,NA,NA,CNY
0.706,0.708,0.684,0.688,505463700,515790.SH,2024-06-25,NA,NA,CNY
0.688,0.699,0.681,0.699,653953500,515790.SH,2024-06-26,NA,NA,CNY
0.694,0.695,0.681,0.682,386686500,515790.SH,2024-06-27,NA,NA,CNY
0.682,0.691,0.677,0.68,384514345,515790.SH,2024-06-28,NA,NA,CNY
0.682,0.691,0.677,0.687,398276805,515790.SH,2024-07-01,NA,NA,CNY
0.682,0.683,0.67,0.671,493225400,515790.SH,2024-07-02,NA,NA,CNY
0.671,0.675,0.664,0.67,411755696,515790.SH,2024-07-03,NA,NA,CNY
0.671,0.672,0.653,0.655,453687000,515790.SH,2024-07-04,NA,NA,CNY
0.653,0.665,0.652,0.661,477726300,515790.SH,2024-07-05,NA,NA,CNY
0.655,0.657,0.637,0.64,410813100,515790.SH,2024-07-08,NA,NA,CNY
0.638,0.646,0.629,0.643,492445300,515790.SH,2024-07-09,NA,NA,CNY
0.633,0.658,0.63,0.644,476782100,515790.SH,2024-07-10,NA,NA,CNY
0.65,0.673,0.649,0.668,626188750,515790.SH,2024-07-11,NA,NA,CNY
0.667,0.681,0.665,0.672,558420800,515790.SH,2024-07-12,NA,NA,CNY
0.669,0.671,0.662,0.663,330510500,515790.SH,2024-07-15,NA,NA,CNY
0.662,0.68,0.661,0.679,457289200,515790.SH,2024-07-16,NA,NA,CNY
0.686,0.69,0.677,0.678,400740800,515790.SH,2024-07-17,NA,NA,CNY
0.671,0.687,0.664,0.681,464065620,515790.SH,2024-07-18,NA,NA,CNY
0.676,0.693,0.676,0.692,448234420,515790.SH,2024-07-19,NA,NA,CNY
0.688,0.699,0.687,0.692,385324500,515790.SH,2024-07-22,NA,NA,CNY
0.688,0.691,0.673,0.673,497104113,515790.SH,2024-07-23,NA,NA,CNY
0.671,0.676,0.66,0.661,335044800,515790.SH,2024-07-24,NA,NA,CNY
0.66,0.689,0.658,0.679,607987500,515790.SH,2024-07-25,NA,NA,CNY
0.675,0.683,0.673,0.681,362966800,515790.SH,2024-07-26,NA,NA,CNY
0.68,0.681,0.666,0.667,267608113,515790.SH,2024-07-29,NA,NA,CNY
0.665,0.672,0.66,0.665,286604400,515790.SH,2024-07-30,NA,NA,CNY
0.666,0.691,0.658,0.69,467702096,515790.SH,2024-07-31,NA,NA,CNY
0.689,0.69,0.68,0.682,350718400,515790.SH,2024-08-01,NA,NA,CNY
0.679,0.685,0.67,0.671,336428200,515790.SH,2024-08-02,NA,NA,CNY
0.669,0.688,0.662,0.664,382974097,515790.SH,2024-08-05,NA,NA,CNY
0.671,0.691,0.671,0.689,557112300,515790.SH,2024-08-06,NA,NA,CNY
0.685,0.692,0.681,0.687,322303600,515790.SH,2024-08-07,NA,NA,CNY
0.685,0.689,0.679,0.684,275584200,515790.SH,2024-08-08,NA,NA,CNY
0.686,0.688,0.673,0.674,347246500,515790.SH,2024-08-09,NA,NA,CNY
0.682,0.685,0.669,0.672,302225000,515790.SH,2024-08-12,NA,NA,CNY
0.668,0.677,0.662,0.672,330022379,515790.SH,2024-08-13,NA,NA,CNY
0.675,0.681,0.664,0.665,271323300,515790.SH,2024-08-14,NA,NA,CNY
0.662,0.682,0.659,0.674,362637000,515790.SH,2024-08-15,NA,NA,CNY
0.673,0.673,0.664,0.665,234402200,515790.SH,2024-08-16,NA,NA,CNY
0.663,0.666,0.657,0.658,221093900,515790.SH,2024-08-19,NA,NA,CNY
0.658,0.659,0.646,0.649,246247800,515790.SH,2024-08-20,NA,NA,CNY
0.646,0.65,0.642,0.643,239084700,515790.SH,2024-08-21,NA,NA,CNY
0.644,0.646,0.63,0.632,234684000,515790.SH,2024-08-22,NA,NA,CNY
0.63,0.636,0.628,0.63,189643300,515790.SH,2024-08-23,NA,NA,CNY
0.631,0.647,0.631,0.639,281110700,515790.SH,2024-08-26,NA,NA,CNY
0.637,0.64,0.624,0.631,357541900,515790.SH,2024-08-27,NA,NA,CNY
0.63,0.636,0.626,0.633,253383200,515790.SH,2024-08-28,NA,NA,CNY
0.631,0.663,0.629,0.658,545536100,515790.SH,2024-08-29,NA,NA,CNY
0.654,0.675,0.652,0.666,443059117,515790.SH,2024-08-30,NA,NA,CNY
0.662,0.671,0.649,0.65,388008100,515790.SH,2024-09-02,NA,NA,CNY
0.651,0.664,0.646,0.66,339449500,515790.SH,2024-09-03,NA,NA,CNY
0.654,0.67,0.654,0.66,291821400,515790.SH,2024-09-04,NA,NA,CNY
0.66,0.674,0.659,0.666,315019100,515790.SH,2024-09-05,NA,NA,CNY
0.665,0.665,0.65,0.651,217066200,515790.SH,2024-09-06,NA,NA,CNY
0.648,0.654,0.641,0.644,239620900,515790.SH,2024-09-09,NA,NA,CNY
0.646,0.648,0.636,0.645,296358382,515790.SH,2024-09-10,NA,NA,CNY
0.642,0.657,0.64,0.654,328682464,515790.SH,2024-09-11,NA,NA,CNY
0.655,0.674,0.653,0.655,328735370,515790.SH,2024-09-12,NA,NA,CNY
0.653,0.657,0.642,0.643,234007700,515790.SH,2024-09-13,NA,NA,CNY
0.642,0.642,0.632,0.638,249506500,515790.SH,2024-09-18,NA,NA,CNY
0.641,0.656,0.635,0.647,316768900,515790.SH,2024-09-19,NA,NA,CNY
0.644,0.645,0.631,0.637,379652400,515790.SH,2024-09-20,NA,NA,CNY
0.634,0.638,0.626,0.628,282194400,515790.SH,2024-09-23,NA,NA,CNY
0.63,0.654,0.626,0.654,595373278,515790.SH,2024-09-24,NA,NA,CNY
0.659,0.677,0.658,0.659,587961059,515790.SH,2024-09-25,NA,NA,CNY
0.657,0.687,0.652,0.687,502278918,515790.SH,2024-09-26,NA,NA,CNY
0.697,0.745,0.696,0.745,598910586,515790.SH,2024-09-27,NA,NA,CNY
0.788,0.82,0.76,0.82,1129998455,515790.SH,2024-09-30,NA,NA,CNY
0.902,0.902,0.85,0.902,1731733271,515790.SH,2024-10-08,NA,NA,CNY
0.88,0.887,0.812,0.813,1022270205,515790.SH,2024-10-09,NA,NA,CNY
0.813,0.838,0.801,0.814,684898225,515790.SH,2024-10-10,NA,NA,CNY
0.807,0.807,0.766,0.776,498648800,515790.SH,2024-10-11,NA,NA,CNY
0.777,0.795,0.766,0.79,604029484,515790.SH,2024-10-14,NA,NA,CNY
0.779,0.792,0.769,0.77,467894468,515790.SH,2024-10-15,NA,NA,CNY
0.758,0.764,0.745,0.75,410463423,515790.SH,2024-10-16,NA,NA,CNY
0.753,0.758,0.738,0.739,378394106,515790.SH,2024-10-17,NA,NA,CNY
0.736,0.793,0.734,0.773,747309150,515790.SH,2024-10-18,NA,NA,CNY
0.782,0.822,0.782,0.8,1065398280,515790.SH,2024-10-21,NA,NA,CNY
0.788,0.826,0.778,0.819,1354902120,515790.SH,2024-10-22,NA,NA,CNY
0.815,0.889,0.809,0.861,2776579403,515790.SH,2024-10-23,NA,NA,CNY
0.853,0.854,0.827,0.829,1287524188,515790.SH,2024-10-24,NA,NA,CNY
0.827,0.912,0.827,0.905,3028648484,515790.SH,2024-10-25,NA,NA,CNY
0.905,0.905,0.87,0.891,2069967463,515790.SH,2024-10-28,NA,NA,CNY
0.912,0.93,0.866,0.866,1607212600,515790.SH,2024-10-29,NA,NA,CNY
0.852,0.887,0.847,0.876,954678401,515790.SH,2024-10-30,NA,NA,CNY
0.899,0.919,0.888,0.905,1177790831,515790.SH,2024-10-31,NA,NA,CNY
0.904,0.906,0.87,0.878,882876584,515790.SH,2024-11-01,NA,NA,CNY
0.873,0.894,0.871,0.885,730775161,515790.SH,2024-11-04,NA,NA,CNY
0.886,0.906,0.873,0.905,991492589,515790.SH,2024-11-05,NA,NA,CNY
0.905,0.926,0.888,0.895,1159915753,515790.SH,2024-11-06,NA,NA,CNY
0.87,0.891,0.853,0.889,1170861350,515790.SH,2024-11-07,NA,NA,CNY
0.892,0.906,0.889,0.894,1084697448,515790.SH,2024-11-08,NA,NA,CNY
0.887,0.92,0.882,0.916,876951600,515790.SH,2024-11-11,NA,NA,CNY
0.919,0.935,0.895,0.902,923277400,515790.SH,2024-11-12,NA,NA,CNY
0.895,0.909,0.889,0.908,619273000,515790.SH,2024-11-13,NA,NA,CNY
0.91,0.915,0.88,0.882,566825650,515790.SH,2024-11-14,NA,NA,CNY
0.878,0.886,0.85,0.851,778649100,515790.SH,2024-11-15,NA,NA,CNY
0.845,0.856,0.828,0.833,482347100,515790.SH,2024-11-18,NA,NA,CNY
0.84,0.857,0.829,0.857,450825900,515790.SH,2024-11-19,NA,NA,CNY
0.854,0.856,0.842,0.853,416476200,515790.SH,2024-11-20,NA,NA,CNY
0.867,0.872,0.846,0.853,531444497,515790.SH,2024-11-21,NA,NA,CNY
0.846,0.848,0.814,0.815,463768800,515790.SH,2024-11-22,NA,NA,CNY
0.81,0.821,0.807,0.818,339116000,515790.SH,2024-11-25,NA,NA,CNY
0.82,0.837,0.813,0.816,482270942,515790.SH,2024-11-26,NA,NA,CNY
0.813,0.835,0.805,0.834,367508442,515790.SH,2024-11-27,NA,NA,CNY
0.832,0.844,0.828,0.831,360508142,515790.SH,2024-11-28,NA,NA,CNY
0.83,0.848,0.825,0.842,432991600,515790.SH,2024-11-29,NA,NA,CNY
0.83,0.847,0.818,0.846,453405200,515790.SH,2024-12-02,NA,NA,CNY
0.847,0.852,0.837,0.847,464533997,515790.SH,2024-12-03,NA,NA,CNY
0.844,0.845,0.82,0.823,432792900,515790.SH,2024-12-04,NA,NA,CNY
0.822,0.825,0.816,0.823,348725100,515790.SH,2024-12-05,NA,NA,CNY
0.822,0.828,0.802,0.827,663909900,515790.SH,2024-12-06,NA,NA,CNY
0.824,0.825,0.811,0.815,392347600,515790.SH,2024-12-09,NA,NA,CNY
0.836,0.84,0.815,0.817,434647100,515790.SH,2024-12-10,NA,NA,CNY
0.817,0.824,0.814,0.822,249676900,515790.SH,2024-12-11,NA,NA,CNY
0.823,0.828,0.815,0.825,263024600,515790.SH,2024-12-12,NA,NA,CNY
0.821,0.822,0.801,0.802,402380400,515790.SH,2024-12-13,NA,NA,CNY
0.801,0.803,0.785,0.789,293935300,515790.SH,2024-12-16,NA,NA,CNY
0.787,0.794,0.782,0.784,266631900,515790.SH,2024-12-17,NA,NA,CNY
0.786,0.789,0.78,0.783,263750300,515790.SH,2024-12-18,NA,NA,CNY
0.775,0.782,0.77,0.781,319320600,515790.SH,2024-12-19,NA,NA,CNY
0.781,0.784,0.775,0.776,297894600,515790.SH,2024-12-20,NA,NA,CNY
0.776,0.792,0.775,0.777,489831984,515790.SH,2024-12-23,NA,NA,CNY
0.778,0.793,0.777,0.789,418060233,515790.SH,2024-12-24,NA,NA,CNY
0.796,0.798,0.778,0.783,501055499,515790.SH,2024-12-25,NA,NA,CNY
0.785,0.786,0.779,0.783,359974500,515790.SH,2024-12-26,NA,NA,CNY
0.779,0.787,0.774,0.777,465782633,515790.SH,2024-12-27,NA,NA,CNY
0.774,0.781,0.771,0.778,357432600,515790.SH,2024-12-30,NA,NA,CNY
0.777,0.786,0.756,0.757,522265316,515790.SH,2024-12-31,NA,NA,CNY
0.757,0.76,0.733,0.739,428615900,515790.SH,2025-01-02,NA,NA,CNY
0.742,0.745,0.72,0.721,421530600,515790.SH,2025-01-03,NA,NA,CNY
0.721,0.734,0.717,0.725,398886900,515790.SH,2025-01-06,NA,NA,CNY
0.724,0.73,0.719,0.728,295362400,515790.SH,2025-01-07,NA,NA,CNY
0.728,0.733,0.712,0.727,326373400,515790.SH,2025-01-08,NA,NA,CNY
0.722,0.736,0.721,0.723,342307300,515790.SH,2025-01-09,NA,NA,CNY
0.722,0.723,0.698,0.698,464250900,515790.SH,2025-01-10,NA,NA,CNY
0.695,0.707,0.692,0.7,291208700,515790.SH,2025-01-13,NA,NA,CNY
0.702,0.727,0.699,0.725,448054351,515790.SH,2025-01-14,NA,NA,CNY
0.724,0.742,0.714,0.731,597409200,515790.SH,2025-01-15,NA,NA,CNY
0.728,0.746,0.728,0.738,445527000,515790.SH,2025-01-16,NA,NA,CNY
0.733,0.742,0.729,0.736,310062800,515790.SH,2025-01-17,NA,NA,CNY
0.739,0.748,0.738,0.74,332771900,515790.SH,2025-01-20,NA,NA,CNY
0.743,0.745,0.726,0.73,316063200,515790.SH,2025-01-21,NA,NA,CNY
0.726,0.727,0.715,0.719,277926800,515790.SH,2025-01-22,NA,NA,CNY
0.725,0.731,0.716,0.717,328954200,515790.SH,2025-01-23,NA,NA,CNY
0.716,0.731,0.712,0.729,424138600,515790.SH,2025-01-24,NA,NA,CNY
0.727,0.734,0.716,0.716,259101599,515790.SH,2025-01-27,NA,NA,CNY
0.719,0.725,0.709,0.715,266856370,515790.SH,2025-02-05,NA,NA,CNY
0.714,0.735,0.709,0.733,494021300,515790.SH,2025-02-06,NA,NA,CNY
0.731,0.769,0.729,0.759,1095007277,515790.SH,2025-02-07,NA,NA,CNY
0.756,0.758,0.741,0.752,942014600,515790.SH,2025-02-10,NA,NA,CNY
0.75,0.751,0.733,0.737,589082940,515790.SH,2025-02-11,NA,NA,CNY
0.736,0.743,0.73,0.743,513177000,515790.SH,2025-02-12,NA,NA,CNY
0.741,0.742,0.732,0.733,617215900,515790.SH,2025-02-13,NA,NA,CNY
0.733,0.742,0.731,0.738,513636028,515790.SH,2025-02-14,NA,NA,CNY
0.739,0.746,0.734,0.745,574298400,515790.SH,2025-02-17,NA,NA,CNY
0.745,0.753,0.728,0.73,718286100,515790.SH,2025-02-18,NA,NA,CNY
0.725,0.742,0.724,0.741,615100400,515790.SH,2025-02-19,NA,NA,CNY
0.739,0.739,0.729,0.734,473363916,515790.SH,2025-02-20,NA,NA,CNY
0.734,0.741,0.726,0.741,549048999,515790.SH,2025-02-21,NA,NA,CNY
0.738,0.748,0.732,0.747,730967800,515790.SH,2025-02-24,NA,NA,CNY
0.74,0.753,0.736,0.747,634017000,515790.SH,2025-02-25,NA,NA,CNY
0.748,0.772,0.748,0.771,1385702860,515790.SH,2025-02-26,NA,NA,CNY
0.771,0.771,0.751,0.76,940301469,515790.SH,2025-02-27,NA,NA,CNY
0.758,0.766,0.743,0.746,1002945372,515790.SH,2025-02-28,NA,NA,CNY
0.745,0.763,0.745,0.752,990965500,515790.SH,2025-03-03,NA,NA,CNY
0.745,0.751,0.738,0.75,578083400,515790.SH,2025-03-04,NA,NA,CNY
0.749,0.749,0.732,0.737,757908200,515790.SH,2025-03-05,NA,NA,CNY
0.739,0.752,0.736,0.751,756756700,515790.SH,2025-03-06,NA,NA,CNY
0.747,0.753,0.737,0.744,828737516,515790.SH,2025-03-07,NA,NA,CNY
0.744,0.753,0.742,0.749,521643400,515790.SH,2025-03-10,NA,NA,CNY
0.742,0.751,0.737,0.751,832573361,515790.SH,2025-03-11,NA,NA,CNY
0.752,0.756,0.749,0.751,511272400,515790.SH,2025-03-12,NA,NA,CNY
0.751,0.754,0.739,0.744,519797100,515790.SH,2025-03-13,NA,NA,CNY
0.744,0.76,0.741,0.758,711294366,515790.SH,2025-03-14,NA,NA,CNY
0.762,0.77,0.759,0.762,840952100,515790.SH,2025-03-17,NA,NA,CNY
0.763,0.767,0.76,0.767,543340500,515790.SH,2025-03-18,NA,NA,CNY
0.764,0.769,0.755,0.761,730585901,515790.SH,2025-03-19,NA,NA,CNY
0.76,0.762,0.752,0.753,474204200,515790.SH,2025-03-20,NA,NA,CNY
0.752,0.758,0.743,0.744,673127300,515790.SH,2025-03-21,NA,NA,CNY
0.744,0.748,0.731,0.74,523881900,515790.SH,2025-03-24,NA,NA,CNY
0.74,0.753,0.739,0.748,776654500,515790.SH,2025-03-25,NA,NA,CNY
0.745,0.765,0.743,0.756,958100721,515790.SH,2025-03-26,NA,NA,CNY
0.754,0.754,0.742,0.745,559892100,515790.SH,2025-03-27,NA,NA,CNY
0.746,0.754,0.737,0.738,510014801,515790.SH,2025-03-28,NA,NA,CNY
0.736,0.737,0.712,0.716,626970300,515790.SH,2025-03-31,NA,NA,CNY
0.716,0.732,0.715,0.725,449797463,515790.SH,2025-04-01,NA,NA,CNY
0.723,0.729,0.719,0.723,320723600,515790.SH,2025-04-02,NA,NA,CNY
0.716,0.719,0.705,0.708,662357100,515790.SH,2025-04-03,NA,NA,CNY
0.669,0.669,0.637,0.637,559269300,515790.SH,2025-04-07,NA,NA,CNY
0.631,0.638,0.617,0.626,800254559,515790.SH,2025-04-08,NA,NA,CNY
0.615,0.634,0.599,0.631,570700300,515790.SH,2025-04-09,NA,NA,CNY
0.652,0.658,0.646,0.648,633526677,515790.SH,2025-04-10,NA,NA,CNY
0.643,0.655,0.642,0.65,326859100,515790.SH,2025-04-11,NA,NA,CNY
0.657,0.661,0.653,0.654,315727400,515790.SH,2025-04-14,NA,NA,CNY
0.654,0.655,0.646,0.651,224225399,515790.SH,2025-04-15,NA,NA,CNY
0.648,0.648,0.635,0.645,305624500,515790.SH,2025-04-16,NA,NA,CNY
0.642,0.649,0.641,0.644,255977797,515790.SH,2025-04-17,NA,NA,CNY
0.643,0.644,0.638,0.642,258613900,515790.SH,2025-04-18,NA,NA,CNY
0.642,0.645,0.636,0.645,235429800,515790.SH,2025-04-21,NA,NA,CNY
0.643,0.647,0.639,0.643,359219400,515790.SH,2025-04-22,NA,NA,CNY
0.645,0.652,0.642,0.646,472364800,515790.SH,2025-04-23,NA,NA,CNY
0.645,0.647,0.637,0.639,372491700,515790.SH,2025-04-24,NA,NA,CNY
0.639,0.647,0.638,0.643,368638300,515790.SH,2025-04-25,NA,NA,CNY
0.645,0.65,0.642,0.643,326623848,515790.SH,2025-04-28,NA,NA,CNY
0.643,0.648,0.64,0.641,250936400,515790.SH,2025-04-29,NA,NA,CNY
0.639,0.648,0.638,0.642,281586544,515790.SH,2025-04-30,NA,NA,CNY
0.645,0.658,0.644,0.658,420716200,515790.SH,2025-05-06,NA,NA,CNY
0.666,0.668,0.654,0.658,358602600,515790.SH,2025-05-07,NA,NA,CNY
0.657,0.672,0.656,0.67,596758500,515790.SH,2025-05-08,NA,NA,CNY
0.67,0.67,0.656,0.659,326667930,515790.SH,2025-05-09,NA,NA,CNY
0.664,0.678,0.664,0.677,1035995600,515790.SH,2025-05-12,NA,NA,CNY
0.685,0.703,0.682,0.687,1458201610,515790.SH,2025-05-13,NA,NA,CNY
0.683,0.684,0.673,0.681,617026550,515790.SH,2025-05-14,NA,NA,CNY
0.679,0.679,0.664,0.666,491840513,515790.SH,2025-05-15,NA,NA,CNY
0.665,0.673,0.664,0.668,318218200,515790.SH,2025-05-16,NA,NA,CNY
0.667,0.667,0.659,0.667,222977300,515790.SH,2025-05-19,NA,NA,CNY
0.667,0.668,0.661,0.667,310664400,515790.SH,2025-05-20,NA,NA,CNY
0.667,0.67,0.665,0.666,234560700,515790.SH,2025-05-21,NA,NA,CNY
0.664,0.667,0.658,0.659,301276200,515790.SH,2025-05-22,NA,NA,CNY
0.658,0.662,0.649,0.651,395556100,515790.SH,2025-05-23,NA,NA,CNY
0.65,0.656,0.649,0.652,232805600,515790.SH,2025-05-26,NA,NA,CNY
0.652,0.653,0.643,0.647,261591200,515790.SH,2025-05-27,NA,NA,CNY
0.647,0.648,0.64,0.642,190905000,515790.SH,2025-05-28,NA,NA,CNY
0.642,0.648,0.642,0.648,245584005,515790.SH,2025-05-29,NA,NA,CNY
0.647,0.647,0.639,0.64,258723433,515790.SH,2025-05-30,NA,NA,CNY
