open,high,low,close,volume,thscode,time,thsname_cn,thsname_en,currency
1.002,1.003,0.984,0.991,36657500.0,516510.SH,2021-04-07,NA,NA,CNY
0.99,0.996,0.984,0.99,13255800.0,516510.SH,2021-04-08,NA,NA,CNY
0.989,0.989,0.978,0.979,16264500.0,516510.SH,2021-04-09,NA,NA,CNY
0.981,0.985,0.961,0.964,16253400.0,516510.SH,2021-04-12,NA,NA,CNY
0.963,0.974,0.937,0.961,12871500.0,516510.SH,2021-04-13,NA,NA,CNY
0.962,0.979,0.959,0.976,7119300.0,516510.SH,2021-04-14,NA,NA,CNY
0.97,0.98,0.97,0.977,5456500.0,516510.SH,2021-04-15,NA,NA,CNY
0.971,0.984,0.971,0.982,6773700.0,516510.SH,2021-04-16,NA,NA,CNY
0.981,1.005,0.979,1.004,21282000.0,516510.SH,2021-04-19,NA,NA,CNY
1.003,1.008,0.999,1.002,9235800.0,516510.SH,2021-04-20,NA,NA,CNY
1.001,1.001,0.992,0.996,2544700.0,516510.SH,2021-04-21,NA,NA,CNY
0.996,1.001,0.993,1.0,4764700.0,516510.SH,2021-04-22,NA,NA,CNY
1.0,1.0,0.99,0.99,4485100.0,516510.SH,2021-04-23,NA,NA,CNY
0.99,1.0,0.978,0.98,3917700.0,516510.SH,2021-04-26,NA,NA,CNY
0.98,0.982,0.971,0.977,3953700.0,516510.SH,2021-04-27,NA,NA,CNY
0.975,0.976,0.967,0.975,3072600.0,516510.SH,2021-04-28,NA,NA,CNY
0.975,0.98,0.971,0.975,2346900.0,516510.SH,2021-04-29,NA,NA,CNY
0.975,0.975,0.954,0.961,5957100.0,516510.SH,2021-04-30,NA,NA,CNY
0.961,0.961,0.942,0.947,4560500.0,516510.SH,2021-05-06,NA,NA,CNY
0.947,0.947,0.928,0.931,8379400.0,516510.SH,2021-05-07,NA,NA,CNY
0.928,0.931,0.917,0.92,6061900.0,516510.SH,2021-05-10,NA,NA,CNY
0.918,0.933,0.915,0.932,7111300.0,516510.SH,2021-05-11,NA,NA,CNY
0.932,0.939,0.926,0.936,6509900.0,516510.SH,2021-05-12,NA,NA,CNY
0.936,0.94,0.93,0.931,4016400.0,516510.SH,2021-05-13,NA,NA,CNY
0.929,0.951,0.929,0.95,7899200.0,516510.SH,2021-05-14,NA,NA,CNY
0.95,0.98,0.95,0.97,10884200.0,516510.SH,2021-05-17,NA,NA,CNY
0.97,0.977,0.962,0.975,5752099.0,516510.SH,2021-05-18,NA,NA,CNY
0.975,0.975,0.966,0.969,931000.0,516510.SH,2021-05-19,NA,NA,CNY
0.968,0.979,0.968,0.976,4837900.0,516510.SH,2021-05-20,NA,NA,CNY
0.975,0.98,0.963,0.964,1595400.0,516510.SH,2021-05-21,NA,NA,CNY
0.96,0.994,0.96,0.99,5860400.0,516510.SH,2021-05-24,NA,NA,CNY
0.99,1.023,0.99,1.011,46588900.0,516510.SH,2021-05-25,NA,NA,CNY
1.02,1.036,1.014,1.015,15897000.0,516510.SH,2021-05-26,NA,NA,CNY
1.004,1.029,1.004,1.02,10798400.0,516510.SH,2021-05-27,NA,NA,CNY
1.02,1.026,1.016,1.019,7056900.0,516510.SH,2021-05-28,NA,NA,CNY
1.019,1.032,1.019,1.026,8137600.0,516510.SH,2021-05-31,NA,NA,CNY
1.024,1.035,1.024,1.027,6568600.0,516510.SH,2021-06-01,NA,NA,CNY
1.027,1.03,1.004,1.006,12335700.0,516510.SH,2021-06-02,NA,NA,CNY
1.002,1.023,1.002,1.005,4016700.0,516510.SH,2021-06-03,NA,NA,CNY
1.0,1.012,1.0,1.007,4912400.0,516510.SH,2021-06-04,NA,NA,CNY
1.003,1.03,1.003,1.028,4795400.0,516510.SH,2021-06-07,NA,NA,CNY
1.03,1.042,1.024,1.03,12781000.0,516510.SH,2021-06-08,NA,NA,CNY
1.03,1.04,1.024,1.038,6194600.0,516510.SH,2021-06-09,NA,NA,CNY
1.038,1.069,0.939,1.064,23827400.0,516510.SH,2021-06-10,NA,NA,CNY
1.059,1.1,1.059,1.066,16938600.0,516510.SH,2021-06-11,NA,NA,CNY
1.061,1.069,1.054,1.058,3635600.0,516510.SH,2021-06-15,NA,NA,CNY
1.05,1.065,1.033,1.033,11254000.0,516510.SH,2021-06-16,NA,NA,CNY
1.035,1.06,1.034,1.058,5498400.0,516510.SH,2021-06-17,NA,NA,CNY
1.058,1.072,1.045,1.048,4088600.0,516510.SH,2021-06-18,NA,NA,CNY
1.048,1.054,1.042,1.048,7569600.0,516510.SH,2021-06-21,NA,NA,CNY
1.048,1.06,1.045,1.049,6463900.0,516510.SH,2021-06-22,NA,NA,CNY
1.057,1.057,1.037,1.052,6391100.0,516510.SH,2021-06-23,NA,NA,CNY
1.056,1.056,1.032,1.035,3107000.0,516510.SH,2021-06-24,NA,NA,CNY
1.043,1.043,1.031,1.036,3666600.0,516510.SH,2021-06-25,NA,NA,CNY
1.039,1.048,1.035,1.044,3024600.0,516510.SH,2021-06-28,NA,NA,CNY
1.043,1.063,1.043,1.048,3983200.0,516510.SH,2021-06-29,NA,NA,CNY
1.048,1.057,1.048,1.057,4740600.0,516510.SH,2021-06-30,NA,NA,CNY
1.056,1.064,1.047,1.047,4129600.0,516510.SH,2021-07-01,NA,NA,CNY
1.048,1.051,1.025,1.027,3044900.0,516510.SH,2021-07-02,NA,NA,CNY
1.026,1.05,1.025,1.031,5786100.0,516510.SH,2021-07-05,NA,NA,CNY
1.039,1.042,1.025,1.032,1523300.0,516510.SH,2021-07-06,NA,NA,CNY
1.012,1.041,1.012,1.041,3586000.0,516510.SH,2021-07-07,NA,NA,CNY
1.035,1.047,1.035,1.041,1940100.0,516510.SH,2021-07-08,NA,NA,CNY
1.045,1.048,1.028,1.039,1371300.0,516510.SH,2021-07-09,NA,NA,CNY
1.039,1.102,1.031,1.102,20712300.0,516510.SH,2021-07-12,NA,NA,CNY
1.136,1.139,1.09,1.11,25621100.0,516510.SH,2021-07-13,NA,NA,CNY
1.101,1.117,1.096,1.097,12901300.0,516510.SH,2021-07-14,NA,NA,CNY
1.09,1.108,1.09,1.1,14510600.0,516510.SH,2021-07-15,NA,NA,CNY
1.101,1.114,1.096,1.097,5862600.0,516510.SH,2021-07-16,NA,NA,CNY
1.09,1.112,1.082,1.111,4882200.0,516510.SH,2021-07-19,NA,NA,CNY
1.112,1.112,1.085,1.096,4871800.0,516510.SH,2021-07-20,NA,NA,CNY
1.1,1.111,1.09,1.106,6908300.0,516510.SH,2021-07-21,NA,NA,CNY
1.105,1.117,1.103,1.116,9948400.0,516510.SH,2021-07-22,NA,NA,CNY
1.119,1.127,1.093,1.1,17111300.0,516510.SH,2021-07-23,NA,NA,CNY
1.098,1.098,1.048,1.068,9387200.0,516510.SH,2021-07-26,NA,NA,CNY
1.077,1.096,1.058,1.061,8606000.0,516510.SH,2021-07-27,NA,NA,CNY
1.072,1.086,1.029,1.046,9314100.0,516510.SH,2021-07-28,NA,NA,CNY
1.069,1.08,1.059,1.062,3934800.0,516510.SH,2021-07-29,NA,NA,CNY
1.066,1.076,1.053,1.076,9709500.0,516510.SH,2021-07-30,NA,NA,CNY
1.076,1.11,1.074,1.108,8559500.0,516510.SH,2021-08-02,NA,NA,CNY
1.109,1.13,1.1,1.116,8698600.0,516510.SH,2021-08-03,NA,NA,CNY
1.117,1.127,1.105,1.118,5766200.0,516510.SH,2021-08-04,NA,NA,CNY
1.118,1.122,1.092,1.099,10081000.0,516510.SH,2021-08-05,NA,NA,CNY
1.1,1.108,1.087,1.104,5422100.0,516510.SH,2021-08-06,NA,NA,CNY
1.104,1.122,1.054,1.122,6345400.0,516510.SH,2021-08-09,NA,NA,CNY
1.128,1.128,1.112,1.123,6740600.0,516510.SH,2021-08-10,NA,NA,CNY
1.123,1.124,1.105,1.108,9830500.0,516510.SH,2021-08-11,NA,NA,CNY
1.118,1.126,1.105,1.106,8802100.0,516510.SH,2021-08-12,NA,NA,CNY
1.1,1.105,1.076,1.082,8631600.0,516510.SH,2021-08-13,NA,NA,CNY
1.082,1.082,1.068,1.076,8572200.0,516510.SH,2021-08-16,NA,NA,CNY
1.079,1.079,1.041,1.041,12801800.0,516510.SH,2021-08-17,NA,NA,CNY
1.043,1.049,1.03,1.046,11517100.0,516510.SH,2021-08-18,NA,NA,CNY
1.061,1.062,1.046,1.057,9647700.0,516510.SH,2021-08-19,NA,NA,CNY
1.057,1.066,1.041,1.053,8556400.0,516510.SH,2021-08-20,NA,NA,CNY
1.046,1.078,1.046,1.076,9143300.0,516510.SH,2021-08-23,NA,NA,CNY
1.076,1.083,1.07,1.076,10180900.0,516510.SH,2021-08-24,NA,NA,CNY
1.076,1.076,1.054,1.06,10464500.0,516510.SH,2021-08-25,NA,NA,CNY
1.055,1.055,1.031,1.034,12380400.0,516510.SH,2021-08-26,NA,NA,CNY
1.03,1.03,1.021,1.027,14936400.0,516510.SH,2021-08-27,NA,NA,CNY
1.054,1.071,1.017,1.023,21351800.0,516510.SH,2021-08-30,NA,NA,CNY
1.006,1.019,0.999,1.005,18776599.0,516510.SH,2021-08-31,NA,NA,CNY
1.004,1.011,0.991,1.009,15275500.0,516510.SH,2021-09-01,NA,NA,CNY
1.011,1.011,0.998,1.003,17881900.0,516510.SH,2021-09-02,NA,NA,CNY
1.003,1.019,1.003,1.017,26766202.0,516510.SH,2021-09-03,NA,NA,CNY
1.022,1.035,1.008,1.035,15558900.0,516510.SH,2021-09-06,NA,NA,CNY
1.033,1.039,1.029,1.036,14185800.0,516510.SH,2021-09-07,NA,NA,CNY
1.05,1.053,1.034,1.039,10919200.0,516510.SH,2021-09-08,NA,NA,CNY
1.039,1.039,1.022,1.027,12919400.0,516510.SH,2021-09-09,NA,NA,CNY
1.027,1.035,1.023,1.028,14266000.0,516510.SH,2021-09-10,NA,NA,CNY
1.028,1.028,1.014,1.017,6892000.0,516510.SH,2021-09-13,NA,NA,CNY
1.018,1.035,1.015,1.017,6748000.0,516510.SH,2021-09-14,NA,NA,CNY
1.018,1.018,1.006,1.013,6020500.0,516510.SH,2021-09-15,NA,NA,CNY
1.018,1.018,0.996,1.002,8630100.0,516510.SH,2021-09-16,NA,NA,CNY
1.001,1.002,0.986,1.001,14550900.0,516510.SH,2021-09-17,NA,NA,CNY
1.001,1.001,0.987,0.995,17462000.0,516510.SH,2021-09-22,NA,NA,CNY
0.994,1.019,0.994,1.016,15075100.0,516510.SH,2021-09-23,NA,NA,CNY
1.023,1.03,1.016,1.021,11516000.0,516510.SH,2021-09-24,NA,NA,CNY
1.021,1.038,1.016,1.024,9497300.0,516510.SH,2021-09-27,NA,NA,CNY
1.024,1.024,1.009,1.018,11707500.0,516510.SH,2021-09-28,NA,NA,CNY
1.017,1.017,0.99,0.995,15126300.0,516510.SH,2021-09-29,NA,NA,CNY
1.001,1.02,1.001,1.019,10329800.0,516510.SH,2021-09-30,NA,NA,CNY
1.018,1.039,1.018,1.034,9032400.0,516510.SH,2021-10-08,NA,NA,CNY
1.024,1.036,1.024,1.029,10067200.0,516510.SH,2021-10-11,NA,NA,CNY
1.03,1.03,1.008,1.012,9669200.0,516510.SH,2021-10-12,NA,NA,CNY
1.008,1.023,1.008,1.023,11003400.0,516510.SH,2021-10-13,NA,NA,CNY
1.025,1.027,1.018,1.022,8830400.0,516510.SH,2021-10-14,NA,NA,CNY
1.023,1.043,1.023,1.037,10625300.0,516510.SH,2021-10-15,NA,NA,CNY
1.037,1.037,1.019,1.023,7703900.0,516510.SH,2021-10-18,NA,NA,CNY
1.022,1.034,1.018,1.032,10781700.0,516510.SH,2021-10-19,NA,NA,CNY
1.038,1.046,1.029,1.031,6546200.0,516510.SH,2021-10-20,NA,NA,CNY
1.034,1.034,1.018,1.021,14390800.0,516510.SH,2021-10-21,NA,NA,CNY
1.021,1.027,1.018,1.02,19601500.0,516510.SH,2021-10-22,NA,NA,CNY
1.02,1.02,1.006,1.02,8263800.0,516510.SH,2021-10-25,NA,NA,CNY
1.019,1.02,1.01,1.013,9460900.0,516510.SH,2021-10-26,NA,NA,CNY
1.011,1.018,0.999,1.005,12338000.0,516510.SH,2021-10-27,NA,NA,CNY
1.002,1.008,0.994,0.994,12457200.0,516510.SH,2021-10-28,NA,NA,CNY
0.997,1.017,0.994,1.016,7513600.0,516510.SH,2021-10-29,NA,NA,CNY
1.015,1.024,1.009,1.022,8614400.0,516510.SH,2021-11-01,NA,NA,CNY
1.02,1.029,1.006,1.012,9443800.0,516510.SH,2021-11-02,NA,NA,CNY
1.019,1.023,1.014,1.018,9566700.0,516510.SH,2021-11-03,NA,NA,CNY
1.018,1.025,1.015,1.024,7803400.0,516510.SH,2021-11-04,NA,NA,CNY
1.023,1.036,1.022,1.03,11015100.0,516510.SH,2021-11-05,NA,NA,CNY
1.027,1.027,1.018,1.021,5361000.0,516510.SH,2021-11-08,NA,NA,CNY
1.021,1.033,1.015,1.031,15008300.0,516510.SH,2021-11-09,NA,NA,CNY
1.028,1.033,1.022,1.028,11899200.0,516510.SH,2021-11-10,NA,NA,CNY
1.029,1.034,1.021,1.033,13023400.0,516510.SH,2021-11-11,NA,NA,CNY
1.035,1.043,1.032,1.041,11080900.0,516510.SH,2021-11-12,NA,NA,CNY
1.045,1.05,1.038,1.04,15804700.0,516510.SH,2021-11-15,NA,NA,CNY
1.04,1.047,1.03,1.03,21535000.0,516510.SH,2021-11-16,NA,NA,CNY
1.03,1.042,1.029,1.041,12754900.0,516510.SH,2021-11-17,NA,NA,CNY
1.045,1.045,1.02,1.022,10877100.0,516510.SH,2021-11-18,NA,NA,CNY
1.029,1.029,1.012,1.026,11080100.0,516510.SH,2021-11-19,NA,NA,CNY
1.026,1.04,1.02,1.035,11043300.0,516510.SH,2021-11-22,NA,NA,CNY
1.035,1.037,1.03,1.036,11859700.0,516510.SH,2021-11-23,NA,NA,CNY
1.035,1.041,1.031,1.037,11011800.0,516510.SH,2021-11-24,NA,NA,CNY
1.035,1.036,1.029,1.033,8481800.0,516510.SH,2021-11-25,NA,NA,CNY
1.029,1.03,1.017,1.026,12095500.0,516510.SH,2021-11-26,NA,NA,CNY
1.015,1.02,1.012,1.016,13801700.0,516510.SH,2021-11-29,NA,NA,CNY
1.016,1.037,1.016,1.031,13054200.0,516510.SH,2021-11-30,NA,NA,CNY
1.031,1.048,1.031,1.047,14652700.0,516510.SH,2021-12-01,NA,NA,CNY
1.046,1.046,1.025,1.026,15235600.0,516510.SH,2021-12-02,NA,NA,CNY
1.026,1.033,1.023,1.025,9008600.0,516510.SH,2021-12-03,NA,NA,CNY
1.031,1.031,1.009,1.01,14365800.0,516510.SH,2021-12-06,NA,NA,CNY
1.011,1.015,1.0,1.008,13449800.0,516510.SH,2021-12-07,NA,NA,CNY
1.008,1.033,1.008,1.032,13237300.0,516510.SH,2021-12-08,NA,NA,CNY
1.032,1.053,1.031,1.044,14278000.0,516510.SH,2021-12-09,NA,NA,CNY
1.043,1.043,1.032,1.04,13776800.0,516510.SH,2021-12-10,NA,NA,CNY
1.042,1.048,1.035,1.043,12185900.0,516510.SH,2021-12-13,NA,NA,CNY
1.044,1.055,1.04,1.055,15035100.0,516510.SH,2021-12-14,NA,NA,CNY
1.063,1.064,1.047,1.048,16346400.0,516510.SH,2021-12-15,NA,NA,CNY
1.051,1.051,1.042,1.05,14449500.0,516510.SH,2021-12-16,NA,NA,CNY
1.052,1.052,1.034,1.036,13673400.0,516510.SH,2021-12-17,NA,NA,CNY
1.035,1.036,1.018,1.018,13669900.0,516510.SH,2021-12-20,NA,NA,CNY
1.014,1.038,1.014,1.037,13821500.0,516510.SH,2021-12-21,NA,NA,CNY
1.041,1.046,1.037,1.043,12672200.0,516510.SH,2021-12-22,NA,NA,CNY
1.048,1.05,1.04,1.041,11429200.0,516510.SH,2021-12-23,NA,NA,CNY
1.04,1.045,1.035,1.036,10567500.0,516510.SH,2021-12-24,NA,NA,CNY
1.036,1.04,1.031,1.038,10118900.0,516510.SH,2021-12-27,NA,NA,CNY
1.038,1.044,1.038,1.043,10083300.0,516510.SH,2021-12-28,NA,NA,CNY
1.042,1.042,1.03,1.033,9158600.0,516510.SH,2021-12-29,NA,NA,CNY
1.032,1.046,1.032,1.043,11286200.0,516510.SH,2021-12-30,NA,NA,CNY
1.043,1.049,1.039,1.045,6356900.0,516510.SH,2021-12-31,NA,NA,CNY
1.044,1.053,1.04,1.049,13652600.0,516510.SH,2022-01-04,NA,NA,CNY
1.05,1.054,1.037,1.041,11952200.0,516510.SH,2022-01-05,NA,NA,CNY
1.04,1.04,1.019,1.024,11615400.0,516510.SH,2022-01-06,NA,NA,CNY
1.024,1.033,1.007,1.008,17515100.0,516510.SH,2022-01-07,NA,NA,CNY
1.011,1.029,0.995,1.023,15480600.0,516510.SH,2022-01-10,NA,NA,CNY
1.023,1.027,1.004,1.006,13362600.0,516510.SH,2022-01-11,NA,NA,CNY
1.006,1.024,1.002,1.01,10629700.0,516510.SH,2022-01-12,NA,NA,CNY
1.025,1.028,0.999,1.0,19563200.0,516510.SH,2022-01-13,NA,NA,CNY
0.998,1.006,0.989,0.995,14618100.0,516510.SH,2022-01-14,NA,NA,CNY
1.005,1.06,1.005,1.058,27785500.0,516510.SH,2022-01-17,NA,NA,CNY
1.078,1.09,1.059,1.065,32538900.0,516510.SH,2022-01-18,NA,NA,CNY
1.05,1.073,1.05,1.069,22815800.0,516510.SH,2022-01-19,NA,NA,CNY
1.068,1.069,1.051,1.06,20811000.0,516510.SH,2022-01-20,NA,NA,CNY
1.051,1.066,1.048,1.05,31244600.0,516510.SH,2022-01-21,NA,NA,CNY
1.046,1.062,1.042,1.054,24903000.0,516510.SH,2022-01-24,NA,NA,CNY
1.05,1.051,1.009,1.011,25918100.0,516510.SH,2022-01-25,NA,NA,CNY
1.011,1.019,0.989,1.003,26042900.0,516510.SH,2022-01-26,NA,NA,CNY
1.001,1.001,0.953,0.954,59531000.0,516510.SH,2022-01-27,NA,NA,CNY
0.954,0.968,0.948,0.95,18294500.0,516510.SH,2022-01-28,NA,NA,CNY
0.96,0.97,0.938,0.946,18252100.0,516510.SH,2022-02-07,NA,NA,CNY
0.96,0.96,0.926,0.944,22111600.0,516510.SH,2022-02-08,NA,NA,CNY
0.941,0.971,0.941,0.971,23396700.0,516510.SH,2022-02-09,NA,NA,CNY
0.97,0.97,0.95,0.955,21244100.0,516510.SH,2022-02-10,NA,NA,CNY
0.951,0.954,0.93,0.934,21395000.0,516510.SH,2022-02-11,NA,NA,CNY
0.926,0.928,0.91,0.917,20227400.0,516510.SH,2022-02-14,NA,NA,CNY
0.918,0.929,0.916,0.929,15036000.0,516510.SH,2022-02-15,NA,NA,CNY
0.94,0.942,0.925,0.93,16078200.0,516510.SH,2022-02-16,NA,NA,CNY
0.935,0.935,0.919,0.923,18228500.0,516510.SH,2022-02-17,NA,NA,CNY
0.94,0.951,0.935,0.949,35741500.0,516510.SH,2022-02-18,NA,NA,CNY
0.962,1.044,0.962,0.986,54443100.0,516510.SH,2022-02-21,NA,NA,CNY
0.986,0.986,0.961,0.965,58427800.0,516510.SH,2022-02-22,NA,NA,CNY
0.967,0.982,0.964,0.978,45545000.0,516510.SH,2022-02-23,NA,NA,CNY
0.966,0.978,0.925,0.942,50811800.0,516510.SH,2022-02-24,NA,NA,CNY
0.952,0.96,0.944,0.946,35436200.0,516510.SH,2022-02-25,NA,NA,CNY
0.946,0.952,0.932,0.95,29901300.0,516510.SH,2022-02-28,NA,NA,CNY
0.95,0.955,0.945,0.952,31247000.0,516510.SH,2022-03-01,NA,NA,CNY
0.949,0.949,0.938,0.946,27375800.0,516510.SH,2022-03-02,NA,NA,CNY
0.949,0.951,0.929,0.931,27101600.0,516510.SH,2022-03-03,NA,NA,CNY
0.92,0.929,0.911,0.916,33272900.0,516510.SH,2022-03-04,NA,NA,CNY
0.916,0.916,0.873,0.877,37615200.0,516510.SH,2022-03-07,NA,NA,CNY
0.878,0.887,0.859,0.865,27720900.0,516510.SH,2022-03-08,NA,NA,CNY
0.866,0.87,0.82,0.858,37481000.0,516510.SH,2022-03-09,NA,NA,CNY
0.874,0.881,0.862,0.862,28678300.0,516510.SH,2022-03-10,NA,NA,CNY
0.848,0.871,0.836,0.868,37986100.0,516510.SH,2022-03-11,NA,NA,CNY
0.86,0.867,0.837,0.838,31806500.0,516510.SH,2022-03-14,NA,NA,CNY
0.835,0.847,0.801,0.804,33935000.0,516510.SH,2022-03-15,NA,NA,CNY
0.817,0.839,0.794,0.834,37227300.0,516510.SH,2022-03-16,NA,NA,CNY
0.851,0.862,0.834,0.849,27126100.0,516510.SH,2022-03-17,NA,NA,CNY
0.844,0.849,0.838,0.847,29503600.0,516510.SH,2022-03-18,NA,NA,CNY
0.847,0.852,0.834,0.843,30901000.0,516510.SH,2022-03-21,NA,NA,CNY
0.843,0.847,0.834,0.839,26794200.0,516510.SH,2022-03-22,NA,NA,CNY
0.837,0.853,0.833,0.851,36989000.0,516510.SH,2022-03-23,NA,NA,CNY
0.853,0.854,0.828,0.833,28694200.0,516510.SH,2022-03-24,NA,NA,CNY
0.833,0.835,0.816,0.816,29769100.0,516510.SH,2022-03-25,NA,NA,CNY
0.813,0.819,0.8,0.813,23530500.0,516510.SH,2022-03-28,NA,NA,CNY
0.813,0.815,0.797,0.798,31160500.0,516510.SH,2022-03-29,NA,NA,CNY
0.803,0.816,0.802,0.816,26684900.0,516510.SH,2022-03-30,NA,NA,CNY
0.817,0.817,0.803,0.81,26876800.0,516510.SH,2022-03-31,NA,NA,CNY
0.805,0.811,0.798,0.807,27198541.0,516510.SH,2022-04-01,NA,NA,CNY
0.806,0.812,0.8,0.804,29043500.0,516510.SH,2022-04-06,NA,NA,CNY
0.803,0.803,0.779,0.78,27520700.0,516510.SH,2022-04-07,NA,NA,CNY
0.781,0.782,0.762,0.771,32050800.0,516510.SH,2022-04-08,NA,NA,CNY
0.765,0.765,0.731,0.737,33971000.0,516510.SH,2022-04-11,NA,NA,CNY
0.738,0.754,0.73,0.753,29711300.0,516510.SH,2022-04-12,NA,NA,CNY
0.741,0.748,0.736,0.736,31283600.0,516510.SH,2022-04-13,NA,NA,CNY
0.74,0.747,0.738,0.742,31417500.0,516510.SH,2022-04-14,NA,NA,CNY
0.738,0.743,0.729,0.737,33920400.0,516510.SH,2022-04-15,NA,NA,CNY
0.737,0.744,0.723,0.744,34544800.0,516510.SH,2022-04-18,NA,NA,CNY
0.74,0.75,0.733,0.738,29845400.0,516510.SH,2022-04-19,NA,NA,CNY
0.742,0.75,0.732,0.734,31019300.0,516510.SH,2022-04-20,NA,NA,CNY
0.73,0.733,0.706,0.71,30856000.0,516510.SH,2022-04-21,NA,NA,CNY
0.71,0.71,0.691,0.697,35601700.0,516510.SH,2022-04-22,NA,NA,CNY
0.689,0.689,0.654,0.655,34266200.0,516510.SH,2022-04-25,NA,NA,CNY
0.654,0.659,0.624,0.624,33029400.0,516510.SH,2022-04-26,NA,NA,CNY
0.615,0.656,0.612,0.656,31972800.0,516510.SH,2022-04-27,NA,NA,CNY
0.643,0.653,0.638,0.644,30514300.0,516510.SH,2022-04-28,NA,NA,CNY
0.644,0.689,0.644,0.685,37970200.0,516510.SH,2022-04-29,NA,NA,CNY
0.687,0.698,0.68,0.692,42649300.0,516510.SH,2022-05-05,NA,NA,CNY
0.68,0.71,0.671,0.692,32228100.0,516510.SH,2022-05-06,NA,NA,CNY
0.69,0.694,0.683,0.685,28206800.0,516510.SH,2022-05-09,NA,NA,CNY
0.682,0.701,0.673,0.7,39127800.0,516510.SH,2022-05-10,NA,NA,CNY
0.7,0.722,0.698,0.702,28451800.0,516510.SH,2022-05-11,NA,NA,CNY
0.702,0.71,0.699,0.705,34887000.0,516510.SH,2022-05-12,NA,NA,CNY
0.705,0.711,0.699,0.703,31668300.0,516510.SH,2022-05-13,NA,NA,CNY
0.703,0.713,0.696,0.699,26054700.0,516510.SH,2022-05-16,NA,NA,CNY
0.699,0.705,0.691,0.702,29659000.0,516510.SH,2022-05-17,NA,NA,CNY
0.707,0.719,0.706,0.706,39975900.0,516510.SH,2022-05-18,NA,NA,CNY
0.69,0.702,0.688,0.702,26798100.0,516510.SH,2022-05-19,NA,NA,CNY
0.702,0.715,0.702,0.712,37220100.0,516510.SH,2022-05-20,NA,NA,CNY
0.719,0.719,0.706,0.712,23608800.0,516510.SH,2022-05-23,NA,NA,CNY
0.713,0.713,0.675,0.676,31017600.0,516510.SH,2022-05-24,NA,NA,CNY
0.679,0.689,0.679,0.687,31816000.0,516510.SH,2022-05-25,NA,NA,CNY
0.687,0.704,0.676,0.702,39882900.0,516510.SH,2022-05-26,NA,NA,CNY
0.705,0.71,0.693,0.699,32253100.0,516510.SH,2022-05-27,NA,NA,CNY
0.698,0.716,0.695,0.713,36474700.0,516510.SH,2022-05-30,NA,NA,CNY
0.712,0.735,0.708,0.733,38844500.0,516510.SH,2022-05-31,NA,NA,CNY
0.727,0.735,0.723,0.73,35439800.0,516510.SH,2022-06-01,NA,NA,CNY
0.73,0.742,0.721,0.74,31837500.0,516510.SH,2022-06-02,NA,NA,CNY
1.0,1.001,0.984,0.988,85243550.0,562500.SH,2021-12-29,NA,NA,CNY
0.988,0.998,0.988,0.993,27276600.0,562500.SH,2021-12-30,NA,NA,CNY
0.993,1.0,0.992,0.993,2325200.0,562500.SH,2021-12-31,NA,NA,CNY
0.998,0.999,0.983,0.987,4707150.0,562500.SH,2022-01-04,NA,NA,CNY
0.987,0.987,0.951,0.955,9300800.0,562500.SH,2022-01-05,NA,NA,CNY
0.955,0.961,0.938,0.957,4298600.0,562500.SH,2022-01-06,NA,NA,CNY
0.957,0.967,0.94,0.945,2950900.0,562500.SH,2022-01-07,NA,NA,CNY
0.943,0.96,0.931,0.943,1201600.0,562500.SH,2022-01-10,NA,NA,CNY
0.949,0.95,0.931,0.936,2841500.0,562500.SH,2022-01-11,NA,NA,CNY
0.936,0.953,0.936,0.952,6928200.0,562500.SH,2022-01-12,NA,NA,CNY
0.953,0.953,0.935,0.938,1754300.0,562500.SH,2022-01-13,NA,NA,CNY
0.936,0.94,0.922,0.929,12035000.0,562500.SH,2022-01-14,NA,NA,CNY
0.934,0.955,0.93,0.953,4974500.0,562500.SH,2022-01-17,NA,NA,CNY
0.964,0.966,0.945,0.957,4799900.0,562500.SH,2022-01-18,NA,NA,CNY
0.957,0.962,0.941,0.944,1199500.0,562500.SH,2022-01-19,NA,NA,CNY
0.948,0.951,0.937,0.941,3221400.0,562500.SH,2022-01-20,NA,NA,CNY
0.931,0.964,0.924,0.927,3607800.0,562500.SH,2022-01-21,NA,NA,CNY
0.92,0.966,0.92,0.925,3450100.0,562500.SH,2022-01-24,NA,NA,CNY
0.926,0.94,0.897,0.904,5350100.0,562500.SH,2022-01-25,NA,NA,CNY
0.908,0.924,0.895,0.907,3239600.0,562500.SH,2022-01-26,NA,NA,CNY
0.9,0.904,0.865,0.867,5665800.0,562500.SH,2022-01-27,NA,NA,CNY
0.918,0.922,0.86,0.881,4494700.0,562500.SH,2022-01-28,NA,NA,CNY
0.882,0.92,0.872,0.875,2805500.0,562500.SH,2022-02-07,NA,NA,CNY
0.875,0.878,0.849,0.859,2509100.0,562500.SH,2022-02-08,NA,NA,CNY
0.858,0.87,0.848,0.861,4754900.0,562500.SH,2022-02-09,NA,NA,CNY
0.863,0.868,0.845,0.857,3878300.0,562500.SH,2022-02-10,NA,NA,CNY
0.857,0.857,0.841,0.842,1983000.0,562500.SH,2022-02-11,NA,NA,CNY
0.84,0.844,0.825,0.843,3747200.0,562500.SH,2022-02-14,NA,NA,CNY
0.843,0.856,0.84,0.855,4766200.0,562500.SH,2022-02-15,NA,NA,CNY
0.855,0.88,0.855,0.862,2163400.0,562500.SH,2022-02-16,NA,NA,CNY
0.861,0.872,0.859,0.869,3121500.0,562500.SH,2022-02-17,NA,NA,CNY
0.853,0.866,0.853,0.862,812900.0,562500.SH,2022-02-18,NA,NA,CNY
0.879,0.879,0.863,0.867,3620700.0,562500.SH,2022-02-21,NA,NA,CNY
0.861,0.861,0.85,0.854,2531600.0,562500.SH,2022-02-22,NA,NA,CNY
0.855,0.88,0.854,0.88,3865400.0,562500.SH,2022-02-23,NA,NA,CNY
0.878,0.889,0.858,0.87,4241500.0,562500.SH,2022-02-24,NA,NA,CNY
0.88,0.881,0.87,0.874,1996600.0,562500.SH,2022-02-25,NA,NA,CNY
0.879,0.879,0.86,0.872,4215200.0,562500.SH,2022-02-28,NA,NA,CNY
0.872,0.88,0.871,0.875,2087800.0,562500.SH,2022-03-01,NA,NA,CNY
0.875,0.875,0.863,0.867,877000.0,562500.SH,2022-03-02,NA,NA,CNY
0.867,0.868,0.853,0.853,1319900.0,562500.SH,2022-03-03,NA,NA,CNY
0.853,0.854,0.84,0.843,2616100.0,562500.SH,2022-03-04,NA,NA,CNY
0.84,0.853,0.801,0.805,3773600.0,562500.SH,2022-03-07,NA,NA,CNY
0.805,0.81,0.785,0.788,1937400.0,562500.SH,2022-03-08,NA,NA,CNY
0.8,0.8,0.741,0.777,5959500.0,562500.SH,2022-03-09,NA,NA,CNY
0.817,0.817,0.779,0.79,3199300.0,562500.SH,2022-03-10,NA,NA,CNY
0.77,0.8,0.77,0.796,4209900.0,562500.SH,2022-03-11,NA,NA,CNY
0.78,0.789,0.768,0.768,1069800.0,562500.SH,2022-03-14,NA,NA,CNY
0.75,0.767,0.728,0.73,2066000.0,562500.SH,2022-03-15,NA,NA,CNY
0.74,0.754,0.712,0.75,5478900.0,562500.SH,2022-03-16,NA,NA,CNY
0.759,0.784,0.759,0.771,3822700.0,562500.SH,2022-03-17,NA,NA,CNY
0.755,0.783,0.755,0.763,936600.0,562500.SH,2022-03-18,NA,NA,CNY
0.779,0.779,0.768,0.77,789700.0,562500.SH,2022-03-21,NA,NA,CNY
0.778,0.778,0.768,0.769,9867100.0,562500.SH,2022-03-22,NA,NA,CNY
0.769,0.785,0.769,0.779,3166800.0,562500.SH,2022-03-23,NA,NA,CNY
0.763,0.773,0.763,0.769,1117600.0,562500.SH,2022-03-24,NA,NA,CNY
0.753,0.773,0.752,0.756,1025800.0,562500.SH,2022-03-25,NA,NA,CNY
0.756,0.756,0.744,0.746,660100.0,562500.SH,2022-03-28,NA,NA,CNY
0.746,0.749,0.737,0.738,608700.0,562500.SH,2022-03-29,NA,NA,CNY
0.736,0.761,0.736,0.76,2654600.0,562500.SH,2022-03-30,NA,NA,CNY
0.76,0.76,0.753,0.755,1752800.0,562500.SH,2022-03-31,NA,NA,CNY
0.752,0.76,0.74,0.759,2280500.0,562500.SH,2022-04-01,NA,NA,CNY
0.749,0.749,0.745,0.746,602200.0,562500.SH,2022-04-06,NA,NA,CNY
0.741,0.745,0.733,0.734,1457700.0,562500.SH,2022-04-07,NA,NA,CNY
0.733,0.733,0.722,0.726,2225800.0,562500.SH,2022-04-08,NA,NA,CNY
0.726,0.726,0.685,0.686,3052500.0,562500.SH,2022-04-11,NA,NA,CNY
0.69,0.699,0.681,0.695,3654800.0,562500.SH,2022-04-12,NA,NA,CNY
0.695,0.704,0.687,0.696,2634700.0,562500.SH,2022-04-13,NA,NA,CNY
0.701,0.703,0.695,0.703,877100.0,562500.SH,2022-04-14,NA,NA,CNY
0.689,0.694,0.684,0.687,641500.0,562500.SH,2022-04-15,NA,NA,CNY
0.687,0.696,0.66,0.696,1297300.0,562500.SH,2022-04-18,NA,NA,CNY
0.696,0.708,0.689,0.691,663200.0,562500.SH,2022-04-19,NA,NA,CNY
0.691,0.694,0.682,0.685,1085700.0,562500.SH,2022-04-20,NA,NA,CNY
0.68,0.681,0.658,0.659,1149000.0,562500.SH,2022-04-21,NA,NA,CNY
0.656,0.657,0.64,0.655,3906000.0,562500.SH,2022-04-22,NA,NA,CNY
0.631,0.654,0.605,0.605,4954700.0,562500.SH,2022-04-25,NA,NA,CNY
0.64,0.66,0.587,0.595,4032200.0,562500.SH,2022-04-26,NA,NA,CNY
0.586,0.627,0.585,0.626,6852300.0,562500.SH,2022-04-27,NA,NA,CNY
0.626,0.636,0.619,0.63,5952600.0,562500.SH,2022-04-28,NA,NA,CNY
0.637,0.666,0.631,0.66,4246000.0,562500.SH,2022-04-29,NA,NA,CNY
0.659,0.665,0.656,0.656,1324300.0,562500.SH,2022-05-05,NA,NA,CNY
0.623,0.655,0.623,0.647,2279600.0,562500.SH,2022-05-06,NA,NA,CNY
0.65,0.65,0.643,0.643,518300.0,562500.SH,2022-05-09,NA,NA,CNY
0.64,0.661,0.64,0.656,1959200.0,562500.SH,2022-05-10,NA,NA,CNY
0.663,0.682,0.662,0.679,2772000.0,562500.SH,2022-05-11,NA,NA,CNY
0.67,0.678,0.67,0.676,174500.0,562500.SH,2022-05-12,NA,NA,CNY
0.696,0.696,0.67,0.676,862900.0,562500.SH,2022-05-13,NA,NA,CNY
0.694,0.696,0.675,0.68,2933700.0,562500.SH,2022-05-16,NA,NA,CNY
0.69,0.69,0.67,0.687,1197700.0,562500.SH,2022-05-17,NA,NA,CNY
0.69,0.695,0.684,0.688,3561100.0,562500.SH,2022-05-18,NA,NA,CNY
0.671,0.699,0.671,0.695,2283200.0,562500.SH,2022-05-19,NA,NA,CNY
0.707,0.707,0.698,0.706,1295900.0,562500.SH,2022-05-20,NA,NA,CNY
0.69,0.712,0.69,0.71,1089500.0,562500.SH,2022-05-23,NA,NA,CNY
0.715,0.715,0.679,0.683,825900.0,562500.SH,2022-05-24,NA,NA,CNY
0.709,0.71,0.672,0.691,12527000.0,562500.SH,2022-05-25,NA,NA,CNY
0.689,0.698,0.677,0.693,1798500.0,562500.SH,2022-05-26,NA,NA,CNY
0.7,0.714,0.691,0.697,1545700.0,562500.SH,2022-05-27,NA,NA,CNY
0.706,0.706,0.689,0.701,1045100.0,562500.SH,2022-05-30,NA,NA,CNY
0.713,0.719,0.68,0.718,4785900.0,562500.SH,2022-05-31,NA,NA,CNY
0.72,0.735,0.719,0.728,2682300.0,562500.SH,2022-06-01,NA,NA,CNY
0.72,0.749,0.72,0.743,4291000.0,562500.SH,2022-06-02,NA,NA,CNY
0.998,0.998,0.984,0.995,101809821.0,159740.SZ,2021-05-27,NA,NA,CNY
0.998,0.999,0.972,0.977,29466360.0,159740.SZ,2021-05-28,NA,NA,CNY
0.981,0.992,0.98,0.991,25723974.0,159740.SZ,2021-05-31,NA,NA,CNY
0.993,1.015,0.993,1.015,92607503.0,159740.SZ,2021-06-01,NA,NA,CNY
1.018,1.022,1.007,1.009,46451147.0,159740.SZ,2021-06-02,NA,NA,CNY
1.01,1.02,0.999,1.001,40393900.0,159740.SZ,2021-06-03,NA,NA,CNY
0.998,1.009,0.993,0.999,24822702.0,159740.SZ,2021-06-04,NA,NA,CNY
1.0,1.003,0.985,0.992,14353515.0,159740.SZ,2021-06-07,NA,NA,CNY
0.993,0.996,0.979,0.981,18618750.0,159740.SZ,2021-06-08,NA,NA,CNY
0.981,0.988,0.979,0.981,14241552.0,159740.SZ,2021-06-09,NA,NA,CNY
0.985,0.991,0.978,0.98,13295928.0,159740.SZ,2021-06-10,NA,NA,CNY
0.981,0.992,0.979,0.981,12468093.0,159740.SZ,2021-06-11,NA,NA,CNY
0.985,0.989,0.97,0.979,8424086.0,159740.SZ,2021-06-15,NA,NA,CNY
0.979,0.979,0.967,0.968,8217990.0,159740.SZ,2021-06-16,NA,NA,CNY
0.966,0.975,0.959,0.975,11676879.0,159740.SZ,2021-06-17,NA,NA,CNY
0.978,1.001,0.978,0.993,14234861.0,159740.SZ,2021-06-18,NA,NA,CNY
0.989,0.992,0.981,0.988,16515189.0,159740.SZ,2021-06-21,NA,NA,CNY
0.987,0.99,0.973,0.976,13727334.0,159740.SZ,2021-06-22,NA,NA,CNY
0.976,0.999,0.976,0.995,17366051.0,159740.SZ,2021-06-23,NA,NA,CNY
0.999,1.007,0.997,1.002,14098757.0,159740.SZ,2021-06-24,NA,NA,CNY
1.006,1.023,1.006,1.022,44710056.0,159740.SZ,2021-06-25,NA,NA,CNY
1.023,1.027,1.019,1.022,19211569.0,159740.SZ,2021-06-28,NA,NA,CNY
1.024,1.031,1.01,1.012,14738342.0,159740.SZ,2021-06-29,NA,NA,CNY
1.021,1.024,1.011,1.015,8772239.0,159740.SZ,2021-06-30,NA,NA,CNY
1.015,1.015,1.006,1.007,5844888.0,159740.SZ,2021-07-01,NA,NA,CNY
1.007,1.007,0.978,0.981,11930424.0,159740.SZ,2021-07-02,NA,NA,CNY
0.978,0.978,0.954,0.96,15265807.0,159740.SZ,2021-07-05,NA,NA,CNY
0.96,0.962,0.943,0.952,15572401.0,159740.SZ,2021-07-06,NA,NA,CNY
0.948,0.949,0.937,0.943,11700405.0,159740.SZ,2021-07-07,NA,NA,CNY
0.95,0.952,0.915,0.919,22021713.0,159740.SZ,2021-07-08,NA,NA,CNY
0.91,0.935,0.898,0.93,20564725.0,159740.SZ,2021-07-09,NA,NA,CNY
0.937,0.944,0.927,0.941,9306318.0,159740.SZ,2021-07-12,NA,NA,CNY
0.942,0.961,0.939,0.954,12562773.0,159740.SZ,2021-07-13,NA,NA,CNY
0.954,0.961,0.952,0.954,12280010.0,159740.SZ,2021-07-14,NA,NA,CNY
0.964,0.964,0.951,0.955,3270002.0,159740.SZ,2021-07-15,NA,NA,CNY
0.953,0.957,0.947,0.949,6339443.0,159740.SZ,2021-07-16,NA,NA,CNY
0.943,0.944,0.928,0.932,6075719.0,159740.SZ,2021-07-19,NA,NA,CNY
0.929,0.936,0.914,0.92,8582220.0,159740.SZ,2021-07-20,NA,NA,CNY
0.922,0.928,0.914,0.918,7158824.0,159740.SZ,2021-07-21,NA,NA,CNY
0.922,0.936,0.922,0.931,6168303.0,159740.SZ,2021-07-22,NA,NA,CNY
0.93,0.931,0.915,0.916,8141702.0,159740.SZ,2021-07-23,NA,NA,CNY
0.899,0.905,0.849,0.862,42635113.0,159740.SZ,2021-07-26,NA,NA,CNY
0.852,0.852,0.798,0.799,40965714.0,159740.SZ,2021-07-27,NA,NA,CNY
0.82,0.82,0.783,0.802,47025719.0,159740.SZ,2021-07-28,NA,NA,CNY
0.841,0.869,0.81,0.862,47605202.0,159740.SZ,2021-07-29,NA,NA,CNY
0.858,0.858,0.829,0.839,29987806.0,159740.SZ,2021-07-30,NA,NA,CNY
0.841,0.853,0.835,0.848,17834059.0,159740.SZ,2021-08-02,NA,NA,CNY
0.85,0.853,0.822,0.84,25528526.0,159740.SZ,2021-08-03,NA,NA,CNY
0.837,0.865,0.826,0.856,22526008.0,159740.SZ,2021-08-04,NA,NA,CNY
0.851,0.864,0.838,0.838,21122706.0,159740.SZ,2021-08-05,NA,NA,CNY
0.841,0.847,0.834,0.841,17804500.0,159740.SZ,2021-08-06,NA,NA,CNY
0.824,0.846,0.823,0.84,22320329.0,159740.SZ,2021-08-09,NA,NA,CNY
0.847,0.857,0.841,0.856,24947912.0,159740.SZ,2021-08-10,NA,NA,CNY
0.856,0.864,0.848,0.852,27065401.0,159740.SZ,2021-08-11,NA,NA,CNY
0.853,0.855,0.841,0.841,12422329.0,159740.SZ,2021-08-12,NA,NA,CNY
0.84,0.84,0.821,0.824,18202410.0,159740.SZ,2021-08-13,NA,NA,CNY
0.824,0.824,0.804,0.806,19671518.0,159740.SZ,2021-08-16,NA,NA,CNY
0.802,0.806,0.777,0.782,34872605.0,159740.SZ,2021-08-17,NA,NA,CNY
0.783,0.792,0.78,0.784,18436303.0,159740.SZ,2021-08-18,NA,NA,CNY
0.784,0.79,0.766,0.767,32466515.0,159740.SZ,2021-08-19,NA,NA,CNY
0.769,0.769,0.733,0.745,69479521.0,159740.SZ,2021-08-20,NA,NA,CNY
0.756,0.773,0.755,0.76,33492804.0,159740.SZ,2021-08-23,NA,NA,CNY
0.771,0.801,0.771,0.8,41719705.0,159740.SZ,2021-08-24,NA,NA,CNY
0.824,0.837,0.805,0.805,47029212.0,159740.SZ,2021-08-25,NA,NA,CNY
0.811,0.813,0.788,0.79,23113900.0,159740.SZ,2021-08-26,NA,NA,CNY
0.791,0.814,0.791,0.793,25401900.0,159740.SZ,2021-08-27,NA,NA,CNY
0.795,0.805,0.789,0.798,21428406.0,159740.SZ,2021-08-30,NA,NA,CNY
0.801,0.819,0.79,0.817,31246710.0,159740.SZ,2021-08-31,NA,NA,CNY
0.827,0.845,0.821,0.837,31280505.0,159740.SZ,2021-09-01,NA,NA,CNY
0.849,0.863,0.842,0.849,23363507.0,159740.SZ,2021-09-02,NA,NA,CNY
0.849,0.85,0.833,0.835,14724323.0,159740.SZ,2021-09-03,NA,NA,CNY
0.836,0.847,0.833,0.843,12489009.0,159740.SZ,2021-09-06,NA,NA,CNY
0.85,0.865,0.85,0.861,19622609.0,159740.SZ,2021-09-07,NA,NA,CNY
0.866,0.87,0.854,0.856,17265500.0,159740.SZ,2021-09-08,NA,NA,CNY
0.845,0.845,0.826,0.827,22333316.0,159740.SZ,2021-09-09,NA,NA,CNY
0.828,0.843,0.828,0.836,16952815.0,159740.SZ,2021-09-10,NA,NA,CNY
0.826,0.828,0.813,0.819,16864300.0,159740.SZ,2021-09-13,NA,NA,CNY
0.827,0.828,0.806,0.807,21702200.0,159740.SZ,2021-09-14,NA,NA,CNY
0.803,0.804,0.786,0.789,22780003.0,159740.SZ,2021-09-15,NA,NA,CNY
0.789,0.793,0.768,0.772,28785500.0,159740.SZ,2021-09-16,NA,NA,CNY
0.776,0.806,0.776,0.804,31951413.0,159740.SZ,2021-09-17,NA,NA,CNY
0.79,0.808,0.79,0.801,18337802.0,159740.SZ,2021-09-22,NA,NA,CNY
0.808,0.809,0.788,0.791,39311105.0,159740.SZ,2021-09-23,NA,NA,CNY
0.791,0.793,0.776,0.776,37012602.0,159740.SZ,2021-09-24,NA,NA,CNY
0.78,0.783,0.766,0.767,28281010.0,159740.SZ,2021-09-27,NA,NA,CNY
0.772,0.783,0.772,0.781,26827800.0,159740.SZ,2021-09-28,NA,NA,CNY
0.77,0.773,0.755,0.772,25679700.0,159740.SZ,2021-09-29,NA,NA,CNY
0.767,0.771,0.758,0.768,16667408.0,159740.SZ,2021-09-30,NA,NA,CNY
0.795,0.799,0.771,0.774,29887000.0,159740.SZ,2021-10-08,NA,NA,CNY
0.785,0.801,0.776,0.794,37325000.0,159740.SZ,2021-10-11,NA,NA,CNY
0.787,0.79,0.774,0.777,24128900.0,159740.SZ,2021-10-12,NA,NA,CNY
0.777,0.781,0.774,0.781,11399311.0,159740.SZ,2021-10-13,NA,NA,CNY
0.787,0.791,0.782,0.788,11347229.0,159740.SZ,2021-10-14,NA,NA,CNY
0.788,0.788,0.778,0.783,22251500.0,159740.SZ,2021-10-15,NA,NA,CNY
0.787,0.791,0.774,0.777,16271702.0,159740.SZ,2021-10-18,NA,NA,CNY
0.784,0.806,0.778,0.806,33153100.0,159740.SZ,2021-10-19,NA,NA,CNY
0.818,0.831,0.815,0.827,34027102.0,159740.SZ,2021-10-20,NA,NA,CNY
0.828,0.83,0.811,0.816,31189804.0,159740.SZ,2021-10-21,NA,NA,CNY
0.823,0.838,0.823,0.833,29004209.0,159740.SZ,2021-10-22,NA,NA,CNY
0.83,0.838,0.825,0.834,19937002.0,159740.SZ,2021-10-25,NA,NA,CNY
0.834,0.837,0.818,0.819,22488001.0,159740.SZ,2021-10-26,NA,NA,CNY
0.806,0.811,0.791,0.794,32476601.0,159740.SZ,2021-10-27,NA,NA,CNY
0.797,0.81,0.793,0.796,20411602.0,159740.SZ,2021-10-28,NA,NA,CNY
0.796,0.798,0.788,0.791,22113914.0,159740.SZ,2021-10-29,NA,NA,CNY
0.786,0.79,0.776,0.781,31336103.0,159740.SZ,2021-11-01,NA,NA,CNY
0.798,0.807,0.783,0.786,39611503.0,159740.SZ,2021-11-02,NA,NA,CNY
0.783,0.787,0.771,0.776,32235504.0,159740.SZ,2021-11-03,NA,NA,CNY
0.782,0.79,0.781,0.783,19534313.0,159740.SZ,2021-11-04,NA,NA,CNY
0.777,0.788,0.777,0.779,19491806.0,159740.SZ,2021-11-05,NA,NA,CNY
0.775,0.775,0.767,0.767,34330000.0,159740.SZ,2021-11-08,NA,NA,CNY
0.773,0.779,0.764,0.772,20567400.0,159740.SZ,2021-11-09,NA,NA,CNY
0.77,0.777,0.763,0.775,24178500.0,159740.SZ,2021-11-10,NA,NA,CNY
0.776,0.801,0.775,0.801,39188605.0,159740.SZ,2021-11-11,NA,NA,CNY
0.808,0.815,0.801,0.805,33951600.0,159740.SZ,2021-11-12,NA,NA,CNY
0.812,0.823,0.805,0.81,19543702.0,159740.SZ,2021-11-15,NA,NA,CNY
0.815,0.824,0.809,0.82,32408004.0,159740.SZ,2021-11-16,NA,NA,CNY
0.822,0.822,0.812,0.819,19852002.0,159740.SZ,2021-11-17,NA,NA,CNY
0.804,0.805,0.793,0.797,29359702.0,159740.SZ,2021-11-18,NA,NA,CNY
0.786,0.794,0.781,0.792,27445705.0,159740.SZ,2021-11-19,NA,NA,CNY
0.794,0.796,0.786,0.789,22425801.0,159740.SZ,2021-11-22,NA,NA,CNY
0.783,0.783,0.775,0.783,40032600.0,159740.SZ,2021-11-23,NA,NA,CNY
0.784,0.788,0.776,0.783,30486000.0,159740.SZ,2021-11-24,NA,NA,CNY
0.781,0.786,0.777,0.785,24043300.0,159740.SZ,2021-11-25,NA,NA,CNY
0.78,0.78,0.764,0.768,42183016.0,159740.SZ,2021-11-26,NA,NA,CNY
0.756,0.771,0.754,0.756,34569600.0,159740.SZ,2021-11-29,NA,NA,CNY
0.758,0.759,0.736,0.741,55518012.0,159740.SZ,2021-11-30,NA,NA,CNY
0.741,0.752,0.741,0.749,27133724.0,159740.SZ,2021-12-01,NA,NA,CNY
0.745,0.745,0.736,0.742,35760522.0,159740.SZ,2021-12-02,NA,NA,CNY
0.741,0.741,0.725,0.734,55019600.0,159740.SZ,2021-12-03,NA,NA,CNY
0.72,0.724,0.708,0.709,64213101.0,159740.SZ,2021-12-06,NA,NA,CNY
0.725,0.731,0.716,0.73,47264008.0,159740.SZ,2021-12-07,NA,NA,CNY
0.74,0.74,0.731,0.734,39766661.0,159740.SZ,2021-12-08,NA,NA,CNY
0.737,0.748,0.737,0.745,43632303.0,159740.SZ,2021-12-09,NA,NA,CNY
0.743,0.75,0.738,0.739,37463102.0,159740.SZ,2021-12-10,NA,NA,CNY
0.747,0.754,0.743,0.743,32907204.0,159740.SZ,2021-12-13,NA,NA,CNY
0.734,0.737,0.724,0.725,46786300.0,159740.SZ,2021-12-14,NA,NA,CNY
0.724,0.728,0.712,0.713,34755700.0,159740.SZ,2021-12-15,NA,NA,CNY
0.714,0.714,0.701,0.711,58847002.0,159740.SZ,2021-12-16,NA,NA,CNY
0.709,0.71,0.699,0.701,48664401.0,159740.SZ,2021-12-17,NA,NA,CNY
0.7,0.703,0.682,0.682,55843602.0,159740.SZ,2021-12-20,NA,NA,CNY
0.68,0.69,0.674,0.69,57594500.0,159740.SZ,2021-12-21,NA,NA,CNY
0.699,0.705,0.694,0.695,46410200.0,159740.SZ,2021-12-22,NA,NA,CNY
0.698,0.701,0.688,0.696,36145300.0,159740.SZ,2021-12-23,NA,NA,CNY
0.7,0.702,0.69,0.691,21436100.0,159740.SZ,2021-12-24,NA,NA,CNY
0.694,0.696,0.692,0.693,10894300.0,159740.SZ,2021-12-27,NA,NA,CNY
0.694,0.698,0.682,0.687,20021300.0,159740.SZ,2021-12-28,NA,NA,CNY
0.685,0.686,0.675,0.676,27678300.0,159740.SZ,2021-12-29,NA,NA,CNY
0.676,0.682,0.671,0.677,29014100.0,159740.SZ,2021-12-30,NA,NA,CNY
0.695,0.701,0.693,0.699,50108732.0,159740.SZ,2021-12-31,NA,NA,CNY
0.698,0.699,0.688,0.69,26274601.0,159740.SZ,2022-01-04,NA,NA,CNY
0.685,0.685,0.662,0.664,73471402.0,159740.SZ,2022-01-05,NA,NA,CNY
0.658,0.666,0.648,0.656,63665353.0,159740.SZ,2022-01-06,NA,NA,CNY
0.669,0.675,0.665,0.675,62832500.0,159740.SZ,2022-01-07,NA,NA,CNY
0.675,0.694,0.67,0.69,52195501.0,159740.SZ,2022-01-10,NA,NA,CNY
0.688,0.696,0.684,0.685,29625400.0,159740.SZ,2022-01-11,NA,NA,CNY
0.701,0.717,0.701,0.716,75633600.0,159740.SZ,2022-01-12,NA,NA,CNY
0.725,0.725,0.703,0.706,34308900.0,159740.SZ,2022-01-13,NA,NA,CNY
0.693,0.704,0.687,0.702,31988702.0,159740.SZ,2022-01-14,NA,NA,CNY
0.704,0.708,0.695,0.7,26773100.0,159740.SZ,2022-01-17,NA,NA,CNY
0.706,0.712,0.698,0.699,29181901.0,159740.SZ,2022-01-18,NA,NA,CNY
0.699,0.705,0.688,0.692,32960400.0,159740.SZ,2022-01-19,NA,NA,CNY
0.695,0.719,0.693,0.718,57177111.0,159740.SZ,2022-01-20,NA,NA,CNY
0.717,0.722,0.708,0.715,33559700.0,159740.SZ,2022-01-21,NA,NA,CNY
0.707,0.707,0.695,0.7,39949001.0,159740.SZ,2022-01-24,NA,NA,CNY
0.69,0.691,0.68,0.68,43470061.0,159740.SZ,2022-01-25,NA,NA,CNY
0.684,0.693,0.677,0.686,30085200.0,159740.SZ,2022-01-26,NA,NA,CNY
0.674,0.674,0.655,0.658,70932302.0,159740.SZ,2022-01-27,NA,NA,CNY
0.66,0.665,0.648,0.656,46426300.0,159740.SZ,2022-01-28,NA,NA,CNY
0.682,0.682,0.668,0.673,43935900.0,159740.SZ,2022-02-07,NA,NA,CNY
0.674,0.674,0.663,0.671,27296500.0,159740.SZ,2022-02-08,NA,NA,CNY
0.682,0.694,0.682,0.691,49677134.0,159740.SZ,2022-02-09,NA,NA,CNY
0.7,0.703,0.686,0.694,33404500.0,159740.SZ,2022-02-10,NA,NA,CNY
0.685,0.695,0.681,0.683,39133600.0,159740.SZ,2022-02-11,NA,NA,CNY
0.678,0.68,0.67,0.678,22738103.0,159740.SZ,2022-02-14,NA,NA,CNY
0.671,0.681,0.671,0.675,21663100.0,159740.SZ,2022-02-15,NA,NA,CNY
0.685,0.692,0.681,0.683,25265100.0,159740.SZ,2022-02-16,NA,NA,CNY
0.683,0.693,0.68,0.687,31063520.0,159740.SZ,2022-02-17,NA,NA,CNY
0.685,0.691,0.68,0.683,18190900.0,159740.SZ,2022-02-18,NA,NA,CNY
0.669,0.669,0.656,0.659,76789305.0,159740.SZ,2022-02-21,NA,NA,CNY
0.649,0.653,0.635,0.639,84891800.0,159740.SZ,2022-02-22,NA,NA,CNY
0.642,0.651,0.638,0.651,49273201.0,159740.SZ,2022-02-23,NA,NA,CNY
0.641,0.641,0.59,0.628,86392204.0,159740.SZ,2022-02-24,NA,NA,CNY
0.638,0.639,0.627,0.629,41076312.0,159740.SZ,2022-02-25,NA,NA,CNY
0.632,0.633,0.616,0.621,41612900.0,159740.SZ,2022-02-28,NA,NA,CNY
0.625,0.632,0.622,0.632,32557400.0,159740.SZ,2022-03-01,NA,NA,CNY
0.628,0.629,0.617,0.619,45836000.0,159740.SZ,2022-03-02,NA,NA,CNY
0.621,0.622,0.603,0.604,60660714.0,159740.SZ,2022-03-03,NA,NA,CNY
0.586,0.59,0.58,0.581,72480210.0,159740.SZ,2022-03-04,NA,NA,CNY
0.562,0.57,0.552,0.561,83152209.0,159740.SZ,2022-03-07,NA,NA,CNY
0.556,0.561,0.535,0.538,117076800.0,159740.SZ,2022-03-08,NA,NA,CNY
0.542,0.545,0.516,0.533,102391205.0,159740.SZ,2022-03-09,NA,NA,CNY
0.551,0.555,0.535,0.537,75409345.0,159740.SZ,2022-03-10,NA,NA,CNY
0.509,0.516,0.495,0.515,200152704.0,159740.SZ,2022-03-11,NA,NA,CNY
0.498,0.499,0.475,0.475,195157800.0,159740.SZ,2022-03-14,NA,NA,CNY
0.445,0.473,0.428,0.434,394331707.0,159740.SZ,2022-03-15,NA,NA,CNY
0.454,0.477,0.444,0.477,265521011.0,159740.SZ,2022-03-16,NA,NA,CNY
0.525,0.525,0.525,0.525,29515300.0,159740.SZ,2022-03-17,NA,NA,CNY
0.52,0.553,0.51,0.547,380971610.0,159740.SZ,2022-03-18,NA,NA,CNY
0.564,0.564,0.535,0.541,246581302.0,159740.SZ,2022-03-21,NA,NA,CNY
0.541,0.559,0.539,0.553,138050000.0,159740.SZ,2022-03-22,NA,NA,CNY
0.574,0.595,0.57,0.582,164987500.0,159740.SZ,2022-03-23,NA,NA,CNY
0.575,0.581,0.567,0.567,121308400.0,159740.SZ,2022-03-24,NA,NA,CNY
0.56,0.563,0.53,0.531,163901600.0,159740.SZ,2022-03-25,NA,NA,CNY
0.532,0.555,0.525,0.544,157954210.0,159740.SZ,2022-03-28,NA,NA,CNY
0.552,0.561,0.55,0.557,94104200.0,159740.SZ,2022-03-29,NA,NA,CNY
0.571,0.575,0.557,0.565,103802803.0,159740.SZ,2022-03-30,NA,NA,CNY
0.563,0.563,0.549,0.552,67093824.0,159740.SZ,2022-03-31,NA,NA,CNY
0.534,0.548,0.532,0.547,90317100.0,159740.SZ,2022-04-01,NA,NA,CNY
0.559,0.564,0.557,0.561,83107401.0,159740.SZ,2022-04-06,NA,NA,CNY
0.551,0.563,0.544,0.544,149862300.0,159740.SZ,2022-04-07,NA,NA,CNY
0.539,0.541,0.528,0.536,111652706.0,159740.SZ,2022-04-08,NA,NA,CNY
0.529,0.531,0.508,0.508,106661300.0,159740.SZ,2022-04-11,NA,NA,CNY
0.516,0.525,0.502,0.522,162581403.0,159740.SZ,2022-04-12,NA,NA,CNY
0.513,0.525,0.51,0.517,76221300.0,159740.SZ,2022-04-13,NA,NA,CNY
0.526,0.528,0.519,0.525,77938500.0,159740.SZ,2022-04-14,NA,NA,CNY
0.518,0.519,0.513,0.515,38036804.0,159740.SZ,2022-04-15,NA,NA,CNY
0.516,0.516,0.507,0.51,32258300.0,159740.SZ,2022-04-18,NA,NA,CNY
0.513,0.516,0.505,0.507,62049400.0,159740.SZ,2022-04-19,NA,NA,CNY
0.51,0.516,0.505,0.507,74843304.0,159740.SZ,2022-04-20,NA,NA,CNY
0.495,0.501,0.486,0.49,94985101.0,159740.SZ,2022-04-21,NA,NA,CNY
0.478,0.498,0.474,0.493,117257400.0,159740.SZ,2022-04-22,NA,NA,CNY
0.481,0.49,0.472,0.473,119342600.0,159740.SZ,2022-04-25,NA,NA,CNY
0.483,0.503,0.483,0.49,153862208.0,159740.SZ,2022-04-26,NA,NA,CNY
0.485,0.502,0.482,0.499,147157700.0,159740.SZ,2022-04-27,NA,NA,CNY
0.508,0.508,0.499,0.507,114053302.0,159740.SZ,2022-04-28,NA,NA,CNY
0.513,0.558,0.511,0.558,225309917.0,159740.SZ,2022-04-29,NA,NA,CNY
0.552,0.553,0.541,0.542,136793801.0,159740.SZ,2022-05-05,NA,NA,CNY
0.52,0.526,0.513,0.513,144008104.0,159740.SZ,2022-05-06,NA,NA,CNY
0.505,0.505,0.5,0.501,51306900.0,159740.SZ,2022-05-09,NA,NA,CNY
0.486,0.507,0.485,0.503,170725904.0,159740.SZ,2022-05-10,NA,NA,CNY
0.502,0.532,0.498,0.515,343246611.0,159740.SZ,2022-05-11,NA,NA,CNY
0.506,0.515,0.5,0.504,178292000.0,159740.SZ,2022-05-12,NA,NA,CNY
0.515,0.525,0.514,0.524,190133897.0,159740.SZ,2022-05-13,NA,NA,CNY
0.538,0.539,0.52,0.523,169657200.0,159740.SZ,2022-05-16,NA,NA,CNY
0.536,0.553,0.532,0.552,263939507.0,159740.SZ,2022-05-17,NA,NA,CNY
0.553,0.554,0.54,0.546,247650800.0,159740.SZ,2022-05-18,NA,NA,CNY
0.531,0.538,0.526,0.533,198895200.0,159740.SZ,2022-05-19,NA,NA,CNY
0.55,0.55,0.542,0.549,176650200.0,159740.SZ,2022-05-20,NA,NA,CNY
0.546,0.547,0.534,0.537,164229700.0,159740.SZ,2022-05-23,NA,NA,CNY
0.536,0.539,0.515,0.516,160716200.0,159740.SZ,2022-05-24,NA,NA,CNY
0.513,0.525,0.513,0.519,163878400.0,159740.SZ,2022-05-25,NA,NA,CNY
0.521,0.525,0.512,0.519,145396700.0,159740.SZ,2022-05-26,NA,NA,CNY
0.542,0.553,0.534,0.537,192714938.0,159740.SZ,2022-05-27,NA,NA,CNY
0.546,0.554,0.545,0.554,173799111.0,159740.SZ,2022-05-30,NA,NA,CNY
0.553,0.575,0.553,0.57,224999504.0,159740.SZ,2022-05-31,NA,NA,CNY
0.568,0.576,0.562,0.567,112040450.0,159740.SZ,2022-06-01,NA,NA,CNY
0.56,0.566,0.556,0.565,98507750.0,159740.SZ,2022-06-02,NA,NA,CNY
0.33333333333333,0.334,0.32666666666667,0.32733333333333,364078504.0,515050.SH,2019-10-16,NA,NA,CNY
0.32833333333333,0.329,0.32566666666667,0.326,256344200.0,515050.SH,2019-10-17,NA,NA,CNY
0.32633333333333,0.33066666666667,0.323,0.32433333333333,376101988.0,515050.SH,2019-10-18,NA,NA,CNY
0.32433333333333,0.32433333333333,0.316,0.321,198159900.0,515050.SH,2019-10-21,NA,NA,CNY
0.32166666666667,0.326,0.32133333333333,0.32566666666667,178745000.0,515050.SH,2019-10-22,NA,NA,CNY
0.32566666666667,0.327,0.32333333333333,0.324,140079200.0,515050.SH,2019-10-23,NA,NA,CNY
0.324,0.324,0.319,0.322,152603300.0,515050.SH,2019-10-24,NA,NA,CNY
0.321,0.32666666666667,0.31833333333333,0.32633333333333,232115049.0,515050.SH,2019-10-25,NA,NA,CNY
0.33333333333333,0.33333333333333,0.32833333333333,0.333,311146270.0,515050.SH,2019-10-28,NA,NA,CNY
0.333,0.333,0.32733333333333,0.32766666666667,176620100.0,515050.SH,2019-10-29,NA,NA,CNY
0.32633333333333,0.32733333333333,0.32133333333333,0.324,157699000.0,515050.SH,2019-10-30,NA,NA,CNY
0.32533333333333,0.327,0.32333333333333,0.32366666666667,138487192.0,515050.SH,2019-10-31,NA,NA,CNY
0.32333333333333,0.32733333333333,0.322,0.32666666666667,148438900.0,515050.SH,2019-11-01,NA,NA,CNY
0.32733333333333,0.33633333333333,0.32733333333333,0.33266666666667,370135168.0,515050.SH,2019-11-04,NA,NA,CNY
0.333,0.33333333333333,0.32866666666667,0.333,178924892.0,515050.SH,2019-11-05,NA,NA,CNY
0.33266666666667,0.33266666666667,0.32666666666667,0.328,230017200.0,515050.SH,2019-11-06,NA,NA,CNY
0.328,0.33066666666667,0.327,0.32933333333333,127576300.0,515050.SH,2019-11-07,NA,NA,CNY
0.331,0.335,0.331,0.33133333333333,346235229.0,515050.SH,2019-11-08,NA,NA,CNY
0.33,0.33033333333333,0.32266666666667,0.32433333333333,296964600.0,515050.SH,2019-11-11,NA,NA,CNY
0.32466666666667,0.32466666666667,0.31633333333333,0.32133333333333,353648600.0,515050.SH,2019-11-12,NA,NA,CNY
0.32,0.323,0.31733333333333,0.32133333333333,150831800.0,515050.SH,2019-11-13,NA,NA,CNY
0.32133333333333,0.32666666666667,0.32066666666667,0.32566666666667,228836000.0,515050.SH,2019-11-14,NA,NA,CNY
0.32466666666667,0.32566666666667,0.32033333333333,0.32066666666667,185436568.0,515050.SH,2019-11-15,NA,NA,CNY
0.32066666666667,0.32333333333333,0.31933333333333,0.32233333333333,114767500.0,515050.SH,2019-11-18,NA,NA,CNY
0.32233333333333,0.329,0.32133333333333,0.329,264240798.0,515050.SH,2019-11-19,NA,NA,CNY
0.329,0.33033333333333,0.32566666666667,0.326,169064798.0,515050.SH,2019-11-20,NA,NA,CNY
0.32466666666667,0.326,0.32233333333333,0.32466666666667,141725315.0,515050.SH,2019-11-21,NA,NA,CNY
0.32466666666667,0.32966666666667,0.31866666666667,0.32033333333333,375846900.0,515050.SH,2019-11-22,NA,NA,CNY
0.32,0.32033333333333,0.31266666666667,0.314,409027700.0,515050.SH,2019-11-25,NA,NA,CNY
0.315,0.31666666666667,0.31166666666667,0.313,206848000.0,515050.SH,2019-11-26,NA,NA,CNY
0.31266666666667,0.31666666666667,0.311,0.315,216748600.0,515050.SH,2019-11-27,NA,NA,CNY
0.31466666666667,0.318,0.31433333333333,0.31533333333333,138925478.0,515050.SH,2019-11-28,NA,NA,CNY
0.31566666666667,0.31666666666667,0.31366666666667,0.31633333333333,98687600.0,515050.SH,2019-11-29,NA,NA,CNY
0.31633333333333,0.31933333333333,0.31533333333333,0.31733333333333,141309599.0,515050.SH,2019-12-02,NA,NA,CNY
0.316,0.31966666666667,0.315,0.31966666666667,142182899.0,515050.SH,2019-12-03,NA,NA,CNY
0.31733333333333,0.31966666666667,0.31666666666667,0.31833333333333,113113899.0,515050.SH,2019-12-04,NA,NA,CNY
0.31866666666667,0.32633333333333,0.31833333333333,0.32533333333333,402437199.0,515050.SH,2019-12-05,NA,NA,CNY
0.325,0.32966666666667,0.325,0.32933333333333,308917300.0,515050.SH,2019-12-06,NA,NA,CNY
0.33,0.33166666666667,0.32833333333333,0.329,164189000.0,515050.SH,2019-12-09,NA,NA,CNY
0.329,0.33333333333333,0.327,0.33266666666667,208549300.0,515050.SH,2019-12-10,NA,NA,CNY
0.33166666666667,0.33466666666667,0.329,0.32966666666667,169056800.0,515050.SH,2019-12-11,NA,NA,CNY
0.33,0.33466666666667,0.32933333333333,0.333,236939469.0,515050.SH,2019-12-12,NA,NA,CNY
0.336,0.33666666666667,0.332,0.33433333333333,244008519.0,515050.SH,2019-12-13,NA,NA,CNY
0.33533333333333,0.342,0.33533333333333,0.34166666666667,425760285.0,515050.SH,2019-12-16,NA,NA,CNY
0.34266666666667,0.346,0.34166666666667,0.345,375862773.0,515050.SH,2019-12-17,NA,NA,CNY
0.345,0.35,0.343,0.34433333333333,273319288.0,515050.SH,2019-12-18,NA,NA,CNY
0.344,0.34433333333333,0.33733333333333,0.33966666666667,567027599.0,515050.SH,2019-12-19,NA,NA,CNY
0.33933333333333,0.34033333333333,0.335,0.335,575630623.0,515050.SH,2019-12-20,NA,NA,CNY
0.333,0.333,0.32433333333333,0.32466666666667,869331600.0,515050.SH,2019-12-23,NA,NA,CNY
0.326,0.331,0.32433333333333,0.33066666666667,373376814.0,515050.SH,2019-12-24,NA,NA,CNY
0.32966666666667,0.33833333333333,0.329,0.33533333333333,424828286.0,515050.SH,2019-12-25,NA,NA,CNY
0.335,0.33633333333333,0.332,0.335,338944910.0,515050.SH,2019-12-26,NA,NA,CNY
0.336,0.33733333333333,0.32766666666667,0.328,750088400.0,515050.SH,2019-12-27,NA,NA,CNY
0.32633333333333,0.33166666666667,0.32,0.33033333333333,510223100.0,515050.SH,2019-12-30,NA,NA,CNY
0.32933333333333,0.33366666666667,0.32866666666667,0.33233333333333,280280100.0,515050.SH,2019-12-31,NA,NA,CNY
0.33466666666667,0.34333333333333,0.33266666666667,0.34133333333333,593805284.0,515050.SH,2020-01-02,NA,NA,CNY
0.34333333333333,0.34733333333333,0.34,0.343,431569372.0,515050.SH,2020-01-03,NA,NA,CNY
0.34,0.34966666666667,0.33866666666667,0.34566666666667,430807572.0,515050.SH,2020-01-06,NA,NA,CNY
0.34566666666667,0.34766666666667,0.34166666666667,0.345,337455500.0,515050.SH,2020-01-07,NA,NA,CNY
0.34333333333333,0.34366666666667,0.337,0.33766666666667,489734600.0,515050.SH,2020-01-08,NA,NA,CNY
0.34133333333333,0.34966666666667,0.34133333333333,0.34933333333333,713328657.0,515050.SH,2020-01-09,NA,NA,CNY
0.35033333333333,0.35466666666667,0.34866666666667,0.35333333333333,504899907.0,515050.SH,2020-01-10,NA,NA,CNY
0.35233333333333,0.365,0.35133333333333,0.36466666666667,389914511.0,515050.SH,2020-01-13,NA,NA,CNY
0.365,0.36633333333333,0.35866666666667,0.35966666666667,554619692.0,515050.SH,2020-01-14,NA,NA,CNY
0.35866666666667,0.36433333333333,0.35533333333333,0.363,445208100.0,515050.SH,2020-01-15,NA,NA,CNY
0.36266666666667,0.36533333333333,0.36066666666667,0.36266666666667,258942789.0,515050.SH,2020-01-16,NA,NA,CNY
0.363,0.366,0.36066666666667,0.36233333333333,304319400.0,515050.SH,2020-01-17,NA,NA,CNY
0.362,0.37633333333333,0.36166666666667,0.376,462959551.0,515050.SH,2020-01-20,NA,NA,CNY
0.375,0.37833333333333,0.372,0.37333333333333,464673042.0,515050.SH,2020-01-21,NA,NA,CNY
0.37066666666667,0.38966666666667,0.365,0.38766666666667,734252149.0,515050.SH,2020-01-22,NA,NA,CNY
0.38066666666667,0.38766666666667,0.36333333333333,0.37266666666667,1259376000.0,515050.SH,2020-01-23,NA,NA,CNY
0.33533333333333,0.33933333333333,0.33533333333333,0.33533333333333,1272502307.0,515050.SH,2020-02-03,NA,NA,CNY
0.336,0.348,0.333,0.34666666666667,1537712531.0,515050.SH,2020-02-04,NA,NA,CNY
0.347,0.36,0.345,0.34766666666667,1313955147.0,515050.SH,2020-02-05,NA,NA,CNY
0.34733333333333,0.35666666666667,0.34233333333333,0.35466666666667,1060709069.0,515050.SH,2020-02-06,NA,NA,CNY
0.35333333333333,0.36033333333333,0.35166666666667,0.36,929390852.0,515050.SH,2020-02-07,NA,NA,CNY
0.35766666666667,0.36033333333333,0.35333333333333,0.35966666666667,670379656.0,515050.SH,2020-02-10,NA,NA,CNY
0.361,0.37066666666667,0.35833333333333,0.36766666666667,916219103.0,515050.SH,2020-02-11,NA,NA,CNY
0.36433333333333,0.37266666666667,0.36333333333333,0.372,854280605.0,515050.SH,2020-02-12,NA,NA,CNY
0.37066666666667,0.37933333333333,0.36766666666667,0.37233333333333,891483653.0,515050.SH,2020-02-13,NA,NA,CNY
0.37133333333333,0.383,0.37033333333333,0.37666666666667,765166819.0,515050.SH,2020-02-14,NA,NA,CNY
0.38066666666667,0.39733333333333,0.38066666666667,0.39666666666667,874704183.0,515050.SH,2020-02-17,NA,NA,CNY
0.398,0.40333333333333,0.391,0.40333333333333,1062471975.0,515050.SH,2020-02-18,NA,NA,CNY
0.401,0.41133333333333,0.39666666666667,0.39933333333333,1311887395.0,515050.SH,2020-02-19,NA,NA,CNY
0.39966666666667,0.41633333333333,0.39866666666667,0.41566666666667,1091321204.0,515050.SH,2020-02-20,NA,NA,CNY
0.41633333333333,0.43333333333333,0.41366666666667,0.42933333333333,1642272133.0,515050.SH,2020-02-21,NA,NA,CNY
0.44066666666667,0.465,0.42966666666667,0.46366666666667,3055821527.0,515050.SH,2020-02-24,NA,NA,CNY
0.456,0.47533333333333,0.43333333333333,0.473,5151446278.0,515050.SH,2020-02-25,NA,NA,CNY
0.46,0.46733333333333,0.43366666666667,0.43866666666667,4310143099.0,515050.SH,2020-02-26,NA,NA,CNY
0.44066666666667,0.448,0.42333333333333,0.43366666666667,2931569992.0,515050.SH,2020-02-27,NA,NA,CNY
0.41133333333333,0.42433333333333,0.40533333333333,0.411,3374432408.0,515050.SH,2020-02-28,NA,NA,CNY
0.42033333333333,0.43833333333333,0.41,0.43166666666667,3228080023.0,515050.SH,2020-03-02,NA,NA,CNY
0.44466666666667,0.448,0.42266666666667,0.427,3684748776.0,515050.SH,2020-03-03,NA,NA,CNY
0.42033333333333,0.42366666666667,0.40366666666667,0.41533333333333,2810437688.0,515050.SH,2020-03-04,NA,NA,CNY
0.428,0.42966666666667,0.40833333333333,0.41633333333333,3137715183.0,515050.SH,2020-03-05,NA,NA,CNY
0.40833333333333,0.41466666666667,0.406,0.411,1562946198.0,515050.SH,2020-03-06,NA,NA,CNY
0.403,0.41,0.39,0.39133333333333,2734065722.0,515050.SH,2020-03-09,NA,NA,CNY
0.38833333333333,0.417,0.386,0.416,3229269692.0,515050.SH,2020-03-10,NA,NA,CNY
0.41833333333333,0.42566666666667,0.40366666666667,0.40466666666667,2935501706.0,515050.SH,2020-03-11,NA,NA,CNY
0.39666666666667,0.402,0.39133333333333,0.39866666666667,2463090344.0,515050.SH,2020-03-12,NA,NA,CNY
0.38266666666667,0.406,0.377,0.39866666666667,3362391186.0,515050.SH,2020-03-13,NA,NA,CNY
0.399,0.399,0.36166666666667,0.36466666666667,4285255876.0,515050.SH,2020-03-16,NA,NA,CNY
0.37166666666667,0.374,0.34233333333333,0.35833333333333,2980919901.0,515050.SH,2020-03-17,NA,NA,CNY
0.36266666666667,0.37033333333333,0.349,0.34966666666667,2488862549.0,515050.SH,2020-03-18,NA,NA,CNY
0.34966666666667,0.365,0.34166666666667,0.36066666666667,3435803373.0,515050.SH,2020-03-19,NA,NA,CNY
0.36566666666667,0.36633333333333,0.35233333333333,0.36033333333333,2421673220.0,515050.SH,2020-03-20,NA,NA,CNY
0.347,0.35166666666667,0.335,0.33866666666667,3473324496.0,515050.SH,2020-03-23,NA,NA,CNY
0.34666666666667,0.34766666666667,0.32933333333333,0.344,3202043538.0,515050.SH,2020-03-24,NA,NA,CNY
0.35433333333333,0.36066666666667,0.35266666666667,0.35733333333333,3385344656.0,515050.SH,2020-03-25,NA,NA,CNY
0.35266666666667,0.35666666666667,0.34866666666667,0.349,1626856618.0,515050.SH,2020-03-26,NA,NA,CNY
0.35466666666667,0.35566666666667,0.344,0.34433333333333,2020583598.0,515050.SH,2020-03-27,NA,NA,CNY
0.33733333333333,0.34,0.326,0.335,2987683174.0,515050.SH,2020-03-30,NA,NA,CNY
0.34066666666667,0.34166666666667,0.333,0.33366666666667,1707639625.0,515050.SH,2020-03-31,NA,NA,CNY
0.33166666666667,0.344,0.33066666666667,0.335,2389861237.0,515050.SH,2020-04-01,NA,NA,CNY
0.334,0.35433333333333,0.33366666666667,0.35366666666667,3018314151.0,515050.SH,2020-04-02,NA,NA,CNY
0.35033333333333,0.353,0.34566666666667,0.34766666666667,1536486097.0,515050.SH,2020-04-03,NA,NA,CNY
0.35766666666667,0.359,0.35433333333333,0.35733333333333,1811097175.0,515050.SH,2020-04-07,NA,NA,CNY
0.35533333333333,0.36433333333333,0.35433333333333,0.35966666666667,1448542203.0,515050.SH,2020-04-08,NA,NA,CNY
0.36266666666667,0.36366666666667,0.35666666666667,0.35866666666667,983269507.0,515050.SH,2020-04-09,NA,NA,CNY
0.358,0.358,0.343,0.34466666666667,2203766536.0,515050.SH,2020-04-10,NA,NA,CNY
0.34,0.341,0.33366666666667,0.33566666666667,1802269249.0,515050.SH,2020-04-13,NA,NA,CNY
0.339,0.34666666666667,0.33866666666667,0.346,1714805274.0,515050.SH,2020-04-14,NA,NA,CNY
0.348,0.35566666666667,0.34666666666667,0.34866666666667,1740237409.0,515050.SH,2020-04-15,NA,NA,CNY
0.34566666666667,0.35133333333333,0.34233333333333,0.34966666666667,994695279.0,515050.SH,2020-04-16,NA,NA,CNY
0.355,0.36233333333333,0.355,0.35633333333333,2275205176.0,515050.SH,2020-04-17,NA,NA,CNY
0.35733333333333,0.36066666666667,0.35533333333333,0.36033333333333,825886740.0,515050.SH,2020-04-20,NA,NA,CNY
0.357,0.35766666666667,0.35,0.35666666666667,1032247313.0,515050.SH,2020-04-21,NA,NA,CNY
0.352,0.35766666666667,0.35133333333333,0.35766666666667,753388635.0,515050.SH,2020-04-22,NA,NA,CNY
0.358,0.359,0.35066666666667,0.351,872208652.0,515050.SH,2020-04-23,NA,NA,CNY
0.35233333333333,0.354,0.34266666666667,0.345,964616417.0,515050.SH,2020-04-24,NA,NA,CNY
0.34633333333333,0.35033333333333,0.341,0.34666666666667,772937407.0,515050.SH,2020-04-27,NA,NA,CNY
0.34666666666667,0.35633333333333,0.33866666666667,0.35466666666667,1729637478.0,515050.SH,2020-04-28,NA,NA,CNY
0.35266666666667,0.35666666666667,0.352,0.35533333333333,623321429.0,515050.SH,2020-04-29,NA,NA,CNY
0.35866666666667,0.376,0.35833333333333,0.374,2117525419.0,515050.SH,2020-04-30,NA,NA,CNY
0.37066666666667,0.38833333333333,0.36966666666667,0.388,1427783631.0,515050.SH,2020-05-06,NA,NA,CNY
0.39566666666667,0.39766666666667,0.38466666666667,0.38633333333333,1473819844.0,515050.SH,2020-05-07,NA,NA,CNY
0.38933333333333,0.39533333333333,0.38666666666667,0.38966666666667,1095468896.0,515050.SH,2020-05-08,NA,NA,CNY
0.39333333333333,0.39533333333333,0.386,0.39033333333333,1030742064.0,515050.SH,2020-05-11,NA,NA,CNY
0.38833333333333,0.39133333333333,0.38166666666667,0.39066666666667,961240002.0,515050.SH,2020-05-12,NA,NA,CNY
0.38666666666667,0.394,0.386,0.39133333333333,699665462.0,515050.SH,2020-05-13,NA,NA,CNY
0.389,0.39366666666667,0.38733333333333,0.388,653876290.0,515050.SH,2020-05-14,NA,NA,CNY
0.39,0.39833333333333,0.38733333333333,0.393,996512296.0,515050.SH,2020-05-15,NA,NA,CNY
0.39333333333333,0.39333333333333,0.372,0.374,1998616101.0,515050.SH,2020-05-18,NA,NA,CNY
0.377,0.38233333333333,0.37433333333333,0.382,1110199983.0,515050.SH,2020-05-19,NA,NA,CNY
0.381,0.38266666666667,0.37433333333333,0.377,842828748.0,515050.SH,2020-05-20,NA,NA,CNY
0.37833333333333,0.38033333333333,0.36766666666667,0.36966666666667,869178114.0,515050.SH,2020-05-21,NA,NA,CNY
0.369,0.37066666666667,0.357,0.36033333333333,1261579915.0,515050.SH,2020-05-22,NA,NA,CNY
0.35833333333333,0.35866666666667,0.34933333333333,0.35233333333333,934709598.0,515050.SH,2020-05-25,NA,NA,CNY
0.355,0.364,0.35433333333333,0.36366666666667,890619936.0,515050.SH,2020-05-26,NA,NA,CNY
0.363,0.36333333333333,0.355,0.357,781400080.0,515050.SH,2020-05-27,NA,NA,CNY
0.356,0.35733333333333,0.34533333333333,0.35333333333333,1020571153.0,515050.SH,2020-05-28,NA,NA,CNY
0.35,0.35566666666667,0.34933333333333,0.35166666666667,580525620.0,515050.SH,2020-05-29,NA,NA,CNY
0.35633333333333,0.375,0.356,0.37333333333333,1616337091.0,515050.SH,2020-06-01,NA,NA,CNY
0.375,0.38066666666667,0.373,0.377,1330435431.0,515050.SH,2020-06-02,NA,NA,CNY
0.379,0.38933333333333,0.37466666666667,0.38133333333333,1676446521.0,515050.SH,2020-06-03,NA,NA,CNY
0.38166666666667,0.38533333333333,0.37766666666667,0.37933333333333,752635221.0,515050.SH,2020-06-04,NA,NA,CNY
0.381,0.385,0.37866666666667,0.384,805366744.0,515050.SH,2020-06-05,NA,NA,CNY
0.38933333333333,0.39566666666667,0.385,0.386,925207530.0,515050.SH,2020-06-08,NA,NA,CNY
0.38666666666667,0.38866666666667,0.38333333333333,0.38733333333333,536834751.0,515050.SH,2020-06-09,NA,NA,CNY
0.387,0.39066666666667,0.38533333333333,0.39,748622201.0,515050.SH,2020-06-10,NA,NA,CNY
0.38966666666667,0.39633333333333,0.38533333333333,0.38766666666667,784876726.0,515050.SH,2020-06-11,NA,NA,CNY
0.37966666666667,0.388,0.378,0.38533333333333,651817606.0,515050.SH,2020-06-12,NA,NA,CNY
0.38133333333333,0.38466666666667,0.37666666666667,0.37666666666667,596020510.0,515050.SH,2020-06-15,NA,NA,CNY
0.38333333333333,0.39,0.38333333333333,0.39,984272974.0,515050.SH,2020-06-16,NA,NA,CNY
0.39166666666667,0.39233333333333,0.38733333333333,0.39066666666667,500457582.0,515050.SH,2020-06-17,NA,NA,CNY
0.39066666666667,0.40666666666667,0.38866666666667,0.40566666666667,1537778032.0,515050.SH,2020-06-18,NA,NA,CNY
0.40533333333333,0.41133333333333,0.40366666666667,0.40733333333333,934376431.0,515050.SH,2020-06-19,NA,NA,CNY
0.408,0.415,0.408,0.41333333333333,813821453.0,515050.SH,2020-06-22,NA,NA,CNY
0.413,0.41333333333333,0.40633333333333,0.41266666666667,616611452.0,515050.SH,2020-06-23,NA,NA,CNY
0.41233333333333,0.418,0.41166666666667,0.41666666666667,594998792.0,515050.SH,2020-06-24,NA,NA,CNY
0.41366666666667,0.41566666666667,0.40666666666667,0.40966666666667,645174401.0,515050.SH,2020-06-29,NA,NA,CNY
0.41466666666667,0.428,0.41466666666667,0.426,968773519.0,515050.SH,2020-06-30,NA,NA,CNY
0.42766666666667,0.43,0.41833333333333,0.42633333333333,699879654.0,515050.SH,2020-07-01,NA,NA,CNY
0.42666666666667,0.431,0.42133333333333,0.429,674759215.0,515050.SH,2020-07-02,NA,NA,CNY
0.429,0.43333333333333,0.421,0.43233333333333,893195564.0,515050.SH,2020-07-03,NA,NA,CNY
0.43633333333333,0.45866666666667,0.43366666666667,0.45566666666667,1433894167.0,515050.SH,2020-07-06,NA,NA,CNY
0.46533333333333,0.47733333333333,0.45466666666667,0.46033333333333,1476048580.0,515050.SH,2020-07-07,NA,NA,CNY
0.46066666666667,0.473,0.456,0.47233333333333,953529711.0,515050.SH,2020-07-08,NA,NA,CNY
0.47233333333333,0.489,0.46966666666667,0.48333333333333,1016747239.0,515050.SH,2020-07-09,NA,NA,CNY
0.48,0.48633333333333,0.47366666666667,0.477,966103531.0,515050.SH,2020-07-10,NA,NA,CNY
0.478,0.49633333333333,0.478,0.496,778181933.0,515050.SH,2020-07-13,NA,NA,CNY
0.496,0.49866666666667,0.47633333333333,0.48833333333333,1119487626.0,515050.SH,2020-07-14,NA,NA,CNY
0.48733333333333,0.49066666666667,0.46333333333333,0.465,1227039602.0,515050.SH,2020-07-15,NA,NA,CNY
0.46333333333333,0.46833333333333,0.43,0.433,1335529159.0,515050.SH,2020-07-16,NA,NA,CNY
0.433,0.445,0.42866666666667,0.43966666666667,916076150.0,515050.SH,2020-07-17,NA,NA,CNY
0.447,0.44933333333333,0.43433333333333,0.449,743008196.0,515050.SH,2020-07-20,NA,NA,CNY
0.45,0.45266666666667,0.44233333333333,0.44933333333333,694588608.0,515050.SH,2020-07-21,NA,NA,CNY
0.44933333333333,0.46133333333333,0.446,0.45366666666667,732188011.0,515050.SH,2020-07-22,NA,NA,CNY
0.44766666666667,0.45233333333333,0.43666666666667,0.44833333333333,645771787.0,515050.SH,2020-07-23,NA,NA,CNY
0.44333333333333,0.447,0.41866666666667,0.42233333333333,879645031.0,515050.SH,2020-07-24,NA,NA,CNY
0.42166666666667,0.42833333333333,0.41733333333333,0.422,481766493.0,515050.SH,2020-07-27,NA,NA,CNY
0.42733333333333,0.43133333333333,0.425,0.42966666666667,525967304.0,515050.SH,2020-07-28,NA,NA,CNY
0.429,0.44666666666667,0.428,0.44633333333333,611480112.0,515050.SH,2020-07-29,NA,NA,CNY
0.448,0.44933333333333,0.44033333333333,0.44066666666667,384979037.0,515050.SH,2020-07-30,NA,NA,CNY
0.44333333333333,0.458,0.44266666666667,0.45266666666667,640630239.0,515050.SH,2020-07-31,NA,NA,CNY
0.45966666666667,0.464,0.45533333333333,0.464,504005125.0,515050.SH,2020-08-03,NA,NA,CNY
0.465,0.46566666666667,0.45233333333333,0.45566666666667,480780542.0,515050.SH,2020-08-04,NA,NA,CNY
0.46533333333333,0.46666666666667,0.45233333333333,0.45766666666667,455968612.0,515050.SH,2020-08-05,NA,NA,CNY
0.45533333333333,0.45566666666667,0.44833333333333,0.45333333333333,438160445.0,515050.SH,2020-08-06,NA,NA,CNY
0.45133333333333,0.455,0.43433333333333,0.44166666666667,513139449.0,515050.SH,2020-08-07,NA,NA,CNY
0.43366666666667,0.44133333333333,0.429,0.437,629972080.0,515050.SH,2020-08-10,NA,NA,CNY
0.436,0.443,0.429,0.43066666666667,498381034.0,515050.SH,2020-08-11,NA,NA,CNY
0.42833333333333,0.43566666666667,0.41866666666667,0.435,677444679.0,515050.SH,2020-08-12,NA,NA,CNY
0.436,0.43733333333333,0.43033333333333,0.43133333333333,327239744.0,515050.SH,2020-08-13,NA,NA,CNY
0.42966666666667,0.44,0.42866666666667,0.44,369605455.0,515050.SH,2020-08-14,NA,NA,CNY
0.44033333333333,0.44733333333333,0.437,0.447,472157422.0,515050.SH,2020-08-17,NA,NA,CNY
0.447,0.44733333333333,0.43933333333333,0.44166666666667,437841990.0,515050.SH,2020-08-18,NA,NA,CNY
0.44,0.44,0.427,0.42766666666667,505650795.0,515050.SH,2020-08-19,NA,NA,CNY
0.425,0.43166666666667,0.42266666666667,0.429,440842141.0,515050.SH,2020-08-20,NA,NA,CNY
0.43266666666667,0.44033333333333,0.42966666666667,0.43333333333333,490779541.0,515050.SH,2020-08-21,NA,NA,CNY
0.43833333333333,0.44633333333333,0.431,0.444,621785248.0,515050.SH,2020-08-24,NA,NA,CNY
0.445,0.45,0.44133333333333,0.44266666666667,432011588.0,515050.SH,2020-08-25,NA,NA,CNY
0.441,0.44266666666667,0.43,0.43133333333333,348488951.0,515050.SH,2020-08-26,NA,NA,CNY
0.43133333333333,0.43633333333333,0.428,0.435,282776261.0,515050.SH,2020-08-27,NA,NA,CNY
0.433,0.43866666666667,0.42866666666667,0.43866666666667,311145770.0,515050.SH,2020-08-28,NA,NA,CNY
0.43933333333333,0.444,0.435,0.43533333333333,416682608.0,515050.SH,2020-08-31,NA,NA,CNY
0.43333333333333,0.439,0.42966666666667,0.43866666666667,298158480.0,515050.SH,2020-09-01,NA,NA,CNY
0.43933333333333,0.443,0.43666666666667,0.43933333333333,327973687.0,515050.SH,2020-09-02,NA,NA,CNY
0.43833333333333,0.43833333333333,0.43166666666667,0.432,310918670.0,515050.SH,2020-09-03,NA,NA,CNY
0.424,0.43433333333333,0.42266666666667,0.43233333333333,275839454.0,515050.SH,2020-09-04,NA,NA,CNY
0.432,0.43433333333333,0.41666666666667,0.42,426748202.0,515050.SH,2020-09-07,NA,NA,CNY
0.41933333333333,0.42066666666667,0.41,0.41566666666667,422387669.0,515050.SH,2020-09-08,NA,NA,CNY
0.41,0.41033333333333,0.39766666666667,0.40066666666667,519072800.0,515050.SH,2020-09-09,NA,NA,CNY
0.40566666666667,0.40633333333333,0.392,0.39466666666667,342760036.0,515050.SH,2020-09-10,NA,NA,CNY
0.393,0.40633333333333,0.393,0.40566666666667,335566410.0,515050.SH,2020-09-11,NA,NA,CNY
0.40833333333333,0.41433333333333,0.40633333333333,0.41033333333333,307290938.0,515050.SH,2020-09-14,NA,NA,CNY
0.41,0.41133333333333,0.405,0.40966666666667,192463900.0,515050.SH,2020-09-15,NA,NA,CNY
0.40866666666667,0.41033333333333,0.40366666666667,0.405,160739760.0,515050.SH,2020-09-16,NA,NA,CNY
0.40333333333333,0.413,0.401,0.40833333333333,262892382.0,515050.SH,2020-09-17,NA,NA,CNY
0.40733333333333,0.415,0.40733333333333,0.41466666666667,270453722.0,515050.SH,2020-09-18,NA,NA,CNY
0.41533333333333,0.418,0.41166666666667,0.412,239619736.0,515050.SH,2020-09-21,NA,NA,CNY
0.409,0.41566666666667,0.40766666666667,0.40933333333333,241633633.0,515050.SH,2020-09-22,NA,NA,CNY
0.41,0.41433333333333,0.40833333333333,0.41233333333333,173202343.0,515050.SH,2020-09-23,NA,NA,CNY
0.408,0.409,0.40033333333333,0.40133333333333,226135904.0,515050.SH,2020-09-24,NA,NA,CNY
0.402,0.404,0.39833333333333,0.40033333333333,154888499.0,515050.SH,2020-09-25,NA,NA,CNY
0.40033333333333,0.40366666666667,0.39933333333333,0.39933333333333,159900700.0,515050.SH,2020-09-28,NA,NA,CNY
0.40133333333333,0.40533333333333,0.40066666666667,0.40266666666667,180060149.0,515050.SH,2020-09-29,NA,NA,CNY
0.40366666666667,0.406,0.40066666666667,0.40266666666667,153296000.0,515050.SH,2020-09-30,NA,NA,CNY
0.41066666666667,0.41966666666667,0.41033333333333,0.41933333333333,362291008.0,515050.SH,2020-10-09,NA,NA,CNY
0.422,0.42933333333333,0.42033333333333,0.429,388859666.0,515050.SH,2020-10-12,NA,NA,CNY
0.42866666666667,0.43066666666667,0.42366666666667,0.42666666666667,254724350.0,515050.SH,2020-10-13,NA,NA,CNY
0.424,0.424,0.41733333333333,0.418,254044400.0,515050.SH,2020-10-14,NA,NA,CNY
0.418,0.42066666666667,0.415,0.41533333333333,195698103.0,515050.SH,2020-10-15,NA,NA,CNY
0.41566666666667,0.41666666666667,0.40833333333333,0.41166666666667,262918500.0,515050.SH,2020-10-16,NA,NA,CNY
0.41666666666667,0.41966666666667,0.41033333333333,0.411,250669900.0,515050.SH,2020-10-19,NA,NA,CNY
0.40966666666667,0.41666666666667,0.40733333333333,0.41633333333333,206358500.0,515050.SH,2020-10-20,NA,NA,CNY
0.415,0.41566666666667,0.40433333333333,0.40733333333333,271609100.0,515050.SH,2020-10-21,NA,NA,CNY
0.40366666666667,0.40666666666667,0.402,0.40566666666667,190873500.0,515050.SH,2020-10-22,NA,NA,CNY
0.406,0.409,0.39833333333333,0.399,288395846.0,515050.SH,2020-10-23,NA,NA,CNY
0.397,0.40433333333333,0.394,0.402,237177173.0,515050.SH,2020-10-26,NA,NA,CNY
0.40066666666667,0.40466666666667,0.39966666666667,0.40466666666667,204199530.0,515050.SH,2020-10-27,NA,NA,CNY
0.404,0.412,0.39966666666667,0.41033333333333,334331428.0,515050.SH,2020-10-28,NA,NA,CNY
0.40433333333333,0.40766666666667,0.40266666666667,0.40666666666667,223999825.0,515050.SH,2020-10-29,NA,NA,CNY
0.40733333333333,0.40933333333333,0.39666666666667,0.398,338034848.0,515050.SH,2020-10-30,NA,NA,CNY
0.397,0.403,0.395,0.401,277992450.0,515050.SH,2020-11-02,NA,NA,CNY
0.402,0.409,0.40033333333333,0.40733333333333,284756895.0,515050.SH,2020-11-03,NA,NA,CNY
0.40733333333333,0.40966666666667,0.405,0.40733333333333,223817170.0,515050.SH,2020-11-04,NA,NA,CNY
0.41333333333333,0.42433333333333,0.41,0.424,690177206.0,515050.SH,2020-11-05,NA,NA,CNY
0.424,0.42666666666667,0.42033333333333,0.425,525490801.0,515050.SH,2020-11-06,NA,NA,CNY
0.43166666666667,0.44933333333333,0.43166666666667,0.441,892496731.0,515050.SH,2020-11-09,NA,NA,CNY
0.44133333333333,0.44133333333333,0.428,0.431,657392552.0,515050.SH,2020-11-10,NA,NA,CNY
0.42766666666667,0.43,0.41633333333333,0.418,436619178.0,515050.SH,2020-11-11,NA,NA,CNY
0.42,0.422,0.417,0.41966666666667,225921217.0,515050.SH,2020-11-12,NA,NA,CNY
0.417,0.42,0.413,0.41866666666667,257510103.0,515050.SH,2020-11-13,NA,NA,CNY
0.41866666666667,0.41933333333333,0.40866666666667,0.411,444557329.0,515050.SH,2020-11-16,NA,NA,CNY
0.41,0.41266666666667,0.4,0.41233333333333,526768804.0,515050.SH,2020-11-17,NA,NA,CNY
0.40933333333333,0.413,0.408,0.41033333333333,256714250.0,515050.SH,2020-11-18,NA,NA,CNY
0.40766666666667,0.415,0.406,0.413,254407079.0,515050.SH,2020-11-19,NA,NA,CNY
0.41366666666667,0.416,0.41,0.41166666666667,252108906.0,515050.SH,2020-11-20,NA,NA,CNY
0.412,0.41266666666667,0.40666666666667,0.41,444487382.0,515050.SH,2020-11-23,NA,NA,CNY
0.40933333333333,0.41133333333333,0.40633333333333,0.40966666666667,368348005.0,515050.SH,2020-11-24,NA,NA,CNY
0.41,0.411,0.40433333333333,0.40533333333333,386937072.0,515050.SH,2020-11-25,NA,NA,CNY
0.40533333333333,0.407,0.40066666666667,0.40366666666667,315211997.0,515050.SH,2020-11-26,NA,NA,CNY
0.404,0.406,0.40033333333333,0.40566666666667,279636676.0,515050.SH,2020-11-27,NA,NA,CNY
0.40566666666667,0.411,0.40266666666667,0.407,394095386.0,515050.SH,2020-11-30,NA,NA,CNY
0.40666666666667,0.413,0.40633333333333,0.41233333333333,401930176.0,515050.SH,2020-12-01,NA,NA,CNY
0.41233333333333,0.416,0.41,0.414,377199602.0,515050.SH,2020-12-02,NA,NA,CNY
0.41166666666667,0.41433333333333,0.40966666666667,0.41066666666667,276168830.0,515050.SH,2020-12-03,NA,NA,CNY
0.41,0.41366666666667,0.40866666666667,0.41333333333333,292721300.0,515050.SH,2020-12-04,NA,NA,CNY
0.41433333333333,0.417,0.412,0.41233333333333,311777700.0,515050.SH,2020-12-07,NA,NA,CNY
0.412,0.41366666666667,0.41033333333333,0.41133333333333,181902900.0,515050.SH,2020-12-08,NA,NA,CNY
0.41266666666667,0.41566666666667,0.406,0.40666666666667,319203587.0,515050.SH,2020-12-09,NA,NA,CNY
0.40466666666667,0.40766666666667,0.40133333333333,0.40366666666667,218909719.0,515050.SH,2020-12-10,NA,NA,CNY
0.404,0.40466666666667,0.39333333333333,0.39633333333333,480021577.0,515050.SH,2020-12-11,NA,NA,CNY
0.39633333333333,0.397,0.39166666666667,0.39466666666667,312006129.0,515050.SH,2020-12-14,NA,NA,CNY
0.39433333333333,0.39666666666667,0.393,0.396,227930000.0,515050.SH,2020-12-15,NA,NA,CNY
0.39766666666667,0.39966666666667,0.39266666666667,0.394,266427119.0,515050.SH,2020-12-16,NA,NA,CNY
0.39366666666667,0.39533333333333,0.388,0.39533333333333,338119897.0,515050.SH,2020-12-17,NA,NA,CNY
0.396,0.39666666666667,0.39,0.39066666666667,302651700.0,515050.SH,2020-12-18,NA,NA,CNY
0.38933333333333,0.395,0.38733333333333,0.39466666666667,484940417.0,515050.SH,2020-12-21,NA,NA,CNY
0.393,0.394,0.387,0.38733333333333,336346337.0,515050.SH,2020-12-22,NA,NA,CNY
0.38833333333333,0.394,0.387,0.39366666666667,430063396.0,515050.SH,2020-12-23,NA,NA,CNY
0.39366666666667,0.39533333333333,0.38966666666667,0.39,220622671.0,515050.SH,2020-12-24,NA,NA,CNY
0.38933333333333,0.392,0.387,0.389,266039886.0,515050.SH,2020-12-25,NA,NA,CNY
0.389,0.389,0.38166666666667,0.38233333333333,377285786.0,515050.SH,2020-12-28,NA,NA,CNY
0.383,0.39566666666667,0.383,0.39266666666667,580635740.0,515050.SH,2020-12-29,NA,NA,CNY
0.391,0.39333333333333,0.387,0.39333333333333,413401301.0,515050.SH,2020-12-30,NA,NA,CNY
0.39333333333333,0.39766666666667,0.39133333333333,0.39633333333333,529396634.0,515050.SH,2020-12-31,NA,NA,CNY
0.39566666666667,0.40233333333333,0.39366666666667,0.402,550990070.0,515050.SH,2021-01-04,NA,NA,CNY
0.40033333333333,0.41666666666667,0.398,0.415,901491289.0,515050.SH,2021-01-05,NA,NA,CNY
0.41566666666667,0.417,0.40666666666667,0.40866666666667,489402612.0,515050.SH,2021-01-06,NA,NA,CNY
0.40666666666667,0.40866666666667,0.40233333333333,0.40666666666667,418765865.0,515050.SH,2021-01-07,NA,NA,CNY
0.408,0.41533333333333,0.408,0.41333333333333,544621793.0,515050.SH,2021-01-08,NA,NA,CNY
0.41633333333333,0.425,0.41433333333333,0.42,643858243.0,515050.SH,2021-01-11,NA,NA,CNY
0.41933333333333,0.42433333333333,0.41366666666667,0.424,420169321.0,515050.SH,2021-01-12,NA,NA,CNY
0.42466666666667,0.43466666666667,0.42433333333333,0.431,665440795.0,515050.SH,2021-01-13,NA,NA,CNY
0.43133333333333,0.43866666666667,0.42433333333333,0.43066666666667,554766230.0,515050.SH,2021-01-14,NA,NA,CNY
0.429,0.43,0.41566666666667,0.42033333333333,435378592.0,515050.SH,2021-01-15,NA,NA,CNY
0.41933333333333,0.43866666666667,0.41866666666667,0.43566666666667,598800100.0,515050.SH,2021-01-18,NA,NA,CNY
0.43633333333333,0.43633333333333,0.425,0.42666666666667,375815244.0,515050.SH,2021-01-19,NA,NA,CNY
0.42733333333333,0.42966666666667,0.423,0.42766666666667,251544464.0,515050.SH,2021-01-20,NA,NA,CNY
0.42866666666667,0.43066666666667,0.42366666666667,0.42733333333333,316471852.0,515050.SH,2021-01-21,NA,NA,CNY
0.42666666666667,0.42766666666667,0.41366666666667,0.41833333333333,438097894.0,515050.SH,2021-01-22,NA,NA,CNY
0.41166666666667,0.416,0.40433333333333,0.411,537278173.0,515050.SH,2021-01-25,NA,NA,CNY
0.40966666666667,0.41266666666667,0.4,0.40033333333333,549269160.0,515050.SH,2021-01-26,NA,NA,CNY
0.40033333333333,0.40433333333333,0.39733333333333,0.402,328583500.0,515050.SH,2021-01-27,NA,NA,CNY
0.39766666666667,0.399,0.38533333333333,0.38733333333333,726019500.0,515050.SH,2021-01-28,NA,NA,CNY
0.38966666666667,0.39066666666667,0.379,0.38333333333333,568655200.0,515050.SH,2021-01-29,NA,NA,CNY
0.384,0.38666666666667,0.381,0.385,312546861.0,515050.SH,2021-02-01,NA,NA,CNY
0.38533333333333,0.38866666666667,0.38166666666667,0.38833333333333,326193700.0,515050.SH,2021-02-02,NA,NA,CNY
0.38766666666667,0.38866666666667,0.37766666666667,0.378,476461770.0,515050.SH,2021-02-03,NA,NA,CNY
0.376,0.377,0.36333333333333,0.37266666666667,486766776.0,515050.SH,2021-02-04,NA,NA,CNY
0.37266666666667,0.37533333333333,0.36633333333333,0.367,271607738.0,515050.SH,2021-02-05,NA,NA,CNY
0.367,0.37133333333333,0.36533333333333,0.36766666666667,320241900.0,515050.SH,2021-02-08,NA,NA,CNY
0.36766666666667,0.376,0.365,0.37566666666667,330742942.0,515050.SH,2021-02-09,NA,NA,CNY
0.37566666666667,0.384,0.37333333333333,0.38333333333333,343756748.0,515050.SH,2021-02-10,NA,NA,CNY
0.388,0.38966666666667,0.38366666666667,0.384,548099966.0,515050.SH,2021-02-18,NA,NA,CNY
0.38333333333333,0.388,0.37833333333333,0.38733333333333,295147250.0,515050.SH,2021-02-19,NA,NA,CNY
0.38766666666667,0.388,0.37733333333333,0.37833333333333,368508223.0,515050.SH,2021-02-22,NA,NA,CNY
0.37666666666667,0.381,0.37466666666667,0.37733333333333,228779635.0,515050.SH,2021-02-23,NA,NA,CNY
0.37766666666667,0.38433333333333,0.374,0.37833333333333,310003747.0,515050.SH,2021-02-24,NA,NA,CNY
0.37933333333333,0.38133333333333,0.37433333333333,0.37633333333333,200043847.0,515050.SH,2021-02-25,NA,NA,CNY
0.371,0.37633333333333,0.36966666666667,0.37266666666667,290434800.0,515050.SH,2021-02-26,NA,NA,CNY
0.37533333333333,0.38233333333333,0.374,0.382,268288500.0,515050.SH,2021-03-01,NA,NA,CNY
0.38333333333333,0.38733333333333,0.38066666666667,0.384,328045300.0,515050.SH,2021-03-02,NA,NA,CNY
0.38266666666667,0.38633333333333,0.38066666666667,0.386,468058136.0,515050.SH,2021-03-03,NA,NA,CNY
0.38266666666667,0.38366666666667,0.371,0.37266666666667,421694296.0,515050.SH,2021-03-04,NA,NA,CNY
0.36933333333333,0.378,0.36833333333333,0.376,269816618.0,515050.SH,2021-03-05,NA,NA,CNY
0.378,0.38033333333333,0.36533333333333,0.366,365252705.0,515050.SH,2021-03-08,NA,NA,CNY
0.36566666666667,0.366,0.348,0.353,360596324.0,515050.SH,2021-03-09,NA,NA,CNY
0.35733333333333,0.359,0.349,0.34966666666667,221079588.0,515050.SH,2021-03-10,NA,NA,CNY
0.35066666666667,0.35433333333333,0.34366666666667,0.353,332573600.0,515050.SH,2021-03-11,NA,NA,CNY
0.353,0.353,0.34433333333333,0.34633333333333,285445935.0,515050.SH,2021-03-12,NA,NA,CNY
0.34466666666667,0.34466666666667,0.33033333333333,0.33233333333333,521913735.0,515050.SH,2021-03-15,NA,NA,CNY
0.33333333333333,0.336,0.327,0.332,349330100.0,515050.SH,2021-03-16,NA,NA,CNY
0.331,0.33666666666667,0.32866666666667,0.336,265463165.0,515050.SH,2021-03-17,NA,NA,CNY
0.336,0.33666666666667,0.33233333333333,0.33466666666667,251329952.0,515050.SH,2021-03-18,NA,NA,CNY
0.33133333333333,0.33233333333333,0.32633333333333,0.32733333333333,329101900.0,515050.SH,2021-03-19,NA,NA,CNY
0.327,0.33133333333333,0.326,0.33133333333333,224930700.0,515050.SH,2021-03-22,NA,NA,CNY
0.33133333333333,0.33333333333333,0.32733333333333,0.32933333333333,220769200.0,515050.SH,2021-03-23,NA,NA,CNY
0.328,0.328,0.32166666666667,0.32233333333333,363413244.0,515050.SH,2021-03-24,NA,NA,CNY
0.32,0.326,0.32,0.32433333333333,191301796.0,515050.SH,2021-03-25,NA,NA,CNY
0.32666666666667,0.33233333333333,0.32566666666667,0.33166666666667,298755457.0,515050.SH,2021-03-26,NA,NA,CNY
0.33233333333333,0.33366666666667,0.32933333333333,0.33033333333333,225607400.0,515050.SH,2021-03-29,NA,NA,CNY
0.33033333333333,0.332,0.32933333333333,0.33133333333333,139473706.0,515050.SH,2021-03-30,NA,NA,CNY
0.331,0.332,0.328,0.33166666666667,151451600.0,515050.SH,2021-03-31,NA,NA,CNY
0.332,0.33766666666667,0.332,0.337,284469228.0,515050.SH,2021-04-01,NA,NA,CNY
0.33733333333333,0.34433333333333,0.33733333333333,0.343,332907475.0,515050.SH,2021-04-02,NA,NA,CNY
0.344,0.346,0.34166666666667,0.34266666666667,208997216.0,515050.SH,2021-04-06,NA,NA,CNY
0.34266666666667,0.343,0.33766666666667,0.34166666666667,145345800.0,515050.SH,2021-04-07,NA,NA,CNY
0.34,0.34433333333333,0.339,0.34166666666667,152111500.0,515050.SH,2021-04-08,NA,NA,CNY
0.34133333333333,0.34366666666667,0.339,0.34,124686922.0,515050.SH,2021-04-09,NA,NA,CNY
0.34,0.344,0.33433333333333,0.335,184179200.0,515050.SH,2021-04-12,NA,NA,CNY
0.335,0.34033333333333,0.334,0.33633333333333,159575367.0,515050.SH,2021-04-13,NA,NA,CNY
0.33633333333333,0.34033333333333,0.336,0.34,122329164.0,515050.SH,2021-04-14,NA,NA,CNY
0.34,0.34033333333333,0.33466666666667,0.337,137904300.0,515050.SH,2021-04-15,NA,NA,CNY
0.33666666666667,0.339,0.33333333333333,0.33733333333333,166024100.0,515050.SH,2021-04-16,NA,NA,CNY
0.33633333333333,0.34966666666667,0.336,0.34933333333333,360989148.0,515050.SH,2021-04-19,NA,NA,CNY
0.34866666666667,0.352,0.34666666666667,0.347,181129500.0,515050.SH,2021-04-20,NA,NA,CNY
0.34466666666667,0.34733333333333,0.34266666666667,0.34566666666667,155001900.0,515050.SH,2021-04-21,NA,NA,CNY
0.34666666666667,0.35466666666667,0.34633333333333,0.35233333333333,276037307.0,515050.SH,2021-04-22,NA,NA,CNY
0.35133333333333,0.35333333333333,0.35,0.35133333333333,125436505.0,515050.SH,2021-04-23,NA,NA,CNY
0.351,0.35733333333333,0.349,0.34933333333333,237710290.0,515050.SH,2021-04-26,NA,NA,CNY
0.34833333333333,0.35166666666667,0.34466666666667,0.34933333333333,164469693.0,515050.SH,2021-04-27,NA,NA,CNY
0.348,0.349,0.34466666666667,0.34833333333333,127498305.0,515050.SH,2021-04-28,NA,NA,CNY
0.34866666666667,0.35233333333333,0.348,0.34933333333333,132416600.0,515050.SH,2021-04-29,NA,NA,CNY
0.349,0.35,0.34333333333333,0.34533333333333,133544200.0,515050.SH,2021-04-30,NA,NA,CNY
0.34366666666667,0.345,0.339,0.34033333333333,158496329.0,515050.SH,2021-05-06,NA,NA,CNY
0.34033333333333,0.34133333333333,0.33,0.33033333333333,323975700.0,515050.SH,2021-05-07,NA,NA,CNY
0.33033333333333,0.33033333333333,0.32366666666667,0.32566666666667,247592104.0,515050.SH,2021-05-10,NA,NA,CNY
0.32333333333333,0.32633333333333,0.32066666666667,0.32533333333333,253299300.0,515050.SH,2021-05-11,NA,NA,CNY
0.325,0.328,0.32333333333333,0.32733333333333,177374700.0,515050.SH,2021-05-12,NA,NA,CNY
0.32433333333333,0.32966666666667,0.32366666666667,0.327,168874753.0,515050.SH,2021-05-13,NA,NA,CNY
0.328,0.33266666666667,0.32433333333333,0.33266666666667,247540925.0,515050.SH,2021-05-14,NA,NA,CNY
0.33266666666667,0.341,0.33233333333333,0.33833333333333,308876930.0,515050.SH,2021-05-17,NA,NA,CNY
0.33766666666667,0.33866666666667,0.33533333333333,0.33833333333333,161432884.0,515050.SH,2021-05-18,NA,NA,CNY
0.337,0.34366666666667,0.33666666666667,0.34133333333333,240390400.0,515050.SH,2021-05-19,NA,NA,CNY
0.34133333333333,0.34566666666667,0.34033333333333,0.34466666666667,230077415.0,515050.SH,2021-05-20,NA,NA,CNY
0.34433333333333,0.34666666666667,0.34033333333333,0.34066666666667,152603501.0,515050.SH,2021-05-21,NA,NA,CNY
0.34066666666667,0.34766666666667,0.33933333333333,0.347,238543052.0,515050.SH,2021-05-24,NA,NA,CNY
0.34633333333333,0.35566666666667,0.34566666666667,0.35466666666667,340869693.0,515050.SH,2021-05-25,NA,NA,CNY
0.355,0.35666666666667,0.351,0.35133333333333,210694113.0,515050.SH,2021-05-26,NA,NA,CNY
0.351,0.36266666666667,0.35066666666667,0.36033333333333,373954820.0,515050.SH,2021-05-27,NA,NA,CNY
0.36,0.36233333333333,0.357,0.35966666666667,222002166.0,515050.SH,2021-05-28,NA,NA,CNY
0.362,0.36366666666667,0.35866666666667,0.36266666666667,199768600.0,515050.SH,2021-05-31,NA,NA,CNY
0.36233333333333,0.36833333333333,0.36,0.366,291112283.0,515050.SH,2021-06-01,NA,NA,CNY
0.36533333333333,0.36666666666667,0.35733333333333,0.35933333333333,329476052.0,515050.SH,2021-06-02,NA,NA,CNY
0.359,0.367,0.358,0.36133333333333,280553486.0,515050.SH,2021-06-03,NA,NA,CNY
0.36,0.36633333333333,0.35933333333333,0.36366666666667,184257777.0,515050.SH,2021-06-04,NA,NA,CNY
0.366,0.37,0.366,0.369,227380232.0,515050.SH,2021-06-07,NA,NA,CNY
0.369,0.372,0.36666666666667,0.368,196323700.0,515050.SH,2021-06-08,NA,NA,CNY
0.36833333333333,0.37066666666667,0.36566666666667,0.369,178879680.0,515050.SH,2021-06-09,NA,NA,CNY
0.36833333333333,0.37233333333333,0.36833333333333,0.37166666666667,212401376.0,515050.SH,2021-06-10,NA,NA,CNY
0.373,0.373,0.366,0.367,174105787.0,515050.SH,2021-06-11,NA,NA,CNY
0.36733333333333,0.373,0.36733333333333,0.36933333333333,311266300.0,515050.SH,2021-06-15,NA,NA,CNY
0.369,0.37033333333333,0.35833333333333,0.359,253729219.0,515050.SH,2021-06-16,NA,NA,CNY
0.359,0.37466666666667,0.359,0.373,413917996.0,515050.SH,2021-06-17,NA,NA,CNY
0.374,0.38,0.37366666666667,0.37833333333333,303825843.0,515050.SH,2021-06-18,NA,NA,CNY
0.37733333333333,0.384,0.37366666666667,0.383,282409757.0,515050.SH,2021-06-21,NA,NA,CNY
0.383,0.38466666666667,0.37833333333333,0.38166666666667,185547500.0,515050.SH,2021-06-22,NA,NA,CNY
0.38133333333333,0.39466666666667,0.37933333333333,0.39133333333333,428412163.0,515050.SH,2021-06-23,NA,NA,CNY
0.39266666666667,0.39766666666667,0.39033333333333,0.39133333333333,253435957.0,515050.SH,2021-06-24,NA,NA,CNY
0.39033333333333,0.395,0.386,0.39233333333333,240120500.0,515050.SH,2021-06-25,NA,NA,CNY
0.39233333333333,0.40233333333333,0.39233333333333,0.399,325180914.0,515050.SH,2021-06-28,NA,NA,CNY
0.39866666666667,0.40033333333333,0.39366666666667,0.39433333333333,184939000.0,515050.SH,2021-06-29,NA,NA,CNY
0.39466666666667,0.402,0.39366666666667,0.40133333333333,290608323.0,515050.SH,2021-06-30,NA,NA,CNY
0.40166666666667,0.404,0.39566666666667,0.396,281115200.0,515050.SH,2021-07-01,NA,NA,CNY
0.39333333333333,0.395,0.38533333333333,0.386,312797064.0,515050.SH,2021-07-02,NA,NA,CNY
0.38733333333333,0.39533333333333,0.38733333333333,0.39466666666667,253872301.0,515050.SH,2021-07-05,NA,NA,CNY
0.39666666666667,0.397,0.38466666666667,0.39133333333333,233002067.0,515050.SH,2021-07-06,NA,NA,CNY
0.38833333333333,0.396,0.384,0.394,203817808.0,515050.SH,2021-07-07,NA,NA,CNY
0.395,0.403,0.394,0.39933333333333,331703486.0,515050.SH,2021-07-08,NA,NA,CNY
0.39766666666667,0.398,0.38833333333333,0.39366666666667,225955039.0,515050.SH,2021-07-09,NA,NA,CNY
0.396,0.40366666666667,0.39333333333333,0.40266666666667,371499882.0,515050.SH,2021-07-12,NA,NA,CNY
0.402,0.402,0.39166666666667,0.394,298158494.0,515050.SH,2021-07-13,NA,NA,CNY
0.39366666666667,0.39566666666667,0.389,0.38933333333333,166579200.0,515050.SH,2021-07-14,NA,NA,CNY
0.38866666666667,0.39066666666667,0.38166666666667,0.38766666666667,212540020.0,515050.SH,2021-07-15,NA,NA,CNY
0.38766666666667,0.39033333333333,0.38433333333333,0.385,141021400.0,515050.SH,2021-07-16,NA,NA,CNY
0.38333333333333,0.39333333333333,0.382,0.39333333333333,215635900.0,515050.SH,2021-07-19,NA,NA,CNY
0.38933333333333,0.39666666666667,0.38833333333333,0.39633333333333,210868695.0,515050.SH,2021-07-20,NA,NA,CNY
0.39633333333333,0.40266666666667,0.39533333333333,0.39733333333333,322861038.0,515050.SH,2021-07-21,NA,NA,CNY
0.39666666666667,0.39966666666667,0.393,0.399,252313333.0,515050.SH,2021-07-22,NA,NA,CNY
0.39866666666667,0.39933333333333,0.39333333333333,0.39533333333333,161387200.0,515050.SH,2021-07-23,NA,NA,CNY
0.39533333333333,0.397,0.383,0.392,229065643.0,515050.SH,2021-07-26,NA,NA,CNY
0.39233333333333,0.41033333333333,0.39233333333333,0.39366666666667,497428046.0,515050.SH,2021-07-27,NA,NA,CNY
0.38933333333333,0.396,0.37433333333333,0.389,295366523.0,515050.SH,2021-07-28,NA,NA,CNY
0.39466666666667,0.40566666666667,0.392,0.40466666666667,368651502.0,515050.SH,2021-07-29,NA,NA,CNY
0.402,0.41066666666667,0.4,0.41,389216033.0,515050.SH,2021-07-30,NA,NA,CNY
0.41033333333333,0.41433333333333,0.40666666666667,0.414,376412032.0,515050.SH,2021-08-02,NA,NA,CNY
0.41366666666667,0.41833333333333,0.405,0.40666666666667,336380504.0,515050.SH,2021-08-03,NA,NA,CNY
0.40566666666667,0.42,0.40566666666667,0.41966666666667,411929387.0,515050.SH,2021-08-04,NA,NA,CNY
0.418,0.42233333333333,0.41433333333333,0.41766666666667,235281057.0,515050.SH,2021-08-05,NA,NA,CNY
0.41766666666667,0.42,0.41066666666667,0.416,251252600.0,515050.SH,2021-08-06,NA,NA,CNY
0.41233333333333,0.41566666666667,0.40666666666667,0.41433333333333,217112607.0,515050.SH,2021-08-09,NA,NA,CNY
0.413,0.41366666666667,0.40766666666667,0.41266666666667,196470600.0,515050.SH,2021-08-10,NA,NA,CNY
0.41266666666667,0.413,0.40733333333333,0.40833333333333,181149080.0,515050.SH,2021-08-11,NA,NA,CNY
0.40633333333333,0.416,0.406,0.41166666666667,219061500.0,515050.SH,2021-08-12,NA,NA,CNY
0.41133333333333,0.41133333333333,0.39766666666667,0.39933333333333,257062900.0,515050.SH,2021-08-13,NA,NA,CNY
0.39766666666667,0.40066666666667,0.39366666666667,0.39666666666667,147113900.0,515050.SH,2021-08-16,NA,NA,CNY
0.397,0.397,0.38266666666667,0.38433333333333,230991300.0,515050.SH,2021-08-17,NA,NA,CNY
0.38433333333333,0.386,0.38033333333333,0.384,176906500.0,515050.SH,2021-08-18,NA,NA,CNY
0.38433333333333,0.38966666666667,0.38333333333333,0.38866666666667,191238252.0,515050.SH,2021-08-19,NA,NA,CNY
0.38833333333333,0.389,0.38166666666667,0.38533333333333,150361509.0,515050.SH,2021-08-20,NA,NA,CNY
0.38566666666667,0.39466666666667,0.38466666666667,0.39333333333333,185735800.0,515050.SH,2021-08-23,NA,NA,CNY
0.39433333333333,0.39833333333333,0.39133333333333,0.39666666666667,162993500.0,515050.SH,2021-08-24,NA,NA,CNY
0.39533333333333,0.397,0.391,0.39333333333333,103218442.0,515050.SH,2021-08-25,NA,NA,CNY
0.393,0.393,0.38333333333333,0.385,166529648.0,515050.SH,2021-08-26,NA,NA,CNY
0.38466666666667,0.388,0.381,0.386,136318600.0,515050.SH,2021-08-27,NA,NA,CNY
0.39,0.391,0.38033333333333,0.383,175228712.0,515050.SH,2021-08-30,NA,NA,CNY
0.379,0.37966666666667,0.37,0.37333333333333,196260351.0,515050.SH,2021-08-31,NA,NA,CNY
0.37166666666667,0.376,0.36766666666667,0.37533333333333,159805370.0,515050.SH,2021-09-01,NA,NA,CNY
0.375,0.375,0.36933333333333,0.37066666666667,148924300.0,515050.SH,2021-09-02,NA,NA,CNY
0.37,0.374,0.367,0.36933333333333,179547202.0,515050.SH,2021-09-03,NA,NA,CNY
0.36966666666667,0.377,0.36766666666667,0.37666666666667,188315200.0,515050.SH,2021-09-06,NA,NA,CNY
0.378,0.37866666666667,0.37533333333333,0.378,155705700.0,515050.SH,2021-09-07,NA,NA,CNY
0.37733333333333,0.383,0.377,0.383,160940326.0,515050.SH,2021-09-08,NA,NA,CNY
0.38,0.38066666666667,0.37533333333333,0.37833333333333,128956192.0,515050.SH,2021-09-09,NA,NA,CNY
0.37766666666667,0.38366666666667,0.373,0.381,297687800.0,515050.SH,2021-09-10,NA,NA,CNY
0.38,0.38033333333333,0.374,0.375,122329300.0,515050.SH,2021-09-13,NA,NA,CNY
0.37333333333333,0.378,0.37,0.37166666666667,145337300.0,515050.SH,2021-09-14,NA,NA,CNY
0.371,0.371,0.36533333333333,0.36733333333333,146093700.0,515050.SH,2021-09-15,NA,NA,CNY
0.36666666666667,0.368,0.36033333333333,0.36066666666667,147433100.0,515050.SH,2021-09-16,NA,NA,CNY
0.36033333333333,0.36233333333333,0.35466666666667,0.361,146840500.0,515050.SH,2021-09-17,NA,NA,CNY
0.35666666666667,0.36066666666667,0.35533333333333,0.36,82877400.0,515050.SH,2021-09-22,NA,NA,CNY
0.361,0.37,0.36033333333333,0.369,210183500.0,515050.SH,2021-09-23,NA,NA,CNY
0.36833333333333,0.37133333333333,0.36666666666667,0.36733333333333,108763300.0,515050.SH,2021-09-24,NA,NA,CNY
0.373,0.37433333333333,0.36566666666667,0.36833333333333,158452600.0,515050.SH,2021-09-27,NA,NA,CNY
0.365,0.371,0.36233333333333,0.36766666666667,101429200.0,515050.SH,2021-09-28,NA,NA,CNY
0.36466666666667,0.36466666666667,0.357,0.35866666666667,148346273.0,515050.SH,2021-09-29,NA,NA,CNY
0.35866666666667,0.36366666666667,0.35833333333333,0.36133333333333,92010693.0,515050.SH,2021-09-30,NA,NA,CNY
0.36533333333333,0.37133333333333,0.36533333333333,0.369,120181100.0,515050.SH,2021-10-08,NA,NA,CNY
0.36966666666667,0.37166666666667,0.36766666666667,0.37,108287300.0,515050.SH,2021-10-11,NA,NA,CNY
0.36866666666667,0.36866666666667,0.35533333333333,0.35833333333333,188809907.0,515050.SH,2021-10-12,NA,NA,CNY
0.35733333333333,0.36133333333333,0.356,0.361,164316784.0,515050.SH,2021-10-13,NA,NA,CNY
0.361,0.362,0.35933333333333,0.36033333333333,63838000.0,515050.SH,2021-10-14,NA,NA,CNY
0.36066666666667,0.365,0.35866666666667,0.363,96331241.0,515050.SH,2021-10-15,NA,NA,CNY
0.36166666666667,0.36166666666667,0.35466666666667,0.35766666666667,151281291.0,515050.SH,2021-10-18,NA,NA,CNY
0.358,0.36333333333333,0.35666666666667,0.36233333333333,120921802.0,515050.SH,2021-10-19,NA,NA,CNY
0.36333333333333,0.36466666666667,0.361,0.36133333333333,86537700.0,515050.SH,2021-10-20,NA,NA,CNY
0.36066666666667,0.362,0.35666666666667,0.358,96235300.0,515050.SH,2021-10-21,NA,NA,CNY
0.358,0.365,0.35733333333333,0.36333333333333,142376997.0,515050.SH,2021-10-22,NA,NA,CNY
0.364,0.364,0.35933333333333,0.36366666666667,111128500.0,515050.SH,2021-10-25,NA,NA,CNY
0.36366666666667,0.37366666666667,0.36233333333333,0.37,244726497.0,515050.SH,2021-10-26,NA,NA,CNY
0.371,0.371,0.36366666666667,0.366,124085411.0,515050.SH,2021-10-27,NA,NA,CNY
0.364,0.37033333333333,0.36033333333333,0.36433333333333,120848500.0,515050.SH,2021-10-28,NA,NA,CNY
0.365,0.372,0.365,0.37166666666667,168984372.0,515050.SH,2021-10-29,NA,NA,CNY
0.372,0.382,0.372,0.38066666666667,254380028.0,515050.SH,2021-11-01,NA,NA,CNY
0.381,0.38666666666667,0.37833333333333,0.38133333333333,196929260.0,515050.SH,2021-11-02,NA,NA,CNY
0.38233333333333,0.38633333333333,0.37833333333333,0.38066666666667,115189809.0,515050.SH,2021-11-03,NA,NA,CNY
0.38266666666667,0.389,0.38266666666667,0.38866666666667,180358500.0,515050.SH,2021-11-04,NA,NA,CNY
0.39133333333333,0.39733333333333,0.39033333333333,0.39133333333333,250063575.0,515050.SH,2021-11-05,NA,NA,CNY
0.392,0.392,0.38466666666667,0.388,115045000.0,515050.SH,2021-11-08,NA,NA,CNY
0.38833333333333,0.391,0.38366666666667,0.39033333333333,144110800.0,515050.SH,2021-11-09,NA,NA,CNY
0.38966666666667,0.39233333333333,0.38533333333333,0.38933333333333,131391732.0,515050.SH,2021-11-10,NA,NA,CNY
0.38733333333333,0.39733333333333,0.387,0.395,242080600.0,515050.SH,2021-11-11,NA,NA,CNY
0.39333333333333,0.397,0.39233333333333,0.39633333333333,105097607.0,515050.SH,2021-11-12,NA,NA,CNY
0.39733333333333,0.40233333333333,0.39733333333333,0.4,174099800.0,515050.SH,2021-11-15,NA,NA,CNY
0.39966666666667,0.404,0.398,0.39866666666667,167731500.0,515050.SH,2021-11-16,NA,NA,CNY
0.39733333333333,0.40133333333333,0.39633333333333,0.40033333333333,119633469.0,515050.SH,2021-11-17,NA,NA,CNY
0.40033333333333,0.40233333333333,0.393,0.39333333333333,144774569.0,515050.SH,2021-11-18,NA,NA,CNY
0.39333333333333,0.40366666666667,0.39333333333333,0.401,171903910.0,515050.SH,2021-11-19,NA,NA,CNY
0.40233333333333,0.41266666666667,0.402,0.41233333333333,246445020.0,515050.SH,2021-11-22,NA,NA,CNY
0.41066666666667,0.41166666666667,0.40866666666667,0.40933333333333,92290101.0,515050.SH,2021-11-23,NA,NA,CNY
0.41,0.41433333333333,0.40866666666667,0.41066666666667,179735049.0,515050.SH,2021-11-24,NA,NA,CNY
0.41066666666667,0.412,0.40766666666667,0.40833333333333,84266300.0,515050.SH,2021-11-25,NA,NA,CNY
0.40733333333333,0.40733333333333,0.39933333333333,0.39933333333333,195703400.0,515050.SH,2021-11-26,NA,NA,CNY
0.39466666666667,0.40033333333333,0.39366666666667,0.40033333333333,95818300.0,515050.SH,2021-11-29,NA,NA,CNY
0.40066666666667,0.40366666666667,0.39766666666667,0.40133333333333,86506800.0,515050.SH,2021-11-30,NA,NA,CNY
0.39966666666667,0.404,0.39966666666667,0.40333333333333,69304100.0,515050.SH,2021-12-01,NA,NA,CNY
0.403,0.40533333333333,0.40033333333333,0.40066666666667,93453900.0,515050.SH,2021-12-02,NA,NA,CNY
0.40033333333333,0.407,0.40033333333333,0.40466666666667,87592853.0,515050.SH,2021-12-03,NA,NA,CNY
0.40466666666667,0.40533333333333,0.39933333333333,0.4,81878260.0,515050.SH,2021-12-06,NA,NA,CNY
0.401,0.404,0.39366666666667,0.39733333333333,113520501.0,515050.SH,2021-12-07,NA,NA,CNY
0.39733333333333,0.41066666666667,0.39733333333333,0.41,181005412.0,515050.SH,2021-12-08,NA,NA,CNY
0.41166666666667,0.41833333333333,0.411,0.416,223924712.0,515050.SH,2021-12-09,NA,NA,CNY
0.41366666666667,0.416,0.41133333333333,0.412,72479600.0,515050.SH,2021-12-10,NA,NA,CNY
0.414,0.422,0.413,0.41933333333333,162797684.0,515050.SH,2021-12-13,NA,NA,CNY
0.41833333333333,0.42333333333333,0.417,0.42066666666667,117568611.0,515050.SH,2021-12-14,NA,NA,CNY
0.42066666666667,0.423,0.41666666666667,0.41666666666667,144503907.0,515050.SH,2021-12-15,NA,NA,CNY
0.418,0.42033333333333,0.41633333333333,0.41866666666667,101244764.0,515050.SH,2021-12-16,NA,NA,CNY
0.41766666666667,0.418,0.411,0.41133333333333,102536700.0,515050.SH,2021-12-17,NA,NA,CNY
0.40933333333333,0.413,0.39933333333333,0.39933333333333,111969198.0,515050.SH,2021-12-20,NA,NA,CNY
0.40166666666667,0.408,0.40066666666667,0.40766666666667,92655598.0,515050.SH,2021-12-21,NA,NA,CNY
0.409,0.42366666666667,0.409,0.41933333333333,214547498.0,515050.SH,2021-12-22,NA,NA,CNY
0.41966666666667,0.42566666666667,0.41866666666667,0.42266666666667,129252400.0,515050.SH,2021-12-23,NA,NA,CNY
0.42266666666667,0.428,0.42266666666667,0.42533333333333,140059900.0,515050.SH,2021-12-24,NA,NA,CNY
0.425,0.42666666666667,0.42033333333333,0.42133333333333,137398900.0,515050.SH,2021-12-27,NA,NA,CNY
0.42333333333333,0.42433333333333,0.41633333333333,0.419,79579400.0,515050.SH,2021-12-28,NA,NA,CNY
0.41933333333333,0.41933333333333,0.41033333333333,0.41333333333333,107491500.0,515050.SH,2021-12-29,NA,NA,CNY
0.41133333333333,0.42433333333333,0.41133333333333,0.42133333333333,186835073.0,515050.SH,2021-12-30,NA,NA,CNY
0.42066666666667,0.42333333333333,0.41666666666667,0.42266666666667,122207273.0,515050.SH,2021-12-31,NA,NA,CNY
0.42366666666667,0.427,0.418,0.426,136850829.0,515050.SH,2022-01-04,NA,NA,CNY
0.425,0.425,0.406,0.40966666666667,143637980.0,515050.SH,2022-01-05,NA,NA,CNY
0.40633333333333,0.41066666666667,0.40266666666667,0.40866666666667,80378807.0,515050.SH,2022-01-06,NA,NA,CNY
0.40866666666667,0.41266666666667,0.40266666666667,0.403,95217236.0,515050.SH,2022-01-07,NA,NA,CNY
0.40066666666667,0.41033333333333,0.395,0.40766666666667,126034014.0,515050.SH,2022-01-10,NA,NA,CNY
0.408,0.40833333333333,0.39566666666667,0.39633333333333,115968595.0,515050.SH,2022-01-11,NA,NA,CNY
0.398,0.40133333333333,0.39566666666667,0.39966666666667,118670500.0,515050.SH,2022-01-12,NA,NA,CNY
0.402,0.40233333333333,0.39133333333333,0.392,117081581.0,515050.SH,2022-01-13,NA,NA,CNY
0.38933333333333,0.39733333333333,0.38833333333333,0.394,74577628.0,515050.SH,2022-01-14,NA,NA,CNY
0.394,0.40766666666667,0.394,0.40633333333333,122846081.0,515050.SH,2022-01-17,NA,NA,CNY
0.40633333333333,0.41266666666667,0.405,0.40666666666667,113213981.0,515050.SH,2022-01-18,NA,NA,CNY
0.406,0.40666666666667,0.39766666666667,0.4,161658600.0,515050.SH,2022-01-19,NA,NA,CNY
0.399,0.40266666666667,0.396,0.39966666666667,121687400.0,515050.SH,2022-01-20,NA,NA,CNY
0.39733333333333,0.39733333333333,0.389,0.38966666666667,123008900.0,515050.SH,2022-01-21,NA,NA,CNY
0.388,0.396,0.38733333333333,0.39333333333333,81155900.0,515050.SH,2022-01-24,NA,NA,CNY
0.393,0.396,0.38166666666667,0.38266666666667,125466600.0,515050.SH,2022-01-25,NA,NA,CNY
0.38266666666667,0.385,0.37633333333333,0.382,73444200.0,515050.SH,2022-01-26,NA,NA,CNY
0.38166666666667,0.38266666666667,0.36833333333333,0.36933333333333,102112100.0,515050.SH,2022-01-27,NA,NA,CNY
0.37066666666667,0.374,0.36466666666667,0.36633333333333,124207500.0,515050.SH,2022-01-28,NA,NA,CNY
0.37,0.373,0.36466666666667,0.367,96342800.0,515050.SH,2022-02-07,NA,NA,CNY
0.36566666666667,0.366,0.35233333333333,0.35933333333333,169365200.0,515050.SH,2022-02-08,NA,NA,CNY
0.35866666666667,0.36533333333333,0.355,0.365,118391200.0,515050.SH,2022-02-09,NA,NA,CNY
0.36633333333333,0.368,0.362,0.364,124741700.0,515050.SH,2022-02-10,NA,NA,CNY
0.361,0.36166666666667,0.35266666666667,0.353,144251842.0,515050.SH,2022-02-11,NA,NA,CNY
0.351,0.35666666666667,0.34866666666667,0.352,166247600.0,515050.SH,2022-02-14,NA,NA,CNY
0.35166666666667,0.36333333333333,0.351,0.363,131725299.0,515050.SH,2022-02-15,NA,NA,CNY
0.36466666666667,0.36566666666667,0.36,0.361,74290400.0,515050.SH,2022-02-16,NA,NA,CNY
0.361,0.36533333333333,0.35833333333333,0.363,79343600.0,515050.SH,2022-02-17,NA,NA,CNY
0.36166666666667,0.364,0.35966666666667,0.364,83919400.0,515050.SH,2022-02-18,NA,NA,CNY
0.363,0.36733333333333,0.36266666666667,0.36433333333333,79942000.0,515050.SH,2022-02-21,NA,NA,CNY
0.36033333333333,0.36033333333333,0.35433333333333,0.35833333333333,78875700.0,515050.SH,2022-02-22,NA,NA,CNY
0.358,0.37233333333333,0.358,0.372,186003400.0,515050.SH,2022-02-23,NA,NA,CNY
0.369,0.372,0.35866666666667,0.36433333333333,129022278.0,515050.SH,2022-02-24,NA,NA,CNY
0.367,0.37166666666667,0.36566666666667,0.36666666666667,166470699.0,515050.SH,2022-02-25,NA,NA,CNY
0.366,0.369,0.36266666666667,0.36633333333333,92596700.0,515050.SH,2022-02-28,NA,NA,CNY
0.36733333333333,0.36733333333333,0.36433333333333,0.36733333333333,66656100.0,515050.SH,2022-03-01,NA,NA,CNY
0.364,0.364,0.35833333333333,0.35966666666667,136031700.0,515050.SH,2022-03-02,NA,NA,CNY
0.36066666666667,0.362,0.35066666666667,0.35166666666667,175783600.0,515050.SH,2022-03-03,NA,NA,CNY
0.34833333333333,0.35066666666667,0.34466666666667,0.34666666666667,222089000.0,515050.SH,2022-03-04,NA,NA,CNY
0.34333333333333,0.34333333333333,0.32766666666667,0.33066666666667,296816800.0,515050.SH,2022-03-07,NA,NA,CNY
0.32966666666667,0.33233333333333,0.32033333333333,0.325,229128700.0,515050.SH,2022-03-08,NA,NA,CNY
0.326,0.331,0.31366666666667,0.32766666666667,189302500.0,515050.SH,2022-03-09,NA,NA,CNY
0.33333333333333,0.33666666666667,0.32966666666667,0.33033333333333,192410898.0,515050.SH,2022-03-10,NA,NA,CNY
0.326,0.32866666666667,0.318,0.32833333333333,141034200.0,515050.SH,2022-03-11,NA,NA,CNY
0.32366666666667,0.327,0.318,0.31933333333333,127668387.0,515050.SH,2022-03-14,NA,NA,CNY
0.316,0.321,0.305,0.30533333333333,188135801.0,515050.SH,2022-03-15,NA,NA,CNY
0.31066666666667,0.31833333333333,0.29966666666667,0.31766666666667,220916300.0,515050.SH,2022-03-16,NA,NA,CNY
0.323,0.329,0.321,0.324,174764021.0,515050.SH,2022-03-17,NA,NA,CNY
0.32166666666667,0.32533333333333,0.319,0.32266666666667,115889400.0,515050.SH,2022-03-18,NA,NA,CNY
0.323,0.327,0.32033333333333,0.324,99185900.0,515050.SH,2022-03-21,NA,NA,CNY
0.32366666666667,0.325,0.32066666666667,0.32133333333333,97712904.0,515050.SH,2022-03-22,NA,NA,CNY
0.32266666666667,0.33166666666667,0.32,0.33,380321200.0,515050.SH,2022-03-23,NA,NA,CNY
0.32666666666667,0.32666666666667,0.31966666666667,0.321,207534900.0,515050.SH,2022-03-24,NA,NA,CNY
0.32066666666667,0.32266666666667,0.314,0.31466666666667,120639900.0,515050.SH,2022-03-25,NA,NA,CNY
0.312,0.31366666666667,0.30866666666667,0.311,110771800.0,515050.SH,2022-03-28,NA,NA,CNY
0.31166666666667,0.31266666666667,0.301,0.30166666666667,214608800.0,515050.SH,2022-03-29,NA,NA,CNY
0.303,0.31,0.303,0.30966666666667,151665600.0,515050.SH,2022-03-30,NA,NA,CNY
0.30866666666667,0.309,0.30266666666667,0.30366666666667,116912971.0,515050.SH,2022-03-31,NA,NA,CNY
0.301,0.30533333333333,0.29933333333333,0.304,110012600.0,515050.SH,2022-04-01,NA,NA,CNY
0.303,0.303,0.29466666666667,0.296,264556799.0,515050.SH,2022-04-06,NA,NA,CNY
0.29566666666667,0.298,0.29233333333333,0.29266666666667,156648000.0,515050.SH,2022-04-07,NA,NA,CNY
0.29233333333333,0.293,0.28566666666667,0.28966666666667,139708400.0,515050.SH,2022-04-08,NA,NA,CNY
0.28766666666667,0.28766666666667,0.274,0.27533333333333,201401200.0,515050.SH,2022-04-11,NA,NA,CNY
0.27533333333333,0.27833333333333,0.27033333333333,0.278,173155295.0,515050.SH,2022-04-12,NA,NA,CNY
0.276,0.276,0.27066666666667,0.271,112312800.0,515050.SH,2022-04-13,NA,NA,CNY
0.27266666666667,0.27733333333333,0.27166666666667,0.27633333333333,136472101.0,515050.SH,2022-04-14,NA,NA,CNY
0.27333333333333,0.27966666666667,0.27166666666667,0.27766666666667,125643099.0,515050.SH,2022-04-15,NA,NA,CNY
0.27733333333333,0.28533333333333,0.27533333333333,0.285,158019700.0,515050.SH,2022-04-18,NA,NA,CNY
0.28466666666667,0.28566666666667,0.27933333333333,0.281,87325300.0,515050.SH,2022-04-19,NA,NA,CNY
0.28166666666667,0.283,0.277,0.278,89911900.0,515050.SH,2022-04-20,NA,NA,CNY
0.27666666666667,0.283,0.272,0.27333333333333,135450400.0,515050.SH,2022-04-21,NA,NA,CNY
0.271,0.27333333333333,0.26733333333333,0.27,120753900.0,515050.SH,2022-04-22,NA,NA,CNY
0.265,0.265,0.25033333333333,0.25133333333333,217828200.0,515050.SH,2022-04-25,NA,NA,CNY
0.25166666666667,0.256,0.24533333333333,0.246,151440100.0,515050.SH,2022-04-26,NA,NA,CNY
0.24366666666667,0.26133333333333,0.243,0.26066666666667,185679800.0,515050.SH,2022-04-27,NA,NA,CNY
0.261,0.26566666666667,0.258,0.264,152873000.0,515050.SH,2022-04-28,NA,NA,CNY
0.266,0.27833333333333,0.26433333333333,0.277,164059251.0,515050.SH,2022-04-29,NA,NA,CNY
0.277,0.281,0.27533333333333,0.27733333333333,132259200.0,515050.SH,2022-05-05,NA,NA,CNY
0.27066666666667,0.27433333333333,0.26666666666667,0.27166666666667,81772300.0,515050.SH,2022-05-06,NA,NA,CNY
0.26866666666667,0.27266666666667,0.267,0.26866666666667,80476900.0,515050.SH,2022-05-09,NA,NA,CNY
0.26533333333333,0.27666666666667,0.26333333333333,0.27566666666667,108982698.0,515050.SH,2022-05-10,NA,NA,CNY
0.27566666666667,0.29166666666667,0.27533333333333,0.28366666666667,221176178.0,515050.SH,2022-05-11,NA,NA,CNY
0.28066666666667,0.28733333333333,0.28066666666667,0.285,122275290.0,515050.SH,2022-05-12,NA,NA,CNY
0.286,0.28666666666667,0.282,0.284,96843000.0,515050.SH,2022-05-13,NA,NA,CNY
0.285,0.28833333333333,0.28033333333333,0.28133333333333,117336801.0,515050.SH,2022-05-16,NA,NA,CNY
0.28133333333333,0.28766666666667,0.28,0.28733333333333,120441999.0,515050.SH,2022-05-17,NA,NA,CNY
0.28833333333333,0.291,0.28666666666667,0.28866666666667,114798700.0,515050.SH,2022-05-18,NA,NA,CNY
0.28333333333333,0.28966666666667,0.28266666666667,0.28966666666667,116834200.0,515050.SH,2022-05-19,NA,NA,CNY
0.29033333333333,0.294,0.28733333333333,0.29233333333333,91382600.0,515050.SH,2022-05-20,NA,NA,CNY
0.29233333333333,0.293,0.28833333333333,0.292,78560300.0,515050.SH,2022-05-23,NA,NA,CNY
0.29066666666667,0.295,0.281,0.281,112518200.0,515050.SH,2022-05-24,NA,NA,CNY
0.28066666666667,0.28366666666667,0.279,0.28266666666667,108543500.0,515050.SH,2022-05-25,NA,NA,CNY
0.28166666666667,0.28933333333333,0.277,0.28633333333333,142931200.0,515050.SH,2022-05-26,NA,NA,CNY
0.28733333333333,0.29066666666667,0.28366666666667,0.28566666666667,85069000.0,515050.SH,2022-05-27,NA,NA,CNY
0.28533333333333,0.28966666666667,0.28366666666667,0.288,74684900.0,515050.SH,2022-05-30,NA,NA,CNY
0.28766666666667,0.3,0.285,0.3,234320200.0,515050.SH,2022-05-31,NA,NA,CNY
0.29966666666667,0.30033333333333,0.29666666666667,0.299,232395000.0,515050.SH,2022-06-01,NA,NA,CNY
0.29566666666667,0.30433333333333,0.29566666666667,0.304,123850000.0,515050.SH,2022-06-02,NA,NA,CNY
0.36141027088,0.3636597124,0.3542870394,0.356161574,31076300.0,512690.SH,2019-06-03,NA,NA,CNY
0.356161574,0.35653648092,0.3449143664,0.34641399408,28596550.0,512690.SH,2019-06-04,NA,NA,CNY
0.34941324944,0.35128778404,0.34566418024,0.34716380792,14150978.0,512690.SH,2019-06-05,NA,NA,CNY
0.35091287712,0.35091287712,0.34154020412,0.3430398318,15816000.0,512690.SH,2019-06-06,NA,NA,CNY
0.3430398318,0.3524125048,0.33779113492,0.34978815636,20804300.0,512690.SH,2019-06-10,NA,NA,CNY
0.34978815636,0.37040803696,0.34978815636,0.36778368852,40254500.0,512690.SH,2019-06-11,NA,NA,CNY
0.365534247,0.36815859544,0.36141027088,0.36328480548,15873300.0,512690.SH,2019-06-12,NA,NA,CNY
0.36328480548,0.36440952624,0.35691138784,0.36216008472,14549500.0,512690.SH,2019-06-13,NA,NA,CNY
0.3599106432,0.3674087816,0.35691138784,0.3580361086,15979400.0,512690.SH,2019-06-14,NA,NA,CNY
0.35691138784,0.36028555012,0.35203759788,0.356161574,14228600.0,512690.SH,2019-06-17,NA,NA,CNY
0.35691138784,0.3580361086,0.35166269096,0.356161574,10108000.0,512690.SH,2019-06-18,NA,NA,CNY
0.3674087816,0.3692833162,0.36066045704,0.36103536396,19907900.0,512690.SH,2019-06-19,NA,NA,CNY
0.36103536396,0.37828108228,0.3599106432,0.37640654768,35950500.0,512690.SH,2019-06-20,NA,NA,CNY
0.37603164076,0.38203015148,0.3730323854,0.37978070996,24701100.0,512690.SH,2019-06-21,NA,NA,CNY
0.3786559892,0.39102791756,0.37640654768,0.38540431376,38585300.0,512690.SH,2019-06-24,NA,NA,CNY
0.38277996532,0.3880286622,0.37640654768,0.38502940684,24332210.0,512690.SH,2019-06-25,NA,NA,CNY
0.38090543072,0.3861541276,0.3805305238,0.38502940684,15892800.0,512690.SH,2019-06-26,NA,NA,CNY
0.384279593,0.40227512516,0.384279593,0.39852605596,50312100.0,512690.SH,2019-06-27,NA,NA,CNY
0.39665152136,0.40227512516,0.39327735908,0.39852605596,28386670.0,512690.SH,2019-06-28,NA,NA,CNY
0.4086485428,0.41952084348,0.40527438052,0.41914593656,26143023.0,512690.SH,2019-07-01,NA,NA,CNY
0.41502196044,0.42214519192,0.41277251892,0.41914593656,23274200.0,512690.SH,2019-07-02,NA,NA,CNY
0.41764630888,0.42664407496,0.40527438052,0.41089798432,32824000.0,512690.SH,2019-07-03,NA,NA,CNY
0.40602419436,0.41164779816,0.39852605596,0.40452456668,22254660.0,512690.SH,2019-07-04,NA,NA,CNY
0.40377475284,0.41727140196,0.40339984592,0.41464705352,24639800.0,512690.SH,2019-07-05,NA,NA,CNY
0.412397612,0.41277251892,0.40002568364,0.40639910128,24898100.0,512690.SH,2019-07-08,NA,NA,CNY
0.4048994736,0.41764630888,0.4048994736,0.40939835664,21507200.0,512690.SH,2019-07-09,NA,NA,CNY
0.40939835664,0.4142721466,0.40827363588,0.41089798432,13087000.0,512690.SH,2019-07-10,NA,NA,CNY
0.41202270508,0.41539686736,0.4048994736,0.40639910128,21212528.0,512690.SH,2019-07-11,NA,NA,CNY
0.4048994736,0.41314742584,0.40452456668,0.41127289124,18749200.0,512690.SH,2019-07-12,NA,NA,CNY
0.4086485428,0.40939835664,0.3974013352,0.40827363588,20049600.0,512690.SH,2019-07-15,NA,NA,CNY
0.40752382204,0.40977326356,0.40190021824,0.40339984592,17617000.0,512690.SH,2019-07-16,NA,NA,CNY
0.40227512516,0.40564928744,0.3992758698,0.40227512516,13002900.0,512690.SH,2019-07-17,NA,NA,CNY
0.39890096288,0.40227512516,0.39515189368,0.3955268006,18410916.0,512690.SH,2019-07-18,NA,NA,CNY
0.39702642828,0.40227512516,0.3955268006,0.3992758698,12736400.0,512690.SH,2019-07-19,NA,NA,CNY
0.40040059056,0.40077549748,0.39440207984,0.39702642828,20097300.0,512690.SH,2019-07-22,NA,NA,CNY
0.3974013352,0.3974013352,0.3861541276,0.39290245216,18697835.0,512690.SH,2019-07-23,NA,NA,CNY
0.39102791756,0.3955268006,0.39065301064,0.39215263832,20530035.0,512690.SH,2019-07-24,NA,NA,CNY
0.39215263832,0.3974013352,0.38577922068,0.3974013352,31404800.0,512690.SH,2019-07-25,NA,NA,CNY
0.39440207984,0.3992758698,0.39215263832,0.39590170752,19982800.0,512690.SH,2019-07-26,NA,NA,CNY
0.39627661444,0.4011504044,0.39402717292,0.40002568364,20373935.0,512690.SH,2019-07-29,NA,NA,CNY
0.40002568364,0.40190021824,0.39665152136,0.39852605596,15663800.0,512690.SH,2019-07-30,NA,NA,CNY
0.39702642828,0.40002568364,0.39140282448,0.3917777314,20023800.0,512690.SH,2019-07-31,NA,NA,CNY
0.3899031968,0.3917777314,0.38390468608,0.38577922068,19147700.0,512690.SH,2019-08-01,NA,NA,CNY
0.37640654768,0.384279593,0.37603164076,0.3824050584,22976100.0,512690.SH,2019-08-02,NA,NA,CNY
0.3786559892,0.38352977916,0.37490692,0.37528182692,17136100.0,512690.SH,2019-08-05,NA,NA,CNY
0.37078294388,0.38015561688,0.365534247,0.3786559892,29194300.0,512690.SH,2019-08-06,NA,NA,CNY
0.38128033764,0.38203015148,0.37640654768,0.3767814546,9729100.0,512690.SH,2019-08-07,NA,NA,CNY
0.37715636152,0.3861541276,0.37715636152,0.38465449992,21118000.0,512690.SH,2019-08-08,NA,NA,CNY
0.38765375528,0.3880286622,0.3767814546,0.37828108228,12740700.0,512690.SH,2019-08-09,NA,NA,CNY
0.38315487224,0.3899031968,0.38315487224,0.38915338296,30779300.0,512690.SH,2019-08-12,NA,NA,CNY
0.38652903452,0.38840356912,0.384279593,0.38765375528,11339800.0,512690.SH,2019-08-13,NA,NA,CNY
0.3917777314,0.39890096288,0.39140282448,0.3974013352,17360200.0,512690.SH,2019-08-14,NA,NA,CNY
0.39027810372,0.39590170752,0.38840356912,0.3955268006,17815300.0,512690.SH,2019-08-15,NA,NA,CNY
0.39515189368,0.40714891512,0.393652266,0.40227512516,21976500.0,512690.SH,2019-08-16,NA,NA,CNY
0.4048994736,0.40789872896,0.39965077672,0.40714891512,25171300.0,512690.SH,2019-08-19,NA,NA,CNY
0.40714891512,0.412397612,0.403024939,0.41164779816,16380900.0,512690.SH,2019-08-20,NA,NA,CNY
0.41164779816,0.41202270508,0.40602419436,0.40714891512,14812200.0,512690.SH,2019-08-21,NA,NA,CNY
0.40789872896,0.41652158812,0.40789872896,0.4161466812,20270200.0,512690.SH,2019-08-22,NA,NA,CNY
0.41502196044,0.41877102964,0.41202270508,0.4161466812,15867300.0,512690.SH,2019-08-23,NA,NA,CNY
0.40939835664,0.41164779816,0.40527438052,0.40752382204,21024400.0,512690.SH,2019-08-26,NA,NA,CNY
0.41089798432,0.42064556424,0.41089798432,0.41764630888,16677400.0,512690.SH,2019-08-27,NA,NA,CNY
0.41689649504,0.42401972652,0.41164779816,0.41689649504,16222200.0,512690.SH,2019-08-28,NA,NA,CNY
0.41764630888,0.4236448196,0.41502196044,0.42214519192,12582300.0,512690.SH,2019-08-29,NA,NA,CNY
0.42326991268,0.43789128256,0.42252009884,0.431142958,39856300.0,512690.SH,2019-08-30,NA,NA,CNY
0.43076805108,0.43264258568,0.421770285,0.43226767876,23519900.0,512690.SH,2019-09-02,NA,NA,CNY
0.431142958,0.43339239952,0.42289500576,0.42814370264,30386500.0,512690.SH,2019-09-03,NA,NA,CNY
0.42476954036,0.42776879572,0.4180212158,0.42289500576,25703900.0,512690.SH,2019-09-04,NA,NA,CNY
0.421770285,0.42814370264,0.421770285,0.42476954036,25720100.0,512690.SH,2019-09-05,NA,NA,CNY
0.4255193542,0.4255193542,0.41839612272,0.42401972652,16142900.0,512690.SH,2019-09-06,NA,NA,CNY
0.42401972652,0.4273938888,0.42289500576,0.42439463344,16609600.0,512690.SH,2019-09-09,NA,NA,CNY
0.42289500576,0.4255193542,0.41914593656,0.42289500576,14567900.0,512690.SH,2019-09-10,NA,NA,CNY
0.42139537808,0.42252009884,0.4048994736,0.4067740082,62369700.0,512690.SH,2019-09-11,NA,NA,CNY
0.4048994736,0.41539686736,0.40414965976,0.41314742584,41085700.0,512690.SH,2019-09-12,NA,NA,CNY
0.412397612,0.4142721466,0.40789872896,0.41127289124,15020600.0,512690.SH,2019-09-16,NA,NA,CNY
0.41089798432,0.4161466812,0.40902344972,0.41127289124,18204600.0,512690.SH,2019-09-17,NA,NA,CNY
0.41202270508,0.4273938888,0.41202270508,0.42664407496,46910800.0,512690.SH,2019-09-18,NA,NA,CNY
0.42476954036,0.42776879572,0.4198957504,0.4273938888,26367000.0,512690.SH,2019-09-19,NA,NA,CNY
0.4273938888,0.4330174926,0.42589426112,0.42889351648,22788140.0,512690.SH,2019-09-20,NA,NA,CNY
0.42701898188,0.42701898188,0.4198957504,0.4236448196,20150240.0,512690.SH,2019-09-23,NA,NA,CNY
0.4236448196,0.43714146872,0.4236448196,0.43414221336,32090700.0,512690.SH,2019-09-24,NA,NA,CNY
0.431142958,0.4367665618,0.42701898188,0.43039314416,54457000.0,512690.SH,2019-09-25,NA,NA,CNY
0.43039314416,0.43601674796,0.421770285,0.42401972652,62945840.0,512690.SH,2019-09-26,NA,NA,CNY
0.4236448196,0.4292684234,0.41539686736,0.4255193542,31041795.0,512690.SH,2019-09-27,NA,NA,CNY
0.42289500576,0.4273938888,0.41652158812,0.41839612272,41429195.0,512690.SH,2019-09-30,NA,NA,CNY
0.41727140196,0.43226767876,0.41727140196,0.42401972652,28708300.0,512690.SH,2019-10-08,NA,NA,CNY
0.42401972652,0.42401972652,0.41577177428,0.4198957504,18577700.0,512690.SH,2019-10-09,NA,NA,CNY
0.4161466812,0.421770285,0.40977326356,0.42102047116,15153100.0,512690.SH,2019-10-10,NA,NA,CNY
0.42064556424,0.42664407496,0.41839612272,0.42139537808,17048800.0,512690.SH,2019-10-11,NA,NA,CNY
0.4255193542,0.4255193542,0.4198957504,0.421770285,16408800.0,512690.SH,2019-10-14,NA,NA,CNY
0.42214519192,0.43039314416,0.41839612272,0.42889351648,34813800.0,512690.SH,2019-10-15,NA,NA,CNY
0.4236448196,0.4236448196,0.41764630888,0.42027065732,42709000.0,512690.SH,2019-10-16,NA,NA,CNY
0.42102047116,0.42326991268,0.41764630888,0.42139537808,10775400.0,512690.SH,2019-10-17,NA,NA,CNY
0.41952084348,0.41952084348,0.41202270508,0.4142721466,24149800.0,512690.SH,2019-10-18,NA,NA,CNY
0.412397612,0.41577177428,0.41014817048,0.41539686736,12463800.0,512690.SH,2019-10-21,NA,NA,CNY
0.41577177428,0.41839612272,0.41277251892,0.41577177428,8169700.0,512690.SH,2019-10-22,NA,NA,CNY
0.4161466812,0.41839612272,0.4067740082,0.4086485428,17929600.0,512690.SH,2019-10-23,NA,NA,CNY
0.4086485428,0.4105230774,0.40152531132,0.40377475284,18165600.0,512690.SH,2019-10-24,NA,NA,CNY
0.40414965976,0.41127289124,0.40265003208,0.40977326356,17678600.0,512690.SH,2019-10-25,NA,NA,CNY
0.4067740082,0.41952084348,0.40527438052,0.41764630888,26681500.0,512690.SH,2019-10-28,NA,NA,CNY
0.4180212158,0.42439463344,0.41577177428,0.42064556424,15408800.0,512690.SH,2019-10-29,NA,NA,CNY
0.41877102964,0.41952084348,0.41314742584,0.41764630888,22117800.0,512690.SH,2019-10-30,NA,NA,CNY
0.41952084348,0.4255193542,0.41689649504,0.41839612272,13819300.0,512690.SH,2019-10-31,NA,NA,CNY
0.41764630888,0.42589426112,0.41652158812,0.42514444728,14641715.0,512690.SH,2019-11-01,NA,NA,CNY
0.4255193542,0.4330174926,0.4255193542,0.42851860956,21909685.0,512690.SH,2019-11-04,NA,NA,CNY
0.42851860956,0.43226767876,0.4255193542,0.4292684234,16632800.0,512690.SH,2019-11-05,NA,NA,CNY
0.42851860956,0.43151786492,0.42476954036,0.42589426112,11611800.0,512690.SH,2019-11-06,NA,NA,CNY
0.4255193542,0.43076805108,0.4255193542,0.43039314416,11100900.0,512690.SH,2019-11-07,NA,NA,CNY
0.4348920272,0.43714146872,0.43076805108,0.43189277184,15955300.0,512690.SH,2019-11-08,NA,NA,CNY
0.43076805108,0.43226767876,0.42476954036,0.4273938888,15911500.0,512690.SH,2019-11-11,NA,NA,CNY
0.4273938888,0.431142958,0.42476954036,0.43076805108,16419600.0,512690.SH,2019-11-12,NA,NA,CNY
0.43151786492,0.43751637564,0.43039314416,0.43564184104,13029070.0,512690.SH,2019-11-13,NA,NA,CNY
0.4348920272,0.44351488636,0.4330174926,0.44089053792,13870000.0,512690.SH,2019-11-14,NA,NA,CNY
0.44014072408,0.44089053792,0.4367665618,0.43826618948,11640200.0,512690.SH,2019-11-15,NA,NA,CNY
0.43789128256,0.44164035176,0.43414221336,0.44089053792,34316000.0,512690.SH,2019-11-18,NA,NA,CNY
0.44014072408,0.44463960712,0.43976581716,0.44388979328,8593800.0,512690.SH,2019-11-19,NA,NA,CNY
0.44276507252,0.44876358324,0.44126544484,0.44501451404,10152300.0,512690.SH,2019-11-20,NA,NA,CNY
0.44276507252,0.44651414172,0.44126544484,0.44276507252,6301100.0,512690.SH,2019-11-21,NA,NA,CNY
0.44164035176,0.44463960712,0.42776879572,0.43151786492,15147800.0,512690.SH,2019-11-22,NA,NA,CNY
0.431142958,0.4330174926,0.42289500576,0.43189277184,12236700.0,512690.SH,2019-11-25,NA,NA,CNY
0.431142958,0.43714146872,0.431142958,0.43451712028,15063000.0,512690.SH,2019-11-26,NA,NA,CNY
0.43376730644,0.4386410964,0.4330174926,0.43526693412,10169400.0,512690.SH,2019-11-27,NA,NA,CNY
0.43639165488,0.4386410964,0.43264258568,0.43526693412,9184200.0,512690.SH,2019-11-28,NA,NA,CNY
0.43414221336,0.43451712028,0.41914593656,0.42401972652,26643700.0,512690.SH,2019-11-29,NA,NA,CNY
0.42214519192,0.42701898188,0.421770285,0.42439463344,8650700.0,512690.SH,2019-12-02,NA,NA,CNY
0.42476954036,0.42476954036,0.41764630888,0.42252009884,12357800.0,512690.SH,2019-12-03,NA,NA,CNY
0.4273938888,0.42964333032,0.42401972652,0.42589426112,10337100.0,512690.SH,2019-12-04,NA,NA,CNY
0.42626916804,0.4273938888,0.4236448196,0.42589426112,15899500.0,512690.SH,2019-12-05,NA,NA,CNY
0.42589426112,0.43601674796,0.4255193542,0.43564184104,26650700.0,512690.SH,2019-12-06,NA,NA,CNY
0.43564184104,0.43564184104,0.431142958,0.43264258568,17670000.0,512690.SH,2019-12-09,NA,NA,CNY
0.43264258568,0.43339239952,0.42964333032,0.43189277184,14398100.0,512690.SH,2019-12-10,NA,NA,CNY
0.43189277184,0.43264258568,0.42626916804,0.42889351648,13577400.0,512690.SH,2019-12-11,NA,NA,CNY
0.42814370264,0.42889351648,0.42589426112,0.42776879572,13407400.0,512690.SH,2019-12-12,NA,NA,CNY
0.4292684234,0.43414221336,0.4292684234,0.43414221336,30358880.0,512690.SH,2019-12-13,NA,NA,CNY
0.43414221336,0.43414221336,0.42814370264,0.43226767876,27846900.0,512690.SH,2019-12-16,NA,NA,CNY
0.431142958,0.43564184104,0.42889351648,0.43526693412,38955200.0,512690.SH,2019-12-17,NA,NA,CNY
0.43526693412,0.43826618948,0.43339239952,0.4348920272,28696100.0,512690.SH,2019-12-18,NA,NA,CNY
0.43414221336,0.43451712028,0.42964333032,0.43226767876,15156700.0,512690.SH,2019-12-19,NA,NA,CNY
0.43076805108,0.43226767876,0.42889351648,0.43039314416,9934400.0,512690.SH,2019-12-20,NA,NA,CNY
0.42214519192,0.431142958,0.42214519192,0.42814370264,16946400.0,512690.SH,2019-12-23,NA,NA,CNY
0.4273938888,0.43001823724,0.42664407496,0.4292684234,6782100.0,512690.SH,2019-12-24,NA,NA,CNY
0.4273938888,0.4292684234,0.4236448196,0.42589426112,14169300.0,512690.SH,2019-12-25,NA,NA,CNY
0.42589426112,0.42851860956,0.42401972652,0.42814370264,9349000.0,512690.SH,2019-12-26,NA,NA,CNY
0.42851860956,0.43714146872,0.42851860956,0.4330174926,31210680.0,512690.SH,2019-12-27,NA,NA,CNY
0.43039314416,0.44913849016,0.43039314416,0.44726395556,41431574.0,512690.SH,2019-12-30,NA,NA,CNY
0.44576432788,0.44838867632,0.44313997944,0.44763886248,21537900.0,512690.SH,2019-12-31,NA,NA,CNY
0.4461392348,0.4461392348,0.43639165488,0.44351488636,34478500.0,512690.SH,2020-01-02,NA,NA,CNY
0.44126544484,0.44276507252,0.43564184104,0.43826618948,31992640.0,512690.SH,2020-01-03,NA,NA,CNY
0.43751637564,0.4386410964,0.4330174926,0.4348920272,33393200.0,512690.SH,2020-01-06,NA,NA,CNY
0.43601674796,0.440515631,0.43414221336,0.440515631,29810240.0,512690.SH,2020-01-07,NA,NA,CNY
0.4367665618,0.44126544484,0.4367665618,0.4386410964,28783640.0,512690.SH,2020-01-08,NA,NA,CNY
0.4386410964,0.44951339708,0.4386410964,0.44651414172,40909840.0,512690.SH,2020-01-09,NA,NA,CNY
0.44651414172,0.46038569776,0.4461392348,0.45888607008,42790400.0,512690.SH,2020-01-10,NA,NA,CNY
0.459260977,0.46863365,0.45888607008,0.46713402232,43067400.0,512690.SH,2020-01-13,NA,NA,CNY
0.46338495312,0.46375986004,0.4555119078,0.45776134932,34732100.0,512690.SH,2020-01-14,NA,NA,CNY
0.45851116316,0.4648845808,0.45701153548,0.459260977,38646500.0,512690.SH,2020-01-15,NA,NA,CNY
0.459260977,0.46226023236,0.4573864424,0.46001079084,18528400.0,512690.SH,2020-01-16,NA,NA,CNY
0.459260977,0.46450967388,0.459260977,0.46151041852,16993300.0,512690.SH,2020-01-17,NA,NA,CNY
0.46188532544,0.46525948772,0.45588681472,0.46076060468,22815100.0,512690.SH,2020-01-20,NA,NA,CNY
0.45513700088,0.459260977,0.44651414172,0.44651414172,40594800.0,512690.SH,2020-01-21,NA,NA,CNY
0.4442647002,0.45063811784,0.43976581716,0.4480137694,31191000.0,512690.SH,2020-01-22,NA,NA,CNY
0.44388979328,0.44688904864,0.4273938888,0.43526693412,32238700.0,512690.SH,2020-01-23,NA,NA,CNY
0.3917777314,0.3974013352,0.3917777314,0.3917777314,15292700.0,512690.SH,2020-02-03,NA,NA,CNY
0.38540431376,0.3955268006,0.38203015148,0.39440207984,40837900.0,512690.SH,2020-02-04,NA,NA,CNY
0.3955268006,0.40077549748,0.38840356912,0.39815114904,40065100.0,512690.SH,2020-02-05,NA,NA,CNY
0.39702642828,0.403024939,0.393652266,0.4011504044,48579000.0,512690.SH,2020-02-06,NA,NA,CNY
0.39890096288,0.40714891512,0.39702642828,0.4067740082,37966100.0,512690.SH,2020-02-07,NA,NA,CNY
0.40377475284,0.41014817048,0.39777624212,0.40639910128,32819000.0,512690.SH,2020-02-10,NA,NA,CNY
0.40639910128,0.4198957504,0.40527438052,0.41577177428,42031600.0,512690.SH,2020-02-11,NA,NA,CNY
0.41539686736,0.4180212158,0.41202270508,0.41764630888,32751000.0,512690.SH,2020-02-12,NA,NA,CNY
0.41689649504,0.42214519192,0.41202270508,0.41389723968,37930800.0,512690.SH,2020-02-13,NA,NA,CNY
0.412397612,0.41539686736,0.41014817048,0.41277251892,24190000.0,512690.SH,2020-02-14,NA,NA,CNY
0.41314742584,0.41877102964,0.41164779816,0.41839612272,53774600.0,512690.SH,2020-02-17,NA,NA,CNY
0.4198957504,0.421770285,0.41277251892,0.41539686736,46948500.0,512690.SH,2020-02-18,NA,NA,CNY
0.41502196044,0.42401972652,0.41314742584,0.42214519192,62455600.0,512690.SH,2020-02-19,NA,NA,CNY
0.42214519192,0.43826618948,0.421770285,0.43789128256,92774900.0,512690.SH,2020-02-20,NA,NA,CNY
0.43789128256,0.43826618948,0.43226767876,0.4367665618,115850400.0,512690.SH,2020-02-21,NA,NA,CNY
0.43451712028,0.43451712028,0.4236448196,0.4273938888,99305400.0,512690.SH,2020-02-24,NA,NA,CNY
0.41877102964,0.4255193542,0.4142721466,0.42439463344,77658200.0,512690.SH,2020-02-25,NA,NA,CNY
0.4198957504,0.42701898188,0.4161466812,0.4198957504,63173400.0,512690.SH,2020-02-26,NA,NA,CNY
0.42102047116,0.42664407496,0.41952084348,0.42289500576,58858300.0,512690.SH,2020-02-27,NA,NA,CNY
0.41202270508,0.41652158812,0.40152531132,0.40414965976,53158500.0,512690.SH,2020-02-28,NA,NA,CNY
0.40452456668,0.41727140196,0.40452456668,0.4161466812,41580700.0,512690.SH,2020-03-02,NA,NA,CNY
0.4236448196,0.42439463344,0.41764630888,0.41914593656,34352500.0,512690.SH,2020-03-03,NA,NA,CNY
0.41277251892,0.42326991268,0.41277251892,0.42252009884,28193300.0,512690.SH,2020-03-04,NA,NA,CNY
0.42401972652,0.44838867632,0.42401972652,0.4442647002,114535900.0,512690.SH,2020-03-05,NA,NA,CNY
0.43901600332,0.4480137694,0.4330174926,0.4348920272,76115400.0,512690.SH,2020-03-06,NA,NA,CNY
0.4292684234,0.4292684234,0.4161466812,0.41727140196,52068800.0,512690.SH,2020-03-09,NA,NA,CNY
0.41914593656,0.43376730644,0.41577177428,0.43189277184,49182100.0,512690.SH,2020-03-10,NA,NA,CNY
0.43376730644,0.43751637564,0.42664407496,0.4273938888,41432000.0,512690.SH,2020-03-11,NA,NA,CNY
0.42064556424,0.4236448196,0.41502196044,0.41952084348,35839800.0,512690.SH,2020-03-12,NA,NA,CNY
0.39815114904,0.41689649504,0.39590170752,0.41164779816,38126100.0,512690.SH,2020-03-13,NA,NA,CNY
0.4105230774,0.41164779816,0.39252754524,0.39665152136,59021700.0,512690.SH,2020-03-16,NA,NA,CNY
0.3974013352,0.4011504044,0.37528182692,0.38840356912,34170500.0,512690.SH,2020-03-17,NA,NA,CNY
0.38840356912,0.39627661444,0.37640654768,0.37978070996,59719500.0,512690.SH,2020-03-18,NA,NA,CNY
0.37453201308,0.37940580304,0.35353722556,0.365534247,83472100.0,512690.SH,2020-03-19,NA,NA,CNY
0.36665896776,0.37978070996,0.36665896776,0.37790617536,54596300.0,512690.SH,2020-03-20,NA,NA,CNY
0.365534247,0.37003313004,0.36028555012,0.36628406084,35653200.0,512690.SH,2020-03-23,NA,NA,CNY
0.37153275772,0.38352977916,0.37153275772,0.38203015148,45873900.0,512690.SH,2020-03-24,NA,NA,CNY
0.39102791756,0.3955268006,0.38840356912,0.393652266,36955800.0,512690.SH,2020-03-25,NA,NA,CNY
0.38915338296,0.40002568364,0.38690394144,0.39327735908,43449300.0,512690.SH,2020-03-26,NA,NA,CNY
0.3992758698,0.40789872896,0.39440207984,0.40339984592,61382500.0,512690.SH,2020-03-27,NA,NA,CNY
0.3955268006,0.40190021824,0.39290245216,0.39777624212,26351700.0,512690.SH,2020-03-30,NA,NA,CNY
0.40152531132,0.40714891512,0.39852605596,0.40339984592,35725800.0,512690.SH,2020-03-31,NA,NA,CNY
0.40265003208,0.40639910128,0.3974013352,0.39965077672,31552400.0,512690.SH,2020-04-01,NA,NA,CNY
0.3955268006,0.4048994736,0.3955268006,0.40452456668,22157700.0,512690.SH,2020-04-02,NA,NA,CNY
0.40527438052,0.40827363588,0.40040059056,0.40377475284,26170700.0,512690.SH,2020-04-03,NA,NA,CNY
0.4086485428,0.41539686736,0.40564928744,0.41389723968,30064300.0,512690.SH,2020-04-07,NA,NA,CNY
0.40639910128,0.41352233276,0.40639910128,0.412397612,18990300.0,512690.SH,2020-04-08,NA,NA,CNY
0.4161466812,0.41727140196,0.41164779816,0.41539686736,19394700.0,512690.SH,2020-04-09,NA,NA,CNY
0.4161466812,0.42964333032,0.4142721466,0.42027065732,41526800.0,512690.SH,2020-04-10,NA,NA,CNY
0.41764630888,0.4236448196,0.41314742584,0.41877102964,27496000.0,512690.SH,2020-04-13,NA,NA,CNY
0.42027065732,0.42589426112,0.41877102964,0.42476954036,26456500.0,512690.SH,2020-04-14,NA,NA,CNY
0.4255193542,0.42964333032,0.421770285,0.42214519192,20038700.0,512690.SH,2020-04-15,NA,NA,CNY
0.42102047116,0.421770285,0.41652158812,0.42064556424,21897000.0,512690.SH,2020-04-16,NA,NA,CNY
0.42214519192,0.43001823724,0.42102047116,0.4236448196,27559500.0,512690.SH,2020-04-17,NA,NA,CNY
0.42326991268,0.4273938888,0.42214519192,0.4273938888,22087000.0,512690.SH,2020-04-20,NA,NA,CNY
0.42589426112,0.42589426112,0.41464705352,0.41914593656,28446200.0,512690.SH,2020-04-21,NA,NA,CNY
0.4161466812,0.43226767876,0.4161466812,0.43076805108,46946500.0,512690.SH,2020-04-22,NA,NA,CNY
0.42964333032,0.43901600332,0.42964333032,0.43226767876,32747700.0,512690.SH,2020-04-23,NA,NA,CNY
0.43564184104,0.4423901656,0.42964333032,0.43826618948,27321200.0,512690.SH,2020-04-24,NA,NA,CNY
0.43714146872,0.43751637564,0.42964333032,0.43526693412,27780400.0,512690.SH,2020-04-27,NA,NA,CNY
0.43339239952,0.4517628386,0.431142958,0.44651414172,36499400.0,512690.SH,2020-04-28,NA,NA,CNY
0.4461392348,0.44951339708,0.43789128256,0.44014072408,24440200.0,512690.SH,2020-04-29,NA,NA,CNY
0.4386410964,0.44538942096,0.4386410964,0.44388979328,32137100.0,512690.SH,2020-04-30,NA,NA,CNY
0.44201525868,0.449888304,0.43826618948,0.44951339708,26511400.0,512690.SH,2020-05-06,NA,NA,CNY
0.44688904864,0.45626172164,0.44351488636,0.45401228012,43577000.0,512690.SH,2020-05-07,NA,NA,CNY
0.45513700088,0.4630100462,0.449888304,0.45851116316,47047800.0,512690.SH,2020-05-08,NA,NA,CNY
0.45776134932,0.46750892924,0.45776134932,0.45963588392,34179400.0,512690.SH,2020-05-11,NA,NA,CNY
0.45888607008,0.46375986004,0.45701153548,0.4630100462,21547600.0,512690.SH,2020-05-12,NA,NA,CNY
0.46151041852,0.478006323,0.45963588392,0.47725650916,43073900.0,512690.SH,2020-05-13,NA,NA,CNY
0.47500706764,0.47950595068,0.47163290536,0.47650669532,29617400.0,512690.SH,2020-05-14,NA,NA,CNY
0.4761317884,0.47913104376,0.46750892924,0.47313253304,37774900.0,512690.SH,2020-05-15,NA,NA,CNY
0.47313253304,0.48850371676,0.46938346384,0.48512955448,49279600.0,512690.SH,2020-05-18,NA,NA,CNY
0.4855044614,0.48775390292,0.48025576452,0.48775390292,39527500.0,512690.SH,2020-05-19,NA,NA,CNY
0.48775390292,0.4892535306,0.48250520604,0.48325501988,29943900.0,512690.SH,2020-05-20,NA,NA,CNY
0.4836299268,0.49337750672,0.4836299268,0.48775390292,38988200.0,512690.SH,2020-05-21,NA,NA,CNY
0.48475464756,0.4855044614,0.4667591154,0.47088309152,48859400.0,512690.SH,2020-05-22,NA,NA,CNY
0.46938346384,0.48288011296,0.46375986004,0.4817553922,42721600.0,512690.SH,2020-05-25,NA,NA,CNY
0.4817553922,0.48850371676,0.47763141608,0.48775390292,39409200.0,512690.SH,2020-05-26,NA,NA,CNY
0.487378996,0.48962843752,0.4817553922,0.48437974064,29237700.0,512690.SH,2020-05-27,NA,NA,CNY
0.48437974064,0.49562694824,0.48437974064,0.49075315828,39272400.0,512690.SH,2020-05-28,NA,NA,CNY
0.48512955448,0.4986262036,0.48512955448,0.49787638976,31957800.0,512690.SH,2020-05-29,NA,NA,CNY
0.49937601744,0.515497015,0.49937601744,0.51099813196,35292500.0,512690.SH,2020-06-01,NA,NA,CNY
0.51024831812,0.51212285272,0.49900111052,0.5023752728,53762300.0,512690.SH,2020-06-02,NA,NA,CNY
0.50387490048,0.5042498074,0.49750148284,0.50275017972,45852700.0,512690.SH,2020-06-03,NA,NA,CNY
0.50087564512,0.5136224804,0.49975092436,0.51287266656,56171500.0,512690.SH,2020-06-04,NA,NA,CNY
0.51287266656,0.52074571188,0.50724906276,0.5192460842,44054300.0,512690.SH,2020-06-05,NA,NA,CNY
0.51887117728,0.52711912952,0.51399738732,0.51999589804,37147500.0,512690.SH,2020-06-08,NA,NA,CNY
0.51887117728,0.52599440876,0.51624682884,0.52524459492,39115900.0,512690.SH,2020-06-09,NA,NA,CNY
0.524869688,0.52824385028,0.52149552572,0.52749403644,52292900.0,512690.SH,2020-06-10,NA,NA,CNY
0.524869688,0.52749403644,0.5136224804,0.51812136344,69110500.0,512690.SH,2020-06-11,NA,NA,CNY
0.50649924892,0.52337006032,0.506124342,0.52074571188,43096900.0,512690.SH,2020-06-12,NA,NA,CNY
0.51774645652,0.51999589804,0.506124342,0.51024831812,50006300.0,512690.SH,2020-06-15,NA,NA,CNY
0.51287266656,0.52074571188,0.51249775964,0.51999589804,52808500.0,512690.SH,2020-06-16,NA,NA,CNY
0.52037080496,0.5211206188,0.50949850428,0.51324757348,51996800.0,512690.SH,2020-06-17,NA,NA,CNY
0.51062322504,0.51662173576,0.50949850428,0.51399738732,27366900.0,512690.SH,2020-06-18,NA,NA,CNY
0.51437229424,0.53011838488,0.51399738732,0.5267442226,63400600.0,512690.SH,2020-06-19,NA,NA,CNY
0.5286187572,0.5304932918,0.52074571188,0.53011838488,43397700.0,512690.SH,2020-06-22,NA,NA,CNY
0.52936857104,0.54698919628,0.524869688,0.54661428936,62309600.0,512690.SH,2020-06-23,NA,NA,CNY
0.54586447552,0.55148807932,0.53911615096,0.54623938244,46667100.0,512690.SH,2020-06-24,NA,NA,CNY
0.5417404994,0.54886373088,0.53649180252,0.54698919628,37448700.0,512690.SH,2020-06-29,NA,NA,CNY
0.5473641032,0.56348510076,0.5473641032,0.56273528692,51100000.0,512690.SH,2020-06-30,NA,NA,CNY
0.56386000768,0.5979765374,0.56273528692,0.5961020028,83747600.0,512690.SH,2020-07-01,NA,NA,CNY
0.59197802668,0.61409753496,0.58410498136,0.6054746758,106059500.0,512690.SH,2020-07-02,NA,NA,CNY
0.6054746758,0.60584958272,0.57810647064,0.59910125816,97076200.0,512690.SH,2020-07-03,NA,NA,CNY
0.5923529336,0.6148473488,0.5848547952,0.61409753496,88350300.0,512690.SH,2020-07-06,NA,NA,CNY
0.609223745,0.64371518164,0.599851072,0.62759418408,113654000.0,512690.SH,2020-07-07,NA,NA,CNY
0.61822151108,0.63509232248,0.599851072,0.6298436256,97237700.0,512690.SH,2020-07-08,NA,NA,CNY
0.6260945564,0.64259046088,0.62122076644,0.63884139168,86105300.0,512690.SH,2020-07-09,NA,NA,CNY
0.637341764,0.6617107138,0.6298436256,0.64633953008,105425465.0,512690.SH,2020-07-10,NA,NA,CNY
0.6448399024,0.69245308124,0.63996611244,0.68907891896,113893600.0,512690.SH,2020-07-13,NA,NA,CNY
0.6804560598,0.6898287328,0.66396015532,0.68195568748,126782265.0,512690.SH,2020-07-14,NA,NA,CNY
0.6823305944,0.70782426496,0.67745680444,0.69582724352,137113200.0,512690.SH,2020-07-15,NA,NA,CNY
0.68270550132,0.68270550132,0.6260945564,0.6354672294,179489500.0,512690.SH,2020-07-16,NA,NA,CNY
0.6148473488,0.64746425084,0.6148473488,0.63209306712,111670300.0,512690.SH,2020-07-17,NA,NA,CNY
0.6335926948,0.64146574012,0.5961020028,0.62759418408,148081300.0,512690.SH,2020-07-20,NA,NA,CNY
0.62721927716,0.6523380408,0.62122076644,0.64034101936,128583200.0,512690.SH,2020-07-21,NA,NA,CNY
0.637341764,0.6617107138,0.6260945564,0.6523380408,90314700.0,512690.SH,2020-07-22,NA,NA,CNY
0.64521480932,0.6598361792,0.63771667092,0.65571220308,88023100.0,512690.SH,2020-07-23,NA,NA,CNY
0.6485889716,0.65196313388,0.6129728142,0.62347020796,108881400.0,512690.SH,2020-07-24,NA,NA,CNY
0.62309530104,0.63509232248,0.61784660416,0.62684437024,66734100.0,512690.SH,2020-07-27,NA,NA,CNY
0.62272039412,0.64971369236,0.62272039412,0.64409008856,88076800.0,512690.SH,2020-07-28,NA,NA,CNY
0.64409008856,0.65083841312,0.63134325328,0.6504635062,115931800.0,512690.SH,2020-07-29,NA,NA,CNY
0.6485889716,0.6617107138,0.64409008856,0.65496238924,106436900.0,512690.SH,2020-07-30,NA,NA,CNY
0.6485889716,0.66058599304,0.63884139168,0.65458748232,102700300.0,512690.SH,2020-07-31,NA,NA,CNY
0.65496238924,0.65946127228,0.64783915776,0.65871145844,96295200.0,512690.SH,2020-08-03,NA,NA,CNY
0.65908636536,0.66433506224,0.6485889716,0.65571220308,83155800.0,512690.SH,2020-08-04,NA,NA,CNY
0.646714437,0.65533729616,0.64071592628,0.65346276156,82308400.0,512690.SH,2020-08-05,NA,NA,CNY
0.65308785464,0.65533729616,0.6317181602,0.64071592628,101874800.0,512690.SH,2020-08-06,NA,NA,CNY
0.6335926948,0.64259046088,0.6148473488,0.62384511488,75241100.0,512690.SH,2020-08-07,NA,NA,CNY
0.62459492872,0.63209306712,0.61784660416,0.63021853252,56265300.0,512690.SH,2020-08-10,NA,NA,CNY
0.6317181602,0.646714437,0.6317181602,0.63396760172,83164500.0,512690.SH,2020-08-11,NA,NA,CNY
0.6298436256,0.63659195016,0.60959865192,0.62122076644,56717200.0,512690.SH,2020-08-12,NA,NA,CNY
0.6204709526,0.6317181602,0.618596418,0.627969091,48772400.0,512690.SH,2020-08-13,NA,NA,CNY
0.6260945564,0.64971369236,0.6223454872,0.64708934392,91287034.0,512690.SH,2020-08-14,NA,NA,CNY
0.65008859928,0.67070847988,0.64783915776,0.66433506224,98300434.0,512690.SH,2020-08-17,NA,NA,CNY
0.66283543456,0.6785815252,0.65608711,0.6710833868,79434500.0,512690.SH,2020-08-18,NA,NA,CNY
0.66770922452,0.68495494284,0.66283543456,0.6729579214,91327707.0,512690.SH,2020-08-19,NA,NA,CNY
0.66396015532,0.66958375912,0.6523380408,0.65571220308,61686500.0,512690.SH,2020-08-20,NA,NA,CNY
0.65871145844,0.67558226984,0.65683692384,0.67033357296,80251607.0,512690.SH,2020-08-21,NA,NA,CNY
0.67183320064,0.6879541982,0.6692088522,0.68495494284,68878100.0,512690.SH,2020-08-24,NA,NA,CNY
0.68495494284,0.71569731028,0.68495494284,0.71007370648,102951100.0,512690.SH,2020-08-25,NA,NA,CNY
0.70782426496,0.72132091408,0.69695196428,0.70969879956,104395800.0,512690.SH,2020-08-26,NA,NA,CNY
0.702950475,0.7179467518,0.69582724352,0.71682203104,104141800.0,512690.SH,2020-08-27,NA,NA,CNY
0.71269805492,0.75131346768,0.70707445112,0.74531495696,125065359.0,512690.SH,2020-08-28,NA,NA,CNY
0.74868911924,0.76893409292,0.74681458464,0.75468762996,139401300.0,512690.SH,2020-08-31,NA,NA,CNY
0.74568986388,0.7516883746,0.72207072792,0.73894153932,151285359.0,512690.SH,2020-09-01,NA,NA,CNY
0.740441167,0.74906402616,0.72319544868,0.73256812168,89331559.0,512690.SH,2020-09-02,NA,NA,CNY
0.73144340092,0.75506253688,0.7273194248,0.74456514312,135663959.0,512690.SH,2020-09-03,NA,NA,CNY
0.72656961096,0.73069358708,0.7085740788,0.72469507636,127125400.0,512690.SH,2020-09-04,NA,NA,CNY
0.72282054176,0.73369284244,0.7048250096,0.70969879956,93754108.0,512690.SH,2020-09-07,NA,NA,CNY
0.70969879956,0.71682203104,0.68270550132,0.69507742968,99216300.0,512690.SH,2020-09-08,NA,NA,CNY
0.68270550132,0.68870401204,0.67033357296,0.67820661828,95162700.0,512690.SH,2020-09-09,NA,NA,CNY
0.6860796636,0.70370028884,0.68570475668,0.6898287328,100105800.0,512690.SH,2020-09-10,NA,NA,CNY
0.68720438436,0.712323148,0.68308040824,0.71194824108,100178559.0,512690.SH,2020-09-11,NA,NA,CNY
0.71269805492,0.72319544868,0.70557482344,0.72019619332,103371200.0,512690.SH,2020-09-14,NA,NA,CNY
0.71832165872,0.72019619332,0.70969879956,0.71944637948,68111500.0,512690.SH,2020-09-15,NA,NA,CNY
0.71944637948,0.7254448902,0.70257556808,0.70707445112,79306400.0,512690.SH,2020-09-16,NA,NA,CNY
0.7010759404,0.7010759404,0.6823305944,0.69095345356,80197900.0,512690.SH,2020-09-17,NA,NA,CNY
0.68832910512,0.70182575424,0.68158078056,0.7010759404,86098200.0,512690.SH,2020-09-18,NA,NA,CNY
0.69507742968,0.69882649888,0.68757929128,0.68907891896,57728100.0,512690.SH,2020-09-21,NA,NA,CNY
0.68308040824,0.69507742968,0.68120587364,0.68308040824,58221600.0,512690.SH,2020-09-22,NA,NA,CNY
0.67333282832,0.6860796636,0.66246052764,0.68383022208,73932300.0,512690.SH,2020-09-23,NA,NA,CNY
0.6785815252,0.68682947744,0.6673343176,0.6692088522,60940400.0,512690.SH,2020-09-24,NA,NA,CNY
0.6729579214,0.67933133904,0.67070847988,0.67445754908,46416800.0,512690.SH,2020-09-25,NA,NA,CNY
0.67558226984,0.6879541982,0.6729579214,0.6804560598,63734200.0,512690.SH,2020-09-28,NA,NA,CNY
0.68383022208,0.68532984976,0.67445754908,0.68195568748,50662500.0,512690.SH,2020-09-29,NA,NA,CNY
0.6823305944,0.69207817432,0.67933133904,0.68495494284,71993100.0,512690.SH,2020-09-30,NA,NA,CNY
0.69095345356,0.69770177812,0.68720438436,0.69395270892,66284200.0,512690.SH,2020-10-09,NA,NA,CNY
0.69657705736,0.731068494,0.69395270892,0.73031868016,106002800.0,512690.SH,2020-10-12,NA,NA,CNY
0.7291939594,0.740441167,0.72019619332,0.73219321476,84726700.0,512690.SH,2020-10-13,NA,NA,CNY
0.72956886632,0.7441902362,0.72881905248,0.73219321476,70846600.0,512690.SH,2020-10-14,NA,NA,CNY
0.72881905248,0.73519247012,0.7273194248,0.73181830784,44174000.0,512690.SH,2020-10-15,NA,NA,CNY
0.731068494,0.73819172548,0.71757184488,0.72244563484,49900000.0,512690.SH,2020-10-16,NA,NA,CNY
0.7235703556,0.73144340092,0.71194824108,0.71569731028,53617300.0,512690.SH,2020-10-19,NA,NA,CNY
0.71194824108,0.73969135316,0.71194824108,0.73931644624,109620900.0,512690.SH,2020-10-20,NA,NA,CNY
0.7366920978,0.74494005004,0.72994377324,0.74194079468,76186000.0,512690.SH,2020-10-21,NA,NA,CNY
0.73969135316,0.7554374438,0.72769433172,0.75131346768,88600318.0,512690.SH,2020-10-22,NA,NA,CNY
0.74981384,0.75618725764,0.73181830784,0.73706700472,75941218.0,512690.SH,2020-10-23,NA,NA,CNY
0.71119842724,0.7291939594,0.70370028884,0.72656961096,78712618.0,512690.SH,2020-10-26,NA,NA,CNY
0.72094600716,0.73969135316,0.72094600716,0.73631719088,56219500.0,512690.SH,2020-10-27,NA,NA,CNY
0.7348175632,0.7666846514,0.73444265628,0.7610610476,128910300.0,512690.SH,2020-10-28,NA,NA,CNY
0.75581235072,0.7910536012,0.75581235072,0.77905657976,109090000.0,512690.SH,2020-10-29,NA,NA,CNY
0.77493260364,0.777931859,0.75281309536,0.75693707148,111818700.0,512690.SH,2020-10-30,NA,NA,CNY
0.75693707148,0.77155844136,0.75581235072,0.76780937216,64177400.0,512690.SH,2020-11-02,NA,NA,CNY
0.76743446524,0.7798063936,0.76518502372,0.77568241748,67295900.0,512690.SH,2020-11-03,NA,NA,CNY
0.77343297596,0.777931859,0.76593483756,0.77755695208,55129700.0,512690.SH,2020-11-04,NA,NA,CNY
0.78018130052,0.80305062264,0.78018130052,0.79630229808,103176558.0,512690.SH,2020-11-05,NA,NA,CNY
0.7985517396,0.7985517396,0.7760573244,0.78617981124,97141458.0,512690.SH,2020-11-06,NA,NA,CNY
0.78767943892,0.80117608804,0.78468018356,0.80080118112,98891292.0,512690.SH,2020-11-09,NA,NA,CNY
0.80080118112,0.83116864164,0.7910536012,0.82142106172,114942922.0,512690.SH,2020-11-10,NA,NA,CNY
0.8135480164,0.8454151046,0.81054876104,0.82179596864,143871711.0,512690.SH,2020-11-11,NA,NA,CNY
0.8172970856,0.8472896392,0.8079244126,0.84616491844,127786219.0,512690.SH,2020-11-12,NA,NA,CNY
0.82629485168,0.82891920012,0.79517757732,0.80642478492,183375719.0,512690.SH,2020-11-13,NA,NA,CNY
0.80492515724,0.84279075616,0.8041753434,0.8379169662,134245518.0,512690.SH,2020-11-16,NA,NA,CNY
0.83716715236,0.8510387084,0.8172970856,0.82591994476,125530870.0,512690.SH,2020-11-17,NA,NA,CNY
0.8210461548,0.8266697586,0.79892664652,0.81279820256,112490800.0,512690.SH,2020-11-18,NA,NA,CNY
0.80530006416,0.82629485168,0.79967646036,0.82067124788,96158340.0,512690.SH,2020-11-19,NA,NA,CNY
0.82067124788,0.8472896392,0.81429783024,0.8416660354,114594904.0,512690.SH,2020-11-20,NA,NA,CNY
0.84579001152,0.8641604506,0.84466529076,0.85253833608,96403804.0,512690.SH,2020-11-23,NA,NA,CNY
0.84878926688,0.85778703296,0.82929410704,0.85441287068,116912999.0,512690.SH,2020-11-24,NA,NA,CNY
0.85441287068,0.85441287068,0.8172970856,0.81992143404,182570776.0,512690.SH,2020-11-25,NA,NA,CNY
0.82179596864,0.82929410704,0.8041753434,0.8285442932,111108000.0,512690.SH,2020-11-26,NA,NA,CNY
0.82591994476,0.83079373472,0.81429783024,0.82779447936,73342311.0,512690.SH,2020-11-27,NA,NA,CNY
0.8210461548,0.82704466552,0.80080118112,0.8079244126,116678700.0,512690.SH,2020-11-30,NA,NA,CNY
0.80567497108,0.815422551,0.80530006416,0.81279820256,73380907.0,512690.SH,2020-12-01,NA,NA,CNY
0.81579745792,0.81804689944,0.80530006416,0.81242329564,61166589.0,512690.SH,2020-12-02,NA,NA,CNY
0.81092366796,0.82367050324,0.80679969184,0.8229206894,89063131.0,512690.SH,2020-12-03,NA,NA,CNY
0.82067124788,0.85891175372,0.81842180636,0.85216342916,191883464.0,512690.SH,2020-12-04,NA,NA,CNY
0.84841435996,0.86828442672,0.84653982536,0.852913243,131278908.0,512690.SH,2020-12-07,NA,NA,CNY
0.85216342916,0.87615747204,0.8510387084,0.87465784436,127952355.0,512690.SH,2020-12-08,NA,NA,CNY
0.87465784436,0.87690728588,0.86116119524,0.86903424056,126106071.0,512690.SH,2020-12-09,NA,NA,CNY
0.86566007828,0.8922784696,0.8604113814,0.87578256512,178404054.0,512690.SH,2020-12-10,NA,NA,CNY
0.87428293744,0.890403935,0.8697840544,0.8829057966,124022275.0,512690.SH,2020-12-11,NA,NA,CNY
0.8829057966,0.90952418792,0.88215598276,0.90839946716,141699891.0,512690.SH,2020-12-14,NA,NA,CNY
0.909149281,0.90989909484,0.8847803312,0.9016511426,176382344.0,512690.SH,2020-12-15,NA,NA,CNY
0.89715225956,0.92639499932,0.89715225956,0.92264593012,144494060.0,512690.SH,2020-12-16,NA,NA,CNY
0.92302083704,0.94813960068,0.91814704708,0.94214108996,168851932.0,512690.SH,2020-12-17,NA,NA,CNY
0.9353927654,0.95938680828,0.92714481316,0.94214108996,221668244.0,512690.SH,2020-12-18,NA,NA,CNY
0.9391418346,0.95638755292,0.9297691616,0.94738978684,142281089.0,512690.SH,2020-12-21,NA,NA,CNY
0.94401562456,0.97963178196,0.94214108996,0.96651003976,186105901.0,512690.SH,2020-12-22,NA,NA,CNY
0.97025910896,0.9972524072,0.93501785848,0.9597617152,302476205.0,512690.SH,2020-12-23,NA,NA,CNY
0.9372673,0.95451301832,0.92639499932,0.9335182308,196976304.0,512690.SH,2020-12-24,NA,NA,CNY
0.92077139552,0.9428909038,0.91214853636,0.93314332388,171588700.0,512690.SH,2020-12-25,NA,NA,CNY
0.93464295156,0.97813215428,0.93464295156,0.97775724736,195400448.0,512690.SH,2020-12-28,NA,NA,CNY
0.9785070612,0.98113140964,0.95526283216,0.96651003976,138809352.0,512690.SH,2020-12-29,NA,NA,CNY
0.965385319,0.99425315184,0.96201115672,0.98750482728,127938054.0,512690.SH,2020-12-30,NA,NA,CNY
0.9916288034,1.0084996148,0.98750482728,1.00812470788,150582332.0,512690.SH,2020-12-31,NA,NA,CNY
1.01187377708,1.05386335212,1.01074905632,1.049739376,162978056.0,512690.SH,2021-01-04,NA,NA,CNY
1.04524049296,1.09922708944,1.0328685646,1.09322857872,256876700.0,512690.SH,2021-01-05,NA,NA,CNY
1.1022263448,1.12434585308,1.068484722,1.09585292716,298443334.0,512690.SH,2021-01-06,NA,NA,CNY
1.08872969568,1.10822485552,1.06511055972,1.10747504168,214727447.0,512690.SH,2021-01-07,NA,NA,CNY
1.10747504168,1.12059678388,1.06623528048,1.07823230192,244788729.0,512690.SH,2021-01-08,NA,NA,CNY
1.0741083258,1.07448323272,1.02424570544,1.03961688916,261109135.0,512690.SH,2021-01-11,NA,NA,CNY
1.02649514696,1.07523304656,1.0234958916,1.07073416352,214454227.0,512690.SH,2021-01-12,NA,NA,CNY
1.07073416352,1.08310609188,1.04261614452,1.0572375144,175714012.0,512690.SH,2021-01-13,NA,NA,CNY
1.05386335212,1.05498807288,1.01449812552,1.02199626392,194256018.0,512690.SH,2021-01-14,NA,NA,CNY
1.0159977532,1.0159977532,0.96388569132,0.993503338,281520756.0,512690.SH,2021-01-15,NA,NA,CNY
0.9822561304,0.99050408264,0.96576022592,0.98525538576,248658068.0,512690.SH,2021-01-18,NA,NA,CNY
0.99275352416,1.00400073176,0.95751227368,0.96426059824,275231918.0,512690.SH,2021-01-19,NA,NA,CNY
0.9541381114,0.97813215428,0.9335182308,0.97400817816,267369732.0,512690.SH,2021-01-20,NA,NA,CNY
0.96838457436,1.0103741494,0.965385319,1.00062656948,320192450.0,512690.SH,2021-01-21,NA,NA,CNY
0.99650259336,1.00774980096,0.984130665,0.99425315184,195571815.0,512690.SH,2021-01-22,NA,NA,CNY
0.993503338,1.0609865836,0.9897542688,1.06023676976,334480303.0,512690.SH,2021-01-25,NA,NA,CNY
1.0609865836,1.06136149052,1.02836968156,1.03061912308,216886164.0,512690.SH,2021-01-26,NA,NA,CNY
1.01112396324,1.01749738088,0.97513289892,1.00025166256,214023938.0,512690.SH,2021-01-27,NA,NA,CNY
0.9803815958,1.00400073176,0.9803815958,0.98450557192,117962794.0,512690.SH,2021-01-28,NA,NA,CNY
0.99312843108,1.01674756704,0.9897542688,1.00400073176,205041590.0,512690.SH,2021-01-29,NA,NA,CNY
1.00625017328,1.0253704262,0.99500296568,1.00025166256,126238868.0,512690.SH,2021-02-01,NA,NA,CNY
1.00025166256,1.04336595836,0.99687750028,1.04186633068,198826439.0,512690.SH,2021-02-02,NA,NA,CNY
1.0384921684,1.0516139106,1.0272449608,1.04524049296,163446046.0,512690.SH,2021-02-03,NA,NA,CNY
1.04149142376,1.077857395,1.03511800612,1.05198881752,222936950.0,512690.SH,2021-02-04,NA,NA,CNY
1.05573788672,1.08385590572,1.0384921684,1.06211130436,191411263.0,512690.SH,2021-02-05,NA,NA,CNY
1.068484722,1.09060423028,1.04299105144,1.0647356528,154620368.0,512690.SH,2021-02-08,NA,NA,CNY
1.06810981508,1.0909791372,1.05311353828,1.09060423028,148259091.0,512690.SH,2021-02-09,NA,NA,CNY
1.09697764792,1.14496573368,1.09697764792,1.14196647832,186746297.0,512690.SH,2021-02-10,NA,NA,CNY
1.1547133136,1.171584125,1.09022932336,1.10185143788,192790079.0,512690.SH,2021-02-18,NA,NA,CNY
1.08835478876,1.10934957628,1.05011428292,1.09435329948,204083874.0,512690.SH,2021-02-19,NA,NA,CNY
1.0834809988,1.08685516108,1.00962433556,1.01149887016,334529700.0,512690.SH,2021-02-22,NA,NA,CNY
0.99612768644,1.02612024004,0.99425315184,1.01187377708,138130346.0,512690.SH,2021-02-23,NA,NA,CNY
1.01149887016,1.01187377708,0.9428909038,0.95676245984,302542909.0,512690.SH,2021-02-24,NA,NA,CNY
0.96013662212,0.96613513284,0.9260200924,0.93801711384,199723878.0,512690.SH,2021-02-25,NA,NA,CNY
0.91139872252,0.92864444084,0.8885294004,0.91214853636,238923469.0,512690.SH,2021-02-26,NA,NA,CNY
0.9222710232,0.9297691616,0.9016511426,0.91514779172,167775849.0,512690.SH,2021-03-01,NA,NA,CNY
0.92452046472,0.93389313772,0.88215598276,0.89152865576,188575375.0,512690.SH,2021-03-02,NA,NA,CNY
0.8885294004,0.91327325712,0.8791567274,0.9110238156,148695963.0,512690.SH,2021-03-03,NA,NA,CNY
0.8960275388,0.89677735264,0.86078628832,0.8660349852,174160470.0,512690.SH,2021-03-04,NA,NA,CNY
0.84653982536,0.890403935,0.84354057,0.87803200664,217042872.0,512690.SH,2021-03-05,NA,NA,CNY
0.87990654124,0.88328070352,0.8135480164,0.81504764408,213779883.0,512690.SH,2021-03-08,NA,NA,CNY
0.80942404028,0.8229206894,0.78018130052,0.79217832196,209403332.0,512690.SH,2021-03-09,NA,NA,CNY
0.81279820256,0.82629485168,0.80530006416,0.81467273716,226070341.0,512690.SH,2021-03-10,NA,NA,CNY
0.81617236484,0.86303572984,0.80942404028,0.8472896392,224440843.0,512690.SH,2021-03-11,NA,NA,CNY
0.85366305684,0.85778703296,0.8304188278,0.85066380148,122278939.0,512690.SH,2021-03-12,NA,NA,CNY
0.84279075616,0.85066380148,0.79817683268,0.80867422644,186801770.0,512690.SH,2021-03-15,NA,NA,CNY
0.80942404028,0.83529261776,0.80942404028,0.83154354856,144558131.0,512690.SH,2021-03-16,NA,NA,CNY
0.82591994476,0.84766454612,0.81017385412,0.84316566308,127780998.0,512690.SH,2021-03-17,NA,NA,CNY
0.84653982536,0.8791567274,0.84616491844,0.86903424056,182277444.0,512690.SH,2021-03-18,NA,NA,CNY
0.8491641738,0.86341063676,0.83941659388,0.84878926688,139421761.0,512690.SH,2021-03-19,NA,NA,CNY
0.84316566308,0.8585368468,0.83341808316,0.85216342916,109605900.0,512690.SH,2021-03-22,NA,NA,CNY
0.84878926688,0.86303572984,0.8397915008,0.85628740528,105933899.0,512690.SH,2021-03-23,NA,NA,CNY
0.84841435996,0.881031262,0.84766454612,0.85778703296,190050038.0,512690.SH,2021-03-24,NA,NA,CNY
0.84953908072,0.85778703296,0.8285442932,0.85178852224,109841188.0,512690.SH,2021-03-25,NA,NA,CNY
0.85591249836,0.88515523812,0.852913243,0.88253088968,192066612.0,512690.SH,2021-03-26,NA,NA,CNY
0.89002902808,0.9203964886,0.88215598276,0.90315077028,192488794.0,512690.SH,2021-03-29,NA,NA,CNY
0.89827698032,0.92002158168,0.89715225956,0.90390058412,130604851.0,512690.SH,2021-03-30,NA,NA,CNY
0.89902679416,0.89902679416,0.88253088968,0.89002902808,127850745.0,512690.SH,2021-03-31,NA,NA,CNY
0.89452791112,0.91439797788,0.89302828344,0.91252344328,123589740.0,512690.SH,2021-04-01,NA,NA,CNY
0.92527027856,0.95526283216,0.92527027856,0.95376320448,188268076.0,512690.SH,2021-04-02,NA,NA,CNY
0.956012646,0.95713736676,0.9353927654,0.94139127612,136459514.0,512690.SH,2021-04-06,NA,NA,CNY
0.93614257924,0.93614257924,0.8960275388,0.9016511426,221347427.0,512690.SH,2021-04-07,NA,NA,CNY
0.89115374884,0.9222710232,0.88627995888,0.91927176784,188872217.0,512690.SH,2021-04-08,NA,NA,CNY
0.90577511872,0.91402307096,0.89077884192,0.89640244572,134458662.0,512690.SH,2021-04-09,NA,NA,CNY
0.89752716648,0.90802456024,0.88890430732,0.89302828344,113545058.0,512690.SH,2021-04-12,NA,NA,CNY
0.88927921424,0.91964667476,0.88927921424,0.90652493256,154953697.0,512690.SH,2021-04-13,NA,NA,CNY
0.90315077028,0.92264593012,0.8960275388,0.91889686092,151105525.0,512690.SH,2021-04-14,NA,NA,CNY
0.9128983502,0.91927176784,0.89715225956,0.91327325712,139845564.0,512690.SH,2021-04-15,NA,NA,CNY
0.91439797788,0.93989164844,0.91439797788,0.93501785848,184424650.0,512690.SH,2021-04-16,NA,NA,CNY
0.92864444084,0.94776469376,0.909149281,0.94589015916,168412635.0,512690.SH,2021-04-19,NA,NA,CNY
0.93989164844,0.97925687504,0.93614257924,0.95451301832,231816170.0,512690.SH,2021-04-20,NA,NA,CNY
0.9447654384,0.98525538576,0.94139127612,0.97775724736,182843972.0,512690.SH,2021-04-21,NA,NA,CNY
0.9822561304,0.9860051996,0.9616362498,0.97738234044,137593106.0,512690.SH,2021-04-22,NA,NA,CNY
0.97363327124,0.99800222104,0.97363327124,0.9878797342,152577116.0,512690.SH,2021-04-23,NA,NA,CNY
0.9878797342,0.99762731412,0.9672598536,0.96838457436,167416927.0,512690.SH,2021-04-26,NA,NA,CNY
0.97250855048,0.98675501344,0.9578871806,0.9860051996,134713332.0,512690.SH,2021-04-27,NA,NA,CNY
0.97213364356,1.01149887016,0.9672598536,1.01074905632,163629749.0,512690.SH,2021-04-28,NA,NA,CNY
1.0084996148,1.01674756704,0.9878797342,1.0084996148,145865912.0,512690.SH,2021-04-29,NA,NA,CNY
1.00325091792,1.0084996148,0.99462805876,0.99837712796,123962055.0,512690.SH,2021-04-30,NA,NA,CNY
0.99462805876,0.99462805876,0.9597617152,0.96838457436,173092154.0,512690.SH,2021-05-06,NA,NA,CNY
0.96838457436,0.9785070612,0.95151376296,0.95376320448,126488366.0,512690.SH,2021-05-07,NA,NA,CNY
0.94551525224,0.96276097056,0.9335182308,0.9391418346,133546192.0,512690.SH,2021-05-10,NA,NA,CNY
0.9335182308,0.97325836432,0.9335182308,0.97138382972,256295356.0,512690.SH,2021-05-11,NA,NA,CNY
0.96763476052,0.9878797342,0.96088643596,0.98563029268,141728444.0,512690.SH,2021-05-12,NA,NA,CNY
0.97438308508,0.99500296568,0.9691343882,0.99125389648,129861972.0,512690.SH,2021-05-13,NA,NA,CNY
0.99125389648,0.99125389648,0.99125389648,0.99125389648,,512690.SH,2021-05-14,NA,NA,CNY
0.9898484,1.0214706,0.9898484,1.011175,300390591.0,512690.SH,2021-05-17,NA,NA,CNY
1.0133812,1.018529,1.003821,1.0163228,229634492.0,512690.SH,2021-05-18,NA,NA,CNY
1.0097042,1.0177936,0.9972024,1.003821,252538501.0,512690.SH,2021-05-19,NA,NA,CNY
1.0067626,1.0302954,1.0067626,1.0288246,279412828.0,512690.SH,2021-05-20,NA,NA,CNY
1.0244122,1.0486804,1.018529,1.0280892,318521386.0,512690.SH,2021-05-21,NA,NA,CNY
1.0280892,1.058976,1.0280892,1.0575052,354301555.0,512690.SH,2021-05-24,NA,NA,CNY
1.0597114,1.0913336,1.051622,1.088392,329360704.0,512690.SH,2021-05-25,NA,NA,CNY
1.088392,1.1008938,1.0678008,1.0780964,316755952.0,512690.SH,2021-05-26,NA,NA,CNY
1.077361,1.1031,1.0611822,1.0854504,283430216.0,512690.SH,2021-05-27,NA,NA,CNY
1.0825088,1.0964814,1.0722132,1.0876566,264201749.0,512690.SH,2021-05-28,NA,NA,CNY
1.0795672,1.0928044,1.0648592,1.0905982,326903608.0,512690.SH,2021-05-31,NA,NA,CNY
1.0905982,1.099423,1.0707424,1.0972168,335657978.0,512690.SH,2021-06-01,NA,NA,CNY
1.095746,1.1008938,1.077361,1.081038,318645760.0,512690.SH,2021-06-02,NA,NA,CNY
1.077361,1.1207496,1.077361,1.0950106,463859957.0,512690.SH,2021-06-03,NA,NA,CNY
1.0861858,1.1222204,1.0839796,1.1200142,367759584.0,512690.SH,2021-06-04,NA,NA,CNY
1.1222204,1.1457532,1.114131,1.143547,331378122.0,512690.SH,2021-06-07,NA,NA,CNY
1.13987,1.13987,1.051622,1.0641238,944078755.0,512690.SH,2021-06-08,NA,NA,CNY
1.0508866,1.0766256,1.0376494,1.0604468,497360621.0,512690.SH,2021-06-09,NA,NA,CNY
1.058976,1.084715,1.0582406,1.081038,395293078.0,512690.SH,2021-06-10,NA,NA,CNY
1.073684,1.0780964,1.0464742,1.0582406,359165860.0,512690.SH,2021-06-11,NA,NA,CNY
1.051622,1.0597114,1.022206,1.0575052,308388827.0,512690.SH,2021-06-15,NA,NA,CNY
1.0538282,1.055299,1.025883,1.0347078,331244101.0,512690.SH,2021-06-16,NA,NA,CNY
1.0310308,1.0707424,1.0310308,1.0648592,425974899.0,512690.SH,2021-06-17,NA,NA,CNY
1.0619176,1.0722132,1.0391202,1.0545636,421569525.0,512690.SH,2021-06-18,NA,NA,CNY
1.0486804,1.0582406,1.0207352,1.0413264,411996620.0,512690.SH,2021-06-21,NA,NA,CNY
1.0413264,1.0523574,1.0302954,1.051622,332555700.0,512690.SH,2021-06-22,NA,NA,CNY
1.0523574,1.0523574,1.014852,1.0192644,669082641.0,512690.SH,2021-06-23,NA,NA,CNY
1.0155874,1.0288246,0.9935254,1.018529,527913511.0,512690.SH,2021-06-24,NA,NA,CNY
1.0141166,1.047945,1.0052918,1.0420618,606614101.0,512690.SH,2021-06-25,NA,NA,CNY
1.0420618,1.0575052,1.036914,1.0523574,356917191.0,512690.SH,2021-06-28,NA,NA,CNY
1.055299,1.0567698,1.0302954,1.0347078,322205093.0,512690.SH,2021-06-29,NA,NA,CNY
1.0354432,1.055299,1.0339724,1.0464742,364130331.0,512690.SH,2021-06-30,NA,NA,CNY
1.0494158,1.0530928,1.0280892,1.051622,366692048.0,512690.SH,2021-07-01,NA,NA,CNY
1.0457388,1.0464742,1.0119104,1.0133812,446875313.0,512690.SH,2021-07-02,NA,NA,CNY
1.007498,1.0302954,0.996467,1.0177936,333966200.0,512690.SH,2021-07-05,NA,NA,CNY
1.0119104,1.0207352,0.9869068,1.0163228,404083830.0,512690.SH,2021-07-06,NA,NA,CNY
1.011175,1.0310308,1.0097042,1.02956,400348048.0,512690.SH,2021-07-07,NA,NA,CNY
1.0244122,1.036914,1.003821,1.0060272,401079626.0,512690.SH,2021-07-08,NA,NA,CNY
1.0082334,1.0089688,0.9619032,0.9729342,543498100.0,512690.SH,2021-07-09,NA,NA,CNY
0.974405,0.9869068,0.952343,0.9810236,425465225.0,512690.SH,2021-07-12,NA,NA,CNY
0.9942608,1.0155874,0.9942608,1.0089688,475808097.0,512690.SH,2021-07-13,NA,NA,CNY
1.0016148,1.018529,0.989113,1.0104396,331149340.0,512690.SH,2021-07-14,NA,NA,CNY
1.007498,1.0464742,1.0060272,1.044268,595215291.0,512690.SH,2021-07-15,NA,NA,CNY
1.0450034,1.051622,1.0244122,1.0266184,431465585.0,512690.SH,2021-07-16,NA,NA,CNY
1.0244122,1.0398556,1.0155874,1.0361786,343458817.0,512690.SH,2021-07-19,NA,NA,CNY
1.0288246,1.044268,1.0266184,1.0398556,343323646.0,512690.SH,2021-07-20,NA,NA,CNY
1.040591,1.055299,1.0302954,1.040591,449574110.0,512690.SH,2021-07-21,NA,NA,CNY
1.0391202,1.051622,1.018529,1.0199998,540832890.0,512690.SH,2021-07-22,NA,NA,CNY
1.0126458,1.014852,0.9883776,0.9949962,495651996.0,512690.SH,2021-07-23,NA,NA,CNY
0.9839652,0.9839652,0.9060128,0.9207208,895714140.0,512690.SH,2021-07-26,NA,NA,CNY
0.911896,0.9236624,0.878803,0.8810092,534960689.0,512690.SH,2021-07-27,NA,NA,CNY
0.8721844,0.8964526,0.84571,0.8942464,541272997.0,512690.SH,2021-07-28,NA,NA,CNY
0.9104252,0.915573,0.8773322,0.8832154,598331921.0,512690.SH,2021-07-29,NA,NA,CNY
0.8670366,0.8685074,0.8177648,0.827325,794692805.0,512690.SH,2021-07-30,NA,NA,CNY
0.8082046,0.8773322,0.8008506,0.8765968,1062966011.0,512690.SH,2021-08-02,NA,NA,CNY
0.8582118,0.886157,0.842033,0.8773322,751582502.0,512690.SH,2021-08-03,NA,NA,CNY
0.871449,0.8832154,0.8633596,0.8655658,471371814.0,512690.SH,2021-08-04,NA,NA,CNY
0.842033,0.8810092,0.8354144,0.8545348,470879457.0,512690.SH,2021-08-05,NA,NA,CNY
0.8501224,0.8618888,0.8398268,0.8515932,384874182.0,512690.SH,2021-08-06,NA,NA,CNY
0.84571,0.8817446,0.84571,0.8699782,597590822.0,512690.SH,2021-08-09,NA,NA,CNY
0.8736552,0.9295456,0.8663012,0.926604,1016914736.0,512690.SH,2021-08-10,NA,NA,CNY
0.9141022,0.9295456,0.900865,0.908219,685263479.0,512690.SH,2021-08-11,NA,NA,CNY
0.9016004,0.915573,0.889834,0.8920402,554120114.0,512690.SH,2021-08-12,NA,NA,CNY
0.8913048,0.9074836,0.8854216,0.8979234,480045871.0,512690.SH,2021-08-13,NA,NA,CNY
0.8949818,0.9104252,0.889834,0.9016004,346130444.0,512690.SH,2021-08-16,NA,NA,CNY
0.900865,0.900865,0.856741,0.8589472,644464511.0,512690.SH,2021-08-17,NA,NA,CNY
0.8523286,0.8765968,0.84571,0.8692428,455415642.0,512690.SH,2021-08-18,NA,NA,CNY
0.864095,0.8729198,0.8471808,0.8523286,455457749.0,512690.SH,2021-08-19,NA,NA,CNY
0.8265896,0.8324728,0.7920258,0.797909,1009180508.0,512690.SH,2021-08-20,NA,NA,CNY
0.7986444,0.8192356,0.790555,0.8082046,578691140.0,512690.SH,2021-08-23,NA,NA,CNY
0.812617,0.8405622,0.805263,0.8339436,616936030.0,512690.SH,2021-08-24,NA,NA,CNY
0.838356,0.8626242,0.838356,0.856741,622586898.0,512690.SH,2021-08-25,NA,NA,CNY
0.849387,0.849387,0.8229126,0.8280604,510061819.0,512690.SH,2021-08-26,NA,NA,CNY
0.8229126,0.8486516,0.8207064,0.827325,404550823.0,512690.SH,2021-08-27,NA,NA,CNY
0.8339436,0.8449746,0.8067338,0.831002,552658417.0,512690.SH,2021-08-30,NA,NA,CNY
0.8265896,0.838356,0.8111462,0.8170294,471754364.0,512690.SH,2021-08-31,NA,NA,CNY
0.8148232,0.853064,0.7949674,0.8449746,936109537.0,512690.SH,2021-09-01,NA,NA,CNY
0.842033,0.8515932,0.827325,0.8295312,693114636.0,512690.SH,2021-09-02,NA,NA,CNY
0.8229126,0.8427684,0.8074692,0.8361498,768360792.0,512690.SH,2021-09-03,NA,NA,CNY
0.8339436,0.8721844,0.8251188,0.8663012,983434574.0,512690.SH,2021-09-06,NA,NA,CNY
0.8596826,0.8795384,0.8552702,0.8721844,667927988.0,512690.SH,2021-09-07,NA,NA,CNY
0.8707136,0.871449,0.8471808,0.853064,832146740.0,512690.SH,2021-09-08,NA,NA,CNY
0.8515932,0.8596826,0.8442392,0.8515932,476709971.0,512690.SH,2021-09-09,NA,NA,CNY
0.853064,0.8699782,0.84571,0.867772,772760634.0,512690.SH,2021-09-10,NA,NA,CNY
0.8648304,0.8773322,0.849387,0.8552702,693080521.0,512690.SH,2021-09-13,NA,NA,CNY
0.8545348,0.8685074,0.8508578,0.8523286,609364892.0,512690.SH,2021-09-14,NA,NA,CNY
0.8471808,0.8471808,0.823648,0.8280604,824410825.0,512690.SH,2021-09-15,NA,NA,CNY
0.8229126,0.842033,0.8155586,0.8317374,678571686.0,512690.SH,2021-09-16,NA,NA,CNY
0.8287958,0.8670366,0.823648,0.8596826,983825882.0,512690.SH,2021-09-17,NA,NA,CNY
0.849387,0.8537994,0.8339436,0.8390914,642472349.0,512690.SH,2021-09-22,NA,NA,CNY
0.8405622,0.8582118,0.8339436,0.8427684,509515499.0,512690.SH,2021-09-23,NA,NA,CNY
0.8390914,0.8729198,0.8368852,0.8626242,875919914.0,512690.SH,2021-09-24,NA,NA,CNY
0.8810092,0.9317518,0.8802738,0.9199854,1348682746.0,512690.SH,2021-09-27,NA,NA,CNY
0.911896,0.91925,0.8810092,0.904542,806643653.0,512690.SH,2021-09-28,NA,NA,CNY
0.897188,0.9126314,0.8846862,0.8986588,601309772.0,512690.SH,2021-09-29,NA,NA,CNY
0.8957172,0.9170438,0.8920402,0.9060128,548642670.0,512690.SH,2021-09-30,NA,NA,CNY
0.9067482,0.9457244,0.897188,0.930281,769302879.0,512690.SH,2021-10-08,NA,NA,CNY
0.9361642,0.9538138,0.9207208,0.926604,535519509.0,512690.SH,2021-10-11,NA,NA,CNY
0.9177792,0.9361642,0.9074836,0.9280748,474333063.0,512690.SH,2021-10-12,NA,NA,CNY
0.9288102,0.978082,0.9251332,0.9626386,901734590.0,512690.SH,2021-10-13,NA,NA,CNY
0.9582262,0.9773466,0.9435182,0.9611678,567470680.0,512690.SH,2021-10-14,NA,NA,CNY
0.948666,0.9611678,0.9361642,0.9530784,518923528.0,512690.SH,2021-10-15,NA,NA,CNY
0.937635,0.937635,0.88248,0.8890986,1343088449.0,512690.SH,2021-10-18,NA,NA,CNY
0.88248,0.911896,0.8795384,0.904542,757622576.0,512690.SH,2021-10-19,NA,NA,CNY
0.9104252,0.9221916,0.8986588,0.9111606,432100020.0,512690.SH,2021-10-20,NA,NA,CNY
0.911896,0.9177792,0.900865,0.915573,361294855.0,512690.SH,2021-10-21,NA,NA,CNY
0.9185146,0.9346934,0.9104252,0.9236624,443297373.0,512690.SH,2021-10-22,NA,NA,CNY
0.91925,0.9251332,0.9096898,0.9185146,333852400.0,512690.SH,2021-10-25,NA,NA,CNY
0.9185146,0.933958,0.911896,0.9236624,389918949.0,512690.SH,2021-10-26,NA,NA,CNY
0.9185146,0.9185146,0.8942464,0.8993942,539882361.0,512690.SH,2021-10-27,NA,NA,CNY
0.9023358,0.9148376,0.9001296,0.9074836,420042754.0,512690.SH,2021-10-28,NA,NA,CNY
0.915573,0.9310164,0.9133668,0.9163084,472569557.0,512690.SH,2021-10-29,NA,NA,CNY
0.8986588,0.922927,0.8810092,0.9089544,416921874.0,512690.SH,2021-11-01,NA,NA,CNY
0.904542,0.9163084,0.886157,0.8964526,443813290.0,512690.SH,2021-11-02,NA,NA,CNY
0.8993942,0.9023358,0.8868924,0.889834,281313047.0,512690.SH,2021-11-03,NA,NA,CNY
0.893511,0.9207208,0.8913048,0.9177792,657739551.0,512690.SH,2021-11-04,NA,NA,CNY
0.9148376,0.937635,0.9148376,0.922927,451737750.0,512690.SH,2021-11-05,NA,NA,CNY
0.9221916,0.9295456,0.9141022,0.9207208,262844262.0,512690.SH,2021-11-08,NA,NA,CNY
0.9199854,0.9258686,0.9096898,0.911896,379110092.0,512690.SH,2021-11-09,NA,NA,CNY
0.9133668,0.9163084,0.8868924,0.8942464,549283942.0,512690.SH,2021-11-10,NA,NA,CNY
0.8942464,0.8979234,0.8846862,0.8949818,549364710.0,512690.SH,2021-11-11,NA,NA,CNY
0.8986588,0.900865,0.8832154,0.8846862,526593500.0,512690.SH,2021-11-12,NA,NA,CNY
0.8854216,0.8964526,0.8832154,0.8883632,451569188.0,512690.SH,2021-11-15,NA,NA,CNY
0.8905694,0.9170438,0.8890986,0.9148376,828753384.0,512690.SH,2021-11-16,NA,NA,CNY
0.9111606,0.9199854,0.9023358,0.9126314,472575765.0,512690.SH,2021-11-17,NA,NA,CNY
0.9089544,0.91925,0.9038066,0.9141022,304462996.0,512690.SH,2021-11-18,NA,NA,CNY
0.9111606,0.9368996,0.9096898,0.9258686,501351483.0,512690.SH,2021-11-19,NA,NA,CNY
0.926604,0.952343,0.9258686,0.9288102,485313604.0,512690.SH,2021-11-22,NA,NA,CNY
0.9251332,0.9405766,0.922927,0.9324872,298011418.0,512690.SH,2021-11-23,NA,NA,CNY
0.9354288,0.9655802,0.933958,0.95602,705748334.0,512690.SH,2021-11-24,NA,NA,CNY
0.963374,0.9721988,0.948666,0.9508722,373921351.0,512690.SH,2021-11-25,NA,NA,CNY
0.9516076,0.9538138,0.941312,0.9479306,291000223.0,512690.SH,2021-11-26,NA,NA,CNY
0.941312,0.9530784,0.9398412,0.952343,316821639.0,512690.SH,2021-11-29,NA,NA,CNY
0.9530784,0.9552846,0.9324872,0.9361642,392948100.0,512690.SH,2021-11-30,NA,NA,CNY
0.9457244,0.9494014,0.9332226,0.9391058,395870200.0,512690.SH,2021-12-01,NA,NA,CNY
0.9427828,0.952343,0.9405766,0.9471952,290984382.0,512690.SH,2021-12-02,NA,NA,CNY
0.948666,0.978082,0.9464598,0.9736696,694250004.0,512690.SH,2021-12-03,NA,NA,CNY
0.9758758,0.981759,0.9641094,0.9729342,467411271.0,512690.SH,2021-12-06,NA,NA,CNY
0.9773466,0.9905838,0.9699926,0.9714634,486657245.0,512690.SH,2021-12-07,NA,NA,CNY
0.970728,1.0082334,0.9648448,1.0067626,629537295.0,512690.SH,2021-12-08,NA,NA,CNY
1.0119104,1.0420618,1.0060272,1.025883,552935760.0,512690.SH,2021-12-09,NA,NA,CNY
1.018529,1.0317662,1.007498,1.0244122,427778362.0,512690.SH,2021-12-10,NA,NA,CNY
1.033237,1.0530928,1.02956,1.0310308,419728762.0,512690.SH,2021-12-13,NA,NA,CNY
1.0251476,1.0464742,1.0199998,1.0383848,319768512.0,512690.SH,2021-12-14,NA,NA,CNY
1.0361786,1.0361786,1.0163228,1.0244122,376249028.0,512690.SH,2021-12-15,NA,NA,CNY
1.0236768,1.0236768,0.9942608,1.0097042,633627384.0,512690.SH,2021-12-16,NA,NA,CNY
1.0052918,1.0052918,0.9824944,0.985436,529608159.0,512690.SH,2021-12-17,NA,NA,CNY
0.981759,0.9986732,0.9795528,0.9847006,489829074.0,512690.SH,2021-12-20,NA,NA,CNY
0.9839652,0.9913192,0.9692572,0.985436,419041974.0,512690.SH,2021-12-21,NA,NA,CNY
0.9832298,1.000144,0.9802882,0.9898484,396033227.0,512690.SH,2021-12-22,NA,NA,CNY
0.9883776,1.0126458,0.978082,1.011175,515275046.0,512690.SH,2021-12-23,NA,NA,CNY
1.0089688,1.0280892,1.0045564,1.0097042,724759585.0,512690.SH,2021-12-24,NA,NA,CNY
1.007498,1.0126458,0.9913192,1.000144,408203035.0,512690.SH,2021-12-27,NA,NA,CNY
1.0008794,1.0170582,1.0008794,1.0133812,376487679.0,512690.SH,2021-12-28,NA,NA,CNY
1.0155874,1.0177936,0.974405,0.9773466,633340918.0,512690.SH,2021-12-29,NA,NA,CNY
0.9699926,0.9795528,0.9619032,0.9729342,555710018.0,512690.SH,2021-12-30,NA,NA,CNY
0.976,0.976,0.954,0.965,673541196.0,512690.SH,2021-12-31,NA,NA,CNY
0.965,0.966,0.935,0.953,663357519.0,512690.SH,2022-01-04,NA,NA,CNY
0.948,0.963,0.938,0.945,579556711.0,512690.SH,2022-01-05,NA,NA,CNY
0.946,0.951,0.92,0.931,730334574.0,512690.SH,2022-01-06,NA,NA,CNY
0.928,0.933,0.908,0.912,536788157.0,512690.SH,2022-01-07,NA,NA,CNY
0.905,0.914,0.885,0.907,478577520.0,512690.SH,2022-01-10,NA,NA,CNY
0.905,0.91,0.892,0.895,390342100.0,512690.SH,2022-01-11,NA,NA,CNY
0.898,0.904,0.894,0.903,479622623.0,512690.SH,2022-01-12,NA,NA,CNY
0.901,0.902,0.869,0.87,822155247.0,512690.SH,2022-01-13,NA,NA,CNY
0.863,0.878,0.863,0.865,495605444.0,512690.SH,2022-01-14,NA,NA,CNY
0.864,0.871,0.85,0.87,552230824.0,512690.SH,2022-01-17,NA,NA,CNY
0.87,0.892,0.863,0.883,959307353.0,512690.SH,2022-01-18,NA,NA,CNY
0.887,0.888,0.865,0.873,686220459.0,512690.SH,2022-01-19,NA,NA,CNY
0.87,0.889,0.868,0.888,845402442.0,512690.SH,2022-01-20,NA,NA,CNY
0.881,0.909,0.88,0.9,799428571.0,512690.SH,2022-01-21,NA,NA,CNY
0.892,0.907,0.886,0.894,427497404.0,512690.SH,2022-01-24,NA,NA,CNY
0.89,0.895,0.87,0.872,379407092.0,512690.SH,2022-01-25,NA,NA,CNY
0.871,0.89,0.864,0.879,423882063.0,512690.SH,2022-01-26,NA,NA,CNY
0.888,0.895,0.867,0.87,499937701.0,512690.SH,2022-01-27,NA,NA,CNY
0.868,0.873,0.842,0.845,416984568.0,512690.SH,2022-01-28,NA,NA,CNY
0.851,0.871,0.836,0.844,496716797.0,512690.SH,2022-02-07,NA,NA,CNY
0.844,0.845,0.808,0.82,507929659.0,512690.SH,2022-02-08,NA,NA,CNY
0.82,0.862,0.817,0.86,826885702.0,512690.SH,2022-02-09,NA,NA,CNY
0.857,0.862,0.845,0.851,418926803.0,512690.SH,2022-02-10,NA,NA,CNY
0.845,0.878,0.844,0.852,490055569.0,512690.SH,2022-02-11,NA,NA,CNY
0.845,0.873,0.845,0.866,400639840.0,512690.SH,2022-02-14,NA,NA,CNY
0.866,0.884,0.865,0.881,355272031.0,512690.SH,2022-02-15,NA,NA,CNY
0.883,0.89,0.873,0.885,323807230.0,512690.SH,2022-02-16,NA,NA,CNY
0.885,0.893,0.877,0.883,279219519.0,512690.SH,2022-02-17,NA,NA,CNY
0.877,0.89,0.866,0.888,314656909.0,512690.SH,2022-02-18,NA,NA,CNY
0.888,0.897,0.881,0.886,213489195.0,512690.SH,2022-02-21,NA,NA,CNY
0.88,0.88,0.859,0.865,294778833.0,512690.SH,2022-02-22,NA,NA,CNY
0.867,0.877,0.859,0.877,259160733.0,512690.SH,2022-02-23,NA,NA,CNY
0.869,0.871,0.835,0.843,535883017.0,512690.SH,2022-02-24,NA,NA,CNY
0.849,0.86,0.846,0.852,336303044.0,512690.SH,2022-02-25,NA,NA,CNY
0.849,0.856,0.837,0.854,318706154.0,512690.SH,2022-02-28,NA,NA,CNY
0.858,0.883,0.857,0.88,615381940.0,512690.SH,2022-03-01,NA,NA,CNY
0.871,0.874,0.861,0.87,508852954.0,512690.SH,2022-03-02,NA,NA,CNY
0.871,0.874,0.841,0.843,782231354.0,512690.SH,2022-03-03,NA,NA,CNY
0.83,0.845,0.825,0.83,487222541.0,512690.SH,2022-03-04,NA,NA,CNY
0.822,0.823,0.79,0.793,555956900.0,512690.SH,2022-03-07,NA,NA,CNY
0.807,0.821,0.788,0.795,567310320.0,512690.SH,2022-03-08,NA,NA,CNY
0.797,0.807,0.761,0.792,539314398.0,512690.SH,2022-03-09,NA,NA,CNY
0.811,0.827,0.807,0.825,670595095.0,512690.SH,2022-03-10,NA,NA,CNY
0.813,0.825,0.801,0.822,448538509.0,512690.SH,2022-03-11,NA,NA,CNY
0.809,0.81,0.777,0.78,759854591.0,512690.SH,2022-03-14,NA,NA,CNY
0.761,0.773,0.737,0.739,569558108.0,512690.SH,2022-03-15,NA,NA,CNY
0.754,0.764,0.722,0.761,643262100.0,512690.SH,2022-03-16,NA,NA,CNY
0.773,0.799,0.771,0.784,711004944.0,512690.SH,2022-03-17,NA,NA,CNY
0.779,0.79,0.772,0.784,302715423.0,512690.SH,2022-03-18,NA,NA,CNY
0.787,0.79,0.775,0.782,238777900.0,512690.SH,2022-03-21,NA,NA,CNY
0.78,0.787,0.77,0.772,270365000.0,512690.SH,2022-03-22,NA,NA,CNY
0.775,0.79,0.77,0.785,436760462.0,512690.SH,2022-03-23,NA,NA,CNY
0.777,0.777,0.762,0.765,422893200.0,512690.SH,2022-03-24,NA,NA,CNY
0.765,0.769,0.739,0.744,450798261.0,512690.SH,2022-03-25,NA,NA,CNY
0.727,0.728,0.709,0.721,578222771.0,512690.SH,2022-03-28,NA,NA,CNY
0.722,0.73,0.709,0.71,496767633.0,512690.SH,2022-03-29,NA,NA,CNY
0.719,0.742,0.719,0.742,563496016.0,512690.SH,2022-03-30,NA,NA,CNY
0.737,0.743,0.732,0.737,298539180.0,512690.SH,2022-03-31,NA,NA,CNY
0.73,0.766,0.73,0.754,678422275.0,512690.SH,2022-04-01,NA,NA,CNY
0.748,0.757,0.742,0.748,369354400.0,512690.SH,2022-04-06,NA,NA,CNY
0.742,0.762,0.74,0.747,447116275.0,512690.SH,2022-04-07,NA,NA,CNY
0.75,0.756,0.742,0.743,313740142.0,512690.SH,2022-04-08,NA,NA,CNY
0.735,0.735,0.708,0.709,452219862.0,512690.SH,2022-04-11,NA,NA,CNY
0.711,0.757,0.711,0.756,668527028.0,512690.SH,2022-04-12,NA,NA,CNY
0.748,0.766,0.744,0.753,432687962.0,512690.SH,2022-04-13,NA,NA,CNY
0.764,0.799,0.76,0.789,809913171.0,512690.SH,2022-04-14,NA,NA,CNY
0.783,0.797,0.778,0.784,530412500.0,512690.SH,2022-04-15,NA,NA,CNY
0.78,0.783,0.768,0.783,406846200.0,512690.SH,2022-04-18,NA,NA,CNY
0.785,0.797,0.769,0.774,461912200.0,512690.SH,2022-04-19,NA,NA,CNY
0.777,0.795,0.762,0.781,719976400.0,512690.SH,2022-04-20,NA,NA,CNY
0.774,0.787,0.765,0.769,448898076.0,512690.SH,2022-04-21,NA,NA,CNY
0.761,0.777,0.754,0.772,465079900.0,512690.SH,2022-04-22,NA,NA,CNY
0.755,0.761,0.724,0.728,639136100.0,512690.SH,2022-04-25,NA,NA,CNY
0.732,0.76,0.729,0.744,583036053.0,512690.SH,2022-04-26,NA,NA,CNY
0.742,0.762,0.742,0.761,790953700.0,512690.SH,2022-04-27,NA,NA,CNY
0.76,0.78,0.755,0.778,1011564380.0,512690.SH,2022-04-28,NA,NA,CNY
0.79,0.796,0.767,0.784,705874200.0,512690.SH,2022-04-29,NA,NA,CNY
0.78,0.801,0.777,0.783,579512823.0,512690.SH,2022-05-05,NA,NA,CNY
0.769,0.771,0.749,0.753,578029854.0,512690.SH,2022-05-06,NA,NA,CNY
0.743,0.745,0.728,0.739,668290359.0,512690.SH,2022-05-09,NA,NA,CNY
0.727,0.752,0.719,0.749,769775192.0,512690.SH,2022-05-10,NA,NA,CNY
0.749,0.771,0.745,0.761,642527367.0,512690.SH,2022-05-11,NA,NA,CNY
0.756,0.78,0.754,0.77,501128525.0,512690.SH,2022-05-12,NA,NA,CNY
0.772,0.779,0.761,0.767,371149330.0,512690.SH,2022-05-13,NA,NA,CNY
0.773,0.775,0.755,0.761,404836198.0,512690.SH,2022-05-16,NA,NA,CNY
0.765,0.77,0.758,0.769,341105717.0,512690.SH,2022-05-17,NA,NA,CNY
0.769,0.769,0.751,0.761,447569154.0,512690.SH,2022-05-18,NA,NA,CNY
0.747,0.754,0.746,0.751,442269165.0,512690.SH,2022-05-19,NA,NA,CNY
0.755,0.787,0.755,0.784,977869546.0,512690.SH,2022-05-20,NA,NA,CNY
0.786,0.786,0.769,0.774,610992605.0,512690.SH,2022-05-23,NA,NA,CNY
0.775,0.777,0.756,0.757,601471600.0,512690.SH,2022-05-24,NA,NA,CNY
0.756,0.763,0.745,0.755,827006598.0,512690.SH,2022-05-25,NA,NA,CNY
0.754,0.765,0.744,0.757,759760051.0,512690.SH,2022-05-26,NA,NA,CNY
0.764,0.772,0.756,0.76,743950923.0,512690.SH,2022-05-27,NA,NA,CNY
0.77,0.79,0.766,0.787,1042773710.0,512690.SH,2022-05-30,NA,NA,CNY
0.782,0.816,0.781,0.811,970040240.0,512690.SH,2022-05-31,NA,NA,CNY
0.812,0.816,0.801,0.808,538131257.0,512690.SH,2022-06-01,NA,NA,CNY
0.802,0.81,0.8,0.802,591225137.0,512690.SH,2022-06-02,NA,NA,CNY
1.04,1.06,0.99,1.003,1449873950.0,515170.SH,2021-01-13,NA,NA,CNY
0.998,0.999,0.971,0.976,521996000.0,515170.SH,2021-01-14,NA,NA,CNY
0.975,0.975,0.932,0.956,619105500.0,515170.SH,2021-01-15,NA,NA,CNY
0.945,0.953,0.933,0.948,436653400.0,515170.SH,2021-01-18,NA,NA,CNY
0.951,0.962,0.926,0.93,553108200.0,515170.SH,2021-01-19,NA,NA,CNY
0.927,0.94,0.909,0.937,377462900.0,515170.SH,2021-01-20,NA,NA,CNY
0.937,0.965,0.935,0.959,431483600.0,515170.SH,2021-01-21,NA,NA,CNY
0.959,0.966,0.95,0.959,239287800.0,515170.SH,2021-01-22,NA,NA,CNY
0.955,1.004,0.954,1.003,537371805.0,515170.SH,2021-01-25,NA,NA,CNY
1.004,1.006,0.98,0.983,311341000.0,515170.SH,2021-01-26,NA,NA,CNY
0.974,0.974,0.941,0.96,282690474.0,515170.SH,2021-01-27,NA,NA,CNY
0.945,0.958,0.935,0.939,249653456.0,515170.SH,2021-01-28,NA,NA,CNY
0.948,0.962,0.939,0.95,259248656.0,515170.SH,2021-01-29,NA,NA,CNY
0.952,0.967,0.944,0.949,175089756.0,515170.SH,2021-02-01,NA,NA,CNY
0.948,0.983,0.947,0.981,340537877.0,515170.SH,2021-02-02,NA,NA,CNY
0.981,0.988,0.969,0.98,198786332.0,515170.SH,2021-02-03,NA,NA,CNY
0.975,1.002,0.971,0.987,285180800.0,515170.SH,2021-02-04,NA,NA,CNY
0.987,1.015,0.983,0.996,436803014.0,515170.SH,2021-02-05,NA,NA,CNY
1.003,1.02,0.985,1.004,205336400.0,515170.SH,2021-02-08,NA,NA,CNY
1.004,1.029,0.998,1.028,381824681.0,515170.SH,2021-02-09,NA,NA,CNY
1.032,1.069,1.03,1.065,475221905.0,515170.SH,2021-02-10,NA,NA,CNY
1.083,1.092,1.021,1.027,313153419.0,515170.SH,2021-02-18,NA,NA,CNY
1.025,1.041,0.995,1.038,233961614.0,515170.SH,2021-02-19,NA,NA,CNY
1.03,1.032,0.968,0.973,524131600.0,515170.SH,2021-02-22,NA,NA,CNY
0.96,0.981,0.955,0.965,178186000.0,515170.SH,2021-02-23,NA,NA,CNY
0.966,0.968,0.91,0.922,552559200.0,515170.SH,2021-02-24,NA,NA,CNY
0.928,0.931,0.899,0.906,351192400.0,515170.SH,2021-02-25,NA,NA,CNY
0.891,0.901,0.868,0.886,377605300.0,515170.SH,2021-02-26,NA,NA,CNY
0.89,0.903,0.882,0.896,232964000.0,515170.SH,2021-03-01,NA,NA,CNY
0.901,0.907,0.863,0.873,304594200.0,515170.SH,2021-03-02,NA,NA,CNY
0.87,0.89,0.863,0.889,191595200.0,515170.SH,2021-03-03,NA,NA,CNY
0.88,0.88,0.842,0.849,379184600.0,515170.SH,2021-03-04,NA,NA,CNY
0.83,0.865,0.825,0.854,260631600.0,515170.SH,2021-03-05,NA,NA,CNY
0.855,0.862,0.804,0.805,323828800.0,515170.SH,2021-03-08,NA,NA,CNY
0.802,0.807,0.772,0.782,279926200.0,515170.SH,2021-03-09,NA,NA,CNY
0.799,0.81,0.793,0.801,213214800.0,515170.SH,2021-03-10,NA,NA,CNY
0.801,0.838,0.796,0.828,259039600.0,515170.SH,2021-03-11,NA,NA,CNY
0.829,0.833,0.81,0.825,149927100.0,515170.SH,2021-03-12,NA,NA,CNY
0.818,0.826,0.783,0.794,259178100.0,515170.SH,2021-03-15,NA,NA,CNY
0.794,0.814,0.794,0.81,180285500.0,515170.SH,2021-03-16,NA,NA,CNY
0.806,0.826,0.795,0.823,165660400.0,515170.SH,2021-03-17,NA,NA,CNY
0.822,0.848,0.822,0.842,206251700.0,515170.SH,2021-03-18,NA,NA,CNY
0.83,0.835,0.813,0.821,137203000.0,515170.SH,2021-03-19,NA,NA,CNY
0.816,0.831,0.809,0.823,144484894.0,515170.SH,2021-03-22,NA,NA,CNY
0.824,0.83,0.814,0.825,115762200.0,515170.SH,2021-03-23,NA,NA,CNY
0.82,0.839,0.817,0.82,149532200.0,515170.SH,2021-03-24,NA,NA,CNY
0.814,0.822,0.801,0.818,103694700.0,515170.SH,2021-03-25,NA,NA,CNY
0.82,0.846,0.82,0.842,214089600.0,515170.SH,2021-03-26,NA,NA,CNY
0.845,0.871,0.842,0.855,179874000.0,515170.SH,2021-03-29,NA,NA,CNY
0.853,0.874,0.853,0.862,147003700.0,515170.SH,2021-03-30,NA,NA,CNY
0.86,0.861,0.843,0.853,117256800.0,515170.SH,2021-03-31,NA,NA,CNY
0.855,0.87,0.852,0.867,109424400.0,515170.SH,2021-04-01,NA,NA,CNY
0.876,0.902,0.876,0.9,264910900.0,515170.SH,2021-04-02,NA,NA,CNY
0.904,0.905,0.889,0.895,104125400.0,515170.SH,2021-04-06,NA,NA,CNY
0.888,0.891,0.861,0.867,179452100.0,515170.SH,2021-04-07,NA,NA,CNY
0.863,0.885,0.852,0.882,141221000.0,515170.SH,2021-04-08,NA,NA,CNY
0.875,0.879,0.859,0.863,117012100.0,515170.SH,2021-04-09,NA,NA,CNY
0.863,0.868,0.851,0.855,92352200.0,515170.SH,2021-04-12,NA,NA,CNY
0.851,0.875,0.851,0.862,108194800.0,515170.SH,2021-04-13,NA,NA,CNY
0.861,0.874,0.856,0.869,97665000.0,515170.SH,2021-04-14,NA,NA,CNY
0.866,0.869,0.847,0.859,119789700.0,515170.SH,2021-04-15,NA,NA,CNY
0.859,0.877,0.859,0.873,134018400.0,515170.SH,2021-04-16,NA,NA,CNY
0.87,0.887,0.856,0.885,141231300.0,515170.SH,2021-04-19,NA,NA,CNY
0.88,0.906,0.878,0.891,202905200.0,515170.SH,2021-04-20,NA,NA,CNY
0.882,0.906,0.882,0.9,132434400.0,515170.SH,2021-04-21,NA,NA,CNY
0.901,0.907,0.89,0.9,92132700.0,515170.SH,2021-04-22,NA,NA,CNY
0.9,0.916,0.897,0.912,144647900.0,515170.SH,2021-04-23,NA,NA,CNY
0.913,0.922,0.894,0.897,158064500.0,515170.SH,2021-04-26,NA,NA,CNY
0.899,0.906,0.886,0.906,113893600.0,515170.SH,2021-04-27,NA,NA,CNY
0.896,0.916,0.89,0.915,118588000.0,515170.SH,2021-04-28,NA,NA,CNY
0.916,0.933,0.911,0.926,166605740.0,515170.SH,2021-04-29,NA,NA,CNY
0.926,0.926,0.912,0.918,89161700.0,515170.SH,2021-04-30,NA,NA,CNY
0.918,0.918,0.889,0.894,124179900.0,515170.SH,2021-05-06,NA,NA,CNY
0.9,0.9,0.877,0.879,123215500.0,515170.SH,2021-05-07,NA,NA,CNY
0.88,0.882,0.857,0.863,124586600.0,515170.SH,2021-05-10,NA,NA,CNY
0.855,0.893,0.855,0.892,136722982.0,515170.SH,2021-05-11,NA,NA,CNY
0.889,0.903,0.885,0.901,111955555.0,515170.SH,2021-05-12,NA,NA,CNY
0.892,0.906,0.889,0.905,107585900.0,515170.SH,2021-05-13,NA,NA,CNY
0.909,0.931,0.902,0.923,165140667.0,515170.SH,2021-05-14,NA,NA,CNY
0.923,0.952,0.922,0.944,240909199.0,515170.SH,2021-05-17,NA,NA,CNY
0.945,0.95,0.935,0.943,107368730.0,515170.SH,2021-05-18,NA,NA,CNY
0.94,0.946,0.933,0.937,84560000.0,515170.SH,2021-05-19,NA,NA,CNY
0.933,0.954,0.933,0.95,128979371.0,515170.SH,2021-05-20,NA,NA,CNY
0.952,0.963,0.941,0.945,112383147.0,515170.SH,2021-05-21,NA,NA,CNY
0.944,0.966,0.942,0.965,172754247.0,515170.SH,2021-05-24,NA,NA,CNY
0.967,1.003,0.966,1.002,312654088.0,515170.SH,2021-05-25,NA,NA,CNY
1.002,1.009,0.989,0.996,174997600.0,515170.SH,2021-05-26,NA,NA,CNY
0.996,1.017,0.985,1.002,165546900.0,515170.SH,2021-05-27,NA,NA,CNY
1.001,1.004,0.988,0.995,147035300.0,515170.SH,2021-05-28,NA,NA,CNY
0.995,0.997,0.976,0.996,123401900.0,515170.SH,2021-05-31,NA,NA,CNY
0.995,1.004,0.984,1.004,159459801.0,515170.SH,2021-06-01,NA,NA,CNY
1.004,1.005,0.985,0.989,133287556.0,515170.SH,2021-06-02,NA,NA,CNY
0.985,1.014,0.983,0.994,196155100.0,515170.SH,2021-06-03,NA,NA,CNY
0.989,1.014,0.987,1.006,162577700.0,515170.SH,2021-06-04,NA,NA,CNY
1.005,1.011,0.997,1.009,134813400.0,515170.SH,2021-06-07,NA,NA,CNY
1.008,1.01,0.955,0.967,267016041.0,515170.SH,2021-06-08,NA,NA,CNY
0.958,0.979,0.952,0.97,141049451.0,515170.SH,2021-06-09,NA,NA,CNY
0.972,0.987,0.967,0.982,127332500.0,515170.SH,2021-06-10,NA,NA,CNY
0.983,0.983,0.957,0.965,139819300.0,515170.SH,2021-06-11,NA,NA,CNY
0.966,0.968,0.935,0.957,131137400.0,515170.SH,2021-06-15,NA,NA,CNY
0.953,0.962,0.943,0.949,116467400.0,515170.SH,2021-06-16,NA,NA,CNY
0.949,0.965,0.947,0.959,115364200.0,515170.SH,2021-06-17,NA,NA,CNY
0.959,0.962,0.937,0.946,152659600.0,515170.SH,2021-06-18,NA,NA,CNY
0.944,0.95,0.927,0.941,167328000.0,515170.SH,2021-06-21,NA,NA,CNY
0.942,0.947,0.935,0.946,95568200.0,515170.SH,2021-06-22,NA,NA,CNY
0.947,0.947,0.923,0.926,203671900.0,515170.SH,2021-06-23,NA,NA,CNY
0.923,0.934,0.91,0.93,180114200.0,515170.SH,2021-06-24,NA,NA,CNY
0.925,0.95,0.921,0.947,191103300.0,515170.SH,2021-06-25,NA,NA,CNY
0.945,0.955,0.942,0.954,137576000.0,515170.SH,2021-06-28,NA,NA,CNY
0.954,0.955,0.934,0.939,119422900.0,515170.SH,2021-06-29,NA,NA,CNY
0.938,0.95,0.935,0.941,100529900.0,515170.SH,2021-06-30,NA,NA,CNY
0.942,0.951,0.928,0.95,163772900.0,515170.SH,2021-07-01,NA,NA,CNY
0.943,0.944,0.918,0.919,172201942.0,515170.SH,2021-07-02,NA,NA,CNY
0.918,0.926,0.907,0.914,116249700.0,515170.SH,2021-07-05,NA,NA,CNY
0.913,0.913,0.885,0.907,221966400.0,515170.SH,2021-07-06,NA,NA,CNY
0.9,0.916,0.9,0.915,153432997.0,515170.SH,2021-07-07,NA,NA,CNY
0.916,0.916,0.893,0.895,148318400.0,515170.SH,2021-07-08,NA,NA,CNY
0.896,0.897,0.866,0.877,214975900.0,515170.SH,2021-07-09,NA,NA,CNY
0.879,0.888,0.862,0.886,217000500.0,515170.SH,2021-07-12,NA,NA,CNY
0.889,0.91,0.888,0.908,220316431.0,515170.SH,2021-07-13,NA,NA,CNY
0.904,0.915,0.894,0.911,157793900.0,515170.SH,2021-07-14,NA,NA,CNY
0.91,0.932,0.906,0.929,196711500.0,515170.SH,2021-07-15,NA,NA,CNY
0.929,0.934,0.913,0.916,125981700.0,515170.SH,2021-07-16,NA,NA,CNY
0.911,0.922,0.903,0.92,122606900.0,515170.SH,2021-07-19,NA,NA,CNY
0.915,0.923,0.913,0.92,137420421.0,515170.SH,2021-07-20,NA,NA,CNY
0.92,0.933,0.913,0.918,153620800.0,515170.SH,2021-07-21,NA,NA,CNY
0.917,0.925,0.904,0.907,143231600.0,515170.SH,2021-07-22,NA,NA,CNY
0.902,0.903,0.881,0.885,175432200.0,515170.SH,2021-07-23,NA,NA,CNY
0.879,0.88,0.822,0.836,322645200.0,515170.SH,2021-07-26,NA,NA,CNY
0.831,0.836,0.797,0.803,270613493.0,515170.SH,2021-07-27,NA,NA,CNY
0.792,0.811,0.77,0.807,337962193.0,515170.SH,2021-07-28,NA,NA,CNY
0.818,0.825,0.8,0.801,235490100.0,515170.SH,2021-07-29,NA,NA,CNY
0.796,0.797,0.761,0.772,313737900.0,515170.SH,2021-07-30,NA,NA,CNY
0.76,0.809,0.75,0.807,376947200.0,515170.SH,2021-08-02,NA,NA,CNY
0.798,0.82,0.789,0.818,252038043.0,515170.SH,2021-08-03,NA,NA,CNY
0.811,0.82,0.802,0.806,168122800.0,515170.SH,2021-08-04,NA,NA,CNY
0.791,0.814,0.783,0.798,153298100.0,515170.SH,2021-08-05,NA,NA,CNY
0.794,0.796,0.78,0.792,148269700.0,515170.SH,2021-08-06,NA,NA,CNY
0.788,0.819,0.786,0.812,190671882.0,515170.SH,2021-08-09,NA,NA,CNY
0.814,0.855,0.805,0.851,344856356.0,515170.SH,2021-08-10,NA,NA,CNY
0.843,0.854,0.835,0.836,216830400.0,515170.SH,2021-08-11,NA,NA,CNY
0.832,0.842,0.818,0.822,156765602.0,515170.SH,2021-08-12,NA,NA,CNY
0.819,0.83,0.815,0.825,138824300.0,515170.SH,2021-08-13,NA,NA,CNY
0.825,0.833,0.819,0.829,118673600.0,515170.SH,2021-08-16,NA,NA,CNY
0.827,0.828,0.793,0.795,226323900.0,515170.SH,2021-08-17,NA,NA,CNY
0.79,0.802,0.783,0.797,148352100.0,515170.SH,2021-08-18,NA,NA,CNY
0.792,0.8,0.78,0.783,185048400.0,515170.SH,2021-08-19,NA,NA,CNY
0.774,0.775,0.738,0.745,425600567.0,515170.SH,2021-08-20,NA,NA,CNY
0.743,0.759,0.74,0.749,161248167.0,515170.SH,2021-08-23,NA,NA,CNY
0.752,0.771,0.748,0.768,199685770.0,515170.SH,2021-08-24,NA,NA,CNY
0.769,0.789,0.769,0.784,181353045.0,515170.SH,2021-08-25,NA,NA,CNY
0.784,0.784,0.758,0.76,167825029.0,515170.SH,2021-08-26,NA,NA,CNY
0.759,0.776,0.757,0.76,141116301.0,515170.SH,2021-08-27,NA,NA,CNY
0.767,0.77,0.744,0.76,183074000.0,515170.SH,2021-08-30,NA,NA,CNY
0.754,0.764,0.742,0.745,218923800.0,515170.SH,2021-08-31,NA,NA,CNY
0.745,0.777,0.728,0.77,343196900.0,515170.SH,2021-09-01,NA,NA,CNY
0.767,0.773,0.754,0.758,255958400.0,515170.SH,2021-09-02,NA,NA,CNY
0.752,0.771,0.741,0.764,252913901.0,515170.SH,2021-09-03,NA,NA,CNY
0.764,0.791,0.756,0.786,334338312.0,515170.SH,2021-09-06,NA,NA,CNY
0.782,0.791,0.778,0.787,178223352.0,515170.SH,2021-09-07,NA,NA,CNY
0.788,0.79,0.772,0.777,259859000.0,515170.SH,2021-09-08,NA,NA,CNY
0.775,0.781,0.768,0.774,165472254.0,515170.SH,2021-09-09,NA,NA,CNY
0.777,0.788,0.771,0.786,270136954.0,515170.SH,2021-09-10,NA,NA,CNY
0.783,0.791,0.77,0.777,175336240.0,515170.SH,2021-09-13,NA,NA,CNY
0.775,0.788,0.77,0.772,184615000.0,515170.SH,2021-09-14,NA,NA,CNY
0.769,0.769,0.748,0.752,253277500.0,515170.SH,2021-09-15,NA,NA,CNY
0.748,0.764,0.741,0.757,226071639.0,515170.SH,2021-09-16,NA,NA,CNY
0.755,0.781,0.749,0.776,301852100.0,515170.SH,2021-09-17,NA,NA,CNY
0.766,0.769,0.752,0.757,221498700.0,515170.SH,2021-09-22,NA,NA,CNY
0.757,0.774,0.755,0.765,185653389.0,515170.SH,2021-09-23,NA,NA,CNY
0.763,0.798,0.762,0.792,433752822.0,515170.SH,2021-09-24,NA,NA,CNY
0.802,0.851,0.802,0.836,511521667.0,515170.SH,2021-09-27,NA,NA,CNY
0.83,0.835,0.805,0.826,239714927.0,515170.SH,2021-09-28,NA,NA,CNY
0.817,0.83,0.808,0.824,237232122.0,515170.SH,2021-09-29,NA,NA,CNY
0.827,0.838,0.82,0.83,236569200.0,515170.SH,2021-09-30,NA,NA,CNY
0.835,0.86,0.824,0.851,319081195.0,515170.SH,2021-10-08,NA,NA,CNY
0.855,0.868,0.843,0.849,198956700.0,515170.SH,2021-10-11,NA,NA,CNY
0.842,0.853,0.831,0.848,186550100.0,515170.SH,2021-10-12,NA,NA,CNY
0.848,0.888,0.846,0.875,324772749.0,515170.SH,2021-10-13,NA,NA,CNY
0.871,0.884,0.859,0.874,176964889.0,515170.SH,2021-10-14,NA,NA,CNY
0.865,0.876,0.855,0.866,179834600.0,515170.SH,2021-10-15,NA,NA,CNY
0.855,0.855,0.816,0.821,396632300.0,515170.SH,2021-10-18,NA,NA,CNY
0.816,0.84,0.815,0.833,195143400.0,515170.SH,2021-10-19,NA,NA,CNY
0.836,0.846,0.83,0.836,152108800.0,515170.SH,2021-10-20,NA,NA,CNY
0.835,0.844,0.83,0.841,140500800.0,515170.SH,2021-10-21,NA,NA,CNY
0.841,0.864,0.839,0.855,219272100.0,515170.SH,2021-10-22,NA,NA,CNY
0.853,0.858,0.843,0.852,142308800.0,515170.SH,2021-10-25,NA,NA,CNY
0.852,0.859,0.843,0.851,154155668.0,515170.SH,2021-10-26,NA,NA,CNY
0.846,0.85,0.829,0.835,170081532.0,515170.SH,2021-10-27,NA,NA,CNY
0.834,0.848,0.833,0.842,171222300.0,515170.SH,2021-10-28,NA,NA,CNY
0.848,0.863,0.846,0.854,173818163.0,515170.SH,2021-10-29,NA,NA,CNY
0.845,0.853,0.825,0.844,166189400.0,515170.SH,2021-11-01,NA,NA,CNY
0.839,0.852,0.834,0.843,160810463.0,515170.SH,2021-11-02,NA,NA,CNY
0.843,0.848,0.835,0.837,121704500.0,515170.SH,2021-11-03,NA,NA,CNY
0.84,0.868,0.84,0.868,249099463.0,515170.SH,2021-11-04,NA,NA,CNY
0.868,0.878,0.86,0.864,162913015.0,515170.SH,2021-11-05,NA,NA,CNY
0.861,0.867,0.854,0.859,122356163.0,515170.SH,2021-11-08,NA,NA,CNY
0.859,0.864,0.849,0.853,158029800.0,515170.SH,2021-11-09,NA,NA,CNY
0.851,0.853,0.827,0.836,233864600.0,515170.SH,2021-11-10,NA,NA,CNY
0.832,0.84,0.83,0.838,155776703.0,515170.SH,2021-11-11,NA,NA,CNY
0.838,0.844,0.828,0.831,142042200.0,515170.SH,2021-11-12,NA,NA,CNY
0.83,0.844,0.829,0.839,189649300.0,515170.SH,2021-11-15,NA,NA,CNY
0.839,0.863,0.839,0.856,236690400.0,515170.SH,2021-11-16,NA,NA,CNY
0.854,0.858,0.846,0.853,115166300.0,515170.SH,2021-11-17,NA,NA,CNY
0.849,0.853,0.842,0.848,125709500.0,515170.SH,2021-11-18,NA,NA,CNY
0.847,0.865,0.845,0.856,161639499.0,515170.SH,2021-11-19,NA,NA,CNY
0.857,0.873,0.857,0.86,195463739.0,515170.SH,2021-11-22,NA,NA,CNY
0.859,0.866,0.853,0.859,143523700.0,515170.SH,2021-11-23,NA,NA,CNY
0.86,0.881,0.859,0.872,261417500.0,515170.SH,2021-11-24,NA,NA,CNY
0.877,0.885,0.868,0.872,126107261.0,515170.SH,2021-11-25,NA,NA,CNY
0.873,0.873,0.862,0.866,108497539.0,515170.SH,2021-11-26,NA,NA,CNY
0.86,0.87,0.859,0.869,149021400.0,515170.SH,2021-11-29,NA,NA,CNY
0.869,0.873,0.854,0.857,128650500.0,515170.SH,2021-11-30,NA,NA,CNY
0.86,0.866,0.855,0.859,97198100.0,515170.SH,2021-12-01,NA,NA,CNY
0.861,0.867,0.858,0.861,87821800.0,515170.SH,2021-12-02,NA,NA,CNY
0.861,0.885,0.861,0.881,250923429.0,515170.SH,2021-12-03,NA,NA,CNY
0.883,0.887,0.873,0.879,131985000.0,515170.SH,2021-12-06,NA,NA,CNY
0.881,0.894,0.88,0.884,144538069.0,515170.SH,2021-12-07,NA,NA,CNY
0.884,0.912,0.88,0.91,237336269.0,515170.SH,2021-12-08,NA,NA,CNY
0.914,0.941,0.911,0.926,273140756.0,515170.SH,2021-12-09,NA,NA,CNY
0.923,0.932,0.916,0.926,154007561.0,515170.SH,2021-12-10,NA,NA,CNY
0.938,0.952,0.93,0.932,185920265.0,515170.SH,2021-12-13,NA,NA,CNY
0.926,0.941,0.924,0.935,119114889.0,515170.SH,2021-12-14,NA,NA,CNY
0.933,0.934,0.916,0.92,154048000.0,515170.SH,2021-12-15,NA,NA,CNY
0.92,0.923,0.899,0.913,153728400.0,515170.SH,2021-12-16,NA,NA,CNY
0.91,0.912,0.889,0.891,201505100.0,515170.SH,2021-12-17,NA,NA,CNY
0.89,0.902,0.888,0.891,140834546.0,515170.SH,2021-12-20,NA,NA,CNY
0.892,0.898,0.88,0.89,137200600.0,515170.SH,2021-12-21,NA,NA,CNY
0.895,0.896,0.887,0.891,106983500.0,515170.SH,2021-12-22,NA,NA,CNY
0.892,0.905,0.883,0.903,188090100.0,515170.SH,2021-12-23,NA,NA,CNY
0.904,0.922,0.903,0.916,201939194.0,515170.SH,2021-12-24,NA,NA,CNY
0.915,0.916,0.902,0.913,128763085.0,515170.SH,2021-12-27,NA,NA,CNY
0.911,0.92,0.908,0.917,280021100.0,515170.SH,2021-12-28,NA,NA,CNY
0.919,0.92,0.878,0.88,348397000.0,515170.SH,2021-12-29,NA,NA,CNY
0.879,0.889,0.876,0.884,129936800.0,515170.SH,2021-12-30,NA,NA,CNY
0.888,0.888,0.873,0.881,163567100.0,515170.SH,2021-12-31,NA,NA,CNY
0.881,0.883,0.863,0.876,168073600.0,515170.SH,2022-01-04,NA,NA,CNY
0.876,0.888,0.87,0.875,196812600.0,515170.SH,2022-01-05,NA,NA,CNY
0.873,0.877,0.851,0.861,177253300.0,515170.SH,2022-01-06,NA,NA,CNY
0.86,0.861,0.846,0.846,172468600.0,515170.SH,2022-01-07,NA,NA,CNY
0.844,0.85,0.828,0.844,178079067.0,515170.SH,2022-01-10,NA,NA,CNY
0.84,0.846,0.831,0.833,131908900.0,515170.SH,2022-01-11,NA,NA,CNY
0.838,0.84,0.832,0.84,131418300.0,515170.SH,2022-01-12,NA,NA,CNY
0.841,0.842,0.814,0.815,220726000.0,515170.SH,2022-01-13,NA,NA,CNY
0.814,0.82,0.807,0.808,145245200.0,515170.SH,2022-01-14,NA,NA,CNY
0.806,0.812,0.794,0.811,161781100.0,515170.SH,2022-01-17,NA,NA,CNY
0.812,0.826,0.806,0.821,159795800.0,515170.SH,2022-01-18,NA,NA,CNY
0.824,0.825,0.81,0.816,156048000.0,515170.SH,2022-01-19,NA,NA,CNY
0.816,0.83,0.814,0.825,177132400.0,515170.SH,2022-01-20,NA,NA,CNY
0.82,0.84,0.817,0.833,176491000.0,515170.SH,2022-01-21,NA,NA,CNY
0.827,0.838,0.82,0.826,130841400.0,515170.SH,2022-01-24,NA,NA,CNY
0.824,0.827,0.805,0.806,151948700.0,515170.SH,2022-01-25,NA,NA,CNY
0.807,0.819,0.798,0.812,149025700.0,515170.SH,2022-01-26,NA,NA,CNY
0.812,0.821,0.799,0.799,161979600.0,515170.SH,2022-01-27,NA,NA,CNY
0.802,0.805,0.782,0.784,172348100.0,515170.SH,2022-01-28,NA,NA,CNY
0.791,0.803,0.778,0.784,154515700.0,515170.SH,2022-02-07,NA,NA,CNY
0.783,0.783,0.756,0.77,221045200.0,515170.SH,2022-02-08,NA,NA,CNY
0.77,0.798,0.766,0.796,211454700.0,515170.SH,2022-02-09,NA,NA,CNY
0.796,0.798,0.786,0.793,126217808.0,515170.SH,2022-02-10,NA,NA,CNY
0.789,0.807,0.785,0.789,151847700.0,515170.SH,2022-02-11,NA,NA,CNY
0.785,0.804,0.782,0.799,154651400.0,515170.SH,2022-02-14,NA,NA,CNY
0.797,0.813,0.797,0.809,231223900.0,515170.SH,2022-02-15,NA,NA,CNY
0.811,0.818,0.805,0.814,143472814.0,515170.SH,2022-02-16,NA,NA,CNY
0.813,0.818,0.808,0.812,131581400.0,515170.SH,2022-02-17,NA,NA,CNY
0.805,0.816,0.801,0.815,113001700.0,515170.SH,2022-02-18,NA,NA,CNY
0.814,0.821,0.809,0.815,93739700.0,515170.SH,2022-02-21,NA,NA,CNY
0.81,0.811,0.791,0.795,146340500.0,515170.SH,2022-02-22,NA,NA,CNY
0.795,0.802,0.79,0.801,214302200.0,515170.SH,2022-02-23,NA,NA,CNY
0.798,0.798,0.77,0.779,166152600.0,515170.SH,2022-02-24,NA,NA,CNY
0.779,0.793,0.779,0.785,89642499.0,515170.SH,2022-02-25,NA,NA,CNY
0.784,0.788,0.773,0.788,118435500.0,515170.SH,2022-02-28,NA,NA,CNY
0.789,0.805,0.789,0.803,121246926.0,515170.SH,2022-03-01,NA,NA,CNY
0.797,0.799,0.791,0.796,112362500.0,515170.SH,2022-03-02,NA,NA,CNY
0.796,0.799,0.776,0.777,126417500.0,515170.SH,2022-03-03,NA,NA,CNY
0.772,0.778,0.764,0.769,126846400.0,515170.SH,2022-03-04,NA,NA,CNY
0.765,0.765,0.731,0.734,238719000.0,515170.SH,2022-03-07,NA,NA,CNY
0.74,0.753,0.725,0.729,156344600.0,515170.SH,2022-03-08,NA,NA,CNY
0.729,0.738,0.698,0.722,192672129.0,515170.SH,2022-03-09,NA,NA,CNY
0.743,0.749,0.736,0.746,166466200.0,515170.SH,2022-03-10,NA,NA,CNY
0.737,0.75,0.729,0.748,131078600.0,515170.SH,2022-03-11,NA,NA,CNY
0.739,0.739,0.717,0.719,168390200.0,515170.SH,2022-03-14,NA,NA,CNY
0.706,0.711,0.68,0.682,208646600.0,515170.SH,2022-03-15,NA,NA,CNY
0.693,0.705,0.667,0.701,195385400.0,515170.SH,2022-03-16,NA,NA,CNY
0.71,0.733,0.707,0.721,161443390.0,515170.SH,2022-03-17,NA,NA,CNY
0.712,0.726,0.712,0.722,87154790.0,515170.SH,2022-03-18,NA,NA,CNY
0.726,0.729,0.713,0.718,94547100.0,515170.SH,2022-03-21,NA,NA,CNY
0.715,0.72,0.711,0.713,78791000.0,515170.SH,2022-03-22,NA,NA,CNY
0.714,0.724,0.711,0.721,101044900.0,515170.SH,2022-03-23,NA,NA,CNY
0.715,0.716,0.705,0.709,90419400.0,515170.SH,2022-03-24,NA,NA,CNY
0.71,0.712,0.69,0.691,123101900.0,515170.SH,2022-03-25,NA,NA,CNY
0.68,0.68,0.664,0.675,181017300.0,515170.SH,2022-03-28,NA,NA,CNY
0.677,0.682,0.668,0.669,93703000.0,515170.SH,2022-03-29,NA,NA,CNY
0.674,0.695,0.674,0.695,136270400.0,515170.SH,2022-03-30,NA,NA,CNY
0.692,0.696,0.688,0.689,108615300.0,515170.SH,2022-03-31,NA,NA,CNY
0.687,0.712,0.685,0.705,106066300.0,515170.SH,2022-04-01,NA,NA,CNY
0.7,0.705,0.693,0.698,101433600.0,515170.SH,2022-04-06,NA,NA,CNY
0.695,0.706,0.691,0.692,84554600.0,515170.SH,2022-04-07,NA,NA,CNY
0.692,0.698,0.69,0.69,60404200.0,515170.SH,2022-04-08,NA,NA,CNY
0.684,0.69,0.666,0.669,162947900.0,515170.SH,2022-04-11,NA,NA,CNY
0.665,0.702,0.665,0.7,203864900.0,515170.SH,2022-04-12,NA,NA,CNY
0.691,0.709,0.691,0.701,150114700.0,515170.SH,2022-04-13,NA,NA,CNY
0.706,0.737,0.705,0.731,224367953.0,515170.SH,2022-04-14,NA,NA,CNY
0.725,0.735,0.721,0.728,225882900.0,515170.SH,2022-04-15,NA,NA,CNY
0.725,0.726,0.714,0.725,227671300.0,515170.SH,2022-04-18,NA,NA,CNY
0.723,0.735,0.713,0.717,130148300.0,515170.SH,2022-04-19,NA,NA,CNY
0.718,0.737,0.709,0.725,164422256.0,515170.SH,2022-04-20,NA,NA,CNY
0.72,0.73,0.71,0.716,808025100.0,515170.SH,2022-04-21,NA,NA,CNY
0.711,0.721,0.702,0.715,113010700.0,515170.SH,2022-04-22,NA,NA,CNY
0.703,0.709,0.68,0.681,132851500.0,515170.SH,2022-04-25,NA,NA,CNY
0.681,0.706,0.681,0.694,154580700.0,515170.SH,2022-04-26,NA,NA,CNY
0.691,0.71,0.69,0.708,185308600.0,515170.SH,2022-04-27,NA,NA,CNY
0.712,0.719,0.705,0.717,171672300.0,515170.SH,2022-04-28,NA,NA,CNY
0.722,0.728,0.711,0.725,152572900.0,515170.SH,2022-04-29,NA,NA,CNY
0.724,0.737,0.722,0.723,368974290.0,515170.SH,2022-05-05,NA,NA,CNY
0.715,0.715,0.698,0.701,257020300.0,515170.SH,2022-05-06,NA,NA,CNY
0.694,0.696,0.684,0.691,171473000.0,515170.SH,2022-05-09,NA,NA,CNY
0.682,0.704,0.678,0.7,239757100.0,515170.SH,2022-05-10,NA,NA,CNY
0.7,0.716,0.699,0.708,119347206.0,515170.SH,2022-05-11,NA,NA,CNY
0.704,0.719,0.703,0.713,104314206.0,515170.SH,2022-05-12,NA,NA,CNY
0.713,0.719,0.705,0.71,85450307.0,515170.SH,2022-05-13,NA,NA,CNY
0.713,0.714,0.697,0.7,79065699.0,515170.SH,2022-05-16,NA,NA,CNY
0.7,0.705,0.698,0.704,64631399.0,515170.SH,2022-05-17,NA,NA,CNY
0.704,0.706,0.691,0.7,98859800.0,515170.SH,2022-05-18,NA,NA,CNY
0.691,0.695,0.689,0.693,106866600.0,515170.SH,2022-05-19,NA,NA,CNY
0.695,0.719,0.694,0.718,169474457.0,515170.SH,2022-05-20,NA,NA,CNY
0.72,0.721,0.705,0.71,118077900.0,515170.SH,2022-05-23,NA,NA,CNY
0.709,0.71,0.697,0.698,174805400.0,515170.SH,2022-05-24,NA,NA,CNY
0.696,0.702,0.69,0.697,140699800.0,515170.SH,2022-05-25,NA,NA,CNY
0.698,0.703,0.687,0.697,139407600.0,515170.SH,2022-05-26,NA,NA,CNY
0.7,0.709,0.696,0.699,131949026.0,515170.SH,2022-05-27,NA,NA,CNY
0.702,0.721,0.702,0.716,195939937.0,515170.SH,2022-05-30,NA,NA,CNY
0.715,0.741,0.712,0.738,213916012.0,515170.SH,2022-05-31,NA,NA,CNY
0.739,0.741,0.728,0.734,334934397.0,515170.SH,2022-06-01,NA,NA,CNY
0.731,0.733,0.726,0.73,117007400.0,515170.SH,2022-06-02,NA,NA,CNY
0.977,0.978,0.956,0.961,30339352.0,159766.SZ,2021-07-23,NA,NA,CNY
0.97,0.97,0.914,0.92,16920202.0,159766.SZ,2021-07-26,NA,NA,CNY
0.93,0.93,0.903,0.91,11296459.0,159766.SZ,2021-07-27,NA,NA,CNY
0.91,0.91,0.876,0.878,13399624.0,159766.SZ,2021-07-28,NA,NA,CNY
0.878,0.886,0.87,0.871,9403524.0,159766.SZ,2021-07-29,NA,NA,CNY
0.868,0.868,0.836,0.838,14205035.0,159766.SZ,2021-07-30,NA,NA,CNY
0.8,0.846,0.8,0.84,13459927.0,159766.SZ,2021-08-02,NA,NA,CNY
0.833,0.862,0.833,0.855,8034311.0,159766.SZ,2021-08-03,NA,NA,CNY
0.857,0.857,0.841,0.848,5630837.0,159766.SZ,2021-08-04,NA,NA,CNY
0.845,0.864,0.84,0.851,3982907.0,159766.SZ,2021-08-05,NA,NA,CNY
0.854,0.854,0.838,0.843,2779425.0,159766.SZ,2021-08-06,NA,NA,CNY
0.843,0.876,0.841,0.873,10318113.0,159766.SZ,2021-08-09,NA,NA,CNY
0.87,0.882,0.86,0.881,4994810.0,159766.SZ,2021-08-10,NA,NA,CNY
0.882,0.887,0.877,0.88,4959605.0,159766.SZ,2021-08-11,NA,NA,CNY
0.881,0.882,0.87,0.871,2769716.0,159766.SZ,2021-08-12,NA,NA,CNY
0.875,0.879,0.868,0.874,4809920.0,159766.SZ,2021-08-13,NA,NA,CNY
0.874,0.903,0.874,0.898,12258938.0,159766.SZ,2021-08-16,NA,NA,CNY
0.889,0.917,0.889,0.9,17444145.0,159766.SZ,2021-08-17,NA,NA,CNY
0.899,0.915,0.891,0.908,12538209.0,159766.SZ,2021-08-18,NA,NA,CNY
0.908,0.908,0.886,0.9,9482111.0,159766.SZ,2021-08-19,NA,NA,CNY
0.888,0.898,0.883,0.892,10344613.0,159766.SZ,2021-08-20,NA,NA,CNY
0.891,0.909,0.888,0.901,10138204.0,159766.SZ,2021-08-23,NA,NA,CNY
0.9,0.911,0.898,0.91,10038710.0,159766.SZ,2021-08-24,NA,NA,CNY
0.919,0.935,0.909,0.928,22301618.0,159766.SZ,2021-08-25,NA,NA,CNY
0.925,0.938,0.911,0.933,17485519.0,159766.SZ,2021-08-26,NA,NA,CNY
0.933,0.934,0.919,0.922,17158105.0,159766.SZ,2021-08-27,NA,NA,CNY
0.922,0.927,0.916,0.925,13475907.0,159766.SZ,2021-08-30,NA,NA,CNY
0.926,0.931,0.914,0.929,14254207.0,159766.SZ,2021-08-31,NA,NA,CNY
0.927,0.958,0.924,0.951,21133324.0,159766.SZ,2021-09-01,NA,NA,CNY
0.959,0.961,0.94,0.948,17886512.0,159766.SZ,2021-09-02,NA,NA,CNY
0.945,0.98,0.934,0.978,36948540.0,159766.SZ,2021-09-03,NA,NA,CNY
0.982,0.989,0.965,0.984,30765382.0,159766.SZ,2021-09-06,NA,NA,CNY
0.988,0.993,0.982,0.993,26577933.0,159766.SZ,2021-09-07,NA,NA,CNY
0.993,0.999,0.985,0.995,21726059.0,159766.SZ,2021-09-08,NA,NA,CNY
0.996,0.999,0.987,0.994,19816925.0,159766.SZ,2021-09-09,NA,NA,CNY
0.999,1.027,0.996,1.01,53469678.0,159766.SZ,2021-09-10,NA,NA,CNY
0.999,0.999,0.96,0.966,51503977.0,159766.SZ,2021-09-13,NA,NA,CNY
0.956,0.967,0.943,0.949,35288031.0,159766.SZ,2021-09-14,NA,NA,CNY
0.941,0.945,0.921,0.926,28668315.0,159766.SZ,2021-09-15,NA,NA,CNY
0.916,0.937,0.916,0.926,25194410.0,159766.SZ,2021-09-16,NA,NA,CNY
0.925,0.938,0.912,0.935,31133037.0,159766.SZ,2021-09-17,NA,NA,CNY
0.922,0.927,0.906,0.918,27795808.0,159766.SZ,2021-09-22,NA,NA,CNY
0.918,0.929,0.917,0.927,21565002.0,159766.SZ,2021-09-23,NA,NA,CNY
0.929,0.942,0.925,0.938,36178842.0,159766.SZ,2021-09-24,NA,NA,CNY
0.938,0.948,0.93,0.937,27682742.0,159766.SZ,2021-09-27,NA,NA,CNY
0.934,0.942,0.919,0.938,15094621.0,159766.SZ,2021-09-28,NA,NA,CNY
0.935,0.935,0.921,0.928,15733302.0,159766.SZ,2021-09-29,NA,NA,CNY
0.927,0.942,0.927,0.938,23082313.0,159766.SZ,2021-09-30,NA,NA,CNY
0.95,0.988,0.95,0.974,46372985.0,159766.SZ,2021-10-08,NA,NA,CNY
0.966,0.988,0.966,0.985,19237822.0,159766.SZ,2021-10-11,NA,NA,CNY
0.984,0.996,0.977,0.986,20270846.0,159766.SZ,2021-10-12,NA,NA,CNY
0.986,1.007,0.98,1.005,26527881.0,159766.SZ,2021-10-13,NA,NA,CNY
1.005,1.039,0.999,1.026,64423562.0,159766.SZ,2021-10-14,NA,NA,CNY
1.025,1.035,1.017,1.024,27210030.0,159766.SZ,2021-10-15,NA,NA,CNY
1.015,1.015,0.996,1.003,34661115.0,159766.SZ,2021-10-18,NA,NA,CNY
0.989,1.001,0.986,0.993,26258089.0,159766.SZ,2021-10-19,NA,NA,CNY
0.988,0.998,0.968,0.985,24398903.0,159766.SZ,2021-10-20,NA,NA,CNY
0.979,0.989,0.971,0.981,19375117.0,159766.SZ,2021-10-21,NA,NA,CNY
0.985,0.989,0.975,0.982,12249744.0,159766.SZ,2021-10-22,NA,NA,CNY
0.963,0.975,0.95,0.975,21219603.0,159766.SZ,2021-10-25,NA,NA,CNY
0.97,0.987,0.97,0.975,16020018.0,159766.SZ,2021-10-26,NA,NA,CNY
0.973,0.98,0.966,0.969,10190501.0,159766.SZ,2021-10-27,NA,NA,CNY
0.965,0.983,0.965,0.974,16535526.0,159766.SZ,2021-10-28,NA,NA,CNY
0.97,0.999,0.969,0.994,28728142.0,159766.SZ,2021-10-29,NA,NA,CNY
0.988,0.988,0.945,0.964,28388409.0,159766.SZ,2021-11-01,NA,NA,CNY
0.963,0.963,0.93,0.94,23508708.0,159766.SZ,2021-11-02,NA,NA,CNY
0.934,0.95,0.934,0.944,11782600.0,159766.SZ,2021-11-03,NA,NA,CNY
0.944,0.95,0.938,0.948,14063900.0,159766.SZ,2021-11-04,NA,NA,CNY
0.938,0.95,0.938,0.943,11786202.0,159766.SZ,2021-11-05,NA,NA,CNY
0.96,1.008,0.96,0.992,46191156.0,159766.SZ,2021-11-08,NA,NA,CNY
0.981,0.994,0.976,0.99,19180623.0,159766.SZ,2021-11-09,NA,NA,CNY
0.989,0.989,0.966,0.985,21698000.0,159766.SZ,2021-11-10,NA,NA,CNY
0.986,0.995,0.979,0.993,19627801.0,159766.SZ,2021-11-11,NA,NA,CNY
0.995,1.008,0.985,1.006,24620432.0,159766.SZ,2021-11-12,NA,NA,CNY
1.006,1.015,0.99,1.012,27057417.0,159766.SZ,2021-11-15,NA,NA,CNY
1.016,1.017,1.002,1.005,25828930.0,159766.SZ,2021-11-16,NA,NA,CNY
1.0,1.017,0.999,1.003,26322358.0,159766.SZ,2021-11-17,NA,NA,CNY
0.999,1.003,0.984,0.987,27201210.0,159766.SZ,2021-11-18,NA,NA,CNY
0.987,0.989,0.977,0.986,17699400.0,159766.SZ,2021-11-19,NA,NA,CNY
0.981,0.987,0.978,0.987,24842004.0,159766.SZ,2021-11-22,NA,NA,CNY
0.998,0.999,0.975,0.978,39330500.0,159766.SZ,2021-11-23,NA,NA,CNY
0.971,0.978,0.965,0.976,24590005.0,159766.SZ,2021-11-24,NA,NA,CNY
0.975,0.977,0.967,0.969,26288500.0,159766.SZ,2021-11-25,NA,NA,CNY
0.962,0.962,0.946,0.953,40633900.0,159766.SZ,2021-11-26,NA,NA,CNY
0.931,0.931,0.904,0.92,52546317.0,159766.SZ,2021-11-29,NA,NA,CNY
0.92,0.925,0.911,0.915,29249100.0,159766.SZ,2021-11-30,NA,NA,CNY
0.92,0.925,0.909,0.925,33988805.0,159766.SZ,2021-12-01,NA,NA,CNY
0.925,0.926,0.914,0.916,32907100.0,159766.SZ,2021-12-02,NA,NA,CNY
0.923,0.93,0.918,0.93,33653502.0,159766.SZ,2021-12-03,NA,NA,CNY
0.925,0.93,0.921,0.927,28876000.0,159766.SZ,2021-12-06,NA,NA,CNY
0.94,0.956,0.933,0.953,51914705.0,159766.SZ,2021-12-07,NA,NA,CNY
0.952,0.955,0.941,0.954,37907316.0,159766.SZ,2021-12-08,NA,NA,CNY
0.957,0.977,0.957,0.974,51845809.0,159766.SZ,2021-12-09,NA,NA,CNY
0.966,0.972,0.964,0.967,32565000.0,159766.SZ,2021-12-10,NA,NA,CNY
0.966,0.966,0.956,0.96,37808202.0,159766.SZ,2021-12-13,NA,NA,CNY
0.95,0.954,0.946,0.953,40416302.0,159766.SZ,2021-12-14,NA,NA,CNY
0.953,0.953,0.942,0.942,29733400.0,159766.SZ,2021-12-15,NA,NA,CNY
0.942,0.956,0.937,0.956,33309000.0,159766.SZ,2021-12-16,NA,NA,CNY
0.954,0.955,0.936,0.94,32622915.0,159766.SZ,2021-12-17,NA,NA,CNY
0.931,0.937,0.925,0.926,35288200.0,159766.SZ,2021-12-20,NA,NA,CNY
0.929,0.954,0.928,0.954,48933701.0,159766.SZ,2021-12-21,NA,NA,CNY
0.958,0.972,0.958,0.962,46355100.0,159766.SZ,2021-12-22,NA,NA,CNY
0.956,0.966,0.946,0.95,33525500.0,159766.SZ,2021-12-23,NA,NA,CNY
0.95,0.97,0.943,0.97,45191011.0,159766.SZ,2021-12-24,NA,NA,CNY
0.961,0.984,0.958,0.984,40382809.0,159766.SZ,2021-12-27,NA,NA,CNY
0.982,0.984,0.975,0.979,36432600.0,159766.SZ,2021-12-28,NA,NA,CNY
0.98,1.004,0.979,0.993,156470954.0,159766.SZ,2021-12-29,NA,NA,CNY
0.984,1.002,0.984,1.0,44015709.0,159766.SZ,2021-12-30,NA,NA,CNY
1.0,1.006,0.996,1.003,51567458.0,159766.SZ,2021-12-31,NA,NA,CNY
1.005,1.037,0.998,1.03,157696332.0,159766.SZ,2022-01-04,NA,NA,CNY
1.03,1.045,1.026,1.033,68247907.0,159766.SZ,2022-01-05,NA,NA,CNY
1.017,1.03,1.014,1.023,104774317.0,159766.SZ,2022-01-06,NA,NA,CNY
1.02,1.035,1.015,1.02,45598483.0,159766.SZ,2022-01-07,NA,NA,CNY
1.013,1.027,0.989,1.024,55525852.0,159766.SZ,2022-01-10,NA,NA,CNY
1.02,1.029,1.014,1.016,51786113.0,159766.SZ,2022-01-11,NA,NA,CNY
1.01,1.044,1.01,1.04,152265271.0,159766.SZ,2022-01-12,NA,NA,CNY
1.04,1.044,1.028,1.029,142367814.0,159766.SZ,2022-01-13,NA,NA,CNY
1.02,1.029,1.006,1.009,144669070.0,159766.SZ,2022-01-14,NA,NA,CNY
1.01,1.01,0.995,1.003,188190500.0,159766.SZ,2022-01-17,NA,NA,CNY
1.002,1.014,0.992,1.013,54553300.0,159766.SZ,2022-01-18,NA,NA,CNY
1.008,1.029,1.004,1.018,94867704.0,159766.SZ,2022-01-19,NA,NA,CNY
1.018,1.044,1.016,1.038,70634822.0,159766.SZ,2022-01-20,NA,NA,CNY
1.061,1.077,1.05,1.05,106338284.0,159766.SZ,2022-01-21,NA,NA,CNY
1.044,1.075,1.042,1.057,79134416.0,159766.SZ,2022-01-24,NA,NA,CNY
1.042,1.087,1.042,1.063,90303589.0,159766.SZ,2022-01-25,NA,NA,CNY
1.053,1.062,1.03,1.039,162004217.0,159766.SZ,2022-01-26,NA,NA,CNY
1.03,1.04,1.014,1.015,58486505.0,159766.SZ,2022-01-27,NA,NA,CNY
1.013,1.053,1.013,1.048,71901800.0,159766.SZ,2022-01-28,NA,NA,CNY
1.049,1.049,1.014,1.041,82381503.0,159766.SZ,2022-02-07,NA,NA,CNY
1.03,1.077,1.03,1.076,99557407.0,159766.SZ,2022-02-08,NA,NA,CNY
1.069,1.096,1.066,1.092,87356676.0,159766.SZ,2022-02-09,NA,NA,CNY
1.095,1.14,1.088,1.139,93615730.0,159766.SZ,2022-02-10,NA,NA,CNY
1.131,1.164,1.124,1.132,108049524.0,159766.SZ,2022-02-11,NA,NA,CNY
1.135,1.153,1.108,1.123,111094502.0,159766.SZ,2022-02-14,NA,NA,CNY
1.111,1.112,1.083,1.092,99816209.0,159766.SZ,2022-02-15,NA,NA,CNY
1.094,1.111,1.088,1.102,72594100.0,159766.SZ,2022-02-16,NA,NA,CNY
1.094,1.097,1.065,1.073,102288704.0,159766.SZ,2022-02-17,NA,NA,CNY
1.062,1.089,1.061,1.088,88790506.0,159766.SZ,2022-02-18,NA,NA,CNY
1.081,1.091,1.069,1.086,91012200.0,159766.SZ,2022-02-21,NA,NA,CNY
1.08,1.08,1.047,1.053,110696407.0,159766.SZ,2022-02-22,NA,NA,CNY
1.051,1.06,1.039,1.044,113901200.0,159766.SZ,2022-02-23,NA,NA,CNY
1.031,1.045,1.008,1.02,103350602.0,159766.SZ,2022-02-24,NA,NA,CNY
1.029,1.033,1.02,1.024,76560002.0,159766.SZ,2022-02-25,NA,NA,CNY
1.018,1.021,1.001,1.02,126967700.0,159766.SZ,2022-02-28,NA,NA,CNY
1.016,1.043,1.016,1.041,142646700.0,159766.SZ,2022-03-01,NA,NA,CNY
1.036,1.04,1.029,1.031,85201672.0,159766.SZ,2022-03-02,NA,NA,CNY
1.034,1.075,1.034,1.068,163758371.0,159766.SZ,2022-03-03,NA,NA,CNY
1.056,1.073,1.051,1.064,150386221.0,159766.SZ,2022-03-04,NA,NA,CNY
1.045,1.049,0.987,0.991,151748800.0,159766.SZ,2022-03-07,NA,NA,CNY
0.983,1.011,0.962,0.966,107811086.0,159766.SZ,2022-03-08,NA,NA,CNY
0.969,0.973,0.914,0.954,119453420.0,159766.SZ,2022-03-09,NA,NA,CNY
0.972,0.977,0.956,0.958,88315300.0,159766.SZ,2022-03-10,NA,NA,CNY
0.936,0.978,0.921,0.97,153675800.0,159766.SZ,2022-03-11,NA,NA,CNY
0.93,0.945,0.909,0.909,218224606.0,159766.SZ,2022-03-14,NA,NA,CNY
0.901,0.914,0.862,0.866,228878414.0,159766.SZ,2022-03-15,NA,NA,CNY
0.893,0.953,0.893,0.952,216738700.0,159766.SZ,2022-03-16,NA,NA,CNY
0.969,0.989,0.945,0.968,217763800.0,159766.SZ,2022-03-17,NA,NA,CNY
0.95,0.994,0.95,0.992,143821100.0,159766.SZ,2022-03-18,NA,NA,CNY
0.976,0.995,0.974,0.991,102692904.0,159766.SZ,2022-03-21,NA,NA,CNY
0.959,0.987,0.959,0.974,174308804.0,159766.SZ,2022-03-22,NA,NA,CNY
0.971,0.973,0.959,0.97,114952400.0,159766.SZ,2022-03-23,NA,NA,CNY
0.959,0.969,0.952,0.954,82655300.0,159766.SZ,2022-03-24,NA,NA,CNY
0.953,0.959,0.935,0.94,113301900.0,159766.SZ,2022-03-25,NA,NA,CNY
0.919,0.943,0.911,0.932,95652201.0,159766.SZ,2022-03-28,NA,NA,CNY
0.93,0.95,0.926,0.929,81028058.0,159766.SZ,2022-03-29,NA,NA,CNY
0.935,0.965,0.928,0.963,112262600.0,159766.SZ,2022-03-30,NA,NA,CNY
0.958,0.969,0.939,0.944,130423900.0,159766.SZ,2022-03-31,NA,NA,CNY
0.934,0.987,0.93,0.986,136988609.0,159766.SZ,2022-04-01,NA,NA,CNY
0.97,0.991,0.967,0.981,143794800.0,159766.SZ,2022-04-06,NA,NA,CNY
0.977,0.987,0.961,0.963,123831700.0,159766.SZ,2022-04-07,NA,NA,CNY
0.962,0.972,0.941,0.972,112922631.0,159766.SZ,2022-04-08,NA,NA,CNY
0.962,0.962,0.931,0.936,110897009.0,159766.SZ,2022-04-11,NA,NA,CNY
0.931,1.024,0.931,1.023,305526989.0,159766.SZ,2022-04-12,NA,NA,CNY
1.0,1.012,0.983,0.985,305869100.0,159766.SZ,2022-04-13,NA,NA,CNY
0.999,1.025,0.989,1.009,257034710.0,159766.SZ,2022-04-14,NA,NA,CNY
0.998,1.019,0.993,0.997,145255800.0,159766.SZ,2022-04-15,NA,NA,CNY
0.988,1.01,0.98,1.003,148857603.0,159766.SZ,2022-04-18,NA,NA,CNY
1.001,1.012,0.987,0.994,158895492.0,159766.SZ,2022-04-19,NA,NA,CNY
1.0,1.02,0.984,1.007,177532800.0,159766.SZ,2022-04-20,NA,NA,CNY
0.996,1.001,0.959,0.971,206706201.0,159766.SZ,2022-04-21,NA,NA,CNY
0.95,0.963,0.934,0.954,169055100.0,159766.SZ,2022-04-22,NA,NA,CNY
0.922,0.937,0.905,0.907,179563800.0,159766.SZ,2022-04-25,NA,NA,CNY
0.913,0.926,0.891,0.895,134892203.0,159766.SZ,2022-04-26,NA,NA,CNY
0.886,0.916,0.878,0.915,198680300.0,159766.SZ,2022-04-27,NA,NA,CNY
0.911,0.923,0.888,0.906,193634500.0,159766.SZ,2022-04-28,NA,NA,CNY
0.906,0.926,0.884,0.925,222296000.0,159766.SZ,2022-04-29,NA,NA,CNY
0.907,0.926,0.894,0.919,156929400.0,159766.SZ,2022-05-05,NA,NA,CNY
0.896,0.896,0.852,0.863,403713100.0,159766.SZ,2022-05-06,NA,NA,CNY
0.845,0.862,0.837,0.845,198064453.0,159766.SZ,2022-05-09,NA,NA,CNY
0.831,0.863,0.823,0.862,165779853.0,159766.SZ,2022-05-10,NA,NA,CNY
0.862,0.904,0.862,0.886,279101632.0,159766.SZ,2022-05-11,NA,NA,CNY
0.877,0.889,0.876,0.887,115757601.0,159766.SZ,2022-05-12,NA,NA,CNY
0.884,0.889,0.87,0.887,147425969.0,159766.SZ,2022-05-13,NA,NA,CNY
0.896,0.909,0.891,0.897,150894731.0,159766.SZ,2022-05-16,NA,NA,CNY
0.891,0.893,0.876,0.893,114445700.0,159766.SZ,2022-05-17,NA,NA,CNY
0.893,0.893,0.877,0.879,135991700.0,159766.SZ,2022-05-18,NA,NA,CNY
0.863,0.875,0.86,0.868,123651103.0,159766.SZ,2022-05-19,NA,NA,CNY
0.872,0.898,0.871,0.897,162297311.0,159766.SZ,2022-05-20,NA,NA,CNY
0.894,0.894,0.873,0.881,176462300.0,159766.SZ,2022-05-23,NA,NA,CNY
0.881,0.89,0.862,0.864,183973600.0,159766.SZ,2022-05-24,NA,NA,CNY
0.862,0.89,0.86,0.888,177056501.0,159766.SZ,2022-05-25,NA,NA,CNY
0.884,0.904,0.88,0.898,160180601.0,159766.SZ,2022-05-26,NA,NA,CNY
0.905,0.915,0.897,0.906,175321600.0,159766.SZ,2022-05-27,NA,NA,CNY
0.922,0.938,0.913,0.935,190129402.0,159766.SZ,2022-05-30,NA,NA,CNY
0.927,0.941,0.926,0.938,161158200.0,159766.SZ,2022-05-31,NA,NA,CNY
0.938,0.947,0.917,0.924,295817102.0,159766.SZ,2022-06-01,NA,NA,CNY
0.92,0.922,0.909,0.919,149571300.0,159766.SZ,2022-06-02,NA,NA,CNY
1.043,1.065,1.021,1.028,1204797656.0,159992.SZ,2020-04-10,NA,NA,CNY
1.028,1.05,1.027,1.039,428666463.0,159992.SZ,2020-04-13,NA,NA,CNY
1.05,1.057,1.027,1.053,428259796.0,159992.SZ,2020-04-14,NA,NA,CNY
1.051,1.065,1.045,1.047,270247439.0,159992.SZ,2020-04-15,NA,NA,CNY
1.042,1.059,1.036,1.05,291707200.0,159992.SZ,2020-04-16,NA,NA,CNY
1.053,1.06,1.041,1.043,248621895.0,159992.SZ,2020-04-17,NA,NA,CNY
1.046,1.064,1.046,1.061,349694158.0,159992.SZ,2020-04-20,NA,NA,CNY
1.061,1.063,1.047,1.055,177367914.0,159992.SZ,2020-04-21,NA,NA,CNY
1.051,1.065,1.043,1.064,324544138.0,159992.SZ,2020-04-22,NA,NA,CNY
1.07,1.085,1.062,1.064,256041157.0,159992.SZ,2020-04-23,NA,NA,CNY
1.063,1.064,1.046,1.049,166639211.0,159992.SZ,2020-04-24,NA,NA,CNY
1.049,1.069,1.037,1.061,203383096.0,159992.SZ,2020-04-27,NA,NA,CNY
1.062,1.066,1.039,1.061,155283286.0,159992.SZ,2020-04-28,NA,NA,CNY
1.057,1.069,1.044,1.047,136272409.0,159992.SZ,2020-04-29,NA,NA,CNY
1.047,1.048,1.036,1.042,328573091.0,159992.SZ,2020-04-30,NA,NA,CNY
1.035,1.058,1.031,1.057,229829794.0,159992.SZ,2020-05-06,NA,NA,CNY
1.056,1.066,1.051,1.06,186151749.0,159992.SZ,2020-05-07,NA,NA,CNY
1.067,1.075,1.061,1.07,204814752.0,159992.SZ,2020-05-08,NA,NA,CNY
1.076,1.082,1.058,1.063,118100965.0,159992.SZ,2020-05-11,NA,NA,CNY
1.063,1.076,1.06,1.075,183614034.0,159992.SZ,2020-05-12,NA,NA,CNY
1.077,1.097,1.074,1.095,259315941.0,159992.SZ,2020-05-13,NA,NA,CNY
1.09,1.1,1.088,1.093,116335675.0,159992.SZ,2020-05-14,NA,NA,CNY
1.097,1.105,1.085,1.09,110131798.0,159992.SZ,2020-05-15,NA,NA,CNY
1.09,1.112,1.085,1.1,164567497.0,159992.SZ,2020-05-18,NA,NA,CNY
1.11,1.124,1.101,1.11,106577355.0,159992.SZ,2020-05-19,NA,NA,CNY
1.111,1.115,1.096,1.1,99083081.0,159992.SZ,2020-05-20,NA,NA,CNY
1.099,1.122,1.099,1.102,143717217.0,159992.SZ,2020-05-21,NA,NA,CNY
1.1,1.102,1.064,1.07,167111019.0,159992.SZ,2020-05-22,NA,NA,CNY
1.071,1.086,1.069,1.085,82063647.0,159992.SZ,2020-05-25,NA,NA,CNY
1.088,1.111,1.086,1.11,123793883.0,159992.SZ,2020-05-26,NA,NA,CNY
1.11,1.111,1.081,1.088,103141962.0,159992.SZ,2020-05-27,NA,NA,CNY
1.088,1.089,1.059,1.073,135411808.0,159992.SZ,2020-05-28,NA,NA,CNY
1.067,1.094,1.067,1.091,126193526.0,159992.SZ,2020-05-29,NA,NA,CNY
1.099,1.109,1.094,1.106,114025446.0,159992.SZ,2020-06-01,NA,NA,CNY
1.107,1.107,1.09,1.095,85887877.0,159992.SZ,2020-06-02,NA,NA,CNY
1.099,1.105,1.095,1.097,96158376.0,159992.SZ,2020-06-03,NA,NA,CNY
1.1,1.108,1.096,1.105,106215016.0,159992.SZ,2020-06-04,NA,NA,CNY
1.105,1.121,1.104,1.119,135204174.0,159992.SZ,2020-06-05,NA,NA,CNY
1.122,1.128,1.103,1.108,99419899.0,159992.SZ,2020-06-08,NA,NA,CNY
1.108,1.132,1.106,1.13,133818356.0,159992.SZ,2020-06-09,NA,NA,CNY
1.127,1.151,1.127,1.148,110137908.0,159992.SZ,2020-06-10,NA,NA,CNY
1.148,1.156,1.132,1.14,75904724.0,159992.SZ,2020-06-11,NA,NA,CNY
1.129,1.16,1.12,1.156,113628253.0,159992.SZ,2020-06-12,NA,NA,CNY
1.16,1.174,1.157,1.159,101619978.0,159992.SZ,2020-06-15,NA,NA,CNY
1.168,1.185,1.162,1.185,118962653.0,159992.SZ,2020-06-16,NA,NA,CNY
1.188,1.215,1.185,1.214,121595283.0,159992.SZ,2020-06-17,NA,NA,CNY
1.214,1.215,1.173,1.188,225162501.0,159992.SZ,2020-06-18,NA,NA,CNY
1.18,1.221,1.18,1.216,182009733.0,159992.SZ,2020-06-19,NA,NA,CNY
1.218,1.239,1.216,1.228,119583307.0,159992.SZ,2020-06-22,NA,NA,CNY
1.223,1.262,1.221,1.261,138921704.0,159992.SZ,2020-06-23,NA,NA,CNY
1.261,1.265,1.23,1.247,246318114.0,159992.SZ,2020-06-24,NA,NA,CNY
1.248,1.265,1.246,1.258,129025092.0,159992.SZ,2020-06-29,NA,NA,CNY
1.265,1.289,1.258,1.282,130251005.0,159992.SZ,2020-06-30,NA,NA,CNY
1.283,1.287,1.244,1.265,229013591.0,159992.SZ,2020-07-01,NA,NA,CNY
1.265,1.275,1.245,1.255,213802699.0,159992.SZ,2020-07-02,NA,NA,CNY
1.25,1.27,1.235,1.267,211054063.0,159992.SZ,2020-07-03,NA,NA,CNY
1.266,1.276,1.247,1.27,254340679.0,159992.SZ,2020-07-06,NA,NA,CNY
1.27,1.318,1.255,1.302,220254953.0,159992.SZ,2020-07-07,NA,NA,CNY
1.297,1.313,1.289,1.304,154179460.0,159992.SZ,2020-07-08,NA,NA,CNY
1.303,1.362,1.298,1.362,190063048.0,159992.SZ,2020-07-09,NA,NA,CNY
1.361,1.394,1.347,1.38,191772840.0,159992.SZ,2020-07-10,NA,NA,CNY
1.387,1.456,1.386,1.453,186495053.0,159992.SZ,2020-07-13,NA,NA,CNY
1.461,1.47,1.41,1.451,318642942.0,159992.SZ,2020-07-14,NA,NA,CNY
1.45,1.511,1.441,1.471,304014677.0,159992.SZ,2020-07-15,NA,NA,CNY
1.478,1.481,1.37,1.373,346914764.0,159992.SZ,2020-07-16,NA,NA,CNY
1.376,1.421,1.365,1.399,318276122.0,159992.SZ,2020-07-17,NA,NA,CNY
1.421,1.427,1.355,1.394,326086099.0,159992.SZ,2020-07-20,NA,NA,CNY
1.39,1.46,1.382,1.449,347242071.0,159992.SZ,2020-07-21,NA,NA,CNY
1.437,1.487,1.428,1.477,235930103.0,159992.SZ,2020-07-22,NA,NA,CNY
1.465,1.519,1.458,1.516,378405303.0,159992.SZ,2020-07-23,NA,NA,CNY
1.498,1.505,1.413,1.425,487015608.0,159992.SZ,2020-07-24,NA,NA,CNY
1.425,1.465,1.425,1.45,231431318.0,159992.SZ,2020-07-27,NA,NA,CNY
1.46,1.468,1.415,1.445,254491666.0,159992.SZ,2020-07-28,NA,NA,CNY
1.437,1.519,1.431,1.517,352549930.0,159992.SZ,2020-07-29,NA,NA,CNY
1.528,1.573,1.508,1.523,356938007.0,159992.SZ,2020-07-30,NA,NA,CNY
1.516,1.555,1.505,1.553,245400095.0,159992.SZ,2020-07-31,NA,NA,CNY
1.561,1.584,1.54,1.582,216754488.0,159992.SZ,2020-08-03,NA,NA,CNY
1.578,1.627,1.56,1.573,302020214.0,159992.SZ,2020-08-04,NA,NA,CNY
1.551,1.618,1.525,1.613,264051696.0,159992.SZ,2020-08-05,NA,NA,CNY
1.616,1.638,1.553,1.569,407575219.0,159992.SZ,2020-08-06,NA,NA,CNY
1.566,1.587,1.505,1.538,335862328.0,159992.SZ,2020-08-07,NA,NA,CNY
1.537,1.549,1.492,1.531,219280588.0,159992.SZ,2020-08-10,NA,NA,CNY
1.531,1.559,1.506,1.509,211891581.0,159992.SZ,2020-08-11,NA,NA,CNY
1.505,1.515,1.426,1.455,357209732.0,159992.SZ,2020-08-12,NA,NA,CNY
1.456,1.463,1.419,1.425,216024055.0,159992.SZ,2020-08-13,NA,NA,CNY
1.429,1.447,1.4,1.437,245329838.0,159992.SZ,2020-08-14,NA,NA,CNY
1.438,1.452,1.421,1.451,228505750.0,159992.SZ,2020-08-17,NA,NA,CNY
1.452,1.485,1.451,1.47,193181300.0,159992.SZ,2020-08-18,NA,NA,CNY
1.468,1.468,1.412,1.415,250574995.0,159992.SZ,2020-08-19,NA,NA,CNY
1.403,1.425,1.388,1.405,161166098.0,159992.SZ,2020-08-20,NA,NA,CNY
1.419,1.432,1.407,1.417,154516283.0,159992.SZ,2020-08-21,NA,NA,CNY
1.418,1.425,1.374,1.411,146281265.0,159992.SZ,2020-08-24,NA,NA,CNY
1.408,1.431,1.408,1.416,152833818.0,159992.SZ,2020-08-25,NA,NA,CNY
1.415,1.444,1.404,1.408,240453830.0,159992.SZ,2020-08-26,NA,NA,CNY
1.409,1.422,1.392,1.42,156584484.0,159992.SZ,2020-08-27,NA,NA,CNY
1.423,1.477,1.415,1.472,282340919.0,159992.SZ,2020-08-28,NA,NA,CNY
1.479,1.483,1.455,1.457,243406781.0,159992.SZ,2020-08-31,NA,NA,CNY
1.449,1.462,1.439,1.448,172927931.0,159992.SZ,2020-09-01,NA,NA,CNY
1.448,1.451,1.427,1.444,122380593.0,159992.SZ,2020-09-02,NA,NA,CNY
1.441,1.471,1.434,1.438,174817031.0,159992.SZ,2020-09-03,NA,NA,CNY
1.417,1.429,1.402,1.425,158883325.0,159992.SZ,2020-09-04,NA,NA,CNY
1.42,1.425,1.366,1.367,231002269.0,159992.SZ,2020-09-07,NA,NA,CNY
1.369,1.385,1.357,1.379,130479471.0,159992.SZ,2020-09-08,NA,NA,CNY
1.36,1.36,1.3,1.311,202287783.0,159992.SZ,2020-09-09,NA,NA,CNY
1.321,1.339,1.303,1.307,120346669.0,159992.SZ,2020-09-10,NA,NA,CNY
1.303,1.324,1.299,1.324,92654741.0,159992.SZ,2020-09-11,NA,NA,CNY
1.332,1.342,1.288,1.3,183293444.0,159992.SZ,2020-09-14,NA,NA,CNY
1.301,1.325,1.287,1.325,140537798.0,159992.SZ,2020-09-15,NA,NA,CNY
1.33,1.33,1.287,1.294,209049396.0,159992.SZ,2020-09-16,NA,NA,CNY
1.287,1.294,1.261,1.276,163903213.0,159992.SZ,2020-09-17,NA,NA,CNY
1.273,1.294,1.265,1.292,171396814.0,159992.SZ,2020-09-18,NA,NA,CNY
1.29,1.306,1.284,1.287,200088751.0,159992.SZ,2020-09-21,NA,NA,CNY
1.284,1.312,1.28,1.287,228262870.0,159992.SZ,2020-09-22,NA,NA,CNY
1.286,1.347,1.279,1.334,395078242.0,159992.SZ,2020-09-23,NA,NA,CNY
1.321,1.327,1.308,1.315,216223583.0,159992.SZ,2020-09-24,NA,NA,CNY
1.316,1.342,1.311,1.319,186892933.0,159992.SZ,2020-09-25,NA,NA,CNY
1.319,1.323,1.285,1.289,145370399.0,159992.SZ,2020-09-28,NA,NA,CNY
1.292,1.311,1.272,1.302,159693025.0,159992.SZ,2020-09-29,NA,NA,CNY
1.308,1.327,1.302,1.31,147058337.0,159992.SZ,2020-09-30,NA,NA,CNY
1.33,1.354,1.328,1.35,188596184.0,159992.SZ,2020-10-09,NA,NA,CNY
1.356,1.391,1.356,1.39,217256252.0,159992.SZ,2020-10-12,NA,NA,CNY
1.392,1.415,1.384,1.407,208868794.0,159992.SZ,2020-10-13,NA,NA,CNY
1.4,1.42,1.397,1.399,156004407.0,159992.SZ,2020-10-14,NA,NA,CNY
1.401,1.405,1.38,1.391,132610100.0,159992.SZ,2020-10-15,NA,NA,CNY
1.386,1.408,1.374,1.4,149193918.0,159992.SZ,2020-10-16,NA,NA,CNY
1.399,1.404,1.356,1.358,188668338.0,159992.SZ,2020-10-19,NA,NA,CNY
1.351,1.375,1.344,1.374,144665337.0,159992.SZ,2020-10-20,NA,NA,CNY
1.376,1.398,1.369,1.375,155740694.0,159992.SZ,2020-10-21,NA,NA,CNY
1.37,1.37,1.336,1.349,125680740.0,159992.SZ,2020-10-22,NA,NA,CNY
1.349,1.358,1.282,1.293,297466238.0,159992.SZ,2020-10-23,NA,NA,CNY
1.28,1.31,1.27,1.306,157589888.0,159992.SZ,2020-10-26,NA,NA,CNY
1.298,1.344,1.298,1.341,189457895.0,159992.SZ,2020-10-27,NA,NA,CNY
1.34,1.351,1.328,1.345,103354759.0,159992.SZ,2020-10-28,NA,NA,CNY
1.336,1.386,1.332,1.377,231082569.0,159992.SZ,2020-10-29,NA,NA,CNY
1.375,1.383,1.346,1.353,161778773.0,159992.SZ,2020-10-30,NA,NA,CNY
1.35,1.36,1.329,1.344,108680680.0,159992.SZ,2020-11-02,NA,NA,CNY
1.344,1.363,1.334,1.361,152009334.0,159992.SZ,2020-11-03,NA,NA,CNY
1.359,1.373,1.357,1.369,128311011.0,159992.SZ,2020-11-04,NA,NA,CNY
1.378,1.388,1.359,1.374,153986468.0,159992.SZ,2020-11-05,NA,NA,CNY
1.371,1.374,1.313,1.331,320241283.0,159992.SZ,2020-11-06,NA,NA,CNY
1.332,1.368,1.33,1.356,256135564.0,159992.SZ,2020-11-09,NA,NA,CNY
1.373,1.389,1.339,1.344,213761260.0,159992.SZ,2020-11-10,NA,NA,CNY
1.335,1.336,1.302,1.305,212513444.0,159992.SZ,2020-11-11,NA,NA,CNY
1.306,1.334,1.306,1.322,137837365.0,159992.SZ,2020-11-12,NA,NA,CNY
1.31,1.318,1.303,1.316,94463543.0,159992.SZ,2020-11-13,NA,NA,CNY
1.32,1.329,1.307,1.328,114746727.0,159992.SZ,2020-11-16,NA,NA,CNY
1.327,1.327,1.284,1.292,279726858.0,159992.SZ,2020-11-17,NA,NA,CNY
1.288,1.3,1.263,1.267,296206956.0,159992.SZ,2020-11-18,NA,NA,CNY
1.264,1.278,1.254,1.276,149963535.0,159992.SZ,2020-11-19,NA,NA,CNY
1.276,1.288,1.276,1.279,108206694.0,159992.SZ,2020-11-20,NA,NA,CNY
1.286,1.288,1.263,1.276,187265192.0,159992.SZ,2020-11-23,NA,NA,CNY
1.272,1.274,1.255,1.26,219287301.0,159992.SZ,2020-11-24,NA,NA,CNY
1.26,1.26,1.227,1.23,360391770.0,159992.SZ,2020-11-25,NA,NA,CNY
1.228,1.236,1.215,1.222,193672501.0,159992.SZ,2020-11-26,NA,NA,CNY
1.224,1.232,1.211,1.228,159715962.0,159992.SZ,2020-11-27,NA,NA,CNY
1.226,1.244,1.212,1.235,251468362.0,159992.SZ,2020-11-30,NA,NA,CNY
1.234,1.277,1.234,1.272,384970180.0,159992.SZ,2020-12-01,NA,NA,CNY
1.277,1.277,1.259,1.27,256315342.0,159992.SZ,2020-12-02,NA,NA,CNY
1.267,1.311,1.266,1.301,351098621.0,159992.SZ,2020-12-03,NA,NA,CNY
1.297,1.32,1.29,1.318,228743561.0,159992.SZ,2020-12-04,NA,NA,CNY
1.301,1.313,1.294,1.3,168949748.0,159992.SZ,2020-12-07,NA,NA,CNY
1.301,1.311,1.298,1.301,97329195.0,159992.SZ,2020-12-08,NA,NA,CNY
1.299,1.307,1.279,1.279,147516909.0,159992.SZ,2020-12-09,NA,NA,CNY
1.272,1.291,1.268,1.291,116486429.0,159992.SZ,2020-12-10,NA,NA,CNY
1.293,1.294,1.27,1.277,111460748.0,159992.SZ,2020-12-11,NA,NA,CNY
1.277,1.288,1.264,1.286,114897064.0,159992.SZ,2020-12-14,NA,NA,CNY
1.281,1.327,1.279,1.32,242459166.0,159992.SZ,2020-12-15,NA,NA,CNY
1.32,1.332,1.309,1.327,175404825.0,159992.SZ,2020-12-16,NA,NA,CNY
1.349,1.379,1.348,1.369,528052281.0,159992.SZ,2020-12-17,NA,NA,CNY
1.365,1.383,1.354,1.372,197455368.0,159992.SZ,2020-12-18,NA,NA,CNY
1.374,1.392,1.36,1.389,194388793.0,159992.SZ,2020-12-21,NA,NA,CNY
1.391,1.411,1.375,1.378,259512490.0,159992.SZ,2020-12-22,NA,NA,CNY
1.379,1.384,1.352,1.376,208541674.0,159992.SZ,2020-12-23,NA,NA,CNY
1.373,1.389,1.36,1.366,128721443.0,159992.SZ,2020-12-24,NA,NA,CNY
1.363,1.398,1.361,1.396,167658431.0,159992.SZ,2020-12-25,NA,NA,CNY
1.4,1.404,1.374,1.377,144000196.0,159992.SZ,2020-12-28,NA,NA,CNY
1.377,1.382,1.35,1.359,116449938.0,159992.SZ,2020-12-29,NA,NA,CNY
1.358,1.381,1.357,1.378,162511753.0,159992.SZ,2020-12-30,NA,NA,CNY
1.379,1.402,1.367,1.394,171337216.0,159992.SZ,2020-12-31,NA,NA,CNY
1.391,1.404,1.379,1.393,196774847.0,159992.SZ,2021-01-04,NA,NA,CNY
1.388,1.41,1.38,1.41,223603201.0,159992.SZ,2021-01-05,NA,NA,CNY
1.414,1.435,1.4,1.434,234665582.0,159992.SZ,2021-01-06,NA,NA,CNY
1.429,1.436,1.408,1.428,190776899.0,159992.SZ,2021-01-07,NA,NA,CNY
1.427,1.45,1.415,1.431,160505559.0,159992.SZ,2021-01-08,NA,NA,CNY
1.428,1.435,1.394,1.403,167694252.0,159992.SZ,2021-01-11,NA,NA,CNY
1.399,1.425,1.388,1.424,150664048.0,159992.SZ,2021-01-12,NA,NA,CNY
1.426,1.428,1.385,1.395,197530529.0,159992.SZ,2021-01-13,NA,NA,CNY
1.387,1.393,1.366,1.372,166288178.0,159992.SZ,2021-01-14,NA,NA,CNY
1.372,1.382,1.355,1.375,129659033.0,159992.SZ,2021-01-15,NA,NA,CNY
1.375,1.393,1.355,1.386,136289073.0,159992.SZ,2021-01-18,NA,NA,CNY
1.385,1.391,1.36,1.362,135594212.0,159992.SZ,2021-01-19,NA,NA,CNY
1.367,1.417,1.367,1.415,288574748.0,159992.SZ,2021-01-20,NA,NA,CNY
1.426,1.449,1.425,1.441,242254487.0,159992.SZ,2021-01-21,NA,NA,CNY
1.447,1.506,1.447,1.506,317674205.0,159992.SZ,2021-01-22,NA,NA,CNY
1.511,1.534,1.499,1.521,241837357.0,159992.SZ,2021-01-25,NA,NA,CNY
1.51,1.51,1.473,1.475,167117456.0,159992.SZ,2021-01-26,NA,NA,CNY
1.475,1.484,1.439,1.463,126261969.0,159992.SZ,2021-01-27,NA,NA,CNY
1.447,1.47,1.421,1.425,123528749.0,159992.SZ,2021-01-28,NA,NA,CNY
1.437,1.448,1.396,1.416,122240841.0,159992.SZ,2021-01-29,NA,NA,CNY
1.414,1.455,1.409,1.455,131574202.0,159992.SZ,2021-02-01,NA,NA,CNY
1.457,1.475,1.426,1.472,132916086.0,159992.SZ,2021-02-02,NA,NA,CNY
1.465,1.516,1.462,1.493,218733407.0,159992.SZ,2021-02-03,NA,NA,CNY
1.485,1.505,1.451,1.472,130991718.0,159992.SZ,2021-02-04,NA,NA,CNY
1.472,1.53,1.472,1.502,230601891.0,159992.SZ,2021-02-05,NA,NA,CNY
1.505,1.531,1.493,1.523,120376486.0,159992.SZ,2021-02-08,NA,NA,CNY
1.531,1.554,1.522,1.548,130889421.0,159992.SZ,2021-02-09,NA,NA,CNY
1.548,1.606,1.532,1.593,170658764.0,159992.SZ,2021-02-10,NA,NA,CNY
1.62,1.622,1.52,1.524,201189710.0,159992.SZ,2021-02-18,NA,NA,CNY
1.512,1.532,1.478,1.512,171761171.0,159992.SZ,2021-02-19,NA,NA,CNY
1.514,1.516,1.447,1.448,190127011.0,159992.SZ,2021-02-22,NA,NA,CNY
1.436,1.475,1.43,1.458,151321677.0,159992.SZ,2021-02-23,NA,NA,CNY
1.454,1.457,1.393,1.405,226960139.0,159992.SZ,2021-02-24,NA,NA,CNY
1.412,1.424,1.394,1.399,139846796.0,159992.SZ,2021-02-25,NA,NA,CNY
1.377,1.411,1.361,1.389,144848940.0,159992.SZ,2021-02-26,NA,NA,CNY
1.4,1.418,1.374,1.418,199460637.0,159992.SZ,2021-03-01,NA,NA,CNY
1.422,1.424,1.371,1.383,137593785.0,159992.SZ,2021-03-02,NA,NA,CNY
1.382,1.409,1.372,1.406,102843884.0,159992.SZ,2021-03-03,NA,NA,CNY
1.391,1.391,1.351,1.356,136579225.0,159992.SZ,2021-03-04,NA,NA,CNY
1.339,1.366,1.329,1.355,97743520.0,159992.SZ,2021-03-05,NA,NA,CNY
1.364,1.377,1.282,1.283,171404582.0,159992.SZ,2021-03-08,NA,NA,CNY
1.275,1.289,1.226,1.246,153345561.0,159992.SZ,2021-03-09,NA,NA,CNY
1.271,1.284,1.259,1.269,107828140.0,159992.SZ,2021-03-10,NA,NA,CNY
1.265,1.318,1.265,1.305,123241898.0,159992.SZ,2021-03-11,NA,NA,CNY
1.306,1.31,1.278,1.305,84025737.0,159992.SZ,2021-03-12,NA,NA,CNY
1.298,1.299,1.24,1.256,108693125.0,159992.SZ,2021-03-15,NA,NA,CNY
1.265,1.28,1.246,1.271,92037603.0,159992.SZ,2021-03-16,NA,NA,CNY
1.266,1.286,1.249,1.28,78795329.0,159992.SZ,2021-03-17,NA,NA,CNY
1.289,1.32,1.285,1.319,112974207.0,159992.SZ,2021-03-18,NA,NA,CNY
1.298,1.318,1.287,1.295,84252801.0,159992.SZ,2021-03-19,NA,NA,CNY
1.295,1.327,1.289,1.31,84359944.0,159992.SZ,2021-03-22,NA,NA,CNY
1.309,1.326,1.292,1.307,82799469.0,159992.SZ,2021-03-23,NA,NA,CNY
1.302,1.32,1.289,1.296,86184938.0,159992.SZ,2021-03-24,NA,NA,CNY
1.29,1.312,1.276,1.307,70791740.0,159992.SZ,2021-03-25,NA,NA,CNY
1.314,1.355,1.313,1.352,140553242.0,159992.SZ,2021-03-26,NA,NA,CNY
1.355,1.365,1.338,1.35,89820888.0,159992.SZ,2021-03-29,NA,NA,CNY
1.349,1.39,1.345,1.374,105196363.0,159992.SZ,2021-03-30,NA,NA,CNY
1.376,1.376,1.346,1.362,66632840.0,159992.SZ,2021-03-31,NA,NA,CNY
1.362,1.386,1.361,1.383,85013942.0,159992.SZ,2021-04-01,NA,NA,CNY
1.385,1.399,1.376,1.385,123739103.0,159992.SZ,2021-04-02,NA,NA,CNY
1.384,1.389,1.366,1.375,82707773.0,159992.SZ,2021-04-06,NA,NA,CNY
1.374,1.38,1.352,1.368,78548886.0,159992.SZ,2021-04-07,NA,NA,CNY
1.367,1.395,1.356,1.392,99585774.0,159992.SZ,2021-04-08,NA,NA,CNY
1.39,1.392,1.36,1.363,79720073.0,159992.SZ,2021-04-09,NA,NA,CNY
1.366,1.377,1.326,1.331,99817432.0,159992.SZ,2021-04-12,NA,NA,CNY
1.328,1.357,1.326,1.343,68977447.0,159992.SZ,2021-04-13,NA,NA,CNY
1.343,1.359,1.328,1.347,74682166.0,159992.SZ,2021-04-14,NA,NA,CNY
1.343,1.354,1.326,1.347,88469138.0,159992.SZ,2021-04-15,NA,NA,CNY
1.352,1.354,1.326,1.339,84628511.0,159992.SZ,2021-04-16,NA,NA,CNY
1.339,1.383,1.331,1.378,113360755.0,159992.SZ,2021-04-19,NA,NA,CNY
1.377,1.396,1.365,1.385,99384687.0,159992.SZ,2021-04-20,NA,NA,CNY
1.377,1.415,1.377,1.415,131612053.0,159992.SZ,2021-04-21,NA,NA,CNY
1.416,1.425,1.405,1.42,104478006.0,159992.SZ,2021-04-22,NA,NA,CNY
1.417,1.448,1.416,1.441,110185081.0,159992.SZ,2021-04-23,NA,NA,CNY
1.453,1.496,1.44,1.441,167715125.0,159992.SZ,2021-04-26,NA,NA,CNY
1.437,1.483,1.432,1.483,117402660.0,159992.SZ,2021-04-27,NA,NA,CNY
1.481,1.519,1.471,1.516,127968266.0,159992.SZ,2021-04-28,NA,NA,CNY
1.513,1.525,1.482,1.509,115333005.0,159992.SZ,2021-04-29,NA,NA,CNY
1.508,1.558,1.505,1.543,147851132.0,159992.SZ,2021-04-30,NA,NA,CNY
1.51,1.516,1.445,1.471,171382356.0,159992.SZ,2021-05-06,NA,NA,CNY
1.47,1.487,1.425,1.426,112922453.0,159992.SZ,2021-05-07,NA,NA,CNY
1.442,1.478,1.442,1.461,92263195.0,159992.SZ,2021-05-10,NA,NA,CNY
1.45,1.489,1.435,1.484,112158146.0,159992.SZ,2021-05-11,NA,NA,CNY
1.479,1.52,1.468,1.52,102788822.0,159992.SZ,2021-05-12,NA,NA,CNY
1.504,1.539,1.497,1.527,100909963.0,159992.SZ,2021-05-13,NA,NA,CNY
1.531,1.585,1.521,1.564,157223242.0,159992.SZ,2021-05-14,NA,NA,CNY
1.589,1.608,1.584,1.591,143786350.0,159992.SZ,2021-05-17,NA,NA,CNY
1.591,1.597,1.549,1.566,101037087.0,159992.SZ,2021-05-18,NA,NA,CNY
1.562,1.577,1.543,1.56,94696467.0,159992.SZ,2021-05-19,NA,NA,CNY
1.555,1.575,1.553,1.561,66782072.0,159992.SZ,2021-05-20,NA,NA,CNY
1.567,1.577,1.528,1.529,124880567.0,159992.SZ,2021-05-21,NA,NA,CNY
1.525,1.534,1.483,1.519,146572935.0,159992.SZ,2021-05-24,NA,NA,CNY
1.538,1.564,1.536,1.562,114279142.0,159992.SZ,2021-05-25,NA,NA,CNY
1.559,1.568,1.53,1.56,104829103.0,159992.SZ,2021-05-26,NA,NA,CNY
1.557,1.565,1.534,1.558,76313464.0,159992.SZ,2021-05-27,NA,NA,CNY
1.553,1.559,1.512,1.523,132721462.0,159992.SZ,2021-05-28,NA,NA,CNY
1.523,1.569,1.523,1.562,116962466.0,159992.SZ,2021-05-31,NA,NA,CNY
1.564,1.586,1.548,1.584,112737087.0,159992.SZ,2021-06-01,NA,NA,CNY
1.585,1.594,1.546,1.551,112763882.0,159992.SZ,2021-06-02,NA,NA,CNY
1.55,1.556,1.521,1.526,90204244.0,159992.SZ,2021-06-03,NA,NA,CNY
1.518,1.544,1.502,1.538,79567693.0,159992.SZ,2021-06-04,NA,NA,CNY
1.534,1.557,1.522,1.551,91767781.0,159992.SZ,2021-06-07,NA,NA,CNY
1.554,1.568,1.517,1.529,91896137.0,159992.SZ,2021-06-08,NA,NA,CNY
1.53,1.534,1.512,1.524,69400493.0,159992.SZ,2021-06-09,NA,NA,CNY
1.528,1.554,1.527,1.543,87237767.0,159992.SZ,2021-06-10,NA,NA,CNY
1.545,1.553,1.522,1.545,76282139.0,159992.SZ,2021-06-11,NA,NA,CNY
1.537,1.547,1.511,1.516,98106070.0,159992.SZ,2021-06-15,NA,NA,CNY
1.511,1.516,1.466,1.47,87589825.0,159992.SZ,2021-06-16,NA,NA,CNY
1.47,1.488,1.466,1.477,83860271.0,159992.SZ,2021-06-17,NA,NA,CNY
1.481,1.502,1.475,1.491,82371910.0,159992.SZ,2021-06-18,NA,NA,CNY
1.491,1.511,1.473,1.507,77832794.0,159992.SZ,2021-06-21,NA,NA,CNY
1.513,1.529,1.486,1.527,101886237.0,159992.SZ,2021-06-22,NA,NA,CNY
1.526,1.545,1.519,1.53,87121729.0,159992.SZ,2021-06-23,NA,NA,CNY
1.53,1.53,1.489,1.501,86747140.0,159992.SZ,2021-06-24,NA,NA,CNY
1.502,1.53,1.495,1.529,101484870.0,159992.SZ,2021-06-25,NA,NA,CNY
1.531,1.555,1.527,1.554,93600621.0,159992.SZ,2021-06-28,NA,NA,CNY
1.557,1.56,1.532,1.537,77379708.0,159992.SZ,2021-06-29,NA,NA,CNY
1.533,1.545,1.527,1.536,68326007.0,159992.SZ,2021-06-30,NA,NA,CNY
1.539,1.579,1.538,1.562,138133779.0,159992.SZ,2021-07-01,NA,NA,CNY
1.564,1.564,1.497,1.498,129803829.0,159992.SZ,2021-07-02,NA,NA,CNY
1.49,1.5,1.459,1.473,114304527.0,159992.SZ,2021-07-05,NA,NA,CNY
1.47,1.471,1.399,1.428,164587569.0,159992.SZ,2021-07-06,NA,NA,CNY
1.415,1.464,1.412,1.454,107299995.0,159992.SZ,2021-07-07,NA,NA,CNY
1.455,1.464,1.433,1.436,77382565.0,159992.SZ,2021-07-08,NA,NA,CNY
1.43,1.444,1.403,1.442,86000622.0,159992.SZ,2021-07-09,NA,NA,CNY
1.443,1.494,1.43,1.49,124328410.0,159992.SZ,2021-07-12,NA,NA,CNY
1.485,1.502,1.471,1.494,117953386.0,159992.SZ,2021-07-13,NA,NA,CNY
1.486,1.536,1.482,1.508,102685644.0,159992.SZ,2021-07-14,NA,NA,CNY
1.508,1.516,1.491,1.515,76122950.0,159992.SZ,2021-07-15,NA,NA,CNY
1.51,1.525,1.497,1.509,67969934.0,159992.SZ,2021-07-16,NA,NA,CNY
1.505,1.54,1.505,1.531,79680144.0,159992.SZ,2021-07-19,NA,NA,CNY
1.533,1.555,1.525,1.537,68703616.0,159992.SZ,2021-07-20,NA,NA,CNY
1.538,1.563,1.528,1.558,109477692.0,159992.SZ,2021-07-21,NA,NA,CNY
1.558,1.558,1.503,1.51,117986011.0,159992.SZ,2021-07-22,NA,NA,CNY
1.505,1.508,1.466,1.473,114703170.0,159992.SZ,2021-07-23,NA,NA,CNY
1.468,1.468,1.378,1.407,188225521.0,159992.SZ,2021-07-26,NA,NA,CNY
1.397,1.411,1.366,1.368,113585021.0,159992.SZ,2021-07-27,NA,NA,CNY
1.368,1.399,1.348,1.399,132860051.0,159992.SZ,2021-07-28,NA,NA,CNY
1.415,1.441,1.413,1.43,120967190.0,159992.SZ,2021-07-29,NA,NA,CNY
1.427,1.433,1.391,1.426,116992817.0,159992.SZ,2021-07-30,NA,NA,CNY
1.426,1.452,1.384,1.45,129189582.0,159992.SZ,2021-08-02,NA,NA,CNY
1.44,1.52,1.435,1.514,188824085.0,159992.SZ,2021-08-03,NA,NA,CNY
1.513,1.53,1.49,1.52,122073735.0,159992.SZ,2021-08-04,NA,NA,CNY
1.513,1.548,1.511,1.525,150207037.0,159992.SZ,2021-08-05,NA,NA,CNY
1.514,1.514,1.454,1.469,124664364.0,159992.SZ,2021-08-06,NA,NA,CNY
1.454,1.472,1.44,1.467,67658566.0,159992.SZ,2021-08-09,NA,NA,CNY
1.471,1.479,1.452,1.473,75357430.0,159992.SZ,2021-08-10,NA,NA,CNY
1.473,1.473,1.445,1.449,106912942.0,159992.SZ,2021-08-11,NA,NA,CNY
1.436,1.449,1.419,1.431,79438758.0,159992.SZ,2021-08-12,NA,NA,CNY
1.437,1.442,1.417,1.426,71983065.0,159992.SZ,2021-08-13,NA,NA,CNY
1.423,1.43,1.411,1.415,53325514.0,159992.SZ,2021-08-16,NA,NA,CNY
1.411,1.421,1.356,1.361,148995709.0,159992.SZ,2021-08-17,NA,NA,CNY
1.361,1.379,1.356,1.365,98695305.0,159992.SZ,2021-08-18,NA,NA,CNY
1.368,1.388,1.365,1.381,77727433.0,159992.SZ,2021-08-19,NA,NA,CNY
1.371,1.371,1.31,1.324,171381915.0,159992.SZ,2021-08-20,NA,NA,CNY
1.32,1.354,1.306,1.346,103614839.0,159992.SZ,2021-08-23,NA,NA,CNY
1.346,1.381,1.34,1.376,109478821.0,159992.SZ,2021-08-24,NA,NA,CNY
1.371,1.389,1.363,1.379,67586876.0,159992.SZ,2021-08-25,NA,NA,CNY
1.378,1.38,1.332,1.335,91355307.0,159992.SZ,2021-08-26,NA,NA,CNY
1.329,1.359,1.328,1.334,70661976.0,159992.SZ,2021-08-27,NA,NA,CNY
1.346,1.358,1.33,1.34,75371521.0,159992.SZ,2021-08-30,NA,NA,CNY
1.332,1.354,1.311,1.32,72241787.0,159992.SZ,2021-08-31,NA,NA,CNY
1.319,1.353,1.295,1.34,99962443.0,159992.SZ,2021-09-01,NA,NA,CNY
1.34,1.344,1.293,1.296,163328045.0,159992.SZ,2021-09-02,NA,NA,CNY
1.294,1.308,1.277,1.3,83364834.0,159992.SZ,2021-09-03,NA,NA,CNY
1.3,1.367,1.298,1.363,179105549.0,159992.SZ,2021-09-06,NA,NA,CNY
1.363,1.364,1.347,1.364,86742703.0,159992.SZ,2021-09-07,NA,NA,CNY
1.364,1.369,1.346,1.355,73151218.0,159992.SZ,2021-09-08,NA,NA,CNY
1.35,1.367,1.343,1.354,72208423.0,159992.SZ,2021-09-09,NA,NA,CNY
1.353,1.353,1.332,1.35,78323840.0,159992.SZ,2021-09-10,NA,NA,CNY
1.356,1.369,1.334,1.338,78433600.0,159992.SZ,2021-09-13,NA,NA,CNY
1.34,1.363,1.339,1.356,101744794.0,159992.SZ,2021-09-14,NA,NA,CNY
1.356,1.357,1.333,1.338,78013290.0,159992.SZ,2021-09-15,NA,NA,CNY
1.332,1.347,1.323,1.331,73053055.0,159992.SZ,2021-09-16,NA,NA,CNY
1.334,1.393,1.322,1.383,174881016.0,159992.SZ,2021-09-17,NA,NA,CNY
1.371,1.401,1.363,1.382,94775827.0,159992.SZ,2021-09-22,NA,NA,CNY
1.384,1.397,1.363,1.379,83327909.0,159992.SZ,2021-09-23,NA,NA,CNY
1.377,1.399,1.365,1.383,90538722.0,159992.SZ,2021-09-24,NA,NA,CNY
1.383,1.414,1.377,1.394,164575338.0,159992.SZ,2021-09-27,NA,NA,CNY
1.387,1.403,1.372,1.385,81513905.0,159992.SZ,2021-09-28,NA,NA,CNY
1.374,1.382,1.355,1.363,92535007.0,159992.SZ,2021-09-29,NA,NA,CNY
1.358,1.378,1.358,1.372,80854289.0,159992.SZ,2021-09-30,NA,NA,CNY
1.366,1.383,1.342,1.369,85394826.0,159992.SZ,2021-10-08,NA,NA,CNY
1.369,1.385,1.343,1.345,114637765.0,159992.SZ,2021-10-11,NA,NA,CNY
1.347,1.36,1.327,1.336,92530509.0,159992.SZ,2021-10-12,NA,NA,CNY
1.334,1.364,1.33,1.359,86466043.0,159992.SZ,2021-10-13,NA,NA,CNY
1.354,1.365,1.34,1.346,67666387.0,159992.SZ,2021-10-14,NA,NA,CNY
1.34,1.347,1.332,1.341,68997815.0,159992.SZ,2021-10-15,NA,NA,CNY
1.337,1.337,1.312,1.319,95295505.0,159992.SZ,2021-10-18,NA,NA,CNY
1.32,1.348,1.318,1.345,95150855.0,159992.SZ,2021-10-19,NA,NA,CNY
1.341,1.349,1.316,1.335,105246150.0,159992.SZ,2021-10-20,NA,NA,CNY
1.332,1.341,1.322,1.326,63857092.0,159992.SZ,2021-10-21,NA,NA,CNY
1.328,1.341,1.32,1.335,72181164.0,159992.SZ,2021-10-22,NA,NA,CNY
1.335,1.344,1.33,1.34,63113814.0,159992.SZ,2021-10-25,NA,NA,CNY
1.34,1.344,1.319,1.32,113129507.0,159992.SZ,2021-10-26,NA,NA,CNY
1.322,1.322,1.295,1.298,109180304.0,159992.SZ,2021-10-27,NA,NA,CNY
1.291,1.306,1.286,1.294,74296402.0,159992.SZ,2021-10-28,NA,NA,CNY
1.293,1.315,1.271,1.313,113381221.0,159992.SZ,2021-10-29,NA,NA,CNY
1.31,1.314,1.275,1.279,178647375.0,159992.SZ,2021-11-01,NA,NA,CNY
1.279,1.282,1.249,1.255,161807415.0,159992.SZ,2021-11-02,NA,NA,CNY
1.256,1.271,1.256,1.263,85699911.0,159992.SZ,2021-11-03,NA,NA,CNY
1.26,1.268,1.251,1.258,114368707.0,159992.SZ,2021-11-04,NA,NA,CNY
1.254,1.269,1.251,1.254,107223710.0,159992.SZ,2021-11-05,NA,NA,CNY
1.252,1.253,1.213,1.22,197833394.0,159992.SZ,2021-11-08,NA,NA,CNY
1.22,1.24,1.22,1.237,108969608.0,159992.SZ,2021-11-09,NA,NA,CNY
1.24,1.285,1.226,1.278,294882139.0,159992.SZ,2021-11-10,NA,NA,CNY
1.278,1.288,1.268,1.272,131108985.0,159992.SZ,2021-11-11,NA,NA,CNY
1.272,1.279,1.265,1.272,93623797.0,159992.SZ,2021-11-12,NA,NA,CNY
1.271,1.294,1.269,1.294,141817467.0,159992.SZ,2021-11-15,NA,NA,CNY
1.293,1.331,1.292,1.325,230112338.0,159992.SZ,2021-11-16,NA,NA,CNY
1.332,1.346,1.323,1.331,137632325.0,159992.SZ,2021-11-17,NA,NA,CNY
1.331,1.331,1.305,1.308,91104201.0,159992.SZ,2021-11-18,NA,NA,CNY
1.304,1.311,1.297,1.306,74867445.0,159992.SZ,2021-11-19,NA,NA,CNY
1.306,1.31,1.293,1.299,123672714.0,159992.SZ,2021-11-22,NA,NA,CNY
1.301,1.307,1.292,1.304,113512515.0,159992.SZ,2021-11-23,NA,NA,CNY
1.304,1.319,1.297,1.317,117781051.0,159992.SZ,2021-11-24,NA,NA,CNY
1.317,1.341,1.313,1.337,153301740.0,159992.SZ,2021-11-25,NA,NA,CNY
1.336,1.357,1.336,1.34,179150078.0,159992.SZ,2021-11-26,NA,NA,CNY
1.372,1.388,1.344,1.348,164591759.0,159992.SZ,2021-11-29,NA,NA,CNY
1.341,1.346,1.327,1.345,122643345.0,159992.SZ,2021-11-30,NA,NA,CNY
1.34,1.34,1.321,1.323,97765761.0,159992.SZ,2021-12-01,NA,NA,CNY
1.32,1.326,1.302,1.304,112574886.0,159992.SZ,2021-12-02,NA,NA,CNY
1.305,1.315,1.301,1.309,107135682.0,159992.SZ,2021-12-03,NA,NA,CNY
1.309,1.309,1.278,1.279,149108751.0,159992.SZ,2021-12-06,NA,NA,CNY
1.285,1.291,1.278,1.284,108355139.0,159992.SZ,2021-12-07,NA,NA,CNY
1.287,1.305,1.281,1.304,132572724.0,159992.SZ,2021-12-08,NA,NA,CNY
1.307,1.332,1.297,1.33,203753606.0,159992.SZ,2021-12-09,NA,NA,CNY
1.325,1.327,1.312,1.316,132374802.0,159992.SZ,2021-12-10,NA,NA,CNY
1.318,1.324,1.304,1.305,145087216.0,159992.SZ,2021-12-13,NA,NA,CNY
1.308,1.321,1.305,1.311,120372640.0,159992.SZ,2021-12-14,NA,NA,CNY
1.309,1.309,1.266,1.27,217392944.0,159992.SZ,2021-12-15,NA,NA,CNY
1.266,1.283,1.264,1.278,148586384.0,159992.SZ,2021-12-16,NA,NA,CNY
1.28,1.294,1.266,1.267,132148749.0,159992.SZ,2021-12-17,NA,NA,CNY
1.26,1.271,1.238,1.242,148368200.0,159992.SZ,2021-12-20,NA,NA,CNY
1.24,1.25,1.239,1.247,93159986.0,159992.SZ,2021-12-21,NA,NA,CNY
1.247,1.247,1.238,1.244,67522037.0,159992.SZ,2021-12-22,NA,NA,CNY
1.247,1.249,1.23,1.234,111782351.0,159992.SZ,2021-12-23,NA,NA,CNY
1.235,1.241,1.228,1.237,99701215.0,159992.SZ,2021-12-24,NA,NA,CNY
1.239,1.247,1.232,1.247,117522116.0,159992.SZ,2021-12-27,NA,NA,CNY
1.244,1.256,1.23,1.256,157162298.0,159992.SZ,2021-12-28,NA,NA,CNY
1.253,1.272,1.246,1.249,126740254.0,159992.SZ,2021-12-29,NA,NA,CNY
1.248,1.257,1.242,1.257,85305226.0,159992.SZ,2021-12-30,NA,NA,CNY
1.257,1.26,1.251,1.256,93252831.0,159992.SZ,2021-12-31,NA,NA,CNY
1.249,1.249,1.216,1.22,239601620.0,159992.SZ,2022-01-04,NA,NA,CNY
1.218,1.218,1.196,1.201,172788939.0,159992.SZ,2022-01-05,NA,NA,CNY
1.196,1.204,1.183,1.197,126604307.0,159992.SZ,2022-01-06,NA,NA,CNY
1.2,1.202,1.19,1.195,79678115.0,159992.SZ,2022-01-07,NA,NA,CNY
1.195,1.217,1.188,1.212,105444351.0,159992.SZ,2022-01-10,NA,NA,CNY
1.211,1.223,1.208,1.215,119791402.0,159992.SZ,2022-01-11,NA,NA,CNY
1.215,1.23,1.214,1.225,114142418.0,159992.SZ,2022-01-12,NA,NA,CNY
1.225,1.23,1.205,1.205,99170666.0,159992.SZ,2022-01-13,NA,NA,CNY
1.2,1.216,1.194,1.211,87533700.0,159992.SZ,2022-01-14,NA,NA,CNY
1.214,1.222,1.206,1.219,73211808.0,159992.SZ,2022-01-17,NA,NA,CNY
1.217,1.225,1.204,1.211,79913400.0,159992.SZ,2022-01-18,NA,NA,CNY
1.206,1.208,1.165,1.172,204453513.0,159992.SZ,2022-01-19,NA,NA,CNY
1.166,1.176,1.15,1.151,171970720.0,159992.SZ,2022-01-20,NA,NA,CNY
1.152,1.152,1.121,1.122,166038378.0,159992.SZ,2022-01-21,NA,NA,CNY
1.114,1.127,1.109,1.116,109079660.0,159992.SZ,2022-01-24,NA,NA,CNY
1.112,1.12,1.09,1.09,136995014.0,159992.SZ,2022-01-25,NA,NA,CNY
1.088,1.095,1.06,1.065,146201231.0,159992.SZ,2022-01-26,NA,NA,CNY
1.066,1.067,1.047,1.048,116108364.0,159992.SZ,2022-01-27,NA,NA,CNY
1.053,1.058,1.037,1.046,105291861.0,159992.SZ,2022-01-28,NA,NA,CNY
1.059,1.072,1.053,1.057,94351331.0,159992.SZ,2022-02-07,NA,NA,CNY
1.041,1.044,1.025,1.044,124063664.0,159992.SZ,2022-02-08,NA,NA,CNY
1.044,1.056,1.03,1.055,139689081.0,159992.SZ,2022-02-09,NA,NA,CNY
1.053,1.054,1.03,1.033,139611173.0,159992.SZ,2022-02-10,NA,NA,CNY
1.03,1.031,1.001,1.002,175490628.0,159992.SZ,2022-02-11,NA,NA,CNY
1.002,1.026,1.002,1.015,146901981.0,159992.SZ,2022-02-14,NA,NA,CNY
1.015,1.053,1.009,1.053,196873618.0,159992.SZ,2022-02-15,NA,NA,CNY
1.053,1.061,1.049,1.051,108230489.0,159992.SZ,2022-02-16,NA,NA,CNY
1.05,1.056,1.043,1.052,80835053.0,159992.SZ,2022-02-17,NA,NA,CNY
1.045,1.06,1.04,1.057,90643652.0,159992.SZ,2022-02-18,NA,NA,CNY
1.071,1.073,1.057,1.065,92207995.0,159992.SZ,2022-02-21,NA,NA,CNY
1.057,1.057,1.038,1.042,72319827.0,159992.SZ,2022-02-22,NA,NA,CNY
1.04,1.063,1.039,1.063,76828655.0,159992.SZ,2022-02-23,NA,NA,CNY
1.057,1.076,1.031,1.042,143727373.0,159992.SZ,2022-02-24,NA,NA,CNY
1.05,1.085,1.049,1.078,204873773.0,159992.SZ,2022-02-25,NA,NA,CNY
1.076,1.084,1.064,1.077,78721836.0,159992.SZ,2022-02-28,NA,NA,CNY
1.077,1.092,1.076,1.088,100799436.0,159992.SZ,2022-03-01,NA,NA,CNY
1.08,1.081,1.065,1.073,78801104.0,159992.SZ,2022-03-02,NA,NA,CNY
1.078,1.08,1.065,1.07,70488543.0,159992.SZ,2022-03-03,NA,NA,CNY
1.063,1.089,1.061,1.075,109807122.0,159992.SZ,2022-03-04,NA,NA,CNY
1.069,1.07,1.035,1.036,101759041.0,159992.SZ,2022-03-07,NA,NA,CNY
1.031,1.047,1.0,1.001,130357834.0,159992.SZ,2022-03-08,NA,NA,CNY
1.001,1.006,0.936,0.976,265558869.0,159992.SZ,2022-03-09,NA,NA,CNY
0.995,1.018,0.995,1.017,133384985.0,159992.SZ,2022-03-10,NA,NA,CNY
1.002,1.043,1.0,1.041,138387732.0,159992.SZ,2022-03-11,NA,NA,CNY
1.047,1.066,1.035,1.035,139900874.0,159992.SZ,2022-03-14,NA,NA,CNY
1.022,1.045,1.003,1.004,142360757.0,159992.SZ,2022-03-15,NA,NA,CNY
1.017,1.04,0.985,1.037,138091109.0,159992.SZ,2022-03-16,NA,NA,CNY
1.048,1.096,1.044,1.072,250236947.0,159992.SZ,2022-03-17,NA,NA,CNY
1.072,1.097,1.063,1.095,177486987.0,159992.SZ,2022-03-18,NA,NA,CNY
1.102,1.117,1.09,1.117,155413236.0,159992.SZ,2022-03-21,NA,NA,CNY
1.11,1.113,1.085,1.09,118944590.0,159992.SZ,2022-03-22,NA,NA,CNY
1.091,1.118,1.08,1.11,129310234.0,159992.SZ,2022-03-23,NA,NA,CNY
1.098,1.156,1.093,1.145,251756032.0,159992.SZ,2022-03-24,NA,NA,CNY
1.141,1.144,1.108,1.111,149139828.0,159992.SZ,2022-03-25,NA,NA,CNY
1.1,1.112,1.091,1.097,101923212.0,159992.SZ,2022-03-28,NA,NA,CNY
1.098,1.115,1.087,1.105,117493756.0,159992.SZ,2022-03-29,NA,NA,CNY
1.111,1.122,1.092,1.119,107007156.0,159992.SZ,2022-03-30,NA,NA,CNY
1.117,1.138,1.11,1.115,123537694.0,159992.SZ,2022-03-31,NA,NA,CNY
1.102,1.103,1.089,1.098,113029709.0,159992.SZ,2022-04-01,NA,NA,CNY
1.105,1.116,1.094,1.1,93971407.0,159992.SZ,2022-04-06,NA,NA,CNY
1.088,1.102,1.071,1.071,104636150.0,159992.SZ,2022-04-07,NA,NA,CNY
1.072,1.074,1.049,1.052,95274720.0,159992.SZ,2022-04-08,NA,NA,CNY
1.047,1.057,1.028,1.031,85806105.0,159992.SZ,2022-04-11,NA,NA,CNY
1.028,1.052,1.024,1.05,98499722.0,159992.SZ,2022-04-12,NA,NA,CNY
1.042,1.042,1.008,1.012,127558520.0,159992.SZ,2022-04-13,NA,NA,CNY
1.02,1.025,0.994,1.006,123511467.0,159992.SZ,2022-04-14,NA,NA,CNY
1.001,1.041,0.998,1.03,124895818.0,159992.SZ,2022-04-15,NA,NA,CNY
1.023,1.031,1.01,1.029,92149944.0,159992.SZ,2022-04-18,NA,NA,CNY
1.025,1.032,1.001,1.006,90119732.0,159992.SZ,2022-04-19,NA,NA,CNY
1.006,1.012,0.988,0.992,105183000.0,159992.SZ,2022-04-20,NA,NA,CNY
0.986,1.0,0.961,0.966,152237208.0,159992.SZ,2022-04-21,NA,NA,CNY
0.963,0.968,0.946,0.96,144201131.0,159992.SZ,2022-04-22,NA,NA,CNY
0.94,0.945,0.902,0.903,128460815.0,159992.SZ,2022-04-25,NA,NA,CNY
0.902,0.923,0.894,0.905,105839014.0,159992.SZ,2022-04-26,NA,NA,CNY
0.892,0.923,0.879,0.922,128571815.0,159992.SZ,2022-04-27,NA,NA,CNY
0.919,0.923,0.902,0.92,98786210.0,159992.SZ,2022-04-28,NA,NA,CNY
0.922,0.951,0.917,0.948,119427308.0,159992.SZ,2022-04-29,NA,NA,CNY
0.943,0.953,0.937,0.947,71873310.0,159992.SZ,2022-05-05,NA,NA,CNY
0.93,0.939,0.92,0.927,101495501.0,159992.SZ,2022-05-06,NA,NA,CNY
0.926,0.943,0.921,0.94,69140905.0,159992.SZ,2022-05-09,NA,NA,CNY
0.93,0.951,0.926,0.949,79587076.0,159992.SZ,2022-05-10,NA,NA,CNY
0.95,0.997,0.95,0.977,176250502.0,159992.SZ,2022-05-11,NA,NA,CNY
0.97,0.999,0.966,0.991,130599368.0,159992.SZ,2022-05-12,NA,NA,CNY
0.999,1.004,0.979,0.987,72958712.0,159992.SZ,2022-05-13,NA,NA,CNY
0.991,0.994,0.967,0.968,73159099.0,159992.SZ,2022-05-16,NA,NA,CNY
0.968,0.97,0.944,0.954,128247602.0,159992.SZ,2022-05-17,NA,NA,CNY
0.954,0.958,0.94,0.943,104002016.0,159992.SZ,2022-05-18,NA,NA,CNY
0.93,0.942,0.928,0.941,96493808.0,159992.SZ,2022-05-19,NA,NA,CNY
0.947,0.971,0.947,0.963,132087108.0,159992.SZ,2022-05-20,NA,NA,CNY
0.969,0.973,0.956,0.964,83877913.0,159992.SZ,2022-05-23,NA,NA,CNY
0.964,0.964,0.918,0.918,143958109.0,159992.SZ,2022-05-24,NA,NA,CNY
0.92,0.925,0.914,0.921,74960200.0,159992.SZ,2022-05-25,NA,NA,CNY
0.921,0.926,0.903,0.915,81659901.0,159992.SZ,2022-05-26,NA,NA,CNY
0.921,0.94,0.92,0.923,102897299.0,159992.SZ,2022-05-27,NA,NA,CNY
0.923,0.932,0.911,0.928,101236030.0,159992.SZ,2022-05-30,NA,NA,CNY
0.927,0.946,0.915,0.944,147791007.0,159992.SZ,2022-05-31,NA,NA,CNY
0.942,0.948,0.928,0.936,94364003.0,159992.SZ,2022-06-01,NA,NA,CNY
0.932,0.935,0.918,0.925,136521346.0,159992.SZ,2022-06-02,NA,NA,CNY
0.971,1.0,0.97,0.981,16156785.0,159898.SZ,2021-06-04,NA,NA,CNY
0.978,0.983,0.968,0.98,17803186.0,159898.SZ,2021-06-07,NA,NA,CNY
0.981,0.992,0.961,0.97,14690188.0,159898.SZ,2021-06-08,NA,NA,CNY
0.966,0.976,0.961,0.969,7220417.0,159898.SZ,2021-06-09,NA,NA,CNY
0.969,0.973,0.966,0.972,7858301.0,159898.SZ,2021-06-10,NA,NA,CNY
0.968,0.976,0.956,0.959,5161394.0,159898.SZ,2021-06-11,NA,NA,CNY
0.959,0.966,0.949,0.952,4007557.0,159898.SZ,2021-06-15,NA,NA,CNY
0.952,0.952,0.921,0.922,6498338.0,159898.SZ,2021-06-16,NA,NA,CNY
0.92,0.938,0.92,0.934,3471760.0,159898.SZ,2021-06-17,NA,NA,CNY
0.934,0.956,0.934,0.954,4249687.0,159898.SZ,2021-06-18,NA,NA,CNY
0.95,0.977,0.945,0.975,10410443.0,159898.SZ,2021-06-21,NA,NA,CNY
0.975,0.992,0.966,0.989,7501243.0,159898.SZ,2021-06-22,NA,NA,CNY
0.989,0.994,0.976,0.985,4792382.0,159898.SZ,2021-06-23,NA,NA,CNY
0.995,0.995,0.961,0.97,3569613.0,159898.SZ,2021-06-24,NA,NA,CNY
0.97,0.996,0.968,0.991,11458754.0,159898.SZ,2021-06-25,NA,NA,CNY
0.996,1.015,0.996,1.014,73394752.0,159898.SZ,2021-06-28,NA,NA,CNY
1.014,1.02,1.006,1.019,39798099.0,159898.SZ,2021-06-29,NA,NA,CNY
1.015,1.018,1.007,1.011,16551113.0,159898.SZ,2021-06-30,NA,NA,CNY
1.015,1.029,1.01,1.02,42659527.0,159898.SZ,2021-07-01,NA,NA,CNY
1.02,1.02,0.981,0.982,15323076.0,159898.SZ,2021-07-02,NA,NA,CNY
0.982,1.007,0.975,0.997,14577744.0,159898.SZ,2021-07-05,NA,NA,CNY
1.0,1.0,0.951,0.968,13511068.0,159898.SZ,2021-07-06,NA,NA,CNY
0.968,1.0,0.968,0.998,4722541.0,159898.SZ,2021-07-07,NA,NA,CNY
0.997,1.002,0.976,0.978,5104903.0,159898.SZ,2021-07-08,NA,NA,CNY
0.981,0.981,0.95,0.97,5156040.0,159898.SZ,2021-07-09,NA,NA,CNY
0.974,0.99,0.963,0.985,4067015.0,159898.SZ,2021-07-12,NA,NA,CNY
0.985,0.995,0.976,0.985,1799789.0,159898.SZ,2021-07-13,NA,NA,CNY
0.985,1.003,0.977,0.995,5955504.0,159898.SZ,2021-07-14,NA,NA,CNY
1.003,1.005,0.98,0.991,2005513.0,159898.SZ,2021-07-15,NA,NA,CNY
0.983,0.989,0.967,0.969,4741401.0,159898.SZ,2021-07-16,NA,NA,CNY
0.969,0.981,0.963,0.975,1965712.0,159898.SZ,2021-07-19,NA,NA,CNY
0.97,0.989,0.97,0.979,2709403.0,159898.SZ,2021-07-20,NA,NA,CNY
0.979,0.987,0.975,0.983,2344551.0,159898.SZ,2021-07-21,NA,NA,CNY
0.983,0.983,0.963,0.965,3223431.0,159898.SZ,2021-07-22,NA,NA,CNY
0.97,0.97,0.929,0.932,10678712.0,159898.SZ,2021-07-23,NA,NA,CNY
0.93,0.93,0.87,0.885,11995512.0,159898.SZ,2021-07-26,NA,NA,CNY
0.886,0.898,0.867,0.867,3985807.0,159898.SZ,2021-07-27,NA,NA,CNY
0.866,0.891,0.86,0.89,3555215.0,159898.SZ,2021-07-28,NA,NA,CNY
0.895,0.916,0.895,0.903,6214214.0,159898.SZ,2021-07-29,NA,NA,CNY
0.901,0.901,0.874,0.896,2935603.0,159898.SZ,2021-07-30,NA,NA,CNY
0.903,0.91,0.875,0.907,3661263.0,159898.SZ,2021-08-02,NA,NA,CNY
0.908,0.946,0.9,0.941,7593120.0,159898.SZ,2021-08-03,NA,NA,CNY
0.938,0.938,0.916,0.929,4924035.0,159898.SZ,2021-08-04,NA,NA,CNY
0.929,0.929,0.912,0.918,2502600.0,159898.SZ,2021-08-05,NA,NA,CNY
0.918,0.92,0.888,0.896,12408003.0,159898.SZ,2021-08-06,NA,NA,CNY
0.897,0.905,0.887,0.902,3484544.0,159898.SZ,2021-08-09,NA,NA,CNY
0.902,0.917,0.892,0.916,6677911.0,159898.SZ,2021-08-10,NA,NA,CNY
0.916,0.916,0.895,0.897,5070305.0,159898.SZ,2021-08-11,NA,NA,CNY
0.897,0.905,0.886,0.887,3459512.0,159898.SZ,2021-08-12,NA,NA,CNY
0.888,0.897,0.879,0.884,1930003.0,159898.SZ,2021-08-13,NA,NA,CNY
0.885,0.901,0.882,0.894,2119301.0,159898.SZ,2021-08-16,NA,NA,CNY
0.896,0.896,0.865,0.879,4815709.0,159898.SZ,2021-08-17,NA,NA,CNY
0.876,0.883,0.867,0.871,2969309.0,159898.SZ,2021-08-18,NA,NA,CNY
0.872,0.883,0.867,0.871,2306307.0,159898.SZ,2021-08-19,NA,NA,CNY
0.867,0.868,0.806,0.815,11792537.0,159898.SZ,2021-08-20,NA,NA,CNY
0.815,0.827,0.806,0.823,5587050.0,159898.SZ,2021-08-23,NA,NA,CNY
0.823,0.836,0.819,0.832,2732721.0,159898.SZ,2021-08-24,NA,NA,CNY
0.831,0.848,0.828,0.843,2980403.0,159898.SZ,2021-08-25,NA,NA,CNY
0.845,0.846,0.82,0.82,2281281.0,159898.SZ,2021-08-26,NA,NA,CNY
0.822,0.831,0.812,0.826,5370929.0,159898.SZ,2021-08-27,NA,NA,CNY
0.821,0.821,0.803,0.806,2928819.0,159898.SZ,2021-08-30,NA,NA,CNY
0.805,0.81,0.795,0.8,1649906.0,159898.SZ,2021-08-31,NA,NA,CNY
0.8,0.806,0.782,0.803,3046913.0,159898.SZ,2021-09-01,NA,NA,CNY
0.803,0.803,0.781,0.784,4331914.0,159898.SZ,2021-09-02,NA,NA,CNY
0.784,0.789,0.771,0.783,8762632.0,159898.SZ,2021-09-03,NA,NA,CNY
0.783,0.822,0.78,0.817,7111201.0,159898.SZ,2021-09-06,NA,NA,CNY
0.822,0.823,0.809,0.817,1668400.0,159898.SZ,2021-09-07,NA,NA,CNY
0.824,0.824,0.801,0.806,3078145.0,159898.SZ,2021-09-08,NA,NA,CNY
0.806,0.808,0.796,0.797,2182100.0,159898.SZ,2021-09-09,NA,NA,CNY
0.797,0.803,0.79,0.797,3777244.0,159898.SZ,2021-09-10,NA,NA,CNY
0.797,0.811,0.794,0.795,1990907.0,159898.SZ,2021-09-13,NA,NA,CNY
0.796,0.806,0.795,0.802,4232710.0,159898.SZ,2021-09-14,NA,NA,CNY
0.8,0.801,0.784,0.788,3377717.0,159898.SZ,2021-09-15,NA,NA,CNY
0.791,0.794,0.779,0.784,2116039.0,159898.SZ,2021-09-16,NA,NA,CNY
0.784,0.82,0.778,0.815,6306948.0,159898.SZ,2021-09-17,NA,NA,CNY
0.812,0.831,0.807,0.819,3458911.0,159898.SZ,2021-09-22,NA,NA,CNY
0.815,0.831,0.815,0.821,2963310.0,159898.SZ,2021-09-23,NA,NA,CNY
0.822,0.84,0.817,0.836,3267308.0,159898.SZ,2021-09-24,NA,NA,CNY
0.836,0.852,0.83,0.837,4679702.0,159898.SZ,2021-09-27,NA,NA,CNY
0.837,0.847,0.829,0.834,2143705.0,159898.SZ,2021-09-28,NA,NA,CNY
0.839,0.84,0.822,0.825,2047900.0,159898.SZ,2021-09-29,NA,NA,CNY
0.825,0.84,0.824,0.834,6623910.0,159898.SZ,2021-09-30,NA,NA,CNY
0.836,0.842,0.825,0.836,1993332.0,159898.SZ,2021-10-08,NA,NA,CNY
0.837,0.846,0.825,0.826,3757400.0,159898.SZ,2021-10-11,NA,NA,CNY
0.825,0.846,0.82,0.834,6249004.0,159898.SZ,2021-10-12,NA,NA,CNY
0.835,0.849,0.827,0.848,3083201.0,159898.SZ,2021-10-13,NA,NA,CNY
0.847,0.854,0.83,0.837,3765715.0,159898.SZ,2021-10-14,NA,NA,CNY
0.829,0.832,0.817,0.82,6236102.0,159898.SZ,2021-10-15,NA,NA,CNY
0.819,0.825,0.795,0.8,5266711.0,159898.SZ,2021-10-18,NA,NA,CNY
0.801,0.809,0.8,0.806,1506900.0,159898.SZ,2021-10-19,NA,NA,CNY
0.809,0.809,0.79,0.797,2582937.0,159898.SZ,2021-10-20,NA,NA,CNY
0.804,0.808,0.797,0.8,1962201.0,159898.SZ,2021-10-21,NA,NA,CNY
0.8,0.804,0.798,0.799,2169009.0,159898.SZ,2021-10-22,NA,NA,CNY
0.799,0.805,0.797,0.805,1316426.0,159898.SZ,2021-10-25,NA,NA,CNY
0.805,0.81,0.801,0.802,2567410.0,159898.SZ,2021-10-26,NA,NA,CNY
0.801,0.801,0.785,0.788,3717601.0,159898.SZ,2021-10-27,NA,NA,CNY
0.788,0.788,0.778,0.78,3412200.0,159898.SZ,2021-10-28,NA,NA,CNY
0.78,0.786,0.774,0.782,2831800.0,159898.SZ,2021-10-29,NA,NA,CNY
0.782,0.782,0.771,0.779,1931000.0,159898.SZ,2021-11-01,NA,NA,CNY
0.779,0.78,0.764,0.772,3682609.0,159898.SZ,2021-11-02,NA,NA,CNY
0.77,0.785,0.77,0.782,4028903.0,159898.SZ,2021-11-03,NA,NA,CNY
0.788,0.788,0.779,0.783,1809510.0,159898.SZ,2021-11-04,NA,NA,CNY
0.777,0.788,0.776,0.782,2556030.0,159898.SZ,2021-11-05,NA,NA,CNY
0.78,0.78,0.764,0.766,3574200.0,159898.SZ,2021-11-08,NA,NA,CNY
0.766,0.769,0.765,0.769,2677400.0,159898.SZ,2021-11-09,NA,NA,CNY
0.769,0.773,0.76,0.773,3040828.0,159898.SZ,2021-11-10,NA,NA,CNY
0.775,0.779,0.773,0.778,2073107.0,159898.SZ,2021-11-11,NA,NA,CNY
0.78,0.782,0.779,0.781,1086430.0,159898.SZ,2021-11-12,NA,NA,CNY
0.781,0.796,0.781,0.794,6788634.0,159898.SZ,2021-11-15,NA,NA,CNY
0.793,0.815,0.793,0.81,8093510.0,159898.SZ,2021-11-16,NA,NA,CNY
0.81,0.815,0.806,0.811,2209600.0,159898.SZ,2021-11-17,NA,NA,CNY
0.812,0.812,0.795,0.795,1801910.0,159898.SZ,2021-11-18,NA,NA,CNY
0.8,0.802,0.793,0.801,2819019.0,159898.SZ,2021-11-19,NA,NA,CNY
0.801,0.801,0.793,0.798,2461903.0,159898.SZ,2021-11-22,NA,NA,CNY
0.798,0.802,0.795,0.797,1546107.0,159898.SZ,2021-11-23,NA,NA,CNY
0.797,0.803,0.792,0.802,1668127.0,159898.SZ,2021-11-24,NA,NA,CNY
0.805,0.815,0.805,0.815,5407793.0,159898.SZ,2021-11-25,NA,NA,CNY
0.818,0.818,0.809,0.81,2747401.0,159898.SZ,2021-11-26,NA,NA,CNY
0.818,0.837,0.807,0.81,5543314.0,159898.SZ,2021-11-29,NA,NA,CNY
0.813,0.818,0.801,0.818,3390202.0,159898.SZ,2021-11-30,NA,NA,CNY
0.818,0.818,0.804,0.805,2848317.0,159898.SZ,2021-12-01,NA,NA,CNY
0.805,0.808,0.791,0.792,2695825.0,159898.SZ,2021-12-02,NA,NA,CNY
0.792,0.801,0.787,0.8,2406563.0,159898.SZ,2021-12-03,NA,NA,CNY
0.798,0.798,0.782,0.789,3143700.0,159898.SZ,2021-12-06,NA,NA,CNY
0.786,0.788,0.778,0.782,4109003.0,159898.SZ,2021-12-07,NA,NA,CNY
0.784,0.79,0.779,0.79,2438719.0,159898.SZ,2021-12-08,NA,NA,CNY
0.791,0.816,0.791,0.813,8262902.0,159898.SZ,2021-12-09,NA,NA,CNY
0.813,0.817,0.808,0.814,5094441.0,159898.SZ,2021-12-10,NA,NA,CNY
0.813,0.822,0.812,0.816,4825100.0,159898.SZ,2021-12-13,NA,NA,CNY
0.825,0.825,0.819,0.82,5485902.0,159898.SZ,2021-12-14,NA,NA,CNY
0.82,0.823,0.804,0.806,4701909.0,159898.SZ,2021-12-15,NA,NA,CNY
0.808,0.814,0.805,0.808,4613207.0,159898.SZ,2021-12-16,NA,NA,CNY
0.809,0.809,0.796,0.798,3265508.0,159898.SZ,2021-12-17,NA,NA,CNY
0.795,0.81,0.795,0.801,5245508.0,159898.SZ,2021-12-20,NA,NA,CNY
0.8,0.804,0.794,0.802,3946613.0,159898.SZ,2021-12-21,NA,NA,CNY
0.802,0.809,0.802,0.808,4217829.0,159898.SZ,2021-12-22,NA,NA,CNY
0.808,0.808,0.796,0.798,3259100.0,159898.SZ,2021-12-23,NA,NA,CNY
0.799,0.805,0.793,0.801,2686602.0,159898.SZ,2021-12-24,NA,NA,CNY
0.799,0.806,0.795,0.801,3378802.0,159898.SZ,2021-12-27,NA,NA,CNY
0.797,0.809,0.795,0.807,2867400.0,159898.SZ,2021-12-28,NA,NA,CNY
0.806,0.815,0.801,0.807,5268903.0,159898.SZ,2021-12-29,NA,NA,CNY
0.807,0.824,0.737,0.818,8379527.0,159898.SZ,2021-12-30,NA,NA,CNY
0.822,0.824,0.811,0.819,5668935.0,159898.SZ,2021-12-31,NA,NA,CNY
0.823,0.823,0.801,0.803,7578704.0,159898.SZ,2022-01-04,NA,NA,CNY
0.803,0.803,0.79,0.791,7107539.0,159898.SZ,2022-01-05,NA,NA,CNY
0.792,0.798,0.775,0.785,8279633.0,159898.SZ,2022-01-06,NA,NA,CNY
0.779,0.797,0.779,0.784,12922700.0,159898.SZ,2022-01-07,NA,NA,CNY
0.786,0.801,0.78,0.799,10698110.0,159898.SZ,2022-01-10,NA,NA,CNY
0.795,0.801,0.785,0.79,6685500.0,159898.SZ,2022-01-11,NA,NA,CNY
0.79,0.815,0.787,0.814,25993300.0,159898.SZ,2022-01-12,NA,NA,CNY
0.814,0.82,0.797,0.805,16538301.0,159898.SZ,2022-01-13,NA,NA,CNY
0.797,0.839,0.797,0.836,30285721.0,159898.SZ,2022-01-14,NA,NA,CNY
0.836,0.836,0.816,0.825,28424918.0,159898.SZ,2022-01-17,NA,NA,CNY
0.823,0.823,0.791,0.795,16712300.0,159898.SZ,2022-01-18,NA,NA,CNY
0.79,0.8,0.782,0.784,18345000.0,159898.SZ,2022-01-19,NA,NA,CNY
0.786,0.795,0.775,0.78,18689816.0,159898.SZ,2022-01-20,NA,NA,CNY
0.777,0.787,0.743,0.745,29375001.0,159898.SZ,2022-01-21,NA,NA,CNY
0.741,0.745,0.735,0.741,12402011.0,159898.SZ,2022-01-24,NA,NA,CNY
0.74,0.743,0.717,0.717,11390609.0,159898.SZ,2022-01-25,NA,NA,CNY
0.715,0.726,0.707,0.713,7156703.0,159898.SZ,2022-01-26,NA,NA,CNY
0.712,0.717,0.699,0.699,9160802.0,159898.SZ,2022-01-27,NA,NA,CNY
0.7,0.707,0.694,0.696,8385607.0,159898.SZ,2022-01-28,NA,NA,CNY
0.701,0.707,0.701,0.704,4557500.0,159898.SZ,2022-02-07,NA,NA,CNY
0.703,0.705,0.688,0.7,8679500.0,159898.SZ,2022-02-08,NA,NA,CNY
0.7,0.708,0.693,0.707,3730705.0,159898.SZ,2022-02-09,NA,NA,CNY
0.705,0.709,0.698,0.701,4743600.0,159898.SZ,2022-02-10,NA,NA,CNY
0.696,0.696,0.671,0.672,10906415.0,159898.SZ,2022-02-11,NA,NA,CNY
0.671,0.68,0.666,0.672,5049841.0,159898.SZ,2022-02-14,NA,NA,CNY
0.674,0.697,0.673,0.696,9696500.0,159898.SZ,2022-02-15,NA,NA,CNY
0.697,0.71,0.694,0.704,6337431.0,159898.SZ,2022-02-16,NA,NA,CNY
0.704,0.708,0.697,0.702,3538902.0,159898.SZ,2022-02-17,NA,NA,CNY
0.696,0.708,0.694,0.707,4575700.0,159898.SZ,2022-02-18,NA,NA,CNY
0.708,0.713,0.702,0.709,10644145.0,159898.SZ,2022-02-21,NA,NA,CNY
0.71,0.71,0.691,0.698,12227900.0,159898.SZ,2022-02-22,NA,NA,CNY
0.698,0.712,0.692,0.711,6776400.0,159898.SZ,2022-02-23,NA,NA,CNY
0.711,0.712,0.683,0.692,13567503.0,159898.SZ,2022-02-24,NA,NA,CNY
0.689,0.719,0.689,0.717,8584700.0,159898.SZ,2022-02-25,NA,NA,CNY
0.713,0.724,0.707,0.723,11692601.0,159898.SZ,2022-02-28,NA,NA,CNY
0.724,0.724,0.712,0.718,11028207.0,159898.SZ,2022-03-01,NA,NA,CNY
0.722,0.722,0.708,0.716,13639709.0,159898.SZ,2022-03-02,NA,NA,CNY
0.717,0.721,0.713,0.714,4187000.0,159898.SZ,2022-03-03,NA,NA,CNY
0.714,0.726,0.708,0.714,16345101.0,159898.SZ,2022-03-04,NA,NA,CNY
0.708,0.71,0.692,0.696,9741739.0,159898.SZ,2022-03-07,NA,NA,CNY
0.694,0.699,0.666,0.666,18195001.0,159898.SZ,2022-03-08,NA,NA,CNY
0.666,0.673,0.632,0.654,10824002.0,159898.SZ,2022-03-09,NA,NA,CNY
0.659,0.685,0.659,0.681,14925501.0,159898.SZ,2022-03-10,NA,NA,CNY
0.674,0.717,0.66,0.714,19186615.0,159898.SZ,2022-03-11,NA,NA,CNY
0.763,0.763,0.701,0.701,27395411.0,159898.SZ,2022-03-14,NA,NA,CNY
0.689,0.694,0.665,0.665,17700906.0,159898.SZ,2022-03-15,NA,NA,CNY
0.671,0.679,0.638,0.672,21587212.0,159898.SZ,2022-03-16,NA,NA,CNY
0.678,0.708,0.673,0.693,14068900.0,159898.SZ,2022-03-17,NA,NA,CNY
0.694,0.698,0.686,0.697,4558500.0,159898.SZ,2022-03-18,NA,NA,CNY
0.698,0.709,0.692,0.702,6376600.0,159898.SZ,2022-03-21,NA,NA,CNY
0.702,0.702,0.683,0.685,10412537.0,159898.SZ,2022-03-22,NA,NA,CNY
0.685,0.699,0.683,0.693,7593608.0,159898.SZ,2022-03-23,NA,NA,CNY
0.688,0.704,0.683,0.7,8420500.0,159898.SZ,2022-03-24,NA,NA,CNY
0.701,0.701,0.678,0.68,11103200.0,159898.SZ,2022-03-25,NA,NA,CNY
0.678,0.679,0.669,0.673,16838700.0,159898.SZ,2022-03-28,NA,NA,CNY
0.679,0.687,0.671,0.675,7434800.0,159898.SZ,2022-03-29,NA,NA,CNY
0.676,0.696,0.67,0.694,9536300.0,159898.SZ,2022-03-30,NA,NA,CNY
0.688,0.701,0.685,0.69,5735401.0,159898.SZ,2022-03-31,NA,NA,CNY
0.688,0.691,0.678,0.688,4844801.0,159898.SZ,2022-04-01,NA,NA,CNY
0.685,0.697,0.685,0.689,1863517.0,159898.SZ,2022-04-06,NA,NA,CNY
0.686,0.692,0.678,0.679,4473427.0,159898.SZ,2022-04-07,NA,NA,CNY
0.676,0.678,0.664,0.667,10625614.0,159898.SZ,2022-04-08,NA,NA,CNY
0.667,0.671,0.655,0.658,7746716.0,159898.SZ,2022-04-11,NA,NA,CNY
0.664,0.681,0.657,0.678,7931202.0,159898.SZ,2022-04-12,NA,NA,CNY
0.672,0.678,0.667,0.667,3663400.0,159898.SZ,2022-04-13,NA,NA,CNY
0.669,0.685,0.669,0.682,21483103.0,159898.SZ,2022-04-14,NA,NA,CNY
0.676,0.683,0.669,0.678,7555209.0,159898.SZ,2022-04-15,NA,NA,CNY
0.672,0.682,0.669,0.681,5245811.0,159898.SZ,2022-04-18,NA,NA,CNY
0.68,0.682,0.664,0.667,19044500.0,159898.SZ,2022-04-19,NA,NA,CNY
0.665,0.665,0.646,0.648,24910113.0,159898.SZ,2022-04-20,NA,NA,CNY
0.646,0.656,0.633,0.635,27276800.0,159898.SZ,2022-04-21,NA,NA,CNY
0.635,0.636,0.62,0.63,22637903.0,159898.SZ,2022-04-22,NA,NA,CNY
0.629,0.629,0.598,0.598,19095701.0,159898.SZ,2022-04-25,NA,NA,CNY
0.599,0.618,0.593,0.601,21477103.0,159898.SZ,2022-04-26,NA,NA,CNY
0.604,0.622,0.595,0.622,22174102.0,159898.SZ,2022-04-27,NA,NA,CNY
0.616,0.618,0.608,0.61,15225700.0,159898.SZ,2022-04-28,NA,NA,CNY
0.612,0.625,0.605,0.622,13820702.0,159898.SZ,2022-04-29,NA,NA,CNY
0.623,0.647,0.623,0.64,13818200.0,159898.SZ,2022-05-05,NA,NA,CNY
0.634,0.648,0.613,0.637,7521800.0,159898.SZ,2022-05-06,NA,NA,CNY
0.64,0.64,0.63,0.634,5970201.0,159898.SZ,2022-05-09,NA,NA,CNY
0.628,0.64,0.624,0.636,11813600.0,159898.SZ,2022-05-10,NA,NA,CNY
0.636,0.651,0.636,0.64,9454713.0,159898.SZ,2022-05-11,NA,NA,CNY
0.639,0.652,0.638,0.648,6910200.0,159898.SZ,2022-05-12,NA,NA,CNY
0.654,0.66,0.642,0.647,3055400.0,159898.SZ,2022-05-13,NA,NA,CNY
0.653,0.653,0.635,0.635,6014500.0,159898.SZ,2022-05-16,NA,NA,CNY
0.633,0.633,0.626,0.633,4807103.0,159898.SZ,2022-05-17,NA,NA,CNY
0.631,0.635,0.626,0.627,7022700.0,159898.SZ,2022-05-18,NA,NA,CNY
0.627,0.627,0.617,0.627,14782100.0,159898.SZ,2022-05-19,NA,NA,CNY
0.63,0.643,0.63,0.643,13868507.0,159898.SZ,2022-05-20,NA,NA,CNY
0.644,0.654,0.644,0.647,8344700.0,159898.SZ,2022-05-23,NA,NA,CNY
0.648,0.65,0.621,0.621,25843401.0,159898.SZ,2022-05-24,NA,NA,CNY
0.623,0.632,0.621,0.627,25976508.0,159898.SZ,2022-05-25,NA,NA,CNY
0.625,0.628,0.614,0.622,23459113.0,159898.SZ,2022-05-26,NA,NA,CNY
0.618,0.63,0.616,0.619,24802500.0,159898.SZ,2022-05-27,NA,NA,CNY
0.619,0.628,0.616,0.622,16133303.0,159898.SZ,2022-05-30,NA,NA,CNY
0.623,0.637,0.617,0.637,22353514.0,159898.SZ,2022-05-31,NA,NA,CNY
0.635,0.645,0.635,0.641,21982900.0,159898.SZ,2022-06-01,NA,NA,CNY
0.636,0.639,0.631,0.638,12502400.0,159898.SZ,2022-06-02,NA,NA,CNY
1.016,1.042,1.013,1.031,752675700.0,515790.SH,2020-12-18,NA,NA,CNY
1.062,1.086,1.054,1.083,1192576200.0,515790.SH,2020-12-21,NA,NA,CNY
1.083,1.092,1.054,1.056,1274099600.0,515790.SH,2020-12-22,NA,NA,CNY
1.072,1.133,1.071,1.119,1524729100.0,515790.SH,2020-12-23,NA,NA,CNY
1.125,1.129,1.101,1.112,1272699100.0,515790.SH,2020-12-24,NA,NA,CNY
1.109,1.163,1.105,1.157,1296921800.0,515790.SH,2020-12-25,NA,NA,CNY
1.167,1.169,1.138,1.16,1662164700.0,515790.SH,2020-12-28,NA,NA,CNY
1.151,1.152,1.086,1.09,3099243500.0,515790.SH,2020-12-29,NA,NA,CNY
1.099,1.123,1.097,1.113,1356548000.0,515790.SH,2020-12-30,NA,NA,CNY
1.124,1.147,1.116,1.136,1150560500.0,515790.SH,2020-12-31,NA,NA,CNY
1.141,1.218,1.132,1.199,1581819400.0,515790.SH,2021-01-04,NA,NA,CNY
1.19,1.222,1.178,1.199,1383139600.0,515790.SH,2021-01-05,NA,NA,CNY
1.198,1.204,1.176,1.197,1178033210.0,515790.SH,2021-01-06,NA,NA,CNY
1.209,1.26,1.2,1.242,1518303310.0,515790.SH,2021-01-07,NA,NA,CNY
1.25,1.255,1.196,1.219,1790413392.0,515790.SH,2021-01-08,NA,NA,CNY
1.211,1.211,1.158,1.172,2113610810.0,515790.SH,2021-01-11,NA,NA,CNY
1.166,1.209,1.161,1.207,1557287892.0,515790.SH,2021-01-12,NA,NA,CNY
1.203,1.237,1.188,1.2,1297920592.0,515790.SH,2021-01-13,NA,NA,CNY
1.187,1.193,1.151,1.171,1301091492.0,515790.SH,2021-01-14,NA,NA,CNY
1.164,1.172,1.133,1.167,1283949300.0,515790.SH,2021-01-15,NA,NA,CNY
1.155,1.192,1.144,1.187,1031769492.0,515790.SH,2021-01-18,NA,NA,CNY
1.192,1.203,1.15,1.155,1061655700.0,515790.SH,2021-01-19,NA,NA,CNY
1.16,1.196,1.154,1.191,1261047151.0,515790.SH,2021-01-20,NA,NA,CNY
1.21,1.25,1.195,1.239,1775213471.0,515790.SH,2021-01-21,NA,NA,CNY
1.245,1.29,1.241,1.287,1296348289.0,515790.SH,2021-01-22,NA,NA,CNY
1.287,1.345,1.268,1.285,1246128427.0,515790.SH,2021-01-25,NA,NA,CNY
1.276,1.294,1.255,1.27,876041221.0,515790.SH,2021-01-26,NA,NA,CNY
1.267,1.323,1.235,1.317,1192947219.0,515790.SH,2021-01-27,NA,NA,CNY
1.277,1.299,1.245,1.251,1257974182.0,515790.SH,2021-01-28,NA,NA,CNY
1.261,1.272,1.195,1.224,1495606901.0,515790.SH,2021-01-29,NA,NA,CNY
1.206,1.217,1.176,1.194,1069678088.0,515790.SH,2021-02-01,NA,NA,CNY
1.204,1.227,1.179,1.215,911739995.0,515790.SH,2021-02-02,NA,NA,CNY
1.223,1.248,1.204,1.21,894667593.0,515790.SH,2021-02-03,NA,NA,CNY
1.197,1.224,1.184,1.205,753538834.0,515790.SH,2021-02-04,NA,NA,CNY
1.213,1.242,1.2,1.202,880877217.0,515790.SH,2021-02-05,NA,NA,CNY
1.197,1.207,1.155,1.203,847273600.0,515790.SH,2021-02-08,NA,NA,CNY
1.208,1.249,1.204,1.248,905822921.0,515790.SH,2021-02-09,NA,NA,CNY
1.256,1.288,1.239,1.279,837917987.0,515790.SH,2021-02-10,NA,NA,CNY
1.292,1.3,1.253,1.266,676970586.0,515790.SH,2021-02-18,NA,NA,CNY
1.255,1.255,1.21,1.244,846761649.0,515790.SH,2021-02-19,NA,NA,CNY
1.237,1.265,1.2,1.203,963441326.0,515790.SH,2021-02-22,NA,NA,CNY
1.201,1.212,1.187,1.192,743604672.0,515790.SH,2021-02-23,NA,NA,CNY
1.191,1.2,1.136,1.156,1260125620.0,515790.SH,2021-02-24,NA,NA,CNY
1.168,1.173,1.146,1.15,547275000.0,515790.SH,2021-02-25,NA,NA,CNY
1.119,1.15,1.106,1.141,749856110.0,515790.SH,2021-02-26,NA,NA,CNY
1.157,1.182,1.153,1.17,658464454.0,515790.SH,2021-03-01,NA,NA,CNY
1.183,1.19,1.148,1.159,595159449.0,515790.SH,2021-03-02,NA,NA,CNY
1.152,1.156,1.131,1.154,534057035.0,515790.SH,2021-03-03,NA,NA,CNY
1.137,1.138,1.077,1.081,1462927918.0,515790.SH,2021-03-04,NA,NA,CNY
1.052,1.098,1.05,1.084,745650502.0,515790.SH,2021-03-05,NA,NA,CNY
1.089,1.092,1.021,1.023,905304503.0,515790.SH,2021-03-08,NA,NA,CNY
1.019,1.028,0.976,0.993,986073587.0,515790.SH,2021-03-09,NA,NA,CNY
1.018,1.021,0.994,0.998,556402319.0,515790.SH,2021-03-10,NA,NA,CNY
1.0,1.038,0.999,1.036,823999865.0,515790.SH,2021-03-11,NA,NA,CNY
1.048,1.056,1.027,1.053,659334088.0,515790.SH,2021-03-12,NA,NA,CNY
1.041,1.041,1.003,1.012,538678415.0,515790.SH,2021-03-15,NA,NA,CNY
1.009,1.026,1.002,1.018,385697086.0,515790.SH,2021-03-16,NA,NA,CNY
1.014,1.027,0.999,1.023,379838214.0,515790.SH,2021-03-17,NA,NA,CNY
1.025,1.044,1.02,1.041,516070523.0,515790.SH,2021-03-18,NA,NA,CNY
1.021,1.03,1.01,1.015,369639300.0,515790.SH,2021-03-19,NA,NA,CNY
1.014,1.044,1.014,1.037,378076984.0,515790.SH,2021-03-22,NA,NA,CNY
1.038,1.041,1.013,1.022,327075714.0,515790.SH,2021-03-23,NA,NA,CNY
1.017,1.026,0.996,0.999,453207300.0,515790.SH,2021-03-24,NA,NA,CNY
0.992,1.006,0.981,0.998,433563365.0,515790.SH,2021-03-25,NA,NA,CNY
1.005,1.039,1.005,1.033,725436480.0,515790.SH,2021-03-26,NA,NA,CNY
1.032,1.034,1.018,1.026,320901117.0,515790.SH,2021-03-29,NA,NA,CNY
1.02,1.061,1.017,1.055,720967457.0,515790.SH,2021-03-30,NA,NA,CNY
1.05,1.058,1.041,1.049,283144300.0,515790.SH,2021-03-31,NA,NA,CNY
1.055,1.074,1.051,1.059,321340956.0,515790.SH,2021-04-01,NA,NA,CNY
1.059,1.065,1.044,1.058,283555376.0,515790.SH,2021-04-02,NA,NA,CNY
1.063,1.092,1.059,1.08,498188098.0,515790.SH,2021-04-06,NA,NA,CNY
1.078,1.079,1.048,1.06,348151974.0,515790.SH,2021-04-07,NA,NA,CNY
1.054,1.059,1.044,1.053,181304309.0,515790.SH,2021-04-08,NA,NA,CNY
1.046,1.051,1.031,1.035,253207000.0,515790.SH,2021-04-09,NA,NA,CNY
1.032,1.038,1.003,1.006,387941600.0,515790.SH,2021-04-12,NA,NA,CNY
1.001,1.013,0.998,1.001,364520400.0,515790.SH,2021-04-13,NA,NA,CNY
1.001,1.017,1.001,1.016,246652000.0,515790.SH,2021-04-14,NA,NA,CNY
1.011,1.024,1.006,1.021,269314000.0,515790.SH,2021-04-15,NA,NA,CNY
1.019,1.02,1.001,1.016,325642667.0,515790.SH,2021-04-16,NA,NA,CNY
1.013,1.051,1.01,1.05,546801350.0,515790.SH,2021-04-19,NA,NA,CNY
1.045,1.08,1.042,1.062,579067574.0,515790.SH,2021-04-20,NA,NA,CNY
1.063,1.073,1.052,1.061,285456576.0,515790.SH,2021-04-21,NA,NA,CNY
1.07,1.075,1.048,1.063,275363348.0,515790.SH,2021-04-22,NA,NA,CNY
1.061,1.083,1.06,1.073,340140388.0,515790.SH,2021-04-23,NA,NA,CNY
1.075,1.099,1.066,1.067,428156280.0,515790.SH,2021-04-26,NA,NA,CNY
1.064,1.077,1.054,1.068,255961876.0,515790.SH,2021-04-27,NA,NA,CNY
1.067,1.085,1.063,1.084,250811796.0,515790.SH,2021-04-28,NA,NA,CNY
1.09,1.091,1.071,1.08,184782600.0,515790.SH,2021-04-29,NA,NA,CNY
1.079,1.113,1.077,1.105,530183819.0,515790.SH,2021-04-30,NA,NA,CNY
1.097,1.12,1.088,1.102,276989932.0,515790.SH,2021-05-06,NA,NA,CNY
1.104,1.112,1.07,1.071,269066494.0,515790.SH,2021-05-07,NA,NA,CNY
1.065,1.09,1.057,1.084,207696000.0,515790.SH,2021-05-10,NA,NA,CNY
1.069,1.074,1.049,1.072,272200000.0,515790.SH,2021-05-11,NA,NA,CNY
1.064,1.084,1.064,1.083,183741913.0,515790.SH,2021-05-12,NA,NA,CNY
1.067,1.074,1.059,1.06,198451500.0,515790.SH,2021-05-13,NA,NA,CNY
1.063,1.078,1.047,1.074,371112500.0,515790.SH,2021-05-14,NA,NA,CNY
1.076,1.107,1.074,1.105,465589368.0,515790.SH,2021-05-17,NA,NA,CNY
1.103,1.109,1.094,1.101,172423662.0,515790.SH,2021-05-18,NA,NA,CNY
1.101,1.121,1.091,1.118,321734562.0,515790.SH,2021-05-19,NA,NA,CNY
1.118,1.123,1.1,1.109,216166533.0,515790.SH,2021-05-20,NA,NA,CNY
1.12,1.136,1.105,1.11,313820636.0,515790.SH,2021-05-21,NA,NA,CNY
1.109,1.111,1.092,1.11,227918775.0,515790.SH,2021-05-24,NA,NA,CNY
1.105,1.121,1.095,1.121,363311200.0,515790.SH,2021-05-25,NA,NA,CNY
1.12,1.123,1.106,1.108,266665176.0,515790.SH,2021-05-26,NA,NA,CNY
1.107,1.121,1.104,1.116,277987267.0,515790.SH,2021-05-27,NA,NA,CNY
1.12,1.147,1.116,1.131,548896500.0,515790.SH,2021-05-28,NA,NA,CNY
1.128,1.175,1.126,1.173,647340840.0,515790.SH,2021-05-31,NA,NA,CNY
1.17,1.173,1.15,1.169,389931904.0,515790.SH,2021-06-01,NA,NA,CNY
1.179,1.188,1.148,1.15,332299900.0,515790.SH,2021-06-02,NA,NA,CNY
1.148,1.15,1.117,1.119,440459543.0,515790.SH,2021-06-03,NA,NA,CNY
1.11,1.129,1.102,1.116,397790489.0,515790.SH,2021-06-04,NA,NA,CNY
1.115,1.118,1.101,1.112,387870600.0,515790.SH,2021-06-07,NA,NA,CNY
1.109,1.126,1.099,1.107,375892911.0,515790.SH,2021-06-08,NA,NA,CNY
1.107,1.117,1.098,1.114,270100906.0,515790.SH,2021-06-09,NA,NA,CNY
1.119,1.174,1.116,1.166,1000067854.0,515790.SH,2021-06-10,NA,NA,CNY
1.175,1.205,1.17,1.189,927857244.0,515790.SH,2021-06-11,NA,NA,CNY
1.193,1.203,1.175,1.179,343991312.0,515790.SH,2021-06-15,NA,NA,CNY
1.171,1.173,1.128,1.131,541396732.0,515790.SH,2021-06-16,NA,NA,CNY
1.131,1.156,1.13,1.155,260266200.0,515790.SH,2021-06-17,NA,NA,CNY
1.157,1.188,1.154,1.181,422786856.0,515790.SH,2021-06-18,NA,NA,CNY
1.174,1.224,1.171,1.214,582094988.0,515790.SH,2021-06-21,NA,NA,CNY
1.217,1.225,1.197,1.219,383575374.0,515790.SH,2021-06-22,NA,NA,CNY
1.222,1.249,1.22,1.235,403334064.0,515790.SH,2021-06-23,NA,NA,CNY
1.261,1.29,1.239,1.276,607510538.0,515790.SH,2021-06-24,NA,NA,CNY
1.276,1.304,1.274,1.281,405078232.0,515790.SH,2021-06-25,NA,NA,CNY
1.289,1.305,1.281,1.299,386699562.0,515790.SH,2021-06-28,NA,NA,CNY
1.311,1.343,1.311,1.335,567609539.0,515790.SH,2021-06-29,NA,NA,CNY
1.33,1.356,1.313,1.353,444714559.0,515790.SH,2021-06-30,NA,NA,CNY
1.358,1.364,1.306,1.308,402200535.0,515790.SH,2021-07-01,NA,NA,CNY
1.298,1.325,1.29,1.294,396271250.0,515790.SH,2021-07-02,NA,NA,CNY
1.294,1.323,1.292,1.317,311374085.0,515790.SH,2021-07-05,NA,NA,CNY
1.317,1.32,1.266,1.289,399529689.0,515790.SH,2021-07-06,NA,NA,CNY
1.279,1.368,1.268,1.358,559976650.0,515790.SH,2021-07-07,NA,NA,CNY
1.367,1.394,1.36,1.373,471792059.0,515790.SH,2021-07-08,NA,NA,CNY
1.36,1.392,1.33,1.383,512199299.0,515790.SH,2021-07-09,NA,NA,CNY
1.396,1.427,1.375,1.401,494187467.0,515790.SH,2021-07-12,NA,NA,CNY
1.401,1.439,1.395,1.425,448931450.0,515790.SH,2021-07-13,NA,NA,CNY
1.415,1.432,1.377,1.385,442316000.0,515790.SH,2021-07-14,NA,NA,CNY
1.374,1.456,1.374,1.455,623130700.0,515790.SH,2021-07-15,NA,NA,CNY
1.451,1.479,1.424,1.43,455626609.0,515790.SH,2021-07-16,NA,NA,CNY
1.421,1.464,1.416,1.422,386511032.0,515790.SH,2021-07-19,NA,NA,CNY
1.401,1.439,1.398,1.43,256436432.0,515790.SH,2021-07-20,NA,NA,CNY
1.443,1.511,1.442,1.51,474310500.0,515790.SH,2021-07-21,NA,NA,CNY
1.515,1.545,1.495,1.542,419299057.0,515790.SH,2021-07-22,NA,NA,CNY
1.537,1.584,1.527,1.554,456944358.0,515790.SH,2021-07-23,NA,NA,CNY
1.54,1.57,1.482,1.547,640081460.0,515790.SH,2021-07-26,NA,NA,CNY
1.539,1.573,1.437,1.439,744914100.0,515790.SH,2021-07-27,NA,NA,CNY
1.407,1.464,1.37,1.432,683835772.0,515790.SH,2021-07-28,NA,NA,CNY
1.474,1.575,1.468,1.571,831932572.0,515790.SH,2021-07-29,NA,NA,CNY
1.57,1.66,1.556,1.616,799027396.0,515790.SH,2021-07-30,NA,NA,CNY
1.617,1.664,1.581,1.625,697843857.0,515790.SH,2021-08-02,NA,NA,CNY
1.622,1.624,1.538,1.555,626965210.0,515790.SH,2021-08-03,NA,NA,CNY
1.547,1.672,1.54,1.67,604176754.0,515790.SH,2021-08-04,NA,NA,CNY
1.657,1.692,1.633,1.679,463521809.0,515790.SH,2021-08-05,NA,NA,CNY
1.684,1.725,1.663,1.699,446581981.0,515790.SH,2021-08-06,NA,NA,CNY
1.678,1.685,1.618,1.672,527749218.0,515790.SH,2021-08-09,NA,NA,CNY
1.66,1.725,1.633,1.675,561299054.0,515790.SH,2021-08-10,NA,NA,CNY
1.655,1.686,1.639,1.671,377349204.0,515790.SH,2021-08-11,NA,NA,CNY
1.663,1.677,1.635,1.665,336970339.0,515790.SH,2021-08-12,NA,NA,CNY
1.643,1.686,1.621,1.637,400548566.0,515790.SH,2021-08-13,NA,NA,CNY
1.62,1.646,1.6,1.612,345074916.0,515790.SH,2021-08-16,NA,NA,CNY
1.611,1.64,1.578,1.593,353706530.0,515790.SH,2021-08-17,NA,NA,CNY
1.593,1.61,1.545,1.566,436408802.0,515790.SH,2021-08-18,NA,NA,CNY
1.556,1.62,1.541,1.598,372849740.0,515790.SH,2021-08-19,NA,NA,CNY
1.583,1.627,1.573,1.609,364155824.0,515790.SH,2021-08-20,NA,NA,CNY
1.628,1.67,1.602,1.668,379473546.0,515790.SH,2021-08-23,NA,NA,CNY
1.674,1.72,1.653,1.686,383725212.0,515790.SH,2021-08-24,NA,NA,CNY
1.685,1.767,1.677,1.766,485465212.0,515790.SH,2021-08-25,NA,NA,CNY
1.76,1.798,1.751,1.754,468268147.0,515790.SH,2021-08-26,NA,NA,CNY
1.741,1.808,1.735,1.794,393910121.0,515790.SH,2021-08-27,NA,NA,CNY
1.81,1.925,1.799,1.901,552837438.0,515790.SH,2021-08-30,NA,NA,CNY
1.895,1.895,1.844,1.872,607601480.0,515790.SH,2021-08-31,NA,NA,CNY
1.888,1.898,1.732,1.769,846982665.0,515790.SH,2021-09-01,NA,NA,CNY
1.76,1.875,1.76,1.872,535844328.0,515790.SH,2021-09-02,NA,NA,CNY
1.885,1.912,1.786,1.804,645980094.0,515790.SH,2021-09-03,NA,NA,CNY
1.786,1.805,1.7,1.774,661494293.0,515790.SH,2021-09-06,NA,NA,CNY
1.771,1.819,1.751,1.819,535208825.0,515790.SH,2021-09-07,NA,NA,CNY
1.819,1.841,1.741,1.752,664207032.0,515790.SH,2021-09-08,NA,NA,CNY
1.748,1.76,1.706,1.749,665095570.0,515790.SH,2021-09-09,NA,NA,CNY
1.739,1.787,1.723,1.781,660841967.0,515790.SH,2021-09-10,NA,NA,CNY
1.775,1.776,1.707,1.722,672692750.0,515790.SH,2021-09-13,NA,NA,CNY
1.702,1.747,1.69,1.723,471923827.0,515790.SH,2021-09-14,NA,NA,CNY
1.73,1.774,1.719,1.767,555837247.0,515790.SH,2021-09-15,NA,NA,CNY
1.768,1.771,1.66,1.666,926759971.0,515790.SH,2021-09-16,NA,NA,CNY
1.656,1.68,1.597,1.639,711333325.0,515790.SH,2021-09-17,NA,NA,CNY
1.616,1.68,1.616,1.67,492809296.0,515790.SH,2021-09-22,NA,NA,CNY
1.685,1.7,1.667,1.674,470086788.0,515790.SH,2021-09-23,NA,NA,CNY
1.67,1.739,1.637,1.706,506803995.0,515790.SH,2021-09-24,NA,NA,CNY
1.718,1.732,1.64,1.689,515458055.0,515790.SH,2021-09-27,NA,NA,CNY
1.688,1.712,1.661,1.666,358003436.0,515790.SH,2021-09-28,NA,NA,CNY
1.639,1.695,1.636,1.66,464899010.0,515790.SH,2021-09-29,NA,NA,CNY
1.659,1.696,1.649,1.693,363198880.0,515790.SH,2021-09-30,NA,NA,CNY
1.713,1.72,1.632,1.647,461377943.0,515790.SH,2021-10-08,NA,NA,CNY
1.646,1.659,1.606,1.621,416109260.0,515790.SH,2021-10-11,NA,NA,CNY
1.618,1.63,1.569,1.597,456892280.0,515790.SH,2021-10-12,NA,NA,CNY
1.604,1.676,1.596,1.672,683330897.0,515790.SH,2021-10-13,NA,NA,CNY
1.661,1.733,1.66,1.703,583330826.0,515790.SH,2021-10-14,NA,NA,CNY
1.705,1.75,1.688,1.744,462036053.0,515790.SH,2021-10-15,NA,NA,CNY
1.754,1.781,1.74,1.772,531585927.0,515790.SH,2021-10-18,NA,NA,CNY
1.775,1.784,1.754,1.772,336855720.0,515790.SH,2021-10-19,NA,NA,CNY
1.768,1.833,1.76,1.812,405304836.0,515790.SH,2021-10-20,NA,NA,CNY
1.801,1.802,1.76,1.772,491027987.0,515790.SH,2021-10-21,NA,NA,CNY
1.768,1.781,1.74,1.749,401631521.0,515790.SH,2021-10-22,NA,NA,CNY
1.752,1.84,1.752,1.825,573621444.0,515790.SH,2021-10-25,NA,NA,CNY
1.835,1.846,1.803,1.809,372320244.0,515790.SH,2021-10-26,NA,NA,CNY
1.818,1.86,1.812,1.853,516912715.0,515790.SH,2021-10-27,NA,NA,CNY
1.847,1.863,1.807,1.826,479098746.0,515790.SH,2021-10-28,NA,NA,CNY
1.808,1.885,1.764,1.881,651841456.0,515790.SH,2021-10-29,NA,NA,CNY
1.87,1.904,1.824,1.864,553508055.0,515790.SH,2021-11-01,NA,NA,CNY
1.843,1.855,1.8,1.817,683768942.0,515790.SH,2021-11-02,NA,NA,CNY
1.803,1.825,1.757,1.784,593965825.0,515790.SH,2021-11-03,NA,NA,CNY
1.796,1.839,1.796,1.816,488898500.0,515790.SH,2021-11-04,NA,NA,CNY
1.803,1.817,1.768,1.776,440971037.0,515790.SH,2021-11-05,NA,NA,CNY
1.758,1.8,1.754,1.791,327662407.0,515790.SH,2021-11-08,NA,NA,CNY
1.83,1.848,1.793,1.815,522782810.0,515790.SH,2021-11-09,NA,NA,CNY
1.797,1.807,1.756,1.789,535748557.0,515790.SH,2021-11-10,NA,NA,CNY
1.791,1.819,1.779,1.793,412343500.0,515790.SH,2021-11-11,NA,NA,CNY
1.809,1.835,1.808,1.829,487787558.0,515790.SH,2021-11-12,NA,NA,CNY
1.828,1.828,1.755,1.765,705494610.0,515790.SH,2021-11-15,NA,NA,CNY
1.755,1.771,1.726,1.734,437341585.0,515790.SH,2021-11-16,NA,NA,CNY
1.74,1.787,1.728,1.778,521010786.0,515790.SH,2021-11-17,NA,NA,CNY
1.776,1.78,1.749,1.764,277267352.0,515790.SH,2021-11-18,NA,NA,CNY
1.759,1.804,1.748,1.792,471138917.0,515790.SH,2021-11-19,NA,NA,CNY
1.797,1.834,1.797,1.83,421455350.0,515790.SH,2021-11-22,NA,NA,CNY
1.826,1.849,1.812,1.817,340200700.0,515790.SH,2021-11-23,NA,NA,CNY
1.817,1.817,1.766,1.77,602319711.0,515790.SH,2021-11-24,NA,NA,CNY
1.763,1.765,1.74,1.742,489558100.0,515790.SH,2021-11-25,NA,NA,CNY
1.739,1.761,1.736,1.748,328849700.0,515790.SH,2021-11-26,NA,NA,CNY
1.726,1.781,1.721,1.769,481495800.0,515790.SH,2021-11-29,NA,NA,CNY
1.782,1.788,1.756,1.773,375582079.0,515790.SH,2021-11-30,NA,NA,CNY
1.768,1.782,1.742,1.756,320461523.0,515790.SH,2021-12-01,NA,NA,CNY
1.742,1.748,1.721,1.73,400529820.0,515790.SH,2021-12-02,NA,NA,CNY
1.722,1.731,1.7,1.73,469578395.0,515790.SH,2021-12-03,NA,NA,CNY
1.732,1.756,1.721,1.724,339719305.0,515790.SH,2021-12-06,NA,NA,CNY
1.73,1.735,1.686,1.722,421163724.0,515790.SH,2021-12-07,NA,NA,CNY
1.726,1.754,1.713,1.747,489838573.0,515790.SH,2021-12-08,NA,NA,CNY
1.74,1.751,1.728,1.74,354508925.0,515790.SH,2021-12-09,NA,NA,CNY
1.73,1.78,1.726,1.771,540349300.0,515790.SH,2021-12-10,NA,NA,CNY
1.771,1.802,1.762,1.788,474798623.0,515790.SH,2021-12-13,NA,NA,CNY
1.786,1.794,1.766,1.774,270027000.0,515790.SH,2021-12-14,NA,NA,CNY
1.771,1.793,1.764,1.778,293116000.0,515790.SH,2021-12-15,NA,NA,CNY
1.787,1.797,1.776,1.797,295821300.0,515790.SH,2021-12-16,NA,NA,CNY
1.794,1.794,1.735,1.736,372632837.0,515790.SH,2021-12-17,NA,NA,CNY
1.716,1.73,1.646,1.654,670528349.0,515790.SH,2021-12-20,NA,NA,CNY
1.654,1.666,1.62,1.663,423443017.0,515790.SH,2021-12-21,NA,NA,CNY
1.665,1.671,1.65,1.657,287080737.0,515790.SH,2021-12-22,NA,NA,CNY
1.659,1.696,1.647,1.688,328791103.0,515790.SH,2021-12-23,NA,NA,CNY
1.687,1.695,1.621,1.629,416739587.0,515790.SH,2021-12-24,NA,NA,CNY
1.615,1.633,1.585,1.609,285651491.0,515790.SH,2021-12-27,NA,NA,CNY
1.612,1.645,1.598,1.641,302709643.0,515790.SH,2021-12-28,NA,NA,CNY
1.637,1.665,1.626,1.644,436331142.0,515790.SH,2021-12-29,NA,NA,CNY
1.647,1.668,1.64,1.648,309453686.0,515790.SH,2021-12-30,NA,NA,CNY
1.682,1.722,1.682,1.712,657299283.0,515790.SH,2021-12-31,NA,NA,CNY
1.72,1.731,1.621,1.629,636530400.0,515790.SH,2022-01-04,NA,NA,CNY
1.632,1.634,1.562,1.569,537800772.0,515790.SH,2022-01-05,NA,NA,CNY
1.552,1.583,1.536,1.572,398667525.0,515790.SH,2022-01-06,NA,NA,CNY
1.569,1.58,1.526,1.534,479509259.0,515790.SH,2022-01-07,NA,NA,CNY
1.53,1.532,1.504,1.516,321636606.0,515790.SH,2022-01-10,NA,NA,CNY
1.514,1.526,1.486,1.491,405260161.0,515790.SH,2022-01-11,NA,NA,CNY
1.508,1.543,1.501,1.542,501257916.0,515790.SH,2022-01-12,NA,NA,CNY
1.541,1.546,1.506,1.517,324802791.0,515790.SH,2022-01-13,NA,NA,CNY
1.501,1.547,1.501,1.531,248881300.0,515790.SH,2022-01-14,NA,NA,CNY
1.532,1.573,1.531,1.552,349626780.0,515790.SH,2022-01-17,NA,NA,CNY
1.545,1.564,1.529,1.548,217656380.0,515790.SH,2022-01-18,NA,NA,CNY
1.54,1.546,1.506,1.518,285002137.0,515790.SH,2022-01-19,NA,NA,CNY
1.51,1.523,1.495,1.5,240026468.0,515790.SH,2022-01-20,NA,NA,CNY
1.495,1.523,1.488,1.5,232449574.0,515790.SH,2022-01-21,NA,NA,CNY
1.492,1.552,1.482,1.546,421229200.0,515790.SH,2022-01-24,NA,NA,CNY
1.531,1.551,1.502,1.505,347174232.0,515790.SH,2022-01-25,NA,NA,CNY
1.514,1.539,1.506,1.536,376386432.0,515790.SH,2022-01-26,NA,NA,CNY
1.528,1.538,1.473,1.477,477452500.0,515790.SH,2022-01-27,NA,NA,CNY
1.492,1.498,1.425,1.455,515459763.0,515790.SH,2022-01-28,NA,NA,CNY
1.479,1.503,1.475,1.48,254581461.0,515790.SH,2022-02-07,NA,NA,CNY
1.48,1.48,1.4,1.432,431011600.0,515790.SH,2022-02-08,NA,NA,CNY
1.428,1.438,1.403,1.435,279064211.0,515790.SH,2022-02-09,NA,NA,CNY
1.439,1.442,1.382,1.395,426235289.0,515790.SH,2022-02-10,NA,NA,CNY
1.381,1.393,1.349,1.351,435720119.0,515790.SH,2022-02-11,NA,NA,CNY
1.338,1.366,1.33,1.35,304870180.0,515790.SH,2022-02-14,NA,NA,CNY
1.352,1.399,1.345,1.397,436941639.0,515790.SH,2022-02-15,NA,NA,CNY
1.408,1.414,1.39,1.396,238123157.0,515790.SH,2022-02-16,NA,NA,CNY
1.396,1.447,1.389,1.431,404438998.0,515790.SH,2022-02-17,NA,NA,CNY
1.42,1.436,1.413,1.426,310055600.0,515790.SH,2022-02-18,NA,NA,CNY
1.422,1.433,1.406,1.428,196090894.0,515790.SH,2022-02-21,NA,NA,CNY
1.42,1.464,1.409,1.448,444048145.0,515790.SH,2022-02-22,NA,NA,CNY
1.452,1.504,1.452,1.502,408306300.0,515790.SH,2022-02-23,NA,NA,CNY
1.49,1.55,1.48,1.512,741769082.0,515790.SH,2022-02-24,NA,NA,CNY
1.541,1.557,1.515,1.531,504207835.0,515790.SH,2022-02-25,NA,NA,CNY
1.535,1.576,1.527,1.574,446428489.0,515790.SH,2022-02-28,NA,NA,CNY
1.607,1.628,1.571,1.582,464933087.0,515790.SH,2022-03-01,NA,NA,CNY
1.577,1.6,1.544,1.591,470172899.0,515790.SH,2022-03-02,NA,NA,CNY
1.599,1.61,1.557,1.562,354219728.0,515790.SH,2022-03-03,NA,NA,CNY
1.537,1.579,1.537,1.549,368902421.0,515790.SH,2022-03-04,NA,NA,CNY
1.534,1.554,1.512,1.52,421727184.0,515790.SH,2022-03-07,NA,NA,CNY
1.52,1.561,1.505,1.513,494237899.0,515790.SH,2022-03-08,NA,NA,CNY
1.54,1.551,1.444,1.524,683167349.0,515790.SH,2022-03-09,NA,NA,CNY
1.574,1.599,1.557,1.577,748880057.0,515790.SH,2022-03-10,NA,NA,CNY
1.54,1.566,1.512,1.557,645928602.0,515790.SH,2022-03-11,NA,NA,CNY
1.538,1.561,1.511,1.512,383775265.0,515790.SH,2022-03-14,NA,NA,CNY
1.489,1.537,1.467,1.471,627618235.0,515790.SH,2022-03-15,NA,NA,CNY
1.501,1.537,1.432,1.535,906032458.0,515790.SH,2022-03-16,NA,NA,CNY
1.548,1.555,1.515,1.523,769364502.0,515790.SH,2022-03-17,NA,NA,CNY
1.506,1.514,1.49,1.509,431304900.0,515790.SH,2022-03-18,NA,NA,CNY
1.504,1.538,1.501,1.52,467281378.0,515790.SH,2022-03-21,NA,NA,CNY
1.514,1.522,1.474,1.485,498120301.0,515790.SH,2022-03-22,NA,NA,CNY
1.5,1.519,1.483,1.496,385679399.0,515790.SH,2022-03-23,NA,NA,CNY
1.48,1.484,1.448,1.468,388893793.0,515790.SH,2022-03-24,NA,NA,CNY
1.467,1.473,1.415,1.416,536876980.0,515790.SH,2022-03-25,NA,NA,CNY
1.402,1.432,1.401,1.419,422569924.0,515790.SH,2022-03-28,NA,NA,CNY
1.429,1.44,1.398,1.413,467299607.0,515790.SH,2022-03-29,NA,NA,CNY
1.421,1.452,1.408,1.451,526498168.0,515790.SH,2022-03-30,NA,NA,CNY
1.44,1.442,1.4,1.403,528843027.0,515790.SH,2022-03-31,NA,NA,CNY
1.388,1.424,1.381,1.403,586784462.0,515790.SH,2022-04-01,NA,NA,CNY
1.388,1.388,1.344,1.356,591350397.0,515790.SH,2022-04-06,NA,NA,CNY
1.339,1.358,1.33,1.333,413112532.0,515790.SH,2022-04-07,NA,NA,CNY
1.335,1.35,1.311,1.326,391571400.0,515790.SH,2022-04-08,NA,NA,CNY
1.314,1.317,1.259,1.26,638980900.0,515790.SH,2022-04-11,NA,NA,CNY
1.266,1.28,1.242,1.277,426588726.0,515790.SH,2022-04-12,NA,NA,CNY
1.268,1.283,1.253,1.257,357774950.0,515790.SH,2022-04-13,NA,NA,CNY
1.265,1.272,1.232,1.249,462616200.0,515790.SH,2022-04-14,NA,NA,CNY
1.232,1.245,1.213,1.237,485056172.0,515790.SH,2022-04-15,NA,NA,CNY
1.221,1.288,1.217,1.286,550127251.0,515790.SH,2022-04-18,NA,NA,CNY
1.286,1.316,1.283,1.292,435607972.0,515790.SH,2022-04-19,NA,NA,CNY
1.255,1.271,1.233,1.235,574295220.0,515790.SH,2022-04-20,NA,NA,CNY
1.221,1.238,1.166,1.172,570881651.0,515790.SH,2022-04-21,NA,NA,CNY
1.16,1.172,1.148,1.156,672164704.0,515790.SH,2022-04-22,NA,NA,CNY
1.125,1.137,1.072,1.079,506652627.0,515790.SH,2022-04-25,NA,NA,CNY
1.079,1.097,1.052,1.056,407406819.0,515790.SH,2022-04-26,NA,NA,CNY
1.045,1.151,1.04,1.149,842901177.0,515790.SH,2022-04-27,NA,NA,CNY
1.133,1.181,1.123,1.158,749745423.0,515790.SH,2022-04-28,NA,NA,CNY
1.161,1.21,1.153,1.199,711777443.0,515790.SH,2022-04-29,NA,NA,CNY
1.198,1.234,1.198,1.21,481122500.0,515790.SH,2022-05-05,NA,NA,CNY
1.178,1.211,1.178,1.189,494098900.0,515790.SH,2022-05-06,NA,NA,CNY
1.186,1.224,1.177,1.212,266144150.0,515790.SH,2022-05-09,NA,NA,CNY
1.183,1.265,1.181,1.243,486673354.0,515790.SH,2022-05-10,NA,NA,CNY
1.246,1.313,1.246,1.281,546776285.0,515790.SH,2022-05-11,NA,NA,CNY
1.271,1.28,1.259,1.271,354882795.0,515790.SH,2022-05-12,NA,NA,CNY
1.279,1.288,1.265,1.275,429447500.0,515790.SH,2022-05-13,NA,NA,CNY
1.281,1.305,1.255,1.258,404450789.0,515790.SH,2022-05-16,NA,NA,CNY
1.257,1.309,1.257,1.306,573953840.0,515790.SH,2022-05-17,NA,NA,CNY
1.307,1.335,1.296,1.323,568743102.0,515790.SH,2022-05-18,NA,NA,CNY
1.305,1.408,1.303,1.398,922378471.0,515790.SH,2022-05-19,NA,NA,CNY
1.405,1.412,1.383,1.411,514520740.0,515790.SH,2022-05-20,NA,NA,CNY
1.407,1.411,1.378,1.407,461474507.0,515790.SH,2022-05-23,NA,NA,CNY
1.407,1.418,1.356,1.358,762175814.0,515790.SH,2022-05-24,NA,NA,CNY
1.36,1.378,1.346,1.377,562218391.0,515790.SH,2022-05-25,NA,NA,CNY
1.375,1.393,1.35,1.372,411592595.0,515790.SH,2022-05-26,NA,NA,CNY
1.379,1.394,1.35,1.363,369674774.0,515790.SH,2022-05-27,NA,NA,CNY
1.368,1.371,1.344,1.37,351526436.0,515790.SH,2022-05-30,NA,NA,CNY
1.391,1.415,1.366,1.411,660388619.0,515790.SH,2022-05-31,NA,NA,CNY
1.402,1.411,1.389,1.399,442178601.0,515790.SH,2022-06-01,NA,NA,CNY
1.395,1.438,1.388,1.434,504636915.0,515790.SH,2022-06-02,NA,NA,CNY
